solid cranial_mesh_v1
  facet normal 0.000000 0.000000 1.000000
    outer loop
      vertex -9.452231 -19.475000 -0.475000
      vertex -9.452231 -20.525000 -0.475000
      vertex 9.452231 -20.525000 -0.475000
    endloop
  endfacet
  facet normal -0.000000 0.000000 1.000000
    outer loop
      vertex -9.452231 -19.475000 -0.475000
      vertex 9.452231 -20.525000 -0.475000
      vertex 9.452231 -19.475000 -0.475000
    endloop
  endfacet
  facet normal 0.000000 0.000000 -1.000000
    outer loop
      vertex -9.452231 -19.475000 0.475000
      vertex 9.452231 -19.475000 0.475000
      vertex 9.452231 -20.525000 0.475000
    endloop
  endfacet
  facet normal 0.000000 0.000000 -1.000000
    outer loop
      vertex -9.452231 -19.475000 0.475000
      vertex 9.452231 -20.525000 0.475000
      vertex -9.452231 -20.525000 0.475000
    endloop
  endfacet
  facet normal 1.000000 0.000000 -0.000000
    outer loop
      vertex -9.452231 -19.475000 -0.475000
      vertex -9.452231 -19.475000 0.475000
      vertex -9.452231 -20.525000 0.475000
    endloop
  endfacet
  facet normal 1.000000 0.000000 0.000000
    outer loop
      vertex -9.452231 -19.475000 -0.475000
      vertex -9.452231 -20.525000 0.475000
      vertex -9.452231 -20.525000 -0.475000
    endloop
  endfacet
  facet normal 0.000000 1.000000 0.000000
    outer loop
      vertex -9.452231 -20.525000 -0.475000
      vertex -9.452231 -20.525000 0.475000
      vertex 9.452231 -20.525000 0.475000
    endloop
  endfacet
  facet normal 0.000000 1.000000 0.000000
    outer loop
      vertex -9.452231 -20.525000 -0.475000
      vertex 9.452231 -20.525000 0.475000
      vertex 9.452231 -20.525000 -0.475000
    endloop
  endfacet
  facet normal -1.000000 0.000000 0.000000
    outer loop
      vertex 9.452231 -20.525000 -0.475000
      vertex 9.452231 -20.525000 0.475000
      vertex 9.452231 -19.475000 0.475000
    endloop
  endfacet
  facet normal -1.000000 0.000000 0.000000
    outer loop
      vertex 9.452231 -20.525000 -0.475000
      vertex 9.452231 -19.475000 0.475000
      vertex 9.452231 -19.475000 -0.475000
    endloop
  endfacet
  facet normal 0.000000 -1.000000 0.000000
    outer loop
      vertex 9.452231 -19.475000 -0.475000
      vertex 9.452231 -19.475000 0.475000
      vertex -9.452231 -19.475000 0.475000
    endloop
  endfacet
  facet normal 0.000000 -1.000000 0.000000
    outer loop
      vertex 9.452231 -19.475000 -0.475000
      vertex -9.452231 -19.475000 0.475000
      vertex -9.452231 -19.475000 -0.475000
    endloop
  endfacet
  facet normal 0.000000 0.000000 1.000000
    outer loop
      vertex -20.078361 -15.475000 -0.475000
      vertex -20.078361 -16.525000 -0.475000
      vertex 20.078361 -16.525000 -0.475000
    endloop
  endfacet
  facet normal -0.000000 0.000000 1.000000
    outer loop
      vertex -20.078361 -15.475000 -0.475000
      vertex 20.078361 -16.525000 -0.475000
      vertex 20.078361 -15.475000 -0.475000
    endloop
  endfacet
  facet normal 0.000000 0.000000 -1.000000
    outer loop
      vertex -20.078361 -15.475000 0.475000
      vertex 20.078361 -15.475000 0.475000
      vertex 20.078361 -16.525000 0.475000
    endloop
  endfacet
  facet normal 0.000000 0.000000 -1.000000
    outer loop
      vertex -20.078361 -15.475000 0.475000
      vertex 20.078361 -16.525000 0.475000
      vertex -20.078361 -16.525000 0.475000
    endloop
  endfacet
  facet normal 1.000000 0.000000 -0.000000
    outer loop
      vertex -20.078361 -15.475000 -0.475000
      vertex -20.078361 -15.475000 0.475000
      vertex -20.078361 -16.525000 0.475000
    endloop
  endfacet
  facet normal 1.000000 0.000000 0.000000
    outer loop
      vertex -20.078361 -15.475000 -0.475000
      vertex -20.078361 -16.525000 0.475000
      vertex -20.078361 -16.525000 -0.475000
    endloop
  endfacet
  facet normal 0.000000 1.000000 0.000000
    outer loop
      vertex -20.078361 -16.525000 -0.475000
      vertex -20.078361 -16.525000 0.475000
      vertex 20.078361 -16.525000 0.475000
    endloop
  endfacet
  facet normal 0.000000 1.000000 0.000000
    outer loop
      vertex -20.078361 -16.525000 -0.475000
      vertex 20.078361 -16.525000 0.475000
      vertex 20.078361 -16.525000 -0.475000
    endloop
  endfacet
  facet normal -1.000000 0.000000 0.000000
    outer loop
      vertex 20.078361 -16.525000 -0.475000
      vertex 20.078361 -16.525000 0.475000
      vertex 20.078361 -15.475000 0.475000
    endloop
  endfacet
  facet normal -1.000000 0.000000 0.000000
    outer loop
      vertex 20.078361 -16.525000 -0.475000
      vertex 20.078361 -15.475000 0.475000
      vertex 20.078361 -15.475000 -0.475000
    endloop
  endfacet
  facet normal 0.000000 -1.000000 0.000000
    outer loop
      vertex 20.078361 -15.475000 -0.475000
      vertex 20.078361 -15.475000 0.475000
      vertex -20.078361 -15.475000 0.475000
    endloop
  endfacet
  facet normal 0.000000 -1.000000 0.000000
    outer loop
      vertex 20.078361 -15.475000 -0.475000
      vertex -20.078361 -15.475000 0.475000
      vertex -20.078361 -15.475000 -0.475000
    endloop
  endfacet
  facet normal 0.000000 0.000000 1.000000
    outer loop
      vertex -25.440206 -11.475000 -0.475000
      vertex -25.440206 -12.525000 -0.475000
      vertex 25.440206 -12.525000 -0.475000
    endloop
  endfacet
  facet normal -0.000000 0.000000 1.000000
    outer loop
      vertex -25.440206 -11.475000 -0.475000
      vertex 25.440206 -12.525000 -0.475000
      vertex 25.440206 -11.475000 -0.475000
    endloop
  endfacet
  facet normal 0.000000 0.000000 -1.000000
    outer loop
      vertex -25.440206 -11.475000 0.475000
      vertex 25.440206 -11.475000 0.475000
      vertex 25.440206 -12.525000 0.475000
    endloop
  endfacet
  facet normal 0.000000 0.000000 -1.000000
    outer loop
      vertex -25.440206 -11.475000 0.475000
      vertex 25.440206 -12.525000 0.475000
      vertex -25.440206 -12.525000 0.475000
    endloop
  endfacet
  facet normal 1.000000 0.000000 -0.000000
    outer loop
      vertex -25.440206 -11.475000 -0.475000
      vertex -25.440206 -11.475000 0.475000
      vertex -25.440206 -12.525000 0.475000
    endloop
  endfacet
  facet normal 1.000000 0.000000 0.000000
    outer loop
      vertex -25.440206 -11.475000 -0.475000
      vertex -25.440206 -12.525000 0.475000
      vertex -25.440206 -12.525000 -0.475000
    endloop
  endfacet
  facet normal 0.000000 1.000000 0.000000
    outer loop
      vertex -25.440206 -12.525000 -0.475000
      vertex -25.440206 -12.525000 0.475000
      vertex 25.440206 -12.525000 0.475000
    endloop
  endfacet
  facet normal 0.000000 1.000000 0.000000
    outer loop
      vertex -25.440206 -12.525000 -0.475000
      vertex 25.440206 -12.525000 0.475000
      vertex 25.440206 -12.525000 -0.475000
    endloop
  endfacet
  facet normal -1.000000 0.000000 0.000000
    outer loop
      vertex 25.440206 -12.525000 -0.475000
      vertex 25.440206 -12.525000 0.475000
      vertex 25.440206 -11.475000 0.475000
    endloop
  endfacet
  facet normal -1.000000 0.000000 0.000000
    outer loop
      vertex 25.440206 -12.525000 -0.475000
      vertex 25.440206 -11.475000 0.475000
      vertex 25.440206 -11.475000 -0.475000
    endloop
  endfacet
  facet normal 0.000000 -1.000000 0.000000
    outer loop
      vertex 25.440206 -11.475000 -0.475000
      vertex 25.440206 -11.475000 0.475000
      vertex -25.440206 -11.475000 0.475000
    endloop
  endfacet
  facet normal 0.000000 -1.000000 0.000000
    outer loop
      vertex 25.440206 -11.475000 -0.475000
      vertex -25.440206 -11.475000 0.475000
      vertex -25.440206 -11.475000 -0.475000
    endloop
  endfacet
  facet normal 0.000000 0.000000 1.000000
    outer loop
      vertex -28.662434 -7.475000 -0.475000
      vertex -28.662434 -8.525000 -0.475000
      vertex 28.662434 -8.525000 -0.475000
    endloop
  endfacet
  facet normal -0.000000 0.000000 1.000000
    outer loop
      vertex -28.662434 -7.475000 -0.475000
      vertex 28.662434 -8.525000 -0.475000
      vertex 28.662434 -7.475000 -0.475000
    endloop
  endfacet
  facet normal 0.000000 0.000000 -1.000000
    outer loop
      vertex -28.662434 -7.475000 0.475000
      vertex 28.662434 -7.475000 0.475000
      vertex 28.662434 -8.525000 0.475000
    endloop
  endfacet
  facet normal 0.000000 0.000000 -1.000000
    outer loop
      vertex -28.662434 -7.475000 0.475000
      vertex 28.662434 -8.525000 0.475000
      vertex -28.662434 -8.525000 0.475000
    endloop
  endfacet
  facet normal 1.000000 0.000000 -0.000000
    outer loop
      vertex -28.662434 -7.475000 -0.475000
      vertex -28.662434 -7.475000 0.475000
      vertex -28.662434 -8.525000 0.475000
    endloop
  endfacet
  facet normal 1.000000 0.000000 0.000000
    outer loop
      vertex -28.662434 -7.475000 -0.475000
      vertex -28.662434 -8.525000 0.475000
      vertex -28.662434 -8.525000 -0.475000
    endloop
  endfacet
  facet normal 0.000000 1.000000 0.000000
    outer loop
      vertex -28.662434 -8.525000 -0.475000
      vertex -28.662434 -8.525000 0.475000
      vertex 28.662434 -8.525000 0.475000
    endloop
  endfacet
  facet normal 0.000000 1.000000 0.000000
    outer loop
      vertex -28.662434 -8.525000 -0.475000
      vertex 28.662434 -8.525000 0.475000
      vertex 28.662434 -8.525000 -0.475000
    endloop
  endfacet
  facet normal -1.000000 0.000000 0.000000
    outer loop
      vertex 28.662434 -8.525000 -0.475000
      vertex 28.662434 -8.525000 0.475000
      vertex 28.662434 -7.475000 0.475000
    endloop
  endfacet
  facet normal -1.000000 0.000000 0.000000
    outer loop
      vertex 28.662434 -8.525000 -0.475000
      vertex 28.662434 -7.475000 0.475000
      vertex 28.662434 -7.475000 -0.475000
    endloop
  endfacet
  facet normal 0.000000 -1.000000 0.000000
    outer loop
      vertex 28.662434 -7.475000 -0.475000
      vertex 28.662434 -7.475000 0.475000
      vertex -28.662434 -7.475000 0.475000
    endloop
  endfacet
  facet normal 0.000000 -1.000000 0.000000
    outer loop
      vertex 28.662434 -7.475000 -0.475000
      vertex -28.662434 -7.475000 0.475000
      vertex -28.662434 -7.475000 -0.475000
    endloop
  endfacet
  facet normal 0.000000 0.000000 1.000000
    outer loop
      vertex -30.432446 -3.475000 -0.475000
      vertex -30.432446 -4.525000 -0.475000
      vertex 30.432446 -4.525000 -0.475000
    endloop
  endfacet
  facet normal -0.000000 0.000000 1.000000
    outer loop
      vertex -30.432446 -3.475000 -0.475000
      vertex 30.432446 -4.525000 -0.475000
      vertex 30.432446 -3.475000 -0.475000
    endloop
  endfacet
  facet normal 0.000000 0.000000 -1.000000
    outer loop
      vertex -30.432446 -3.475000 0.475000
      vertex 30.432446 -3.475000 0.475000
      vertex 30.432446 -4.525000 0.475000
    endloop
  endfacet
  facet normal 0.000000 0.000000 -1.000000
    outer loop
      vertex -30.432446 -3.475000 0.475000
      vertex 30.432446 -4.525000 0.475000
      vertex -30.432446 -4.525000 0.475000
    endloop
  endfacet
  facet normal 1.000000 0.000000 -0.000000
    outer loop
      vertex -30.432446 -3.475000 -0.475000
      vertex -30.432446 -3.475000 0.475000
      vertex -30.432446 -4.525000 0.475000
    endloop
  endfacet
  facet normal 1.000000 0.000000 0.000000
    outer loop
      vertex -30.432446 -3.475000 -0.475000
      vertex -30.432446 -4.525000 0.475000
      vertex -30.432446 -4.525000 -0.475000
    endloop
  endfacet
  facet normal 0.000000 1.000000 0.000000
    outer loop
      vertex -30.432446 -4.525000 -0.475000
      vertex -30.432446 -4.525000 0.475000
      vertex 30.432446 -4.525000 0.475000
    endloop
  endfacet
  facet normal 0.000000 1.000000 0.000000
    outer loop
      vertex -30.432446 -4.525000 -0.475000
      vertex 30.432446 -4.525000 0.475000
      vertex 30.432446 -4.525000 -0.475000
    endloop
  endfacet
  facet normal -1.000000 0.000000 0.000000
    outer loop
      vertex 30.432446 -4.525000 -0.475000
      vertex 30.432446 -4.525000 0.475000
      vertex 30.432446 -3.475000 0.475000
    endloop
  endfacet
  facet normal -1.000000 0.000000 0.000000
    outer loop
      vertex 30.432446 -4.525000 -0.475000
      vertex 30.432446 -3.475000 0.475000
      vertex 30.432446 -3.475000 -0.475000
    endloop
  endfacet
  facet normal 0.000000 -1.000000 0.000000
    outer loop
      vertex 30.432446 -3.475000 -0.475000
      vertex 30.432446 -3.475000 0.475000
      vertex -30.432446 -3.475000 0.475000
    endloop
  endfacet
  facet normal 0.000000 -1.000000 0.000000
    outer loop
      vertex 30.432446 -3.475000 -0.475000
      vertex -30.432446 -3.475000 0.475000
      vertex -30.432446 -3.475000 -0.475000
    endloop
  endfacet
  facet normal 0.000000 0.000000 1.000000
    outer loop
      vertex -31.000000 0.525000 -0.475000
      vertex -31.000000 -0.525000 -0.475000
      vertex 31.000000 -0.525000 -0.475000
    endloop
  endfacet
  facet normal -0.000000 0.000000 1.000000
    outer loop
      vertex -31.000000 0.525000 -0.475000
      vertex 31.000000 -0.525000 -0.475000
      vertex 31.000000 0.525000 -0.475000
    endloop
  endfacet
  facet normal 0.000000 0.000000 -1.000000
    outer loop
      vertex -31.000000 0.525000 0.475000
      vertex 31.000000 0.525000 0.475000
      vertex 31.000000 -0.525000 0.475000
    endloop
  endfacet
  facet normal 0.000000 0.000000 -1.000000
    outer loop
      vertex -31.000000 0.525000 0.475000
      vertex 31.000000 -0.525000 0.475000
      vertex -31.000000 -0.525000 0.475000
    endloop
  endfacet
  facet normal 1.000000 0.000000 -0.000000
    outer loop
      vertex -31.000000 0.525000 -0.475000
      vertex -31.000000 0.525000 0.475000
      vertex -31.000000 -0.525000 0.475000
    endloop
  endfacet
  facet normal 1.000000 0.000000 0.000000
    outer loop
      vertex -31.000000 0.525000 -0.475000
      vertex -31.000000 -0.525000 0.475000
      vertex -31.000000 -0.525000 -0.475000
    endloop
  endfacet
  facet normal 0.000000 1.000000 0.000000
    outer loop
      vertex -31.000000 -0.525000 -0.475000
      vertex -31.000000 -0.525000 0.475000
      vertex 31.000000 -0.525000 0.475000
    endloop
  endfacet
  facet normal 0.000000 1.000000 0.000000
    outer loop
      vertex -31.000000 -0.525000 -0.475000
      vertex 31.000000 -0.525000 0.475000
      vertex 31.000000 -0.525000 -0.475000
    endloop
  endfacet
  facet normal -1.000000 0.000000 0.000000
    outer loop
      vertex 31.000000 -0.525000 -0.475000
      vertex 31.000000 -0.525000 0.475000
      vertex 31.000000 0.525000 0.475000
    endloop
  endfacet
  facet normal -1.000000 0.000000 0.000000
    outer loop
      vertex 31.000000 -0.525000 -0.475000
      vertex 31.000000 0.525000 0.475000
      vertex 31.000000 0.525000 -0.475000
    endloop
  endfacet
  facet normal 0.000000 -1.000000 0.000000
    outer loop
      vertex 31.000000 0.525000 -0.475000
      vertex 31.000000 0.525000 0.475000
      vertex -31.000000 0.525000 0.475000
    endloop
  endfacet
  facet normal 0.000000 -1.000000 0.000000
    outer loop
      vertex 31.000000 0.525000 -0.475000
      vertex -31.000000 0.525000 0.475000
      vertex -31.000000 0.525000 -0.475000
    endloop
  endfacet
  facet normal 0.000000 0.000000 1.000000
    outer loop
      vertex -30.432446 4.525000 -0.475000
      vertex -30.432446 3.475000 -0.475000
      vertex 30.432446 3.475000 -0.475000
    endloop
  endfacet
  facet normal -0.000000 0.000000 1.000000
    outer loop
      vertex -30.432446 4.525000 -0.475000
      vertex 30.432446 3.475000 -0.475000
      vertex 30.432446 4.525000 -0.475000
    endloop
  endfacet
  facet normal 0.000000 0.000000 -1.000000
    outer loop
      vertex -30.432446 4.525000 0.475000
      vertex 30.432446 4.525000 0.475000
      vertex 30.432446 3.475000 0.475000
    endloop
  endfacet
  facet normal 0.000000 0.000000 -1.000000
    outer loop
      vertex -30.432446 4.525000 0.475000
      vertex 30.432446 3.475000 0.475000
      vertex -30.432446 3.475000 0.475000
    endloop
  endfacet
  facet normal 1.000000 0.000000 -0.000000
    outer loop
      vertex -30.432446 4.525000 -0.475000
      vertex -30.432446 4.525000 0.475000
      vertex -30.432446 3.475000 0.475000
    endloop
  endfacet
  facet normal 1.000000 0.000000 0.000000
    outer loop
      vertex -30.432446 4.525000 -0.475000
      vertex -30.432446 3.475000 0.475000
      vertex -30.432446 3.475000 -0.475000
    endloop
  endfacet
  facet normal 0.000000 1.000000 0.000000
    outer loop
      vertex -30.432446 3.475000 -0.475000
      vertex -30.432446 3.475000 0.475000
      vertex 30.432446 3.475000 0.475000
    endloop
  endfacet
  facet normal 0.000000 1.000000 0.000000
    outer loop
      vertex -30.432446 3.475000 -0.475000
      vertex 30.432446 3.475000 0.475000
      vertex 30.432446 3.475000 -0.475000
    endloop
  endfacet
  facet normal -1.000000 0.000000 0.000000
    outer loop
      vertex 30.432446 3.475000 -0.475000
      vertex 30.432446 3.475000 0.475000
      vertex 30.432446 4.525000 0.475000
    endloop
  endfacet
  facet normal -1.000000 0.000000 0.000000
    outer loop
      vertex 30.432446 3.475000 -0.475000
      vertex 30.432446 4.525000 0.475000
      vertex 30.432446 4.525000 -0.475000
    endloop
  endfacet
  facet normal 0.000000 -1.000000 0.000000
    outer loop
      vertex 30.432446 4.525000 -0.475000
      vertex 30.432446 4.525000 0.475000
      vertex -30.432446 4.525000 0.475000
    endloop
  endfacet
  facet normal 0.000000 -1.000000 0.000000
    outer loop
      vertex 30.432446 4.525000 -0.475000
      vertex -30.432446 4.525000 0.475000
      vertex -30.432446 4.525000 -0.475000
    endloop
  endfacet
  facet normal 0.000000 0.000000 1.000000
    outer loop
      vertex -28.662434 8.525000 -0.475000
      vertex -28.662434 7.475000 -0.475000
      vertex 28.662434 7.475000 -0.475000
    endloop
  endfacet
  facet normal -0.000000 0.000000 1.000000
    outer loop
      vertex -28.662434 8.525000 -0.475000
      vertex 28.662434 7.475000 -0.475000
      vertex 28.662434 8.525000 -0.475000
    endloop
  endfacet
  facet normal 0.000000 0.000000 -1.000000
    outer loop
      vertex -28.662434 8.525000 0.475000
      vertex 28.662434 8.525000 0.475000
      vertex 28.662434 7.475000 0.475000
    endloop
  endfacet
  facet normal 0.000000 0.000000 -1.000000
    outer loop
      vertex -28.662434 8.525000 0.475000
      vertex 28.662434 7.475000 0.475000
      vertex -28.662434 7.475000 0.475000
    endloop
  endfacet
  facet normal 1.000000 0.000000 -0.000000
    outer loop
      vertex -28.662434 8.525000 -0.475000
      vertex -28.662434 8.525000 0.475000
      vertex -28.662434 7.475000 0.475000
    endloop
  endfacet
  facet normal 1.000000 0.000000 0.000000
    outer loop
      vertex -28.662434 8.525000 -0.475000
      vertex -28.662434 7.475000 0.475000
      vertex -28.662434 7.475000 -0.475000
    endloop
  endfacet
  facet normal 0.000000 1.000000 0.000000
    outer loop
      vertex -28.662434 7.475000 -0.475000
      vertex -28.662434 7.475000 0.475000
      vertex 28.662434 7.475000 0.475000
    endloop
  endfacet
  facet normal 0.000000 1.000000 0.000000
    outer loop
      vertex -28.662434 7.475000 -0.475000
      vertex 28.662434 7.475000 0.475000
      vertex 28.662434 7.475000 -0.475000
    endloop
  endfacet
  facet normal -1.000000 0.000000 0.000000
    outer loop
      vertex 28.662434 7.475000 -0.475000
      vertex 28.662434 7.475000 0.475000
      vertex 28.662434 8.525000 0.475000
    endloop
  endfacet
  facet normal -1.000000 0.000000 0.000000
    outer loop
      vertex 28.662434 7.475000 -0.475000
      vertex 28.662434 8.525000 0.475000
      vertex 28.662434 8.525000 -0.475000
    endloop
  endfacet
  facet normal 0.000000 -1.000000 0.000000
    outer loop
      vertex 28.662434 8.525000 -0.475000
      vertex 28.662434 8.525000 0.475000
      vertex -28.662434 8.525000 0.475000
    endloop
  endfacet
  facet normal 0.000000 -1.000000 0.000000
    outer loop
      vertex 28.662434 8.525000 -0.475000
      vertex -28.662434 8.525000 0.475000
      vertex -28.662434 8.525000 -0.475000
    endloop
  endfacet
  facet normal 0.000000 0.000000 1.000000
    outer loop
      vertex -25.440206 12.525000 -0.475000
      vertex -25.440206 11.475000 -0.475000
      vertex 25.440206 11.475000 -0.475000
    endloop
  endfacet
  facet normal -0.000000 0.000000 1.000000
    outer loop
      vertex -25.440206 12.525000 -0.475000
      vertex 25.440206 11.475000 -0.475000
      vertex 25.440206 12.525000 -0.475000
    endloop
  endfacet
  facet normal 0.000000 0.000000 -1.000000
    outer loop
      vertex -25.440206 12.525000 0.475000
      vertex 25.440206 12.525000 0.475000
      vertex 25.440206 11.475000 0.475000
    endloop
  endfacet
  facet normal 0.000000 0.000000 -1.000000
    outer loop
      vertex -25.440206 12.525000 0.475000
      vertex 25.440206 11.475000 0.475000
      vertex -25.440206 11.475000 0.475000
    endloop
  endfacet
  facet normal 1.000000 0.000000 -0.000000
    outer loop
      vertex -25.440206 12.525000 -0.475000
      vertex -25.440206 12.525000 0.475000
      vertex -25.440206 11.475000 0.475000
    endloop
  endfacet
  facet normal 1.000000 0.000000 0.000000
    outer loop
      vertex -25.440206 12.525000 -0.475000
      vertex -25.440206 11.475000 0.475000
      vertex -25.440206 11.475000 -0.475000
    endloop
  endfacet
  facet normal 0.000000 1.000000 0.000000
    outer loop
      vertex -25.440206 11.475000 -0.475000
      vertex -25.440206 11.475000 0.475000
      vertex 25.440206 11.475000 0.475000
    endloop
  endfacet
  facet normal 0.000000 1.000000 0.000000
    outer loop
      vertex -25.440206 11.475000 -0.475000
      vertex 25.440206 11.475000 0.475000
      vertex 25.440206 11.475000 -0.475000
    endloop
  endfacet
  facet normal -1.000000 0.000000 0.000000
    outer loop
      vertex 25.440206 11.475000 -0.475000
      vertex 25.440206 11.475000 0.475000
      vertex 25.440206 12.525000 0.475000
    endloop
  endfacet
  facet normal -1.000000 0.000000 0.000000
    outer loop
      vertex 25.440206 11.475000 -0.475000
      vertex 25.440206 12.525000 0.475000
      vertex 25.440206 12.525000 -0.475000
    endloop
  endfacet
  facet normal 0.000000 -1.000000 0.000000
    outer loop
      vertex 25.440206 12.525000 -0.475000
      vertex 25.440206 12.525000 0.475000
      vertex -25.440206 12.525000 0.475000
    endloop
  endfacet
  facet normal 0.000000 -1.000000 0.000000
    outer loop
      vertex 25.440206 12.525000 -0.475000
      vertex -25.440206 12.525000 0.475000
      vertex -25.440206 12.525000 -0.475000
    endloop
  endfacet
  facet normal 0.000000 0.000000 1.000000
    outer loop
      vertex -20.078361 16.525000 -0.475000
      vertex -20.078361 15.475000 -0.475000
      vertex 20.078361 15.475000 -0.475000
    endloop
  endfacet
  facet normal -0.000000 0.000000 1.000000
    outer loop
      vertex -20.078361 16.525000 -0.475000
      vertex 20.078361 15.475000 -0.475000
      vertex 20.078361 16.525000 -0.475000
    endloop
  endfacet
  facet normal 0.000000 0.000000 -1.000000
    outer loop
      vertex -20.078361 16.525000 0.475000
      vertex 20.078361 16.525000 0.475000
      vertex 20.078361 15.475000 0.475000
    endloop
  endfacet
  facet normal 0.000000 0.000000 -1.000000
    outer loop
      vertex -20.078361 16.525000 0.475000
      vertex 20.078361 15.475000 0.475000
      vertex -20.078361 15.475000 0.475000
    endloop
  endfacet
  facet normal 1.000000 0.000000 -0.000000
    outer loop
      vertex -20.078361 16.525000 -0.475000
      vertex -20.078361 16.525000 0.475000
      vertex -20.078361 15.475000 0.475000
    endloop
  endfacet
  facet normal 1.000000 0.000000 0.000000
    outer loop
      vertex -20.078361 16.525000 -0.475000
      vertex -20.078361 15.475000 0.475000
      vertex -20.078361 15.475000 -0.475000
    endloop
  endfacet
  facet normal 0.000000 1.000000 0.000000
    outer loop
      vertex -20.078361 15.475000 -0.475000
      vertex -20.078361 15.475000 0.475000
      vertex 20.078361 15.475000 0.475000
    endloop
  endfacet
  facet normal 0.000000 1.000000 0.000000
    outer loop
      vertex -20.078361 15.475000 -0.475000
      vertex 20.078361 15.475000 0.475000
      vertex 20.078361 15.475000 -0.475000
    endloop
  endfacet
  facet normal -1.000000 0.000000 0.000000
    outer loop
      vertex 20.078361 15.475000 -0.475000
      vertex 20.078361 15.475000 0.475000
      vertex 20.078361 16.525000 0.475000
    endloop
  endfacet
  facet normal -1.000000 0.000000 0.000000
    outer loop
      vertex 20.078361 15.475000 -0.475000
      vertex 20.078361 16.525000 0.475000
      vertex 20.078361 16.525000 -0.475000
    endloop
  endfacet
  facet normal 0.000000 -1.000000 0.000000
    outer loop
      vertex 20.078361 16.525000 -0.475000
      vertex 20.078361 16.525000 0.475000
      vertex -20.078361 16.525000 0.475000
    endloop
  endfacet
  facet normal 0.000000 -1.000000 0.000000
    outer loop
      vertex 20.078361 16.525000 -0.475000
      vertex -20.078361 16.525000 0.475000
      vertex -20.078361 16.525000 -0.475000
    endloop
  endfacet
  facet normal 0.000000 0.000000 1.000000
    outer loop
      vertex -9.452231 20.525000 -0.475000
      vertex -9.452231 19.475000 -0.475000
      vertex 9.452231 19.475000 -0.475000
    endloop
  endfacet
  facet normal -0.000000 0.000000 1.000000
    outer loop
      vertex -9.452231 20.525000 -0.475000
      vertex 9.452231 19.475000 -0.475000
      vertex 9.452231 20.525000 -0.475000
    endloop
  endfacet
  facet normal 0.000000 0.000000 -1.000000
    outer loop
      vertex -9.452231 20.525000 0.475000
      vertex 9.452231 20.525000 0.475000
      vertex 9.452231 19.475000 0.475000
    endloop
  endfacet
  facet normal 0.000000 0.000000 -1.000000
    outer loop
      vertex -9.452231 20.525000 0.475000
      vertex 9.452231 19.475000 0.475000
      vertex -9.452231 19.475000 0.475000
    endloop
  endfacet
  facet normal 1.000000 0.000000 -0.000000
    outer loop
      vertex -9.452231 20.525000 -0.475000
      vertex -9.452231 20.525000 0.475000
      vertex -9.452231 19.475000 0.475000
    endloop
  endfacet
  facet normal 1.000000 0.000000 0.000000
    outer loop
      vertex -9.452231 20.525000 -0.475000
      vertex -9.452231 19.475000 0.475000
      vertex -9.452231 19.475000 -0.475000
    endloop
  endfacet
  facet normal 0.000000 1.000000 0.000000
    outer loop
      vertex -9.452231 19.475000 -0.475000
      vertex -9.452231 19.475000 0.475000
      vertex 9.452231 19.475000 0.475000
    endloop
  endfacet
  facet normal 0.000000 1.000000 0.000000
    outer loop
      vertex -9.452231 19.475000 -0.475000
      vertex 9.452231 19.475000 0.475000
      vertex 9.452231 19.475000 -0.475000
    endloop
  endfacet
  facet normal -1.000000 0.000000 0.000000
    outer loop
      vertex 9.452231 19.475000 -0.475000
      vertex 9.452231 19.475000 0.475000
      vertex 9.452231 20.525000 0.475000
    endloop
  endfacet
  facet normal -1.000000 0.000000 0.000000
    outer loop
      vertex 9.452231 19.475000 -0.475000
      vertex 9.452231 20.525000 0.475000
      vertex 9.452231 20.525000 -0.475000
    endloop
  endfacet
  facet normal 0.000000 -1.000000 0.000000
    outer loop
      vertex 9.452231 20.525000 -0.475000
      vertex 9.452231 20.525000 0.475000
      vertex -9.452231 20.525000 0.475000
    endloop
  endfacet
  facet normal 0.000000 -1.000000 0.000000
    outer loop
      vertex 9.452231 20.525000 -0.475000
      vertex -9.452231 20.525000 0.475000
      vertex -9.452231 20.525000 -0.475000
    endloop
  endfacet
  facet normal 0.000000 0.000000 1.000000
    outer loop
      vertex -28.525000 -9.012478 -0.475000
      vertex -27.475000 -9.012478 -0.475000
      vertex -27.475000 9.012478 -0.475000
    endloop
  endfacet
  facet normal 0.000000 0.000000 1.000000
    outer loop
      vertex -28.525000 -9.012478 -0.475000
      vertex -27.475000 9.012478 -0.475000
      vertex -28.525000 9.012478 -0.475000
    endloop
  endfacet
  facet normal 0.000000 0.000000 -1.000000
    outer loop
      vertex -28.525000 -9.012478 0.475000
      vertex -28.525000 9.012478 0.475000
      vertex -27.475000 9.012478 0.475000
    endloop
  endfacet
  facet normal 0.000000 0.000000 -1.000000
    outer loop
      vertex -28.525000 -9.012478 0.475000
      vertex -27.475000 9.012478 0.475000
      vertex -27.475000 -9.012478 0.475000
    endloop
  endfacet
  facet normal 0.000000 1.000000 0.000000
    outer loop
      vertex -28.525000 -9.012478 -0.475000
      vertex -28.525000 -9.012478 0.475000
      vertex -27.475000 -9.012478 0.475000
    endloop
  endfacet
  facet normal 0.000000 1.000000 0.000000
    outer loop
      vertex -28.525000 -9.012478 -0.475000
      vertex -27.475000 -9.012478 0.475000
      vertex -27.475000 -9.012478 -0.475000
    endloop
  endfacet
  facet normal -1.000000 0.000000 0.000000
    outer loop
      vertex -27.475000 -9.012478 -0.475000
      vertex -27.475000 -9.012478 0.475000
      vertex -27.475000 9.012478 0.475000
    endloop
  endfacet
  facet normal -1.000000 0.000000 0.000000
    outer loop
      vertex -27.475000 -9.012478 -0.475000
      vertex -27.475000 9.012478 0.475000
      vertex -27.475000 9.012478 -0.475000
    endloop
  endfacet
  facet normal 0.000000 -1.000000 0.000000
    outer loop
      vertex -27.475000 9.012478 -0.475000
      vertex -27.475000 9.012478 0.475000
      vertex -28.525000 9.012478 0.475000
    endloop
  endfacet
  facet normal 0.000000 -1.000000 0.000000
    outer loop
      vertex -27.475000 9.012478 -0.475000
      vertex -28.525000 9.012478 0.475000
      vertex -28.525000 9.012478 -0.475000
    endloop
  endfacet
  facet normal 1.000000 0.000000 -0.000000
    outer loop
      vertex -28.525000 9.012478 -0.475000
      vertex -28.525000 9.012478 0.475000
      vertex -28.525000 -9.012478 0.475000
    endloop
  endfacet
  facet normal 1.000000 0.000000 0.000000
    outer loop
      vertex -28.525000 9.012478 -0.475000
      vertex -28.525000 -9.012478 0.475000
      vertex -28.525000 -9.012478 -0.475000
    endloop
  endfacet
  facet normal 0.000000 0.000000 1.000000
    outer loop
      vertex -24.525000 -13.291928 -0.475000
      vertex -23.475000 -13.291928 -0.475000
      vertex -23.475000 13.291928 -0.475000
    endloop
  endfacet
  facet normal 0.000000 0.000000 1.000000
    outer loop
      vertex -24.525000 -13.291928 -0.475000
      vertex -23.475000 13.291928 -0.475000
      vertex -24.525000 13.291928 -0.475000
    endloop
  endfacet
  facet normal 0.000000 0.000000 -1.000000
    outer loop
      vertex -24.525000 -13.291928 0.475000
      vertex -24.525000 13.291928 0.475000
      vertex -23.475000 13.291928 0.475000
    endloop
  endfacet
  facet normal 0.000000 0.000000 -1.000000
    outer loop
      vertex -24.525000 -13.291928 0.475000
      vertex -23.475000 13.291928 0.475000
      vertex -23.475000 -13.291928 0.475000
    endloop
  endfacet
  facet normal 0.000000 1.000000 0.000000
    outer loop
      vertex -24.525000 -13.291928 -0.475000
      vertex -24.525000 -13.291928 0.475000
      vertex -23.475000 -13.291928 0.475000
    endloop
  endfacet
  facet normal 0.000000 1.000000 0.000000
    outer loop
      vertex -24.525000 -13.291928 -0.475000
      vertex -23.475000 -13.291928 0.475000
      vertex -23.475000 -13.291928 -0.475000
    endloop
  endfacet
  facet normal -1.000000 0.000000 0.000000
    outer loop
      vertex -23.475000 -13.291928 -0.475000
      vertex -23.475000 -13.291928 0.475000
      vertex -23.475000 13.291928 0.475000
    endloop
  endfacet
  facet normal -1.000000 0.000000 0.000000
    outer loop
      vertex -23.475000 -13.291928 -0.475000
      vertex -23.475000 13.291928 0.475000
      vertex -23.475000 13.291928 -0.475000
    endloop
  endfacet
  facet normal 0.000000 -1.000000 0.000000
    outer loop
      vertex -23.475000 13.291928 -0.475000
      vertex -23.475000 13.291928 0.475000
      vertex -24.525000 13.291928 0.475000
    endloop
  endfacet
  facet normal 0.000000 -1.000000 0.000000
    outer loop
      vertex -23.475000 13.291928 -0.475000
      vertex -24.525000 13.291928 0.475000
      vertex -24.525000 13.291928 -0.475000
    endloop
  endfacet
  facet normal 1.000000 0.000000 -0.000000
    outer loop
      vertex -24.525000 13.291928 -0.475000
      vertex -24.525000 13.291928 0.475000
      vertex -24.525000 -13.291928 0.475000
    endloop
  endfacet
  facet normal 1.000000 0.000000 0.000000
    outer loop
      vertex -24.525000 13.291928 -0.475000
      vertex -24.525000 -13.291928 0.475000
      vertex -24.525000 -13.291928 -0.475000
    endloop
  endfacet
  facet normal 0.000000 0.000000 1.000000
    outer loop
      vertex -20.525000 -16.044975 -0.475000
      vertex -19.475000 -16.044975 -0.475000
      vertex -19.475000 16.044975 -0.475000
    endloop
  endfacet
  facet normal 0.000000 0.000000 1.000000
    outer loop
      vertex -20.525000 -16.044975 -0.475000
      vertex -19.475000 16.044975 -0.475000
      vertex -20.525000 16.044975 -0.475000
    endloop
  endfacet
  facet normal 0.000000 0.000000 -1.000000
    outer loop
      vertex -20.525000 -16.044975 0.475000
      vertex -20.525000 16.044975 0.475000
      vertex -19.475000 16.044975 0.475000
    endloop
  endfacet
  facet normal 0.000000 0.000000 -1.000000
    outer loop
      vertex -20.525000 -16.044975 0.475000
      vertex -19.475000 16.044975 0.475000
      vertex -19.475000 -16.044975 0.475000
    endloop
  endfacet
  facet normal 0.000000 1.000000 0.000000
    outer loop
      vertex -20.525000 -16.044975 -0.475000
      vertex -20.525000 -16.044975 0.475000
      vertex -19.475000 -16.044975 0.475000
    endloop
  endfacet
  facet normal 0.000000 1.000000 0.000000
    outer loop
      vertex -20.525000 -16.044975 -0.475000
      vertex -19.475000 -16.044975 0.475000
      vertex -19.475000 -16.044975 -0.475000
    endloop
  endfacet
  facet normal -1.000000 0.000000 0.000000
    outer loop
      vertex -19.475000 -16.044975 -0.475000
      vertex -19.475000 -16.044975 0.475000
      vertex -19.475000 16.044975 0.475000
    endloop
  endfacet
  facet normal -1.000000 0.000000 0.000000
    outer loop
      vertex -19.475000 -16.044975 -0.475000
      vertex -19.475000 16.044975 0.475000
      vertex -19.475000 16.044975 -0.475000
    endloop
  endfacet
  facet normal 0.000000 -1.000000 0.000000
    outer loop
      vertex -19.475000 16.044975 -0.475000
      vertex -19.475000 16.044975 0.475000
      vertex -20.525000 16.044975 0.475000
    endloop
  endfacet
  facet normal 0.000000 -1.000000 0.000000
    outer loop
      vertex -19.475000 16.044975 -0.475000
      vertex -20.525000 16.044975 0.475000
      vertex -20.525000 16.044975 -0.475000
    endloop
  endfacet
  facet normal 1.000000 0.000000 -0.000000
    outer loop
      vertex -20.525000 16.044975 -0.475000
      vertex -20.525000 16.044975 0.475000
      vertex -20.525000 -16.044975 0.475000
    endloop
  endfacet
  facet normal 1.000000 0.000000 0.000000
    outer loop
      vertex -20.525000 16.044975 -0.475000
      vertex -20.525000 -16.044975 0.475000
      vertex -20.525000 -16.044975 -0.475000
    endloop
  endfacet
  facet normal 0.000000 0.000000 1.000000
    outer loop
      vertex -16.525000 -17.986728 -0.475000
      vertex -15.475000 -17.986728 -0.475000
      vertex -15.475000 17.986728 -0.475000
    endloop
  endfacet
  facet normal 0.000000 0.000000 1.000000
    outer loop
      vertex -16.525000 -17.986728 -0.475000
      vertex -15.475000 17.986728 -0.475000
      vertex -16.525000 17.986728 -0.475000
    endloop
  endfacet
  facet normal 0.000000 0.000000 -1.000000
    outer loop
      vertex -16.525000 -17.986728 0.475000
      vertex -16.525000 17.986728 0.475000
      vertex -15.475000 17.986728 0.475000
    endloop
  endfacet
  facet normal 0.000000 0.000000 -1.000000
    outer loop
      vertex -16.525000 -17.986728 0.475000
      vertex -15.475000 17.986728 0.475000
      vertex -15.475000 -17.986728 0.475000
    endloop
  endfacet
  facet normal 0.000000 1.000000 0.000000
    outer loop
      vertex -16.525000 -17.986728 -0.475000
      vertex -16.525000 -17.986728 0.475000
      vertex -15.475000 -17.986728 0.475000
    endloop
  endfacet
  facet normal 0.000000 1.000000 0.000000
    outer loop
      vertex -16.525000 -17.986728 -0.475000
      vertex -15.475000 -17.986728 0.475000
      vertex -15.475000 -17.986728 -0.475000
    endloop
  endfacet
  facet normal -1.000000 0.000000 0.000000
    outer loop
      vertex -15.475000 -17.986728 -0.475000
      vertex -15.475000 -17.986728 0.475000
      vertex -15.475000 17.986728 0.475000
    endloop
  endfacet
  facet normal -1.000000 0.000000 0.000000
    outer loop
      vertex -15.475000 -17.986728 -0.475000
      vertex -15.475000 17.986728 0.475000
      vertex -15.475000 17.986728 -0.475000
    endloop
  endfacet
  facet normal 0.000000 -1.000000 0.000000
    outer loop
      vertex -15.475000 17.986728 -0.475000
      vertex -15.475000 17.986728 0.475000
      vertex -16.525000 17.986728 0.475000
    endloop
  endfacet
  facet normal 0.000000 -1.000000 0.000000
    outer loop
      vertex -15.475000 17.986728 -0.475000
      vertex -16.525000 17.986728 0.475000
      vertex -16.525000 17.986728 -0.475000
    endloop
  endfacet
  facet normal 1.000000 0.000000 -0.000000
    outer loop
      vertex -16.525000 17.986728 -0.475000
      vertex -16.525000 17.986728 0.475000
      vertex -16.525000 -17.986728 0.475000
    endloop
  endfacet
  facet normal 1.000000 0.000000 0.000000
    outer loop
      vertex -16.525000 17.986728 -0.475000
      vertex -16.525000 -17.986728 0.475000
      vertex -16.525000 -17.986728 -0.475000
    endloop
  endfacet
  facet normal 0.000000 0.000000 1.000000
    outer loop
      vertex -12.525000 -19.362821 -0.475000
      vertex -11.475000 -19.362821 -0.475000
      vertex -11.475000 19.362821 -0.475000
    endloop
  endfacet
  facet normal 0.000000 0.000000 1.000000
    outer loop
      vertex -12.525000 -19.362821 -0.475000
      vertex -11.475000 19.362821 -0.475000
      vertex -12.525000 19.362821 -0.475000
    endloop
  endfacet
  facet normal 0.000000 0.000000 -1.000000
    outer loop
      vertex -12.525000 -19.362821 0.475000
      vertex -12.525000 19.362821 0.475000
      vertex -11.475000 19.362821 0.475000
    endloop
  endfacet
  facet normal 0.000000 0.000000 -1.000000
    outer loop
      vertex -12.525000 -19.362821 0.475000
      vertex -11.475000 19.362821 0.475000
      vertex -11.475000 -19.362821 0.475000
    endloop
  endfacet
  facet normal 0.000000 1.000000 0.000000
    outer loop
      vertex -12.525000 -19.362821 -0.475000
      vertex -12.525000 -19.362821 0.475000
      vertex -11.475000 -19.362821 0.475000
    endloop
  endfacet
  facet normal 0.000000 1.000000 0.000000
    outer loop
      vertex -12.525000 -19.362821 -0.475000
      vertex -11.475000 -19.362821 0.475000
      vertex -11.475000 -19.362821 -0.475000
    endloop
  endfacet
  facet normal -1.000000 0.000000 0.000000
    outer loop
      vertex -11.475000 -19.362821 -0.475000
      vertex -11.475000 -19.362821 0.475000
      vertex -11.475000 19.362821 0.475000
    endloop
  endfacet
  facet normal -1.000000 0.000000 0.000000
    outer loop
      vertex -11.475000 -19.362821 -0.475000
      vertex -11.475000 19.362821 0.475000
      vertex -11.475000 19.362821 -0.475000
    endloop
  endfacet
  facet normal 0.000000 -1.000000 0.000000
    outer loop
      vertex -11.475000 19.362821 -0.475000
      vertex -11.475000 19.362821 0.475000
      vertex -12.525000 19.362821 0.475000
    endloop
  endfacet
  facet normal 0.000000 -1.000000 0.000000
    outer loop
      vertex -11.475000 19.362821 -0.475000
      vertex -12.525000 19.362821 0.475000
      vertex -12.525000 19.362821 -0.475000
    endloop
  endfacet
  facet normal 1.000000 0.000000 -0.000000
    outer loop
      vertex -12.525000 19.362821 -0.475000
      vertex -12.525000 19.362821 0.475000
      vertex -12.525000 -19.362821 0.475000
    endloop
  endfacet
  facet normal 1.000000 0.000000 0.000000
    outer loop
      vertex -12.525000 19.362821 -0.475000
      vertex -12.525000 -19.362821 0.475000
      vertex -12.525000 -19.362821 -0.475000
    endloop
  endfacet
  facet normal 0.000000 0.000000 1.000000
    outer loop
      vertex -8.525000 -20.288681 -0.475000
      vertex -7.475000 -20.288681 -0.475000
      vertex -7.475000 20.288681 -0.475000
    endloop
  endfacet
  facet normal 0.000000 0.000000 1.000000
    outer loop
      vertex -8.525000 -20.288681 -0.475000
      vertex -7.475000 20.288681 -0.475000
      vertex -8.525000 20.288681 -0.475000
    endloop
  endfacet
  facet normal 0.000000 0.000000 -1.000000
    outer loop
      vertex -8.525000 -20.288681 0.475000
      vertex -8.525000 20.288681 0.475000
      vertex -7.475000 20.288681 0.475000
    endloop
  endfacet
  facet normal 0.000000 0.000000 -1.000000
    outer loop
      vertex -8.525000 -20.288681 0.475000
      vertex -7.475000 20.288681 0.475000
      vertex -7.475000 -20.288681 0.475000
    endloop
  endfacet
  facet normal 0.000000 1.000000 0.000000
    outer loop
      vertex -8.525000 -20.288681 -0.475000
      vertex -8.525000 -20.288681 0.475000
      vertex -7.475000 -20.288681 0.475000
    endloop
  endfacet
  facet normal 0.000000 1.000000 0.000000
    outer loop
      vertex -8.525000 -20.288681 -0.475000
      vertex -7.475000 -20.288681 0.475000
      vertex -7.475000 -20.288681 -0.475000
    endloop
  endfacet
  facet normal -1.000000 0.000000 0.000000
    outer loop
      vertex -7.475000 -20.288681 -0.475000
      vertex -7.475000 -20.288681 0.475000
      vertex -7.475000 20.288681 0.475000
    endloop
  endfacet
  facet normal -1.000000 0.000000 0.000000
    outer loop
      vertex -7.475000 -20.288681 -0.475000
      vertex -7.475000 20.288681 0.475000
      vertex -7.475000 20.288681 -0.475000
    endloop
  endfacet
  facet normal 0.000000 -1.000000 0.000000
    outer loop
      vertex -7.475000 20.288681 -0.475000
      vertex -7.475000 20.288681 0.475000
      vertex -8.525000 20.288681 0.475000
    endloop
  endfacet
  facet normal 0.000000 -1.000000 0.000000
    outer loop
      vertex -7.475000 20.288681 -0.475000
      vertex -8.525000 20.288681 0.475000
      vertex -8.525000 20.288681 -0.475000
    endloop
  endfacet
  facet normal 1.000000 0.000000 -0.000000
    outer loop
      vertex -8.525000 20.288681 -0.475000
      vertex -8.525000 20.288681 0.475000
      vertex -8.525000 -20.288681 0.475000
    endloop
  endfacet
  facet normal 1.000000 0.000000 0.000000
    outer loop
      vertex -8.525000 20.288681 -0.475000
      vertex -8.525000 -20.288681 0.475000
      vertex -8.525000 -20.288681 -0.475000
    endloop
  endfacet
  facet normal 0.000000 0.000000 1.000000
    outer loop
      vertex -4.525000 -20.824448 -0.475000
      vertex -3.475000 -20.824448 -0.475000
      vertex -3.475000 20.824448 -0.475000
    endloop
  endfacet
  facet normal 0.000000 0.000000 1.000000
    outer loop
      vertex -4.525000 -20.824448 -0.475000
      vertex -3.475000 20.824448 -0.475000
      vertex -4.525000 20.824448 -0.475000
    endloop
  endfacet
  facet normal 0.000000 0.000000 -1.000000
    outer loop
      vertex -4.525000 -20.824448 0.475000
      vertex -4.525000 20.824448 0.475000
      vertex -3.475000 20.824448 0.475000
    endloop
  endfacet
  facet normal 0.000000 0.000000 -1.000000
    outer loop
      vertex -4.525000 -20.824448 0.475000
      vertex -3.475000 20.824448 0.475000
      vertex -3.475000 -20.824448 0.475000
    endloop
  endfacet
  facet normal 0.000000 1.000000 0.000000
    outer loop
      vertex -4.525000 -20.824448 -0.475000
      vertex -4.525000 -20.824448 0.475000
      vertex -3.475000 -20.824448 0.475000
    endloop
  endfacet
  facet normal 0.000000 1.000000 0.000000
    outer loop
      vertex -4.525000 -20.824448 -0.475000
      vertex -3.475000 -20.824448 0.475000
      vertex -3.475000 -20.824448 -0.475000
    endloop
  endfacet
  facet normal -1.000000 0.000000 0.000000
    outer loop
      vertex -3.475000 -20.824448 -0.475000
      vertex -3.475000 -20.824448 0.475000
      vertex -3.475000 20.824448 0.475000
    endloop
  endfacet
  facet normal -1.000000 0.000000 0.000000
    outer loop
      vertex -3.475000 -20.824448 -0.475000
      vertex -3.475000 20.824448 0.475000
      vertex -3.475000 20.824448 -0.475000
    endloop
  endfacet
  facet normal 0.000000 -1.000000 0.000000
    outer loop
      vertex -3.475000 20.824448 -0.475000
      vertex -3.475000 20.824448 0.475000
      vertex -4.525000 20.824448 0.475000
    endloop
  endfacet
  facet normal 0.000000 -1.000000 0.000000
    outer loop
      vertex -3.475000 20.824448 -0.475000
      vertex -4.525000 20.824448 0.475000
      vertex -4.525000 20.824448 -0.475000
    endloop
  endfacet
  facet normal 1.000000 0.000000 -0.000000
    outer loop
      vertex -4.525000 20.824448 -0.475000
      vertex -4.525000 20.824448 0.475000
      vertex -4.525000 -20.824448 0.475000
    endloop
  endfacet
  facet normal 1.000000 0.000000 0.000000
    outer loop
      vertex -4.525000 20.824448 -0.475000
      vertex -4.525000 -20.824448 0.475000
      vertex -4.525000 -20.824448 -0.475000
    endloop
  endfacet
  facet normal 0.000000 0.000000 1.000000
    outer loop
      vertex -0.525000 -21.000000 -0.475000
      vertex 0.525000 -21.000000 -0.475000
      vertex 0.525000 21.000000 -0.475000
    endloop
  endfacet
  facet normal 0.000000 0.000000 1.000000
    outer loop
      vertex -0.525000 -21.000000 -0.475000
      vertex 0.525000 21.000000 -0.475000
      vertex -0.525000 21.000000 -0.475000
    endloop
  endfacet
  facet normal 0.000000 0.000000 -1.000000
    outer loop
      vertex -0.525000 -21.000000 0.475000
      vertex -0.525000 21.000000 0.475000
      vertex 0.525000 21.000000 0.475000
    endloop
  endfacet
  facet normal 0.000000 0.000000 -1.000000
    outer loop
      vertex -0.525000 -21.000000 0.475000
      vertex 0.525000 21.000000 0.475000
      vertex 0.525000 -21.000000 0.475000
    endloop
  endfacet
  facet normal 0.000000 1.000000 0.000000
    outer loop
      vertex -0.525000 -21.000000 -0.475000
      vertex -0.525000 -21.000000 0.475000
      vertex 0.525000 -21.000000 0.475000
    endloop
  endfacet
  facet normal 0.000000 1.000000 0.000000
    outer loop
      vertex -0.525000 -21.000000 -0.475000
      vertex 0.525000 -21.000000 0.475000
      vertex 0.525000 -21.000000 -0.475000
    endloop
  endfacet
  facet normal -1.000000 0.000000 0.000000
    outer loop
      vertex 0.525000 -21.000000 -0.475000
      vertex 0.525000 -21.000000 0.475000
      vertex 0.525000 21.000000 0.475000
    endloop
  endfacet
  facet normal -1.000000 0.000000 0.000000
    outer loop
      vertex 0.525000 -21.000000 -0.475000
      vertex 0.525000 21.000000 0.475000
      vertex 0.525000 21.000000 -0.475000
    endloop
  endfacet
  facet normal 0.000000 -1.000000 0.000000
    outer loop
      vertex 0.525000 21.000000 -0.475000
      vertex 0.525000 21.000000 0.475000
      vertex -0.525000 21.000000 0.475000
    endloop
  endfacet
  facet normal 0.000000 -1.000000 0.000000
    outer loop
      vertex 0.525000 21.000000 -0.475000
      vertex -0.525000 21.000000 0.475000
      vertex -0.525000 21.000000 -0.475000
    endloop
  endfacet
  facet normal 1.000000 0.000000 -0.000000
    outer loop
      vertex -0.525000 21.000000 -0.475000
      vertex -0.525000 21.000000 0.475000
      vertex -0.525000 -21.000000 0.475000
    endloop
  endfacet
  facet normal 1.000000 0.000000 0.000000
    outer loop
      vertex -0.525000 21.000000 -0.475000
      vertex -0.525000 -21.000000 0.475000
      vertex -0.525000 -21.000000 -0.475000
    endloop
  endfacet
  facet normal 0.000000 0.000000 1.000000
    outer loop
      vertex 3.475000 -20.824448 -0.475000
      vertex 4.525000 -20.824448 -0.475000
      vertex 4.525000 20.824448 -0.475000
    endloop
  endfacet
  facet normal 0.000000 0.000000 1.000000
    outer loop
      vertex 3.475000 -20.824448 -0.475000
      vertex 4.525000 20.824448 -0.475000
      vertex 3.475000 20.824448 -0.475000
    endloop
  endfacet
  facet normal 0.000000 0.000000 -1.000000
    outer loop
      vertex 3.475000 -20.824448 0.475000
      vertex 3.475000 20.824448 0.475000
      vertex 4.525000 20.824448 0.475000
    endloop
  endfacet
  facet normal 0.000000 0.000000 -1.000000
    outer loop
      vertex 3.475000 -20.824448 0.475000
      vertex 4.525000 20.824448 0.475000
      vertex 4.525000 -20.824448 0.475000
    endloop
  endfacet
  facet normal 0.000000 1.000000 0.000000
    outer loop
      vertex 3.475000 -20.824448 -0.475000
      vertex 3.475000 -20.824448 0.475000
      vertex 4.525000 -20.824448 0.475000
    endloop
  endfacet
  facet normal 0.000000 1.000000 0.000000
    outer loop
      vertex 3.475000 -20.824448 -0.475000
      vertex 4.525000 -20.824448 0.475000
      vertex 4.525000 -20.824448 -0.475000
    endloop
  endfacet
  facet normal -1.000000 0.000000 0.000000
    outer loop
      vertex 4.525000 -20.824448 -0.475000
      vertex 4.525000 -20.824448 0.475000
      vertex 4.525000 20.824448 0.475000
    endloop
  endfacet
  facet normal -1.000000 0.000000 0.000000
    outer loop
      vertex 4.525000 -20.824448 -0.475000
      vertex 4.525000 20.824448 0.475000
      vertex 4.525000 20.824448 -0.475000
    endloop
  endfacet
  facet normal 0.000000 -1.000000 0.000000
    outer loop
      vertex 4.525000 20.824448 -0.475000
      vertex 4.525000 20.824448 0.475000
      vertex 3.475000 20.824448 0.475000
    endloop
  endfacet
  facet normal 0.000000 -1.000000 0.000000
    outer loop
      vertex 4.525000 20.824448 -0.475000
      vertex 3.475000 20.824448 0.475000
      vertex 3.475000 20.824448 -0.475000
    endloop
  endfacet
  facet normal 1.000000 0.000000 -0.000000
    outer loop
      vertex 3.475000 20.824448 -0.475000
      vertex 3.475000 20.824448 0.475000
      vertex 3.475000 -20.824448 0.475000
    endloop
  endfacet
  facet normal 1.000000 0.000000 0.000000
    outer loop
      vertex 3.475000 20.824448 -0.475000
      vertex 3.475000 -20.824448 0.475000
      vertex 3.475000 -20.824448 -0.475000
    endloop
  endfacet
  facet normal 0.000000 0.000000 1.000000
    outer loop
      vertex 7.475000 -20.288681 -0.475000
      vertex 8.525000 -20.288681 -0.475000
      vertex 8.525000 20.288681 -0.475000
    endloop
  endfacet
  facet normal 0.000000 0.000000 1.000000
    outer loop
      vertex 7.475000 -20.288681 -0.475000
      vertex 8.525000 20.288681 -0.475000
      vertex 7.475000 20.288681 -0.475000
    endloop
  endfacet
  facet normal 0.000000 0.000000 -1.000000
    outer loop
      vertex 7.475000 -20.288681 0.475000
      vertex 7.475000 20.288681 0.475000
      vertex 8.525000 20.288681 0.475000
    endloop
  endfacet
  facet normal 0.000000 0.000000 -1.000000
    outer loop
      vertex 7.475000 -20.288681 0.475000
      vertex 8.525000 20.288681 0.475000
      vertex 8.525000 -20.288681 0.475000
    endloop
  endfacet
  facet normal 0.000000 1.000000 0.000000
    outer loop
      vertex 7.475000 -20.288681 -0.475000
      vertex 7.475000 -20.288681 0.475000
      vertex 8.525000 -20.288681 0.475000
    endloop
  endfacet
  facet normal 0.000000 1.000000 0.000000
    outer loop
      vertex 7.475000 -20.288681 -0.475000
      vertex 8.525000 -20.288681 0.475000
      vertex 8.525000 -20.288681 -0.475000
    endloop
  endfacet
  facet normal -1.000000 0.000000 0.000000
    outer loop
      vertex 8.525000 -20.288681 -0.475000
      vertex 8.525000 -20.288681 0.475000
      vertex 8.525000 20.288681 0.475000
    endloop
  endfacet
  facet normal -1.000000 0.000000 0.000000
    outer loop
      vertex 8.525000 -20.288681 -0.475000
      vertex 8.525000 20.288681 0.475000
      vertex 8.525000 20.288681 -0.475000
    endloop
  endfacet
  facet normal 0.000000 -1.000000 0.000000
    outer loop
      vertex 8.525000 20.288681 -0.475000
      vertex 8.525000 20.288681 0.475000
      vertex 7.475000 20.288681 0.475000
    endloop
  endfacet
  facet normal 0.000000 -1.000000 0.000000
    outer loop
      vertex 8.525000 20.288681 -0.475000
      vertex 7.475000 20.288681 0.475000
      vertex 7.475000 20.288681 -0.475000
    endloop
  endfacet
  facet normal 1.000000 0.000000 -0.000000
    outer loop
      vertex 7.475000 20.288681 -0.475000
      vertex 7.475000 20.288681 0.475000
      vertex 7.475000 -20.288681 0.475000
    endloop
  endfacet
  facet normal 1.000000 0.000000 0.000000
    outer loop
      vertex 7.475000 20.288681 -0.475000
      vertex 7.475000 -20.288681 0.475000
      vertex 7.475000 -20.288681 -0.475000
    endloop
  endfacet
  facet normal 0.000000 0.000000 1.000000
    outer loop
      vertex 11.475000 -19.362821 -0.475000
      vertex 12.525000 -19.362821 -0.475000
      vertex 12.525000 19.362821 -0.475000
    endloop
  endfacet
  facet normal 0.000000 0.000000 1.000000
    outer loop
      vertex 11.475000 -19.362821 -0.475000
      vertex 12.525000 19.362821 -0.475000
      vertex 11.475000 19.362821 -0.475000
    endloop
  endfacet
  facet normal 0.000000 0.000000 -1.000000
    outer loop
      vertex 11.475000 -19.362821 0.475000
      vertex 11.475000 19.362821 0.475000
      vertex 12.525000 19.362821 0.475000
    endloop
  endfacet
  facet normal 0.000000 0.000000 -1.000000
    outer loop
      vertex 11.475000 -19.362821 0.475000
      vertex 12.525000 19.362821 0.475000
      vertex 12.525000 -19.362821 0.475000
    endloop
  endfacet
  facet normal 0.000000 1.000000 0.000000
    outer loop
      vertex 11.475000 -19.362821 -0.475000
      vertex 11.475000 -19.362821 0.475000
      vertex 12.525000 -19.362821 0.475000
    endloop
  endfacet
  facet normal 0.000000 1.000000 0.000000
    outer loop
      vertex 11.475000 -19.362821 -0.475000
      vertex 12.525000 -19.362821 0.475000
      vertex 12.525000 -19.362821 -0.475000
    endloop
  endfacet
  facet normal -1.000000 0.000000 0.000000
    outer loop
      vertex 12.525000 -19.362821 -0.475000
      vertex 12.525000 -19.362821 0.475000
      vertex 12.525000 19.362821 0.475000
    endloop
  endfacet
  facet normal -1.000000 0.000000 0.000000
    outer loop
      vertex 12.525000 -19.362821 -0.475000
      vertex 12.525000 19.362821 0.475000
      vertex 12.525000 19.362821 -0.475000
    endloop
  endfacet
  facet normal 0.000000 -1.000000 0.000000
    outer loop
      vertex 12.525000 19.362821 -0.475000
      vertex 12.525000 19.362821 0.475000
      vertex 11.475000 19.362821 0.475000
    endloop
  endfacet
  facet normal 0.000000 -1.000000 0.000000
    outer loop
      vertex 12.525000 19.362821 -0.475000
      vertex 11.475000 19.362821 0.475000
      vertex 11.475000 19.362821 -0.475000
    endloop
  endfacet
  facet normal 1.000000 0.000000 -0.000000
    outer loop
      vertex 11.475000 19.362821 -0.475000
      vertex 11.475000 19.362821 0.475000
      vertex 11.475000 -19.362821 0.475000
    endloop
  endfacet
  facet normal 1.000000 0.000000 0.000000
    outer loop
      vertex 11.475000 19.362821 -0.475000
      vertex 11.475000 -19.362821 0.475000
      vertex 11.475000 -19.362821 -0.475000
    endloop
  endfacet
  facet normal 0.000000 0.000000 1.000000
    outer loop
      vertex 15.475000 -17.986728 -0.475000
      vertex 16.525000 -17.986728 -0.475000
      vertex 16.525000 17.986728 -0.475000
    endloop
  endfacet
  facet normal 0.000000 0.000000 1.000000
    outer loop
      vertex 15.475000 -17.986728 -0.475000
      vertex 16.525000 17.986728 -0.475000
      vertex 15.475000 17.986728 -0.475000
    endloop
  endfacet
  facet normal 0.000000 0.000000 -1.000000
    outer loop
      vertex 15.475000 -17.986728 0.475000
      vertex 15.475000 17.986728 0.475000
      vertex 16.525000 17.986728 0.475000
    endloop
  endfacet
  facet normal 0.000000 0.000000 -1.000000
    outer loop
      vertex 15.475000 -17.986728 0.475000
      vertex 16.525000 17.986728 0.475000
      vertex 16.525000 -17.986728 0.475000
    endloop
  endfacet
  facet normal 0.000000 1.000000 0.000000
    outer loop
      vertex 15.475000 -17.986728 -0.475000
      vertex 15.475000 -17.986728 0.475000
      vertex 16.525000 -17.986728 0.475000
    endloop
  endfacet
  facet normal 0.000000 1.000000 0.000000
    outer loop
      vertex 15.475000 -17.986728 -0.475000
      vertex 16.525000 -17.986728 0.475000
      vertex 16.525000 -17.986728 -0.475000
    endloop
  endfacet
  facet normal -1.000000 0.000000 0.000000
    outer loop
      vertex 16.525000 -17.986728 -0.475000
      vertex 16.525000 -17.986728 0.475000
      vertex 16.525000 17.986728 0.475000
    endloop
  endfacet
  facet normal -1.000000 0.000000 0.000000
    outer loop
      vertex 16.525000 -17.986728 -0.475000
      vertex 16.525000 17.986728 0.475000
      vertex 16.525000 17.986728 -0.475000
    endloop
  endfacet
  facet normal 0.000000 -1.000000 0.000000
    outer loop
      vertex 16.525000 17.986728 -0.475000
      vertex 16.525000 17.986728 0.475000
      vertex 15.475000 17.986728 0.475000
    endloop
  endfacet
  facet normal 0.000000 -1.000000 0.000000
    outer loop
      vertex 16.525000 17.986728 -0.475000
      vertex 15.475000 17.986728 0.475000
      vertex 15.475000 17.986728 -0.475000
    endloop
  endfacet
  facet normal 1.000000 0.000000 -0.000000
    outer loop
      vertex 15.475000 17.986728 -0.475000
      vertex 15.475000 17.986728 0.475000
      vertex 15.475000 -17.986728 0.475000
    endloop
  endfacet
  facet normal 1.000000 0.000000 0.000000
    outer loop
      vertex 15.475000 17.986728 -0.475000
      vertex 15.475000 -17.986728 0.475000
      vertex 15.475000 -17.986728 -0.475000
    endloop
  endfacet
  facet normal 0.000000 0.000000 1.000000
    outer loop
      vertex 19.475000 -16.044975 -0.475000
      vertex 20.525000 -16.044975 -0.475000
      vertex 20.525000 16.044975 -0.475000
    endloop
  endfacet
  facet normal 0.000000 0.000000 1.000000
    outer loop
      vertex 19.475000 -16.044975 -0.475000
      vertex 20.525000 16.044975 -0.475000
      vertex 19.475000 16.044975 -0.475000
    endloop
  endfacet
  facet normal 0.000000 0.000000 -1.000000
    outer loop
      vertex 19.475000 -16.044975 0.475000
      vertex 19.475000 16.044975 0.475000
      vertex 20.525000 16.044975 0.475000
    endloop
  endfacet
  facet normal 0.000000 0.000000 -1.000000
    outer loop
      vertex 19.475000 -16.044975 0.475000
      vertex 20.525000 16.044975 0.475000
      vertex 20.525000 -16.044975 0.475000
    endloop
  endfacet
  facet normal 0.000000 1.000000 0.000000
    outer loop
      vertex 19.475000 -16.044975 -0.475000
      vertex 19.475000 -16.044975 0.475000
      vertex 20.525000 -16.044975 0.475000
    endloop
  endfacet
  facet normal 0.000000 1.000000 0.000000
    outer loop
      vertex 19.475000 -16.044975 -0.475000
      vertex 20.525000 -16.044975 0.475000
      vertex 20.525000 -16.044975 -0.475000
    endloop
  endfacet
  facet normal -1.000000 0.000000 0.000000
    outer loop
      vertex 20.525000 -16.044975 -0.475000
      vertex 20.525000 -16.044975 0.475000
      vertex 20.525000 16.044975 0.475000
    endloop
  endfacet
  facet normal -1.000000 0.000000 0.000000
    outer loop
      vertex 20.525000 -16.044975 -0.475000
      vertex 20.525000 16.044975 0.475000
      vertex 20.525000 16.044975 -0.475000
    endloop
  endfacet
  facet normal 0.000000 -1.000000 0.000000
    outer loop
      vertex 20.525000 16.044975 -0.475000
      vertex 20.525000 16.044975 0.475000
      vertex 19.475000 16.044975 0.475000
    endloop
  endfacet
  facet normal 0.000000 -1.000000 0.000000
    outer loop
      vertex 20.525000 16.044975 -0.475000
      vertex 19.475000 16.044975 0.475000
      vertex 19.475000 16.044975 -0.475000
    endloop
  endfacet
  facet normal 1.000000 0.000000 -0.000000
    outer loop
      vertex 19.475000 16.044975 -0.475000
      vertex 19.475000 16.044975 0.475000
      vertex 19.475000 -16.044975 0.475000
    endloop
  endfacet
  facet normal 1.000000 0.000000 0.000000
    outer loop
      vertex 19.475000 16.044975 -0.475000
      vertex 19.475000 -16.044975 0.475000
      vertex 19.475000 -16.044975 -0.475000
    endloop
  endfacet
  facet normal 0.000000 0.000000 1.000000
    outer loop
      vertex 23.475000 -13.291928 -0.475000
      vertex 24.525000 -13.291928 -0.475000
      vertex 24.525000 13.291928 -0.475000
    endloop
  endfacet
  facet normal 0.000000 0.000000 1.000000
    outer loop
      vertex 23.475000 -13.291928 -0.475000
      vertex 24.525000 13.291928 -0.475000
      vertex 23.475000 13.291928 -0.475000
    endloop
  endfacet
  facet normal 0.000000 0.000000 -1.000000
    outer loop
      vertex 23.475000 -13.291928 0.475000
      vertex 23.475000 13.291928 0.475000
      vertex 24.525000 13.291928 0.475000
    endloop
  endfacet
  facet normal 0.000000 0.000000 -1.000000
    outer loop
      vertex 23.475000 -13.291928 0.475000
      vertex 24.525000 13.291928 0.475000
      vertex 24.525000 -13.291928 0.475000
    endloop
  endfacet
  facet normal 0.000000 1.000000 0.000000
    outer loop
      vertex 23.475000 -13.291928 -0.475000
      vertex 23.475000 -13.291928 0.475000
      vertex 24.525000 -13.291928 0.475000
    endloop
  endfacet
  facet normal 0.000000 1.000000 0.000000
    outer loop
      vertex 23.475000 -13.291928 -0.475000
      vertex 24.525000 -13.291928 0.475000
      vertex 24.525000 -13.291928 -0.475000
    endloop
  endfacet
  facet normal -1.000000 0.000000 0.000000
    outer loop
      vertex 24.525000 -13.291928 -0.475000
      vertex 24.525000 -13.291928 0.475000
      vertex 24.525000 13.291928 0.475000
    endloop
  endfacet
  facet normal -1.000000 0.000000 0.000000
    outer loop
      vertex 24.525000 -13.291928 -0.475000
      vertex 24.525000 13.291928 0.475000
      vertex 24.525000 13.291928 -0.475000
    endloop
  endfacet
  facet normal 0.000000 -1.000000 0.000000
    outer loop
      vertex 24.525000 13.291928 -0.475000
      vertex 24.525000 13.291928 0.475000
      vertex 23.475000 13.291928 0.475000
    endloop
  endfacet
  facet normal 0.000000 -1.000000 0.000000
    outer loop
      vertex 24.525000 13.291928 -0.475000
      vertex 23.475000 13.291928 0.475000
      vertex 23.475000 13.291928 -0.475000
    endloop
  endfacet
  facet normal 1.000000 0.000000 -0.000000
    outer loop
      vertex 23.475000 13.291928 -0.475000
      vertex 23.475000 13.291928 0.475000
      vertex 23.475000 -13.291928 0.475000
    endloop
  endfacet
  facet normal 1.000000 0.000000 0.000000
    outer loop
      vertex 23.475000 13.291928 -0.475000
      vertex 23.475000 -13.291928 0.475000
      vertex 23.475000 -13.291928 -0.475000
    endloop
  endfacet
  facet normal 0.000000 0.000000 1.000000
    outer loop
      vertex 27.475000 -9.012478 -0.475000
      vertex 28.525000 -9.012478 -0.475000
      vertex 28.525000 9.012478 -0.475000
    endloop
  endfacet
  facet normal 0.000000 0.000000 1.000000
    outer loop
      vertex 27.475000 -9.012478 -0.475000
      vertex 28.525000 9.012478 -0.475000
      vertex 27.475000 9.012478 -0.475000
    endloop
  endfacet
  facet normal 0.000000 0.000000 -1.000000
    outer loop
      vertex 27.475000 -9.012478 0.475000
      vertex 27.475000 9.012478 0.475000
      vertex 28.525000 9.012478 0.475000
    endloop
  endfacet
  facet normal 0.000000 0.000000 -1.000000
    outer loop
      vertex 27.475000 -9.012478 0.475000
      vertex 28.525000 9.012478 0.475000
      vertex 28.525000 -9.012478 0.475000
    endloop
  endfacet
  facet normal 0.000000 1.000000 0.000000
    outer loop
      vertex 27.475000 -9.012478 -0.475000
      vertex 27.475000 -9.012478 0.475000
      vertex 28.525000 -9.012478 0.475000
    endloop
  endfacet
  facet normal 0.000000 1.000000 0.000000
    outer loop
      vertex 27.475000 -9.012478 -0.475000
      vertex 28.525000 -9.012478 0.475000
      vertex 28.525000 -9.012478 -0.475000
    endloop
  endfacet
  facet normal -1.000000 0.000000 0.000000
    outer loop
      vertex 28.525000 -9.012478 -0.475000
      vertex 28.525000 -9.012478 0.475000
      vertex 28.525000 9.012478 0.475000
    endloop
  endfacet
  facet normal -1.000000 0.000000 0.000000
    outer loop
      vertex 28.525000 -9.012478 -0.475000
      vertex 28.525000 9.012478 0.475000
      vertex 28.525000 9.012478 -0.475000
    endloop
  endfacet
  facet normal 0.000000 -1.000000 0.000000
    outer loop
      vertex 28.525000 9.012478 -0.475000
      vertex 28.525000 9.012478 0.475000
      vertex 27.475000 9.012478 0.475000
    endloop
  endfacet
  facet normal 0.000000 -1.000000 0.000000
    outer loop
      vertex 28.525000 9.012478 -0.475000
      vertex 27.475000 9.012478 0.475000
      vertex 27.475000 9.012478 -0.475000
    endloop
  endfacet
  facet normal 1.000000 0.000000 -0.000000
    outer loop
      vertex 27.475000 9.012478 -0.475000
      vertex 27.475000 9.012478 0.475000
      vertex 27.475000 -9.012478 0.475000
    endloop
  endfacet
  facet normal 1.000000 0.000000 0.000000
    outer loop
      vertex 27.475000 9.012478 -0.475000
      vertex 27.475000 -9.012478 0.475000
      vertex 27.475000 -9.012478 -0.475000
    endloop
  endfacet
  facet normal 0.000000 0.000000 1.000000
    outer loop
      vertex 30.152226 -0.061481 -0.550000
      vertex 31.847774 0.061481 -0.550000
      vertex 31.698500 2.119841 -0.550000
    endloop
  endfacet
  facet normal 0.000000 -0.000000 1.000000
    outer loop
      vertex 30.152226 -0.061481 -0.550000
      vertex 31.698500 2.119841 -0.550000
      vertex 30.002953 1.996879 -0.550000
    endloop
  endfacet
  facet normal 0.000000 0.000000 -1.000000
    outer loop
      vertex 30.152226 -0.061481 0.550000
      vertex 30.002953 1.996879 0.550000
      vertex 31.698500 2.119841 0.550000
    endloop
  endfacet
  facet normal 0.000000 0.000000 -1.000000
    outer loop
      vertex 30.152226 -0.061481 0.550000
      vertex 31.698500 2.119841 0.550000
      vertex 31.847774 0.061481 0.550000
    endloop
  endfacet
  facet normal -0.072331 0.997381 0.000000
    outer loop
      vertex 30.152226 -0.061481 -0.550000
      vertex 30.152226 -0.061481 0.550000
      vertex 31.847774 0.061481 0.550000
    endloop
  endfacet
  facet normal -0.072331 0.997381 0.000000
    outer loop
      vertex 30.152226 -0.061481 -0.550000
      vertex 31.847774 0.061481 0.550000
      vertex 31.847774 0.061481 -0.550000
    endloop
  endfacet
  facet normal -0.997381 -0.072331 0.000000
    outer loop
      vertex 31.847774 0.061481 -0.550000
      vertex 31.847774 0.061481 0.550000
      vertex 31.698500 2.119841 0.550000
    endloop
  endfacet
  facet normal -0.997381 -0.072331 0.000000
    outer loop
      vertex 31.847774 0.061481 -0.550000
      vertex 31.698500 2.119841 0.550000
      vertex 31.698500 2.119841 -0.550000
    endloop
  endfacet
  facet normal 0.072331 -0.997381 0.000000
    outer loop
      vertex 31.698500 2.119841 -0.550000
      vertex 31.698500 2.119841 0.550000
      vertex 30.002953 1.996879 0.550000
    endloop
  endfacet
  facet normal 0.072331 -0.997381 0.000000
    outer loop
      vertex 31.698500 2.119841 -0.550000
      vertex 30.002953 1.996879 0.550000
      vertex 30.002953 1.996879 -0.550000
    endloop
  endfacet
  facet normal 0.997381 0.072331 -0.000000
    outer loop
      vertex 30.002953 1.996879 -0.550000
      vertex 30.002953 1.996879 0.550000
      vertex 30.152226 -0.061481 0.550000
    endloop
  endfacet
  facet normal 0.997381 0.072331 0.000000
    outer loop
      vertex 30.002953 1.996879 -0.550000
      vertex 30.152226 -0.061481 0.550000
      vertex 30.152226 -0.061481 -0.550000
    endloop
  endfacet
  facet normal 0.000000 0.000000 1.000000
    outer loop
      vertex 30.020400 1.876542 -0.550000
      vertex 31.681053 2.240178 -0.550000
      vertex 31.234670 4.278715 -0.550000
    endloop
  endfacet
  facet normal 0.000000 -0.000000 1.000000
    outer loop
      vertex 30.020400 1.876542 -0.550000
      vertex 31.234670 4.278715 -0.550000
      vertex 29.574017 3.915078 -0.550000
    endloop
  endfacet
  facet normal 0.000000 0.000000 -1.000000
    outer loop
      vertex 30.020400 1.876542 0.550000
      vertex 29.574017 3.915078 0.550000
      vertex 31.234670 4.278715 0.550000
    endloop
  endfacet
  facet normal 0.000000 0.000000 -1.000000
    outer loop
      vertex 30.020400 1.876542 0.550000
      vertex 31.234670 4.278715 0.550000
      vertex 31.681053 2.240178 0.550000
    endloop
  endfacet
  facet normal -0.213904 0.976855 0.000000
    outer loop
      vertex 30.020400 1.876542 -0.550000
      vertex 30.020400 1.876542 0.550000
      vertex 31.681053 2.240178 0.550000
    endloop
  endfacet
  facet normal -0.213904 0.976855 0.000000
    outer loop
      vertex 30.020400 1.876542 -0.550000
      vertex 31.681053 2.240178 0.550000
      vertex 31.681053 2.240178 -0.550000
    endloop
  endfacet
  facet normal -0.976855 -0.213904 0.000000
    outer loop
      vertex 31.681053 2.240178 -0.550000
      vertex 31.681053 2.240178 0.550000
      vertex 31.234670 4.278715 0.550000
    endloop
  endfacet
  facet normal -0.976855 -0.213904 0.000000
    outer loop
      vertex 31.681053 2.240178 -0.550000
      vertex 31.234670 4.278715 0.550000
      vertex 31.234670 4.278715 -0.550000
    endloop
  endfacet
  facet normal 0.213904 -0.976855 0.000000
    outer loop
      vertex 31.234670 4.278715 -0.550000
      vertex 31.234670 4.278715 0.550000
      vertex 29.574017 3.915078 0.550000
    endloop
  endfacet
  facet normal 0.213904 -0.976855 0.000000
    outer loop
      vertex 31.234670 4.278715 -0.550000
      vertex 29.574017 3.915078 0.550000
      vertex 29.574017 3.915078 -0.550000
    endloop
  endfacet
  facet normal 0.976855 0.213904 -0.000000
    outer loop
      vertex 29.574017 3.915078 -0.550000
      vertex 29.574017 3.915078 0.550000
      vertex 30.020400 1.876542 0.550000
    endloop
  endfacet
  facet normal 0.976855 0.213904 0.000000
    outer loop
      vertex 29.574017 3.915078 -0.550000
      vertex 30.020400 1.876542 0.550000
      vertex 30.020400 1.876542 -0.550000
    endloop
  endfacet
  facet normal 0.000000 0.000000 1.000000
    outer loop
      vertex 29.607101 3.802103 -0.550000
      vertex 31.201587 4.391691 -0.550000
      vertex 30.462394 6.390772 -0.550000
    endloop
  endfacet
  facet normal 0.000000 -0.000000 1.000000
    outer loop
      vertex 29.607101 3.802103 -0.550000
      vertex 30.462394 6.390772 -0.550000
      vertex 28.867907 5.801184 -0.550000
    endloop
  endfacet
  facet normal 0.000000 0.000000 -1.000000
    outer loop
      vertex 29.607101 3.802103 0.550000
      vertex 28.867907 5.801184 0.550000
      vertex 30.462394 6.390772 0.550000
    endloop
  endfacet
  facet normal 0.000000 0.000000 -1.000000
    outer loop
      vertex 29.607101 3.802103 0.550000
      vertex 30.462394 6.390772 0.550000
      vertex 31.201587 4.391691 0.550000
    endloop
  endfacet
  facet normal -0.346816 0.937933 0.000000
    outer loop
      vertex 29.607101 3.802103 -0.550000
      vertex 29.607101 3.802103 0.550000
      vertex 31.201587 4.391691 0.550000
    endloop
  endfacet
  facet normal -0.346816 0.937933 0.000000
    outer loop
      vertex 29.607101 3.802103 -0.550000
      vertex 31.201587 4.391691 0.550000
      vertex 31.201587 4.391691 -0.550000
    endloop
  endfacet
  facet normal -0.937933 -0.346816 0.000000
    outer loop
      vertex 31.201587 4.391691 -0.550000
      vertex 31.201587 4.391691 0.550000
      vertex 30.462394 6.390772 0.550000
    endloop
  endfacet
  facet normal -0.937933 -0.346816 0.000000
    outer loop
      vertex 31.201587 4.391691 -0.550000
      vertex 30.462394 6.390772 0.550000
      vertex 30.462394 6.390772 -0.550000
    endloop
  endfacet
  facet normal 0.346816 -0.937933 0.000000
    outer loop
      vertex 30.462394 6.390772 -0.550000
      vertex 30.462394 6.390772 0.550000
      vertex 28.867907 5.801184 0.550000
    endloop
  endfacet
  facet normal 0.346816 -0.937933 0.000000
    outer loop
      vertex 30.462394 6.390772 -0.550000
      vertex 28.867907 5.801184 0.550000
      vertex 28.867907 5.801184 -0.550000
    endloop
  endfacet
  facet normal 0.937933 0.346816 -0.000000
    outer loop
      vertex 28.867907 5.801184 -0.550000
      vertex 28.867907 5.801184 0.550000
      vertex 29.607101 3.802103 0.550000
    endloop
  endfacet
  facet normal 0.937933 0.346816 0.000000
    outer loop
      vertex 28.867907 5.801184 -0.550000
      vertex 29.607101 3.802103 0.550000
      vertex 29.607101 3.802103 -0.550000
    endloop
  endfacet
  facet normal 0.000000 0.000000 1.000000
    outer loop
      vertex 28.913551 5.698991 -0.550000
      vertex 30.416750 6.492965 -0.550000
      vertex 29.391865 8.433339 -0.550000
    endloop
  endfacet
  facet normal 0.000000 -0.000000 1.000000
    outer loop
      vertex 28.913551 5.698991 -0.550000
      vertex 29.391865 8.433339 -0.550000
      vertex 27.888666 7.639365 -0.550000
    endloop
  endfacet
  facet normal 0.000000 0.000000 -1.000000
    outer loop
      vertex 28.913551 5.698991 0.550000
      vertex 27.888666 7.639365 0.550000
      vertex 29.391865 8.433339 0.550000
    endloop
  endfacet
  facet normal 0.000000 0.000000 -1.000000
    outer loop
      vertex 28.913551 5.698991 0.550000
      vertex 29.391865 8.433339 0.550000
      vertex 30.416750 6.492965 0.550000
    endloop
  endfacet
  facet normal -0.467043 0.884234 0.000000
    outer loop
      vertex 28.913551 5.698991 -0.550000
      vertex 28.913551 5.698991 0.550000
      vertex 30.416750 6.492965 0.550000
    endloop
  endfacet
  facet normal -0.467043 0.884234 0.000000
    outer loop
      vertex 28.913551 5.698991 -0.550000
      vertex 30.416750 6.492965 0.550000
      vertex 30.416750 6.492965 -0.550000
    endloop
  endfacet
  facet normal -0.884234 -0.467043 0.000000
    outer loop
      vertex 30.416750 6.492965 -0.550000
      vertex 30.416750 6.492965 0.550000
      vertex 29.391865 8.433339 0.550000
    endloop
  endfacet
  facet normal -0.884234 -0.467043 0.000000
    outer loop
      vertex 30.416750 6.492965 -0.550000
      vertex 29.391865 8.433339 0.550000
      vertex 29.391865 8.433339 -0.550000
    endloop
  endfacet
  facet normal 0.467043 -0.884234 0.000000
    outer loop
      vertex 29.391865 8.433339 -0.550000
      vertex 29.391865 8.433339 0.550000
      vertex 27.888666 7.639365 0.550000
    endloop
  endfacet
  facet normal 0.467043 -0.884234 0.000000
    outer loop
      vertex 29.391865 8.433339 -0.550000
      vertex 27.888666 7.639365 0.550000
      vertex 27.888666 7.639365 -0.550000
    endloop
  endfacet
  facet normal 0.884234 0.467043 -0.000000
    outer loop
      vertex 27.888666 7.639365 -0.550000
      vertex 27.888666 7.639365 0.550000
      vertex 28.913551 5.698991 0.550000
    endloop
  endfacet
  facet normal 0.884234 0.467043 0.000000
    outer loop
      vertex 27.888666 7.639365 -0.550000
      vertex 28.913551 5.698991 0.550000
      vertex 28.913551 5.698991 -0.550000
    endloop
  endfacet
  facet normal 0.000000 0.000000 1.000000
    outer loop
      vertex 27.943325 7.549758 -0.550000
      vertex 29.337206 8.522946 -0.550000
      vertex 28.036500 10.385926 -0.550000
    endloop
  endfacet
  facet normal 0.000000 -0.000000 1.000000
    outer loop
      vertex 27.943325 7.549758 -0.550000
      vertex 28.036500 10.385926 -0.550000
      vertex 26.642619 9.412737 -0.550000
    endloop
  endfacet
  facet normal 0.000000 0.000000 -1.000000
    outer loop
      vertex 27.943325 7.549758 0.550000
      vertex 26.642619 9.412737 0.550000
      vertex 28.036500 10.385926 0.550000
    endloop
  endfacet
  facet normal 0.000000 0.000000 -1.000000
    outer loop
      vertex 27.943325 7.549758 0.550000
      vertex 28.036500 10.385926 0.550000
      vertex 29.337206 8.522946 0.550000
    endloop
  endfacet
  facet normal -0.572464 0.819930 0.000000
    outer loop
      vertex 27.943325 7.549758 -0.550000
      vertex 27.943325 7.549758 0.550000
      vertex 29.337206 8.522946 0.550000
    endloop
  endfacet
  facet normal -0.572464 0.819930 0.000000
    outer loop
      vertex 27.943325 7.549758 -0.550000
      vertex 29.337206 8.522946 0.550000
      vertex 29.337206 8.522946 -0.550000
    endloop
  endfacet
  facet normal -0.819930 -0.572464 0.000000
    outer loop
      vertex 29.337206 8.522946 -0.550000
      vertex 29.337206 8.522946 0.550000
      vertex 28.036500 10.385926 0.550000
    endloop
  endfacet
  facet normal -0.819930 -0.572464 0.000000
    outer loop
      vertex 29.337206 8.522946 -0.550000
      vertex 28.036500 10.385926 0.550000
      vertex 28.036500 10.385926 -0.550000
    endloop
  endfacet
  facet normal 0.572464 -0.819930 0.000000
    outer loop
      vertex 28.036500 10.385926 -0.550000
      vertex 28.036500 10.385926 0.550000
      vertex 26.642619 9.412737 0.550000
    endloop
  endfacet
  facet normal 0.572464 -0.819930 0.000000
    outer loop
      vertex 28.036500 10.385926 -0.550000
      vertex 26.642619 9.412737 0.550000
      vertex 26.642619 9.412737 -0.550000
    endloop
  endfacet
  facet normal 0.819930 0.572464 -0.000000
    outer loop
      vertex 26.642619 9.412737 -0.550000
      vertex 26.642619 9.412737 0.550000
      vertex 27.943325 7.549758 0.550000
    endloop
  endfacet
  facet normal 0.819930 0.572464 0.000000
    outer loop
      vertex 26.642619 9.412737 -0.550000
      vertex 27.943325 7.549758 0.550000
      vertex 27.943325 7.549758 -0.550000
    endloop
  endfacet
  facet normal 0.000000 -0.000000 1.000000
    outer loop
      vertex 26.702969 9.336080 -0.550000
      vertex 27.976150 10.462583 -0.550000
      vertex 26.412148 12.230227 -0.550000
    endloop
  endfacet
  facet normal 0.000000 0.000000 1.000000
    outer loop
      vertex 26.702969 9.336080 -0.550000
      vertex 26.412148 12.230227 -0.550000
      vertex 25.138967 11.103723 -0.550000
    endloop
  endfacet
  facet normal 0.000000 0.000000 -1.000000
    outer loop
      vertex 26.702969 9.336080 0.550000
      vertex 25.138967 11.103723 0.550000
      vertex 26.412148 12.230227 0.550000
    endloop
  endfacet
  facet normal 0.000000 0.000000 -1.000000
    outer loop
      vertex 26.702969 9.336080 0.550000
      vertex 26.412148 12.230227 0.550000
      vertex 27.976150 10.462583 0.550000
    endloop
  endfacet
  facet normal -0.662649 0.748930 0.000000
    outer loop
      vertex 26.702969 9.336080 -0.550000
      vertex 26.702969 9.336080 0.550000
      vertex 27.976150 10.462583 0.550000
    endloop
  endfacet
  facet normal -0.662649 0.748930 0.000000
    outer loop
      vertex 26.702969 9.336080 -0.550000
      vertex 27.976150 10.462583 0.550000
      vertex 27.976150 10.462583 -0.550000
    endloop
  endfacet
  facet normal -0.748930 -0.662649 0.000000
    outer loop
      vertex 27.976150 10.462583 -0.550000
      vertex 27.976150 10.462583 0.550000
      vertex 26.412148 12.230227 0.550000
    endloop
  endfacet
  facet normal -0.748930 -0.662649 0.000000
    outer loop
      vertex 27.976150 10.462583 -0.550000
      vertex 26.412148 12.230227 0.550000
      vertex 26.412148 12.230227 -0.550000
    endloop
  endfacet
  facet normal 0.662649 -0.748930 0.000000
    outer loop
      vertex 26.412148 12.230227 -0.550000
      vertex 26.412148 12.230227 0.550000
      vertex 25.138967 11.103723 0.550000
    endloop
  endfacet
  facet normal 0.662649 -0.748930 0.000000
    outer loop
      vertex 26.412148 12.230227 -0.550000
      vertex 25.138967 11.103723 0.550000
      vertex 25.138967 11.103723 -0.550000
    endloop
  endfacet
  facet normal 0.748930 0.662649 -0.000000
    outer loop
      vertex 25.138967 11.103723 -0.550000
      vertex 25.138967 11.103723 0.550000
      vertex 26.702969 9.336080 0.550000
    endloop
  endfacet
  facet normal 0.748930 0.662649 0.000000
    outer loop
      vertex 25.138967 11.103723 -0.550000
      vertex 26.702969 9.336080 0.550000
      vertex 26.702969 9.336080 -0.550000
    endloop
  endfacet
  facet normal 0.000000 -0.000000 1.000000
    outer loop
      vertex 25.202309 11.039372 -0.550000
      vertex 26.348807 12.294578 -0.550000
      vertex 24.536573 13.949862 -0.550000
    endloop
  endfacet
  facet normal 0.000000 0.000000 1.000000
    outer loop
      vertex 25.202309 11.039372 -0.550000
      vertex 24.536573 13.949862 -0.550000
      vertex 23.390075 12.694656 -0.550000
    endloop
  endfacet
  facet normal 0.000000 0.000000 -1.000000
    outer loop
      vertex 25.202309 11.039372 0.550000
      vertex 23.390075 12.694656 0.550000
      vertex 24.536573 13.949862 0.550000
    endloop
  endfacet
  facet normal 0.000000 0.000000 -1.000000
    outer loop
      vertex 25.202309 11.039372 0.550000
      vertex 24.536573 13.949862 0.550000
      vertex 26.348807 12.294578 0.550000
    endloop
  endfacet
  facet normal -0.738357 0.674411 0.000000
    outer loop
      vertex 25.202309 11.039372 -0.550000
      vertex 25.202309 11.039372 0.550000
      vertex 26.348807 12.294578 0.550000
    endloop
  endfacet
  facet normal -0.738357 0.674411 0.000000
    outer loop
      vertex 25.202309 11.039372 -0.550000
      vertex 26.348807 12.294578 0.550000
      vertex 26.348807 12.294578 -0.550000
    endloop
  endfacet
  facet normal -0.674411 -0.738357 0.000000
    outer loop
      vertex 26.348807 12.294578 -0.550000
      vertex 26.348807 12.294578 0.550000
      vertex 24.536573 13.949862 0.550000
    endloop
  endfacet
  facet normal -0.674411 -0.738357 0.000000
    outer loop
      vertex 26.348807 12.294578 -0.550000
      vertex 24.536573 13.949862 0.550000
      vertex 24.536573 13.949862 -0.550000
    endloop
  endfacet
  facet normal 0.738357 -0.674411 0.000000
    outer loop
      vertex 24.536573 13.949862 -0.550000
      vertex 24.536573 13.949862 0.550000
      vertex 23.390075 12.694656 0.550000
    endloop
  endfacet
  facet normal 0.738357 -0.674411 0.000000
    outer loop
      vertex 24.536573 13.949862 -0.550000
      vertex 23.390075 12.694656 0.550000
      vertex 23.390075 12.694656 -0.550000
    endloop
  endfacet
  facet normal 0.674411 0.738357 -0.000000
    outer loop
      vertex 23.390075 12.694656 -0.550000
      vertex 23.390075 12.694656 0.550000
      vertex 25.202309 11.039372 0.550000
    endloop
  endfacet
  facet normal 0.674411 0.738357 0.000000
    outer loop
      vertex 23.390075 12.694656 -0.550000
      vertex 25.202309 11.039372 0.550000
      vertex 25.202309 11.039372 -0.550000
    endloop
  endfacet
  facet normal 0.000000 -0.000000 1.000000
    outer loop
      vertex 23.454450 12.641416 -0.550000
      vertex 24.472198 14.003102 -0.550000
      vertex 22.429184 15.530086 -0.550000
    endloop
  endfacet
  facet normal 0.000000 0.000000 1.000000
    outer loop
      vertex 23.454450 12.641416 -0.550000
      vertex 22.429184 15.530086 -0.550000
      vertex 21.411436 14.168399 -0.550000
    endloop
  endfacet
  facet normal 0.000000 0.000000 -1.000000
    outer loop
      vertex 23.454450 12.641416 0.550000
      vertex 21.411436 14.168399 0.550000
      vertex 22.429184 15.530086 0.550000
    endloop
  endfacet
  facet normal 0.000000 0.000000 -1.000000
    outer loop
      vertex 23.454450 12.641416 0.550000
      vertex 22.429184 15.530086 0.550000
      vertex 24.472198 14.003102 0.550000
    endloop
  endfacet
  facet normal -0.800992 0.598675 0.000000
    outer loop
      vertex 23.454450 12.641416 -0.550000
      vertex 23.454450 12.641416 0.550000
      vertex 24.472198 14.003102 0.550000
    endloop
  endfacet
  facet normal -0.800992 0.598675 0.000000
    outer loop
      vertex 23.454450 12.641416 -0.550000
      vertex 24.472198 14.003102 0.550000
      vertex 24.472198 14.003102 -0.550000
    endloop
  endfacet
  facet normal -0.598675 -0.800992 0.000000
    outer loop
      vertex 24.472198 14.003102 -0.550000
      vertex 24.472198 14.003102 0.550000
      vertex 22.429184 15.530086 0.550000
    endloop
  endfacet
  facet normal -0.598675 -0.800992 0.000000
    outer loop
      vertex 24.472198 14.003102 -0.550000
      vertex 22.429184 15.530086 0.550000
      vertex 22.429184 15.530086 -0.550000
    endloop
  endfacet
  facet normal 0.800992 -0.598675 0.000000
    outer loop
      vertex 22.429184 15.530086 -0.550000
      vertex 22.429184 15.530086 0.550000
      vertex 21.411436 14.168399 0.550000
    endloop
  endfacet
  facet normal 0.800992 -0.598675 0.000000
    outer loop
      vertex 22.429184 15.530086 -0.550000
      vertex 21.411436 14.168399 0.550000
      vertex 21.411436 14.168399 -0.550000
    endloop
  endfacet
  facet normal 0.598675 0.800992 -0.000000
    outer loop
      vertex 21.411436 14.168399 -0.550000
      vertex 21.411436 14.168399 0.550000
      vertex 23.454450 12.641416 0.550000
    endloop
  endfacet
  facet normal 0.598675 0.800992 0.000000
    outer loop
      vertex 21.411436 14.168399 -0.550000
      vertex 23.454450 12.641416 0.550000
      vertex 23.454450 12.641416 -0.550000
    endloop
  endfacet
  facet normal 0.000000 -0.000000 1.000000
    outer loop
      vertex 21.475567 14.124878 -0.550000
      vertex 22.365053 15.573607 -0.550000
      vertex 20.110935 16.957584 -0.550000
    endloop
  endfacet
  facet normal 0.000000 0.000000 1.000000
    outer loop
      vertex 21.475567 14.124878 -0.550000
      vertex 20.110935 16.957584 -0.550000
      vertex 19.221449 15.508855 -0.550000
    endloop
  endfacet
  facet normal 0.000000 0.000000 -1.000000
    outer loop
      vertex 21.475567 14.124878 0.550000
      vertex 19.221449 15.508855 0.550000
      vertex 20.110935 16.957584 0.550000
    endloop
  endfacet
  facet normal 0.000000 0.000000 -1.000000
    outer loop
      vertex 21.475567 14.124878 0.550000
      vertex 20.110935 16.957584 0.550000
      vertex 22.365053 15.573607 0.550000
    endloop
  endfacet
  facet normal -0.852193 0.523227 0.000000
    outer loop
      vertex 21.475567 14.124878 -0.550000
      vertex 21.475567 14.124878 0.550000
      vertex 22.365053 15.573607 0.550000
    endloop
  endfacet
  facet normal -0.852193 0.523227 0.000000
    outer loop
      vertex 21.475567 14.124878 -0.550000
      vertex 22.365053 15.573607 0.550000
      vertex 22.365053 15.573607 -0.550000
    endloop
  endfacet
  facet normal -0.523227 -0.852193 0.000000
    outer loop
      vertex 22.365053 15.573607 -0.550000
      vertex 22.365053 15.573607 0.550000
      vertex 20.110935 16.957584 0.550000
    endloop
  endfacet
  facet normal -0.523227 -0.852193 0.000000
    outer loop
      vertex 22.365053 15.573607 -0.550000
      vertex 20.110935 16.957584 0.550000
      vertex 20.110935 16.957584 -0.550000
    endloop
  endfacet
  facet normal 0.852193 -0.523227 0.000000
    outer loop
      vertex 20.110935 16.957584 -0.550000
      vertex 20.110935 16.957584 0.550000
      vertex 19.221449 15.508855 0.550000
    endloop
  endfacet
  facet normal 0.852193 -0.523227 0.000000
    outer loop
      vertex 20.110935 16.957584 -0.550000
      vertex 19.221449 15.508855 0.550000
      vertex 19.221449 15.508855 -0.550000
    endloop
  endfacet
  facet normal 0.523227 0.852193 -0.000000
    outer loop
      vertex 19.221449 15.508855 -0.550000
      vertex 19.221449 15.508855 0.550000
      vertex 21.475567 14.124878 0.550000
    endloop
  endfacet
  facet normal 0.523227 0.852193 0.000000
    outer loop
      vertex 19.221449 15.508855 -0.550000
      vertex 21.475567 14.124878 0.550000
      vertex 21.475567 14.124878 -0.550000
    endloop
  endfacet
  facet normal 0.000000 -0.000000 1.000000
    outer loop
      vertex 19.284598 15.473690 -0.550000
      vertex 20.047786 16.992750 -0.550000
      vertex 17.604271 18.220392 -0.550000
    endloop
  endfacet
  facet normal 0.000000 0.000000 1.000000
    outer loop
      vertex 19.284598 15.473690 -0.550000
      vertex 17.604271 18.220392 -0.550000
      vertex 16.841083 16.701332 -0.550000
    endloop
  endfacet
  facet normal 0.000000 0.000000 -1.000000
    outer loop
      vertex 19.284598 15.473690 0.550000
      vertex 16.841083 16.701332 0.550000
      vertex 17.604271 18.220392 0.550000
    endloop
  endfacet
  facet normal 0.000000 0.000000 -1.000000
    outer loop
      vertex 19.284598 15.473690 0.550000
      vertex 17.604271 18.220392 0.550000
      vertex 20.047786 16.992750 0.550000
    endloop
  endfacet
  facet normal -0.893565 0.448934 0.000000
    outer loop
      vertex 19.284598 15.473690 -0.550000
      vertex 19.284598 15.473690 0.550000
      vertex 20.047786 16.992750 0.550000
    endloop
  endfacet
  facet normal -0.893565 0.448934 0.000000
    outer loop
      vertex 19.284598 15.473690 -0.550000
      vertex 20.047786 16.992750 0.550000
      vertex 20.047786 16.992750 -0.550000
    endloop
  endfacet
  facet normal -0.448934 -0.893565 0.000000
    outer loop
      vertex 20.047786 16.992750 -0.550000
      vertex 20.047786 16.992750 0.550000
      vertex 17.604271 18.220392 0.550000
    endloop
  endfacet
  facet normal -0.448934 -0.893565 0.000000
    outer loop
      vertex 20.047786 16.992750 -0.550000
      vertex 17.604271 18.220392 0.550000
      vertex 17.604271 18.220392 -0.550000
    endloop
  endfacet
  facet normal 0.893565 -0.448934 0.000000
    outer loop
      vertex 17.604271 18.220392 -0.550000
      vertex 17.604271 18.220392 0.550000
      vertex 16.841083 16.701332 0.550000
    endloop
  endfacet
  facet normal 0.893565 -0.448934 0.000000
    outer loop
      vertex 17.604271 18.220392 -0.550000
      vertex 16.841083 16.701332 0.550000
      vertex 16.841083 16.701332 -0.550000
    endloop
  endfacet
  facet normal 0.448934 0.893565 -0.000000
    outer loop
      vertex 16.841083 16.701332 -0.550000
      vertex 16.841083 16.701332 0.550000
      vertex 19.284598 15.473690 0.550000
    endloop
  endfacet
  facet normal 0.448934 0.893565 0.000000
    outer loop
      vertex 16.841083 16.701332 -0.550000
      vertex 19.284598 15.473690 0.550000
      vertex 19.284598 15.473690 -0.550000
    endloop
  endfacet
  facet normal 0.000000 -0.000000 1.000000
    outer loop
      vertex 16.902906 16.673305 -0.550000
      vertex 17.542449 18.248419 -0.550000
      vertex 14.933070 19.307904 -0.550000
    endloop
  endfacet
  facet normal 0.000000 0.000000 1.000000
    outer loop
      vertex 16.902906 16.673305 -0.550000
      vertex 14.933070 19.307904 -0.550000
      vertex 14.293527 17.732789 -0.550000
    endloop
  endfacet
  facet normal 0.000000 0.000000 -1.000000
    outer loop
      vertex 16.902906 16.673305 0.550000
      vertex 14.293527 17.732789 0.550000
      vertex 14.933070 19.307904 0.550000
    endloop
  endfacet
  facet normal 0.000000 0.000000 -1.000000
    outer loop
      vertex 16.902906 16.673305 0.550000
      vertex 14.933070 19.307904 0.550000
      vertex 17.542449 18.248419 0.550000
    endloop
  endfacet
  facet normal -0.926538 0.376202 0.000000
    outer loop
      vertex 16.902906 16.673305 -0.550000
      vertex 16.902906 16.673305 0.550000
      vertex 17.542449 18.248419 0.550000
    endloop
  endfacet
  facet normal -0.926538 0.376202 0.000000
    outer loop
      vertex 16.902906 16.673305 -0.550000
      vertex 17.542449 18.248419 0.550000
      vertex 17.542449 18.248419 -0.550000
    endloop
  endfacet
  facet normal -0.376202 -0.926538 0.000000
    outer loop
      vertex 17.542449 18.248419 -0.550000
      vertex 17.542449 18.248419 0.550000
      vertex 14.933070 19.307904 0.550000
    endloop
  endfacet
  facet normal -0.376202 -0.926538 0.000000
    outer loop
      vertex 17.542449 18.248419 -0.550000
      vertex 14.933070 19.307904 0.550000
      vertex 14.933070 19.307904 -0.550000
    endloop
  endfacet
  facet normal 0.926538 -0.376202 0.000000
    outer loop
      vertex 14.933070 19.307904 -0.550000
      vertex 14.933070 19.307904 0.550000
      vertex 14.293527 17.732789 0.550000
    endloop
  endfacet
  facet normal 0.926538 -0.376202 0.000000
    outer loop
      vertex 14.933070 19.307904 -0.550000
      vertex 14.293527 17.732789 0.550000
      vertex 14.293527 17.732789 -0.550000
    endloop
  endfacet
  facet normal 0.376202 0.926538 -0.000000
    outer loop
      vertex 14.293527 17.732789 -0.550000
      vertex 14.293527 17.732789 0.550000
      vertex 16.902906 16.673305 0.550000
    endloop
  endfacet
  facet normal 0.376202 0.926538 0.000000
    outer loop
      vertex 14.293527 17.732789 -0.550000
      vertex 16.902906 16.673305 0.550000
      vertex 16.902906 16.673305 -0.550000
    endloop
  endfacet
  facet normal 0.000000 -0.000000 1.000000
    outer loop
      vertex 14.353949 17.710879 -0.550000
      vertex 14.872649 19.329814 -0.550000
      vertex 12.122536 20.210938 -0.550000
    endloop
  endfacet
  facet normal 0.000000 0.000000 1.000000
    outer loop
      vertex 14.353949 17.710879 -0.550000
      vertex 12.122536 20.210938 -0.550000
      vertex 11.603837 18.592003 -0.550000
    endloop
  endfacet
  facet normal 0.000000 0.000000 -1.000000
    outer loop
      vertex 14.353949 17.710879 0.550000
      vertex 11.603837 18.592003 0.550000
      vertex 12.122536 20.210938 0.550000
    endloop
  endfacet
  facet normal 0.000000 0.000000 -1.000000
    outer loop
      vertex 14.353949 17.710879 0.550000
      vertex 12.122536 20.210938 0.550000
      vertex 14.872649 19.329814 0.550000
    endloop
  endfacet
  facet normal -0.952315 0.305117 0.000000
    outer loop
      vertex 14.353949 17.710879 -0.550000
      vertex 14.353949 17.710879 0.550000
      vertex 14.872649 19.329814 0.550000
    endloop
  endfacet
  facet normal -0.952315 0.305117 0.000000
    outer loop
      vertex 14.353949 17.710879 -0.550000
      vertex 14.872649 19.329814 0.550000
      vertex 14.872649 19.329814 -0.550000
    endloop
  endfacet
  facet normal -0.305117 -0.952315 0.000000
    outer loop
      vertex 14.872649 19.329814 -0.550000
      vertex 14.872649 19.329814 0.550000
      vertex 12.122536 20.210938 0.550000
    endloop
  endfacet
  facet normal -0.305117 -0.952315 0.000000
    outer loop
      vertex 14.872649 19.329814 -0.550000
      vertex 12.122536 20.210938 0.550000
      vertex 12.122536 20.210938 -0.550000
    endloop
  endfacet
  facet normal 0.952315 -0.305117 0.000000
    outer loop
      vertex 12.122536 20.210938 -0.550000
      vertex 12.122536 20.210938 0.550000
      vertex 11.603837 18.592003 0.550000
    endloop
  endfacet
  facet normal 0.952315 -0.305117 0.000000
    outer loop
      vertex 12.122536 20.210938 -0.550000
      vertex 11.603837 18.592003 0.550000
      vertex 11.603837 18.592003 -0.550000
    endloop
  endfacet
  facet normal 0.305117 0.952315 -0.000000
    outer loop
      vertex 11.603837 18.592003 -0.550000
      vertex 11.603837 18.592003 0.550000
      vertex 14.353949 17.710879 0.550000
    endloop
  endfacet
  facet normal 0.305117 0.952315 0.000000
    outer loop
      vertex 11.603837 18.592003 -0.550000
      vertex 14.353949 17.710879 0.550000
      vertex 14.353949 17.710879 -0.550000
    endloop
  endfacet
  facet normal 0.000000 -0.000000 1.000000
    outer loop
      vertex 11.662957 18.575390 -0.550000
      vertex 12.063415 20.227550 -0.550000
      vertex 9.199054 20.921827 -0.550000
    endloop
  endfacet
  facet normal 0.000000 0.000000 1.000000
    outer loop
      vertex 11.662957 18.575390 -0.550000
      vertex 9.199054 20.921827 -0.550000
      vertex 8.798596 19.269667 -0.550000
    endloop
  endfacet
  facet normal 0.000000 0.000000 -1.000000
    outer loop
      vertex 11.662957 18.575390 0.550000
      vertex 8.798596 19.269667 0.550000
      vertex 9.199054 20.921827 0.550000
    endloop
  endfacet
  facet normal 0.000000 0.000000 -1.000000
    outer loop
      vertex 11.662957 18.575390 0.550000
      vertex 9.199054 20.921827 0.550000
      vertex 12.063415 20.227550 0.550000
    endloop
  endfacet
  facet normal -0.971859 0.235564 0.000000
    outer loop
      vertex 11.662957 18.575390 -0.550000
      vertex 11.662957 18.575390 0.550000
      vertex 12.063415 20.227550 0.550000
    endloop
  endfacet
  facet normal -0.971859 0.235564 0.000000
    outer loop
      vertex 11.662957 18.575390 -0.550000
      vertex 12.063415 20.227550 0.550000
      vertex 12.063415 20.227550 -0.550000
    endloop
  endfacet
  facet normal -0.235564 -0.971859 0.000000
    outer loop
      vertex 12.063415 20.227550 -0.550000
      vertex 12.063415 20.227550 0.550000
      vertex 9.199054 20.921827 0.550000
    endloop
  endfacet
  facet normal -0.235564 -0.971859 0.000000
    outer loop
      vertex 12.063415 20.227550 -0.550000
      vertex 9.199054 20.921827 0.550000
      vertex 9.199054 20.921827 -0.550000
    endloop
  endfacet
  facet normal 0.971859 -0.235564 0.000000
    outer loop
      vertex 9.199054 20.921827 -0.550000
      vertex 9.199054 20.921827 0.550000
      vertex 8.798596 19.269667 0.550000
    endloop
  endfacet
  facet normal 0.971859 -0.235564 0.000000
    outer loop
      vertex 9.199054 20.921827 -0.550000
      vertex 8.798596 19.269667 0.550000
      vertex 8.798596 19.269667 -0.550000
    endloop
  endfacet
  facet normal 0.235564 0.971859 -0.000000
    outer loop
      vertex 8.798596 19.269667 -0.550000
      vertex 8.798596 19.269667 0.550000
      vertex 11.662957 18.575390 0.550000
    endloop
  endfacet
  facet normal 0.235564 0.971859 0.000000
    outer loop
      vertex 8.798596 19.269667 -0.550000
      vertex 11.662957 18.575390 0.550000
      vertex 11.662957 18.575390 -0.550000
    endloop
  endfacet
  facet normal 0.000000 -0.000000 1.000000
    outer loop
      vertex 8.856626 19.257726 -0.550000
      vertex 9.141024 20.933768 -0.550000
      vertex 6.189999 21.434512 -0.550000
    endloop
  endfacet
  facet normal 0.000000 0.000000 1.000000
    outer loop
      vertex 8.856626 19.257726 -0.550000
      vertex 6.189999 21.434512 -0.550000
      vertex 5.905601 19.758470 -0.550000
    endloop
  endfacet
  facet normal 0.000000 0.000000 -1.000000
    outer loop
      vertex 8.856626 19.257726 0.550000
      vertex 5.905601 19.758470 0.550000
      vertex 6.189999 21.434512 0.550000
    endloop
  endfacet
  facet normal 0.000000 0.000000 -1.000000
    outer loop
      vertex 8.856626 19.257726 0.550000
      vertex 6.189999 21.434512 0.550000
      vertex 9.141024 20.933768 0.550000
    endloop
  endfacet
  facet normal -0.985907 0.167293 0.000000
    outer loop
      vertex 8.856626 19.257726 -0.550000
      vertex 8.856626 19.257726 0.550000
      vertex 9.141024 20.933768 0.550000
    endloop
  endfacet
  facet normal -0.985907 0.167293 0.000000
    outer loop
      vertex 8.856626 19.257726 -0.550000
      vertex 9.141024 20.933768 0.550000
      vertex 9.141024 20.933768 -0.550000
    endloop
  endfacet
  facet normal -0.167293 -0.985907 0.000000
    outer loop
      vertex 9.141024 20.933768 -0.550000
      vertex 9.141024 20.933768 0.550000
      vertex 6.189999 21.434512 0.550000
    endloop
  endfacet
  facet normal -0.167293 -0.985907 0.000000
    outer loop
      vertex 9.141024 20.933768 -0.550000
      vertex 6.189999 21.434512 0.550000
      vertex 6.189999 21.434512 -0.550000
    endloop
  endfacet
  facet normal 0.985907 -0.167293 0.000000
    outer loop
      vertex 6.189999 21.434512 -0.550000
      vertex 6.189999 21.434512 0.550000
      vertex 5.905601 19.758470 0.550000
    endloop
  endfacet
  facet normal 0.985907 -0.167293 0.000000
    outer loop
      vertex 6.189999 21.434512 -0.550000
      vertex 5.905601 19.758470 0.550000
      vertex 5.905601 19.758470 -0.550000
    endloop
  endfacet
  facet normal 0.167293 0.985907 -0.000000
    outer loop
      vertex 5.905601 19.758470 -0.550000
      vertex 5.905601 19.758470 0.550000
      vertex 8.856626 19.257726 0.550000
    endloop
  endfacet
  facet normal 0.167293 0.985907 0.000000
    outer loop
      vertex 5.905601 19.758470 -0.550000
      vertex 8.856626 19.257726 0.550000
      vertex 8.856626 19.257726 -0.550000
    endloop
  endfacet
  facet normal 0.000000 -0.000000 1.000000
    outer loop
      vertex 5.962815 19.750750 -0.550000
      vertex 6.132785 21.442232 -0.550000
      vertex 3.123516 21.744620 -0.550000
    endloop
  endfacet
  facet normal 0.000000 0.000000 1.000000
    outer loop
      vertex 5.962815 19.750750 -0.550000
      vertex 3.123516 21.744620 -0.550000
      vertex 2.953547 20.053138 -0.550000
    endloop
  endfacet
  facet normal 0.000000 0.000000 -1.000000
    outer loop
      vertex 5.962815 19.750750 0.550000
      vertex 2.953547 20.053138 0.550000
      vertex 3.123516 21.744620 0.550000
    endloop
  endfacet
  facet normal 0.000000 0.000000 -1.000000
    outer loop
      vertex 5.962815 19.750750 0.550000
      vertex 3.123516 21.744620 0.550000
      vertex 6.132785 21.442232 0.550000
    endloop
  endfacet
  facet normal -0.994989 0.099982 0.000000
    outer loop
      vertex 5.962815 19.750750 -0.550000
      vertex 5.962815 19.750750 0.550000
      vertex 6.132785 21.442232 0.550000
    endloop
  endfacet
  facet normal -0.994989 0.099982 0.000000
    outer loop
      vertex 5.962815 19.750750 -0.550000
      vertex 6.132785 21.442232 0.550000
      vertex 6.132785 21.442232 -0.550000
    endloop
  endfacet
  facet normal -0.099982 -0.994989 0.000000
    outer loop
      vertex 6.132785 21.442232 -0.550000
      vertex 6.132785 21.442232 0.550000
      vertex 3.123516 21.744620 0.550000
    endloop
  endfacet
  facet normal -0.099982 -0.994989 0.000000
    outer loop
      vertex 6.132785 21.442232 -0.550000
      vertex 3.123516 21.744620 0.550000
      vertex 3.123516 21.744620 -0.550000
    endloop
  endfacet
  facet normal 0.994989 -0.099982 0.000000
    outer loop
      vertex 3.123516 21.744620 -0.550000
      vertex 3.123516 21.744620 0.550000
      vertex 2.953547 20.053138 0.550000
    endloop
  endfacet
  facet normal 0.994989 -0.099982 0.000000
    outer loop
      vertex 3.123516 21.744620 -0.550000
      vertex 2.953547 20.053138 0.550000
      vertex 2.953547 20.053138 -0.550000
    endloop
  endfacet
  facet normal 0.099982 0.994989 -0.000000
    outer loop
      vertex 2.953547 20.053138 -0.550000
      vertex 2.953547 20.053138 0.550000
      vertex 5.962815 19.750750 0.550000
    endloop
  endfacet
  facet normal 0.099982 0.994989 0.000000
    outer loop
      vertex 2.953547 20.053138 -0.550000
      vertex 5.962815 19.750750 0.550000
      vertex 5.962815 19.750750 -0.550000
    endloop
  endfacet
  facet normal 0.000000 -0.000000 1.000000
    outer loop
      vertex 3.010259 20.049350 -0.550000
      vertex 3.066803 21.748409 -0.550000
      vertex 0.028272 21.849530 -0.550000
    endloop
  endfacet
  facet normal 0.000000 0.000000 1.000000
    outer loop
      vertex 3.010259 20.049350 -0.550000
      vertex 0.028272 21.849530 -0.550000
      vertex -0.028272 20.150470 -0.550000
    endloop
  endfacet
  facet normal 0.000000 0.000000 -1.000000
    outer loop
      vertex 3.010259 20.049350 0.550000
      vertex -0.028272 20.150470 0.550000
      vertex 0.028272 21.849530 0.550000
    endloop
  endfacet
  facet normal 0.000000 0.000000 -1.000000
    outer loop
      vertex 3.010259 20.049350 0.550000
      vertex 0.028272 21.849530 0.550000
      vertex 3.066803 21.748409 0.550000
    endloop
  endfacet
  facet normal -0.999447 0.033261 0.000000
    outer loop
      vertex 3.010259 20.049350 -0.550000
      vertex 3.010259 20.049350 0.550000
      vertex 3.066803 21.748409 0.550000
    endloop
  endfacet
  facet normal -0.999447 0.033261 0.000000
    outer loop
      vertex 3.010259 20.049350 -0.550000
      vertex 3.066803 21.748409 0.550000
      vertex 3.066803 21.748409 -0.550000
    endloop
  endfacet
  facet normal -0.033261 -0.999447 0.000000
    outer loop
      vertex 3.066803 21.748409 -0.550000
      vertex 3.066803 21.748409 0.550000
      vertex 0.028272 21.849530 0.550000
    endloop
  endfacet
  facet normal -0.033261 -0.999447 0.000000
    outer loop
      vertex 3.066803 21.748409 -0.550000
      vertex 0.028272 21.849530 0.550000
      vertex 0.028272 21.849530 -0.550000
    endloop
  endfacet
  facet normal 0.999447 -0.033261 0.000000
    outer loop
      vertex 0.028272 21.849530 -0.550000
      vertex 0.028272 21.849530 0.550000
      vertex -0.028272 20.150470 0.550000
    endloop
  endfacet
  facet normal 0.999447 -0.033261 0.000000
    outer loop
      vertex 0.028272 21.849530 -0.550000
      vertex -0.028272 20.150470 0.550000
      vertex -0.028272 20.150470 -0.550000
    endloop
  endfacet
  facet normal 0.033261 0.999447 -0.000000
    outer loop
      vertex -0.028272 20.150470 -0.550000
      vertex -0.028272 20.150470 0.550000
      vertex 3.010259 20.049350 0.550000
    endloop
  endfacet
  facet normal 0.033261 0.999447 0.000000
    outer loop
      vertex -0.028272 20.150470 -0.550000
      vertex 3.010259 20.049350 0.550000
      vertex 3.010259 20.049350 -0.550000
    endloop
  endfacet
  facet normal 0.000000 0.000000 1.000000
    outer loop
      vertex 0.028272 20.150470 -0.550000
      vertex -0.028272 21.849530 -0.550000
      vertex -3.066803 21.748409 -0.550000
    endloop
  endfacet
  facet normal 0.000000 0.000000 1.000000
    outer loop
      vertex 0.028272 20.150470 -0.550000
      vertex -3.066803 21.748409 -0.550000
      vertex -3.010259 20.049350 -0.550000
    endloop
  endfacet
  facet normal -0.000000 0.000000 -1.000000
    outer loop
      vertex 0.028272 20.150470 0.550000
      vertex -3.010259 20.049350 0.550000
      vertex -3.066803 21.748409 0.550000
    endloop
  endfacet
  facet normal 0.000000 0.000000 -1.000000
    outer loop
      vertex 0.028272 20.150470 0.550000
      vertex -3.066803 21.748409 0.550000
      vertex -0.028272 21.849530 0.550000
    endloop
  endfacet
  facet normal -0.999447 -0.033261 0.000000
    outer loop
      vertex 0.028272 20.150470 -0.550000
      vertex 0.028272 20.150470 0.550000
      vertex -0.028272 21.849530 0.550000
    endloop
  endfacet
  facet normal -0.999447 -0.033261 0.000000
    outer loop
      vertex 0.028272 20.150470 -0.550000
      vertex -0.028272 21.849530 0.550000
      vertex -0.028272 21.849530 -0.550000
    endloop
  endfacet
  facet normal 0.033261 -0.999447 0.000000
    outer loop
      vertex -0.028272 21.849530 -0.550000
      vertex -0.028272 21.849530 0.550000
      vertex -3.066803 21.748409 0.550000
    endloop
  endfacet
  facet normal 0.033261 -0.999447 0.000000
    outer loop
      vertex -0.028272 21.849530 -0.550000
      vertex -3.066803 21.748409 0.550000
      vertex -3.066803 21.748409 -0.550000
    endloop
  endfacet
  facet normal 0.999447 0.033261 -0.000000
    outer loop
      vertex -3.066803 21.748409 -0.550000
      vertex -3.066803 21.748409 0.550000
      vertex -3.010259 20.049350 0.550000
    endloop
  endfacet
  facet normal 0.999447 0.033261 0.000000
    outer loop
      vertex -3.066803 21.748409 -0.550000
      vertex -3.010259 20.049350 0.550000
      vertex -3.010259 20.049350 -0.550000
    endloop
  endfacet
  facet normal -0.033261 0.999447 0.000000
    outer loop
      vertex -3.010259 20.049350 -0.550000
      vertex -3.010259 20.049350 0.550000
      vertex 0.028272 20.150470 0.550000
    endloop
  endfacet
  facet normal -0.033261 0.999447 0.000000
    outer loop
      vertex -3.010259 20.049350 -0.550000
      vertex 0.028272 20.150470 0.550000
      vertex 0.028272 20.150470 -0.550000
    endloop
  endfacet
  facet normal 0.000000 0.000000 1.000000
    outer loop
      vertex -2.953547 20.053138 -0.550000
      vertex -3.123516 21.744620 -0.550000
      vertex -6.132785 21.442232 -0.550000
    endloop
  endfacet
  facet normal 0.000000 0.000000 1.000000
    outer loop
      vertex -2.953547 20.053138 -0.550000
      vertex -6.132785 21.442232 -0.550000
      vertex -5.962815 19.750750 -0.550000
    endloop
  endfacet
  facet normal -0.000000 0.000000 -1.000000
    outer loop
      vertex -2.953547 20.053138 0.550000
      vertex -5.962815 19.750750 0.550000
      vertex -6.132785 21.442232 0.550000
    endloop
  endfacet
  facet normal 0.000000 0.000000 -1.000000
    outer loop
      vertex -2.953547 20.053138 0.550000
      vertex -6.132785 21.442232 0.550000
      vertex -3.123516 21.744620 0.550000
    endloop
  endfacet
  facet normal -0.994989 -0.099982 0.000000
    outer loop
      vertex -2.953547 20.053138 -0.550000
      vertex -2.953547 20.053138 0.550000
      vertex -3.123516 21.744620 0.550000
    endloop
  endfacet
  facet normal -0.994989 -0.099982 0.000000
    outer loop
      vertex -2.953547 20.053138 -0.550000
      vertex -3.123516 21.744620 0.550000
      vertex -3.123516 21.744620 -0.550000
    endloop
  endfacet
  facet normal 0.099982 -0.994989 0.000000
    outer loop
      vertex -3.123516 21.744620 -0.550000
      vertex -3.123516 21.744620 0.550000
      vertex -6.132785 21.442232 0.550000
    endloop
  endfacet
  facet normal 0.099982 -0.994989 0.000000
    outer loop
      vertex -3.123516 21.744620 -0.550000
      vertex -6.132785 21.442232 0.550000
      vertex -6.132785 21.442232 -0.550000
    endloop
  endfacet
  facet normal 0.994989 0.099982 -0.000000
    outer loop
      vertex -6.132785 21.442232 -0.550000
      vertex -6.132785 21.442232 0.550000
      vertex -5.962815 19.750750 0.550000
    endloop
  endfacet
  facet normal 0.994989 0.099982 0.000000
    outer loop
      vertex -6.132785 21.442232 -0.550000
      vertex -5.962815 19.750750 0.550000
      vertex -5.962815 19.750750 -0.550000
    endloop
  endfacet
  facet normal -0.099982 0.994989 0.000000
    outer loop
      vertex -5.962815 19.750750 -0.550000
      vertex -5.962815 19.750750 0.550000
      vertex -2.953547 20.053138 0.550000
    endloop
  endfacet
  facet normal -0.099982 0.994989 0.000000
    outer loop
      vertex -5.962815 19.750750 -0.550000
      vertex -2.953547 20.053138 0.550000
      vertex -2.953547 20.053138 -0.550000
    endloop
  endfacet
  facet normal 0.000000 0.000000 1.000000
    outer loop
      vertex -5.905601 19.758470 -0.550000
      vertex -6.189999 21.434512 -0.550000
      vertex -9.141024 20.933768 -0.550000
    endloop
  endfacet
  facet normal 0.000000 0.000000 1.000000
    outer loop
      vertex -5.905601 19.758470 -0.550000
      vertex -9.141024 20.933768 -0.550000
      vertex -8.856626 19.257726 -0.550000
    endloop
  endfacet
  facet normal -0.000000 0.000000 -1.000000
    outer loop
      vertex -5.905601 19.758470 0.550000
      vertex -8.856626 19.257726 0.550000
      vertex -9.141024 20.933768 0.550000
    endloop
  endfacet
  facet normal 0.000000 0.000000 -1.000000
    outer loop
      vertex -5.905601 19.758470 0.550000
      vertex -9.141024 20.933768 0.550000
      vertex -6.189999 21.434512 0.550000
    endloop
  endfacet
  facet normal -0.985907 -0.167293 0.000000
    outer loop
      vertex -5.905601 19.758470 -0.550000
      vertex -5.905601 19.758470 0.550000
      vertex -6.189999 21.434512 0.550000
    endloop
  endfacet
  facet normal -0.985907 -0.167293 0.000000
    outer loop
      vertex -5.905601 19.758470 -0.550000
      vertex -6.189999 21.434512 0.550000
      vertex -6.189999 21.434512 -0.550000
    endloop
  endfacet
  facet normal 0.167293 -0.985907 0.000000
    outer loop
      vertex -6.189999 21.434512 -0.550000
      vertex -6.189999 21.434512 0.550000
      vertex -9.141024 20.933768 0.550000
    endloop
  endfacet
  facet normal 0.167293 -0.985907 0.000000
    outer loop
      vertex -6.189999 21.434512 -0.550000
      vertex -9.141024 20.933768 0.550000
      vertex -9.141024 20.933768 -0.550000
    endloop
  endfacet
  facet normal 0.985907 0.167293 -0.000000
    outer loop
      vertex -9.141024 20.933768 -0.550000
      vertex -9.141024 20.933768 0.550000
      vertex -8.856626 19.257726 0.550000
    endloop
  endfacet
  facet normal 0.985907 0.167293 0.000000
    outer loop
      vertex -9.141024 20.933768 -0.550000
      vertex -8.856626 19.257726 0.550000
      vertex -8.856626 19.257726 -0.550000
    endloop
  endfacet
  facet normal -0.167293 0.985907 0.000000
    outer loop
      vertex -8.856626 19.257726 -0.550000
      vertex -8.856626 19.257726 0.550000
      vertex -5.905601 19.758470 0.550000
    endloop
  endfacet
  facet normal -0.167293 0.985907 0.000000
    outer loop
      vertex -8.856626 19.257726 -0.550000
      vertex -5.905601 19.758470 0.550000
      vertex -5.905601 19.758470 -0.550000
    endloop
  endfacet
  facet normal 0.000000 0.000000 1.000000
    outer loop
      vertex -8.798596 19.269667 -0.550000
      vertex -9.199054 20.921827 -0.550000
      vertex -12.063415 20.227550 -0.550000
    endloop
  endfacet
  facet normal 0.000000 0.000000 1.000000
    outer loop
      vertex -8.798596 19.269667 -0.550000
      vertex -12.063415 20.227550 -0.550000
      vertex -11.662957 18.575390 -0.550000
    endloop
  endfacet
  facet normal -0.000000 0.000000 -1.000000
    outer loop
      vertex -8.798596 19.269667 0.550000
      vertex -11.662957 18.575390 0.550000
      vertex -12.063415 20.227550 0.550000
    endloop
  endfacet
  facet normal 0.000000 0.000000 -1.000000
    outer loop
      vertex -8.798596 19.269667 0.550000
      vertex -12.063415 20.227550 0.550000
      vertex -9.199054 20.921827 0.550000
    endloop
  endfacet
  facet normal -0.971859 -0.235564 0.000000
    outer loop
      vertex -8.798596 19.269667 -0.550000
      vertex -8.798596 19.269667 0.550000
      vertex -9.199054 20.921827 0.550000
    endloop
  endfacet
  facet normal -0.971859 -0.235564 0.000000
    outer loop
      vertex -8.798596 19.269667 -0.550000
      vertex -9.199054 20.921827 0.550000
      vertex -9.199054 20.921827 -0.550000
    endloop
  endfacet
  facet normal 0.235564 -0.971859 0.000000
    outer loop
      vertex -9.199054 20.921827 -0.550000
      vertex -9.199054 20.921827 0.550000
      vertex -12.063415 20.227550 0.550000
    endloop
  endfacet
  facet normal 0.235564 -0.971859 0.000000
    outer loop
      vertex -9.199054 20.921827 -0.550000
      vertex -12.063415 20.227550 0.550000
      vertex -12.063415 20.227550 -0.550000
    endloop
  endfacet
  facet normal 0.971859 0.235564 -0.000000
    outer loop
      vertex -12.063415 20.227550 -0.550000
      vertex -12.063415 20.227550 0.550000
      vertex -11.662957 18.575390 0.550000
    endloop
  endfacet
  facet normal 0.971859 0.235564 0.000000
    outer loop
      vertex -12.063415 20.227550 -0.550000
      vertex -11.662957 18.575390 0.550000
      vertex -11.662957 18.575390 -0.550000
    endloop
  endfacet
  facet normal -0.235564 0.971859 0.000000
    outer loop
      vertex -11.662957 18.575390 -0.550000
      vertex -11.662957 18.575390 0.550000
      vertex -8.798596 19.269667 0.550000
    endloop
  endfacet
  facet normal -0.235564 0.971859 0.000000
    outer loop
      vertex -11.662957 18.575390 -0.550000
      vertex -8.798596 19.269667 0.550000
      vertex -8.798596 19.269667 -0.550000
    endloop
  endfacet
  facet normal 0.000000 0.000000 1.000000
    outer loop
      vertex -11.603837 18.592003 -0.550000
      vertex -12.122536 20.210938 -0.550000
      vertex -14.872649 19.329814 -0.550000
    endloop
  endfacet
  facet normal 0.000000 0.000000 1.000000
    outer loop
      vertex -11.603837 18.592003 -0.550000
      vertex -14.872649 19.329814 -0.550000
      vertex -14.353949 17.710879 -0.550000
    endloop
  endfacet
  facet normal -0.000000 0.000000 -1.000000
    outer loop
      vertex -11.603837 18.592003 0.550000
      vertex -14.353949 17.710879 0.550000
      vertex -14.872649 19.329814 0.550000
    endloop
  endfacet
  facet normal 0.000000 0.000000 -1.000000
    outer loop
      vertex -11.603837 18.592003 0.550000
      vertex -14.872649 19.329814 0.550000
      vertex -12.122536 20.210938 0.550000
    endloop
  endfacet
  facet normal -0.952315 -0.305117 0.000000
    outer loop
      vertex -11.603837 18.592003 -0.550000
      vertex -11.603837 18.592003 0.550000
      vertex -12.122536 20.210938 0.550000
    endloop
  endfacet
  facet normal -0.952315 -0.305117 0.000000
    outer loop
      vertex -11.603837 18.592003 -0.550000
      vertex -12.122536 20.210938 0.550000
      vertex -12.122536 20.210938 -0.550000
    endloop
  endfacet
  facet normal 0.305117 -0.952315 0.000000
    outer loop
      vertex -12.122536 20.210938 -0.550000
      vertex -12.122536 20.210938 0.550000
      vertex -14.872649 19.329814 0.550000
    endloop
  endfacet
  facet normal 0.305117 -0.952315 0.000000
    outer loop
      vertex -12.122536 20.210938 -0.550000
      vertex -14.872649 19.329814 0.550000
      vertex -14.872649 19.329814 -0.550000
    endloop
  endfacet
  facet normal 0.952315 0.305117 -0.000000
    outer loop
      vertex -14.872649 19.329814 -0.550000
      vertex -14.872649 19.329814 0.550000
      vertex -14.353949 17.710879 0.550000
    endloop
  endfacet
  facet normal 0.952315 0.305117 0.000000
    outer loop
      vertex -14.872649 19.329814 -0.550000
      vertex -14.353949 17.710879 0.550000
      vertex -14.353949 17.710879 -0.550000
    endloop
  endfacet
  facet normal -0.305117 0.952315 0.000000
    outer loop
      vertex -14.353949 17.710879 -0.550000
      vertex -14.353949 17.710879 0.550000
      vertex -11.603837 18.592003 0.550000
    endloop
  endfacet
  facet normal -0.305117 0.952315 0.000000
    outer loop
      vertex -14.353949 17.710879 -0.550000
      vertex -11.603837 18.592003 0.550000
      vertex -11.603837 18.592003 -0.550000
    endloop
  endfacet
  facet normal 0.000000 0.000000 1.000000
    outer loop
      vertex -14.293527 17.732789 -0.550000
      vertex -14.933070 19.307904 -0.550000
      vertex -17.542449 18.248419 -0.550000
    endloop
  endfacet
  facet normal 0.000000 0.000000 1.000000
    outer loop
      vertex -14.293527 17.732789 -0.550000
      vertex -17.542449 18.248419 -0.550000
      vertex -16.902906 16.673305 -0.550000
    endloop
  endfacet
  facet normal -0.000000 0.000000 -1.000000
    outer loop
      vertex -14.293527 17.732789 0.550000
      vertex -16.902906 16.673305 0.550000
      vertex -17.542449 18.248419 0.550000
    endloop
  endfacet
  facet normal 0.000000 0.000000 -1.000000
    outer loop
      vertex -14.293527 17.732789 0.550000
      vertex -17.542449 18.248419 0.550000
      vertex -14.933070 19.307904 0.550000
    endloop
  endfacet
  facet normal -0.926538 -0.376202 0.000000
    outer loop
      vertex -14.293527 17.732789 -0.550000
      vertex -14.293527 17.732789 0.550000
      vertex -14.933070 19.307904 0.550000
    endloop
  endfacet
  facet normal -0.926538 -0.376202 0.000000
    outer loop
      vertex -14.293527 17.732789 -0.550000
      vertex -14.933070 19.307904 0.550000
      vertex -14.933070 19.307904 -0.550000
    endloop
  endfacet
  facet normal 0.376202 -0.926538 0.000000
    outer loop
      vertex -14.933070 19.307904 -0.550000
      vertex -14.933070 19.307904 0.550000
      vertex -17.542449 18.248419 0.550000
    endloop
  endfacet
  facet normal 0.376202 -0.926538 0.000000
    outer loop
      vertex -14.933070 19.307904 -0.550000
      vertex -17.542449 18.248419 0.550000
      vertex -17.542449 18.248419 -0.550000
    endloop
  endfacet
  facet normal 0.926538 0.376202 -0.000000
    outer loop
      vertex -17.542449 18.248419 -0.550000
      vertex -17.542449 18.248419 0.550000
      vertex -16.902906 16.673305 0.550000
    endloop
  endfacet
  facet normal 0.926538 0.376202 0.000000
    outer loop
      vertex -17.542449 18.248419 -0.550000
      vertex -16.902906 16.673305 0.550000
      vertex -16.902906 16.673305 -0.550000
    endloop
  endfacet
  facet normal -0.376202 0.926538 0.000000
    outer loop
      vertex -16.902906 16.673305 -0.550000
      vertex -16.902906 16.673305 0.550000
      vertex -14.293527 17.732789 0.550000
    endloop
  endfacet
  facet normal -0.376202 0.926538 0.000000
    outer loop
      vertex -16.902906 16.673305 -0.550000
      vertex -14.293527 17.732789 0.550000
      vertex -14.293527 17.732789 -0.550000
    endloop
  endfacet
  facet normal 0.000000 0.000000 1.000000
    outer loop
      vertex -16.841083 16.701332 -0.550000
      vertex -17.604271 18.220392 -0.550000
      vertex -20.047786 16.992750 -0.550000
    endloop
  endfacet
  facet normal 0.000000 0.000000 1.000000
    outer loop
      vertex -16.841083 16.701332 -0.550000
      vertex -20.047786 16.992750 -0.550000
      vertex -19.284598 15.473690 -0.550000
    endloop
  endfacet
  facet normal -0.000000 0.000000 -1.000000
    outer loop
      vertex -16.841083 16.701332 0.550000
      vertex -19.284598 15.473690 0.550000
      vertex -20.047786 16.992750 0.550000
    endloop
  endfacet
  facet normal 0.000000 0.000000 -1.000000
    outer loop
      vertex -16.841083 16.701332 0.550000
      vertex -20.047786 16.992750 0.550000
      vertex -17.604271 18.220392 0.550000
    endloop
  endfacet
  facet normal -0.893565 -0.448934 0.000000
    outer loop
      vertex -16.841083 16.701332 -0.550000
      vertex -16.841083 16.701332 0.550000
      vertex -17.604271 18.220392 0.550000
    endloop
  endfacet
  facet normal -0.893565 -0.448934 0.000000
    outer loop
      vertex -16.841083 16.701332 -0.550000
      vertex -17.604271 18.220392 0.550000
      vertex -17.604271 18.220392 -0.550000
    endloop
  endfacet
  facet normal 0.448934 -0.893565 0.000000
    outer loop
      vertex -17.604271 18.220392 -0.550000
      vertex -17.604271 18.220392 0.550000
      vertex -20.047786 16.992750 0.550000
    endloop
  endfacet
  facet normal 0.448934 -0.893565 0.000000
    outer loop
      vertex -17.604271 18.220392 -0.550000
      vertex -20.047786 16.992750 0.550000
      vertex -20.047786 16.992750 -0.550000
    endloop
  endfacet
  facet normal 0.893565 0.448934 -0.000000
    outer loop
      vertex -20.047786 16.992750 -0.550000
      vertex -20.047786 16.992750 0.550000
      vertex -19.284598 15.473690 0.550000
    endloop
  endfacet
  facet normal 0.893565 0.448934 0.000000
    outer loop
      vertex -20.047786 16.992750 -0.550000
      vertex -19.284598 15.473690 0.550000
      vertex -19.284598 15.473690 -0.550000
    endloop
  endfacet
  facet normal -0.448934 0.893565 0.000000
    outer loop
      vertex -19.284598 15.473690 -0.550000
      vertex -19.284598 15.473690 0.550000
      vertex -16.841083 16.701332 0.550000
    endloop
  endfacet
  facet normal -0.448934 0.893565 0.000000
    outer loop
      vertex -19.284598 15.473690 -0.550000
      vertex -16.841083 16.701332 0.550000
      vertex -16.841083 16.701332 -0.550000
    endloop
  endfacet
  facet normal 0.000000 0.000000 1.000000
    outer loop
      vertex -19.221449 15.508855 -0.550000
      vertex -20.110935 16.957584 -0.550000
      vertex -22.365053 15.573607 -0.550000
    endloop
  endfacet
  facet normal 0.000000 0.000000 1.000000
    outer loop
      vertex -19.221449 15.508855 -0.550000
      vertex -22.365053 15.573607 -0.550000
      vertex -21.475567 14.124878 -0.550000
    endloop
  endfacet
  facet normal -0.000000 0.000000 -1.000000
    outer loop
      vertex -19.221449 15.508855 0.550000
      vertex -21.475567 14.124878 0.550000
      vertex -22.365053 15.573607 0.550000
    endloop
  endfacet
  facet normal 0.000000 0.000000 -1.000000
    outer loop
      vertex -19.221449 15.508855 0.550000
      vertex -22.365053 15.573607 0.550000
      vertex -20.110935 16.957584 0.550000
    endloop
  endfacet
  facet normal -0.852193 -0.523227 0.000000
    outer loop
      vertex -19.221449 15.508855 -0.550000
      vertex -19.221449 15.508855 0.550000
      vertex -20.110935 16.957584 0.550000
    endloop
  endfacet
  facet normal -0.852193 -0.523227 0.000000
    outer loop
      vertex -19.221449 15.508855 -0.550000
      vertex -20.110935 16.957584 0.550000
      vertex -20.110935 16.957584 -0.550000
    endloop
  endfacet
  facet normal 0.523227 -0.852193 0.000000
    outer loop
      vertex -20.110935 16.957584 -0.550000
      vertex -20.110935 16.957584 0.550000
      vertex -22.365053 15.573607 0.550000
    endloop
  endfacet
  facet normal 0.523227 -0.852193 0.000000
    outer loop
      vertex -20.110935 16.957584 -0.550000
      vertex -22.365053 15.573607 0.550000
      vertex -22.365053 15.573607 -0.550000
    endloop
  endfacet
  facet normal 0.852193 0.523227 -0.000000
    outer loop
      vertex -22.365053 15.573607 -0.550000
      vertex -22.365053 15.573607 0.550000
      vertex -21.475567 14.124878 0.550000
    endloop
  endfacet
  facet normal 0.852193 0.523227 0.000000
    outer loop
      vertex -22.365053 15.573607 -0.550000
      vertex -21.475567 14.124878 0.550000
      vertex -21.475567 14.124878 -0.550000
    endloop
  endfacet
  facet normal -0.523227 0.852193 0.000000
    outer loop
      vertex -21.475567 14.124878 -0.550000
      vertex -21.475567 14.124878 0.550000
      vertex -19.221449 15.508855 0.550000
    endloop
  endfacet
  facet normal -0.523227 0.852193 0.000000
    outer loop
      vertex -21.475567 14.124878 -0.550000
      vertex -19.221449 15.508855 0.550000
      vertex -19.221449 15.508855 -0.550000
    endloop
  endfacet
  facet normal 0.000000 0.000000 1.000000
    outer loop
      vertex -21.411436 14.168399 -0.550000
      vertex -22.429184 15.530086 -0.550000
      vertex -24.472198 14.003102 -0.550000
    endloop
  endfacet
  facet normal 0.000000 0.000000 1.000000
    outer loop
      vertex -21.411436 14.168399 -0.550000
      vertex -24.472198 14.003102 -0.550000
      vertex -23.454450 12.641416 -0.550000
    endloop
  endfacet
  facet normal 0.000000 0.000000 -1.000000
    outer loop
      vertex -21.411436 14.168399 0.550000
      vertex -23.454450 12.641416 0.550000
      vertex -24.472198 14.003102 0.550000
    endloop
  endfacet
  facet normal -0.000000 0.000000 -1.000000
    outer loop
      vertex -21.411436 14.168399 0.550000
      vertex -24.472198 14.003102 0.550000
      vertex -22.429184 15.530086 0.550000
    endloop
  endfacet
  facet normal -0.800992 -0.598675 0.000000
    outer loop
      vertex -21.411436 14.168399 -0.550000
      vertex -21.411436 14.168399 0.550000
      vertex -22.429184 15.530086 0.550000
    endloop
  endfacet
  facet normal -0.800992 -0.598675 0.000000
    outer loop
      vertex -21.411436 14.168399 -0.550000
      vertex -22.429184 15.530086 0.550000
      vertex -22.429184 15.530086 -0.550000
    endloop
  endfacet
  facet normal 0.598675 -0.800992 0.000000
    outer loop
      vertex -22.429184 15.530086 -0.550000
      vertex -22.429184 15.530086 0.550000
      vertex -24.472198 14.003102 0.550000
    endloop
  endfacet
  facet normal 0.598675 -0.800992 0.000000
    outer loop
      vertex -22.429184 15.530086 -0.550000
      vertex -24.472198 14.003102 0.550000
      vertex -24.472198 14.003102 -0.550000
    endloop
  endfacet
  facet normal 0.800992 0.598675 -0.000000
    outer loop
      vertex -24.472198 14.003102 -0.550000
      vertex -24.472198 14.003102 0.550000
      vertex -23.454450 12.641416 0.550000
    endloop
  endfacet
  facet normal 0.800992 0.598675 0.000000
    outer loop
      vertex -24.472198 14.003102 -0.550000
      vertex -23.454450 12.641416 0.550000
      vertex -23.454450 12.641416 -0.550000
    endloop
  endfacet
  facet normal -0.598675 0.800992 0.000000
    outer loop
      vertex -23.454450 12.641416 -0.550000
      vertex -23.454450 12.641416 0.550000
      vertex -21.411436 14.168399 0.550000
    endloop
  endfacet
  facet normal -0.598675 0.800992 0.000000
    outer loop
      vertex -23.454450 12.641416 -0.550000
      vertex -21.411436 14.168399 0.550000
      vertex -21.411436 14.168399 -0.550000
    endloop
  endfacet
  facet normal 0.000000 0.000000 1.000000
    outer loop
      vertex -23.390075 12.694656 -0.550000
      vertex -24.536573 13.949862 -0.550000
      vertex -26.348807 12.294578 -0.550000
    endloop
  endfacet
  facet normal 0.000000 0.000000 1.000000
    outer loop
      vertex -23.390075 12.694656 -0.550000
      vertex -26.348807 12.294578 -0.550000
      vertex -25.202309 11.039372 -0.550000
    endloop
  endfacet
  facet normal 0.000000 0.000000 -1.000000
    outer loop
      vertex -23.390075 12.694656 0.550000
      vertex -25.202309 11.039372 0.550000
      vertex -26.348807 12.294578 0.550000
    endloop
  endfacet
  facet normal -0.000000 0.000000 -1.000000
    outer loop
      vertex -23.390075 12.694656 0.550000
      vertex -26.348807 12.294578 0.550000
      vertex -24.536573 13.949862 0.550000
    endloop
  endfacet
  facet normal -0.738357 -0.674411 0.000000
    outer loop
      vertex -23.390075 12.694656 -0.550000
      vertex -23.390075 12.694656 0.550000
      vertex -24.536573 13.949862 0.550000
    endloop
  endfacet
  facet normal -0.738357 -0.674411 0.000000
    outer loop
      vertex -23.390075 12.694656 -0.550000
      vertex -24.536573 13.949862 0.550000
      vertex -24.536573 13.949862 -0.550000
    endloop
  endfacet
  facet normal 0.674411 -0.738357 0.000000
    outer loop
      vertex -24.536573 13.949862 -0.550000
      vertex -24.536573 13.949862 0.550000
      vertex -26.348807 12.294578 0.550000
    endloop
  endfacet
  facet normal 0.674411 -0.738357 0.000000
    outer loop
      vertex -24.536573 13.949862 -0.550000
      vertex -26.348807 12.294578 0.550000
      vertex -26.348807 12.294578 -0.550000
    endloop
  endfacet
  facet normal 0.738357 0.674411 -0.000000
    outer loop
      vertex -26.348807 12.294578 -0.550000
      vertex -26.348807 12.294578 0.550000
      vertex -25.202309 11.039372 0.550000
    endloop
  endfacet
  facet normal 0.738357 0.674411 0.000000
    outer loop
      vertex -26.348807 12.294578 -0.550000
      vertex -25.202309 11.039372 0.550000
      vertex -25.202309 11.039372 -0.550000
    endloop
  endfacet
  facet normal -0.674411 0.738357 0.000000
    outer loop
      vertex -25.202309 11.039372 -0.550000
      vertex -25.202309 11.039372 0.550000
      vertex -23.390075 12.694656 0.550000
    endloop
  endfacet
  facet normal -0.674411 0.738357 0.000000
    outer loop
      vertex -25.202309 11.039372 -0.550000
      vertex -23.390075 12.694656 0.550000
      vertex -23.390075 12.694656 -0.550000
    endloop
  endfacet
  facet normal 0.000000 0.000000 1.000000
    outer loop
      vertex -25.138967 11.103723 -0.550000
      vertex -26.412148 12.230227 -0.550000
      vertex -27.976150 10.462583 -0.550000
    endloop
  endfacet
  facet normal 0.000000 0.000000 1.000000
    outer loop
      vertex -25.138967 11.103723 -0.550000
      vertex -27.976150 10.462583 -0.550000
      vertex -26.702969 9.336080 -0.550000
    endloop
  endfacet
  facet normal 0.000000 0.000000 -1.000000
    outer loop
      vertex -25.138967 11.103723 0.550000
      vertex -26.702969 9.336080 0.550000
      vertex -27.976150 10.462583 0.550000
    endloop
  endfacet
  facet normal -0.000000 0.000000 -1.000000
    outer loop
      vertex -25.138967 11.103723 0.550000
      vertex -27.976150 10.462583 0.550000
      vertex -26.412148 12.230227 0.550000
    endloop
  endfacet
  facet normal -0.662649 -0.748930 0.000000
    outer loop
      vertex -25.138967 11.103723 -0.550000
      vertex -25.138967 11.103723 0.550000
      vertex -26.412148 12.230227 0.550000
    endloop
  endfacet
  facet normal -0.662649 -0.748930 0.000000
    outer loop
      vertex -25.138967 11.103723 -0.550000
      vertex -26.412148 12.230227 0.550000
      vertex -26.412148 12.230227 -0.550000
    endloop
  endfacet
  facet normal 0.748930 -0.662649 0.000000
    outer loop
      vertex -26.412148 12.230227 -0.550000
      vertex -26.412148 12.230227 0.550000
      vertex -27.976150 10.462583 0.550000
    endloop
  endfacet
  facet normal 0.748930 -0.662649 0.000000
    outer loop
      vertex -26.412148 12.230227 -0.550000
      vertex -27.976150 10.462583 0.550000
      vertex -27.976150 10.462583 -0.550000
    endloop
  endfacet
  facet normal 0.662649 0.748930 -0.000000
    outer loop
      vertex -27.976150 10.462583 -0.550000
      vertex -27.976150 10.462583 0.550000
      vertex -26.702969 9.336080 0.550000
    endloop
  endfacet
  facet normal 0.662649 0.748930 0.000000
    outer loop
      vertex -27.976150 10.462583 -0.550000
      vertex -26.702969 9.336080 0.550000
      vertex -26.702969 9.336080 -0.550000
    endloop
  endfacet
  facet normal -0.748930 0.662649 0.000000
    outer loop
      vertex -26.702969 9.336080 -0.550000
      vertex -26.702969 9.336080 0.550000
      vertex -25.138967 11.103723 0.550000
    endloop
  endfacet
  facet normal -0.748930 0.662649 0.000000
    outer loop
      vertex -26.702969 9.336080 -0.550000
      vertex -25.138967 11.103723 0.550000
      vertex -25.138967 11.103723 -0.550000
    endloop
  endfacet
  facet normal 0.000000 0.000000 1.000000
    outer loop
      vertex -26.642619 9.412737 -0.550000
      vertex -28.036500 10.385926 -0.550000
      vertex -29.337206 8.522946 -0.550000
    endloop
  endfacet
  facet normal 0.000000 0.000000 1.000000
    outer loop
      vertex -26.642619 9.412737 -0.550000
      vertex -29.337206 8.522946 -0.550000
      vertex -27.943325 7.549758 -0.550000
    endloop
  endfacet
  facet normal 0.000000 0.000000 -1.000000
    outer loop
      vertex -26.642619 9.412737 0.550000
      vertex -27.943325 7.549758 0.550000
      vertex -29.337206 8.522946 0.550000
    endloop
  endfacet
  facet normal -0.000000 0.000000 -1.000000
    outer loop
      vertex -26.642619 9.412737 0.550000
      vertex -29.337206 8.522946 0.550000
      vertex -28.036500 10.385926 0.550000
    endloop
  endfacet
  facet normal -0.572464 -0.819930 0.000000
    outer loop
      vertex -26.642619 9.412737 -0.550000
      vertex -26.642619 9.412737 0.550000
      vertex -28.036500 10.385926 0.550000
    endloop
  endfacet
  facet normal -0.572464 -0.819930 0.000000
    outer loop
      vertex -26.642619 9.412737 -0.550000
      vertex -28.036500 10.385926 0.550000
      vertex -28.036500 10.385926 -0.550000
    endloop
  endfacet
  facet normal 0.819930 -0.572464 0.000000
    outer loop
      vertex -28.036500 10.385926 -0.550000
      vertex -28.036500 10.385926 0.550000
      vertex -29.337206 8.522946 0.550000
    endloop
  endfacet
  facet normal 0.819930 -0.572464 0.000000
    outer loop
      vertex -28.036500 10.385926 -0.550000
      vertex -29.337206 8.522946 0.550000
      vertex -29.337206 8.522946 -0.550000
    endloop
  endfacet
  facet normal 0.572464 0.819930 -0.000000
    outer loop
      vertex -29.337206 8.522946 -0.550000
      vertex -29.337206 8.522946 0.550000
      vertex -27.943325 7.549758 0.550000
    endloop
  endfacet
  facet normal 0.572464 0.819930 0.000000
    outer loop
      vertex -29.337206 8.522946 -0.550000
      vertex -27.943325 7.549758 0.550000
      vertex -27.943325 7.549758 -0.550000
    endloop
  endfacet
  facet normal -0.819930 0.572464 0.000000
    outer loop
      vertex -27.943325 7.549758 -0.550000
      vertex -27.943325 7.549758 0.550000
      vertex -26.642619 9.412737 0.550000
    endloop
  endfacet
  facet normal -0.819930 0.572464 0.000000
    outer loop
      vertex -27.943325 7.549758 -0.550000
      vertex -26.642619 9.412737 0.550000
      vertex -26.642619 9.412737 -0.550000
    endloop
  endfacet
  facet normal 0.000000 0.000000 1.000000
    outer loop
      vertex -27.888666 7.639365 -0.550000
      vertex -29.391865 8.433339 -0.550000
      vertex -30.416750 6.492965 -0.550000
    endloop
  endfacet
  facet normal 0.000000 0.000000 1.000000
    outer loop
      vertex -27.888666 7.639365 -0.550000
      vertex -30.416750 6.492965 -0.550000
      vertex -28.913551 5.698991 -0.550000
    endloop
  endfacet
  facet normal 0.000000 0.000000 -1.000000
    outer loop
      vertex -27.888666 7.639365 0.550000
      vertex -28.913551 5.698991 0.550000
      vertex -30.416750 6.492965 0.550000
    endloop
  endfacet
  facet normal -0.000000 0.000000 -1.000000
    outer loop
      vertex -27.888666 7.639365 0.550000
      vertex -30.416750 6.492965 0.550000
      vertex -29.391865 8.433339 0.550000
    endloop
  endfacet
  facet normal -0.467043 -0.884234 0.000000
    outer loop
      vertex -27.888666 7.639365 -0.550000
      vertex -27.888666 7.639365 0.550000
      vertex -29.391865 8.433339 0.550000
    endloop
  endfacet
  facet normal -0.467043 -0.884234 0.000000
    outer loop
      vertex -27.888666 7.639365 -0.550000
      vertex -29.391865 8.433339 0.550000
      vertex -29.391865 8.433339 -0.550000
    endloop
  endfacet
  facet normal 0.884234 -0.467043 0.000000
    outer loop
      vertex -29.391865 8.433339 -0.550000
      vertex -29.391865 8.433339 0.550000
      vertex -30.416750 6.492965 0.550000
    endloop
  endfacet
  facet normal 0.884234 -0.467043 0.000000
    outer loop
      vertex -29.391865 8.433339 -0.550000
      vertex -30.416750 6.492965 0.550000
      vertex -30.416750 6.492965 -0.550000
    endloop
  endfacet
  facet normal 0.467043 0.884234 -0.000000
    outer loop
      vertex -30.416750 6.492965 -0.550000
      vertex -30.416750 6.492965 0.550000
      vertex -28.913551 5.698991 0.550000
    endloop
  endfacet
  facet normal 0.467043 0.884234 0.000000
    outer loop
      vertex -30.416750 6.492965 -0.550000
      vertex -28.913551 5.698991 0.550000
      vertex -28.913551 5.698991 -0.550000
    endloop
  endfacet
  facet normal -0.884234 0.467043 0.000000
    outer loop
      vertex -28.913551 5.698991 -0.550000
      vertex -28.913551 5.698991 0.550000
      vertex -27.888666 7.639365 0.550000
    endloop
  endfacet
  facet normal -0.884234 0.467043 0.000000
    outer loop
      vertex -28.913551 5.698991 -0.550000
      vertex -27.888666 7.639365 0.550000
      vertex -27.888666 7.639365 -0.550000
    endloop
  endfacet
  facet normal 0.000000 0.000000 1.000000
    outer loop
      vertex -28.867907 5.801184 -0.550000
      vertex -30.462394 6.390772 -0.550000
      vertex -31.201587 4.391691 -0.550000
    endloop
  endfacet
  facet normal 0.000000 0.000000 1.000000
    outer loop
      vertex -28.867907 5.801184 -0.550000
      vertex -31.201587 4.391691 -0.550000
      vertex -29.607101 3.802103 -0.550000
    endloop
  endfacet
  facet normal 0.000000 0.000000 -1.000000
    outer loop
      vertex -28.867907 5.801184 0.550000
      vertex -29.607101 3.802103 0.550000
      vertex -31.201587 4.391691 0.550000
    endloop
  endfacet
  facet normal -0.000000 0.000000 -1.000000
    outer loop
      vertex -28.867907 5.801184 0.550000
      vertex -31.201587 4.391691 0.550000
      vertex -30.462394 6.390772 0.550000
    endloop
  endfacet
  facet normal -0.346816 -0.937933 0.000000
    outer loop
      vertex -28.867907 5.801184 -0.550000
      vertex -28.867907 5.801184 0.550000
      vertex -30.462394 6.390772 0.550000
    endloop
  endfacet
  facet normal -0.346816 -0.937933 0.000000
    outer loop
      vertex -28.867907 5.801184 -0.550000
      vertex -30.462394 6.390772 0.550000
      vertex -30.462394 6.390772 -0.550000
    endloop
  endfacet
  facet normal 0.937933 -0.346816 0.000000
    outer loop
      vertex -30.462394 6.390772 -0.550000
      vertex -30.462394 6.390772 0.550000
      vertex -31.201587 4.391691 0.550000
    endloop
  endfacet
  facet normal 0.937933 -0.346816 0.000000
    outer loop
      vertex -30.462394 6.390772 -0.550000
      vertex -31.201587 4.391691 0.550000
      vertex -31.201587 4.391691 -0.550000
    endloop
  endfacet
  facet normal 0.346816 0.937933 -0.000000
    outer loop
      vertex -31.201587 4.391691 -0.550000
      vertex -31.201587 4.391691 0.550000
      vertex -29.607101 3.802103 0.550000
    endloop
  endfacet
  facet normal 0.346816 0.937933 0.000000
    outer loop
      vertex -31.201587 4.391691 -0.550000
      vertex -29.607101 3.802103 0.550000
      vertex -29.607101 3.802103 -0.550000
    endloop
  endfacet
  facet normal -0.937933 0.346816 0.000000
    outer loop
      vertex -29.607101 3.802103 -0.550000
      vertex -29.607101 3.802103 0.550000
      vertex -28.867907 5.801184 0.550000
    endloop
  endfacet
  facet normal -0.937933 0.346816 0.000000
    outer loop
      vertex -29.607101 3.802103 -0.550000
      vertex -28.867907 5.801184 0.550000
      vertex -28.867907 5.801184 -0.550000
    endloop
  endfacet
  facet normal 0.000000 0.000000 1.000000
    outer loop
      vertex -29.574017 3.915078 -0.550000
      vertex -31.234670 4.278715 -0.550000
      vertex -31.681053 2.240178 -0.550000
    endloop
  endfacet
  facet normal 0.000000 0.000000 1.000000
    outer loop
      vertex -29.574017 3.915078 -0.550000
      vertex -31.681053 2.240178 -0.550000
      vertex -30.020400 1.876542 -0.550000
    endloop
  endfacet
  facet normal 0.000000 0.000000 -1.000000
    outer loop
      vertex -29.574017 3.915078 0.550000
      vertex -30.020400 1.876542 0.550000
      vertex -31.681053 2.240178 0.550000
    endloop
  endfacet
  facet normal -0.000000 0.000000 -1.000000
    outer loop
      vertex -29.574017 3.915078 0.550000
      vertex -31.681053 2.240178 0.550000
      vertex -31.234670 4.278715 0.550000
    endloop
  endfacet
  facet normal -0.213904 -0.976855 0.000000
    outer loop
      vertex -29.574017 3.915078 -0.550000
      vertex -29.574017 3.915078 0.550000
      vertex -31.234670 4.278715 0.550000
    endloop
  endfacet
  facet normal -0.213904 -0.976855 0.000000
    outer loop
      vertex -29.574017 3.915078 -0.550000
      vertex -31.234670 4.278715 0.550000
      vertex -31.234670 4.278715 -0.550000
    endloop
  endfacet
  facet normal 0.976855 -0.213904 0.000000
    outer loop
      vertex -31.234670 4.278715 -0.550000
      vertex -31.234670 4.278715 0.550000
      vertex -31.681053 2.240178 0.550000
    endloop
  endfacet
  facet normal 0.976855 -0.213904 0.000000
    outer loop
      vertex -31.234670 4.278715 -0.550000
      vertex -31.681053 2.240178 0.550000
      vertex -31.681053 2.240178 -0.550000
    endloop
  endfacet
  facet normal 0.213904 0.976855 -0.000000
    outer loop
      vertex -31.681053 2.240178 -0.550000
      vertex -31.681053 2.240178 0.550000
      vertex -30.020400 1.876542 0.550000
    endloop
  endfacet
  facet normal 0.213904 0.976855 0.000000
    outer loop
      vertex -31.681053 2.240178 -0.550000
      vertex -30.020400 1.876542 0.550000
      vertex -30.020400 1.876542 -0.550000
    endloop
  endfacet
  facet normal -0.976855 0.213904 0.000000
    outer loop
      vertex -30.020400 1.876542 -0.550000
      vertex -30.020400 1.876542 0.550000
      vertex -29.574017 3.915078 0.550000
    endloop
  endfacet
  facet normal -0.976855 0.213904 0.000000
    outer loop
      vertex -30.020400 1.876542 -0.550000
      vertex -29.574017 3.915078 0.550000
      vertex -29.574017 3.915078 -0.550000
    endloop
  endfacet
  facet normal 0.000000 0.000000 1.000000
    outer loop
      vertex -30.002953 1.996879 -0.550000
      vertex -31.698500 2.119841 -0.550000
      vertex -31.847774 0.061481 -0.550000
    endloop
  endfacet
  facet normal 0.000000 0.000000 1.000000
    outer loop
      vertex -30.002953 1.996879 -0.550000
      vertex -31.847774 0.061481 -0.550000
      vertex -30.152226 -0.061481 -0.550000
    endloop
  endfacet
  facet normal 0.000000 0.000000 -1.000000
    outer loop
      vertex -30.002953 1.996879 0.550000
      vertex -30.152226 -0.061481 0.550000
      vertex -31.847774 0.061481 0.550000
    endloop
  endfacet
  facet normal -0.000000 0.000000 -1.000000
    outer loop
      vertex -30.002953 1.996879 0.550000
      vertex -31.847774 0.061481 0.550000
      vertex -31.698500 2.119841 0.550000
    endloop
  endfacet
  facet normal -0.072331 -0.997381 0.000000
    outer loop
      vertex -30.002953 1.996879 -0.550000
      vertex -30.002953 1.996879 0.550000
      vertex -31.698500 2.119841 0.550000
    endloop
  endfacet
  facet normal -0.072331 -0.997381 0.000000
    outer loop
      vertex -30.002953 1.996879 -0.550000
      vertex -31.698500 2.119841 0.550000
      vertex -31.698500 2.119841 -0.550000
    endloop
  endfacet
  facet normal 0.997381 -0.072331 0.000000
    outer loop
      vertex -31.698500 2.119841 -0.550000
      vertex -31.698500 2.119841 0.550000
      vertex -31.847774 0.061481 0.550000
    endloop
  endfacet
  facet normal 0.997381 -0.072331 0.000000
    outer loop
      vertex -31.698500 2.119841 -0.550000
      vertex -31.847774 0.061481 0.550000
      vertex -31.847774 0.061481 -0.550000
    endloop
  endfacet
  facet normal 0.072331 0.997381 -0.000000
    outer loop
      vertex -31.847774 0.061481 -0.550000
      vertex -31.847774 0.061481 0.550000
      vertex -30.152226 -0.061481 0.550000
    endloop
  endfacet
  facet normal 0.072331 0.997381 0.000000
    outer loop
      vertex -31.847774 0.061481 -0.550000
      vertex -30.152226 -0.061481 0.550000
      vertex -30.152226 -0.061481 -0.550000
    endloop
  endfacet
  facet normal -0.997381 0.072331 0.000000
    outer loop
      vertex -30.152226 -0.061481 -0.550000
      vertex -30.152226 -0.061481 0.550000
      vertex -30.002953 1.996879 0.550000
    endloop
  endfacet
  facet normal -0.997381 0.072331 0.000000
    outer loop
      vertex -30.152226 -0.061481 -0.550000
      vertex -30.002953 1.996879 0.550000
      vertex -30.002953 1.996879 -0.550000
    endloop
  endfacet
  facet normal 0.000000 0.000000 1.000000
    outer loop
      vertex -30.152226 0.061481 -0.550000
      vertex -31.847774 -0.061481 -0.550000
      vertex -31.698500 -2.119841 -0.550000
    endloop
  endfacet
  facet normal 0.000000 0.000000 1.000000
    outer loop
      vertex -30.152226 0.061481 -0.550000
      vertex -31.698500 -2.119841 -0.550000
      vertex -30.002953 -1.996879 -0.550000
    endloop
  endfacet
  facet normal 0.000000 -0.000000 -1.000000
    outer loop
      vertex -30.152226 0.061481 0.550000
      vertex -30.002953 -1.996879 0.550000
      vertex -31.698500 -2.119841 0.550000
    endloop
  endfacet
  facet normal 0.000000 0.000000 -1.000000
    outer loop
      vertex -30.152226 0.061481 0.550000
      vertex -31.698500 -2.119841 0.550000
      vertex -31.847774 -0.061481 0.550000
    endloop
  endfacet
  facet normal 0.072331 -0.997381 0.000000
    outer loop
      vertex -30.152226 0.061481 -0.550000
      vertex -30.152226 0.061481 0.550000
      vertex -31.847774 -0.061481 0.550000
    endloop
  endfacet
  facet normal 0.072331 -0.997381 0.000000
    outer loop
      vertex -30.152226 0.061481 -0.550000
      vertex -31.847774 -0.061481 0.550000
      vertex -31.847774 -0.061481 -0.550000
    endloop
  endfacet
  facet normal 0.997381 0.072331 -0.000000
    outer loop
      vertex -31.847774 -0.061481 -0.550000
      vertex -31.847774 -0.061481 0.550000
      vertex -31.698500 -2.119841 0.550000
    endloop
  endfacet
  facet normal 0.997381 0.072331 0.000000
    outer loop
      vertex -31.847774 -0.061481 -0.550000
      vertex -31.698500 -2.119841 0.550000
      vertex -31.698500 -2.119841 -0.550000
    endloop
  endfacet
  facet normal -0.072331 0.997381 0.000000
    outer loop
      vertex -31.698500 -2.119841 -0.550000
      vertex -31.698500 -2.119841 0.550000
      vertex -30.002953 -1.996879 0.550000
    endloop
  endfacet
  facet normal -0.072331 0.997381 0.000000
    outer loop
      vertex -31.698500 -2.119841 -0.550000
      vertex -30.002953 -1.996879 0.550000
      vertex -30.002953 -1.996879 -0.550000
    endloop
  endfacet
  facet normal -0.997381 -0.072331 0.000000
    outer loop
      vertex -30.002953 -1.996879 -0.550000
      vertex -30.002953 -1.996879 0.550000
      vertex -30.152226 0.061481 0.550000
    endloop
  endfacet
  facet normal -0.997381 -0.072331 0.000000
    outer loop
      vertex -30.002953 -1.996879 -0.550000
      vertex -30.152226 0.061481 0.550000
      vertex -30.152226 0.061481 -0.550000
    endloop
  endfacet
  facet normal 0.000000 0.000000 1.000000
    outer loop
      vertex -30.020400 -1.876542 -0.550000
      vertex -31.681053 -2.240178 -0.550000
      vertex -31.234670 -4.278715 -0.550000
    endloop
  endfacet
  facet normal 0.000000 0.000000 1.000000
    outer loop
      vertex -30.020400 -1.876542 -0.550000
      vertex -31.234670 -4.278715 -0.550000
      vertex -29.574017 -3.915078 -0.550000
    endloop
  endfacet
  facet normal 0.000000 -0.000000 -1.000000
    outer loop
      vertex -30.020400 -1.876542 0.550000
      vertex -29.574017 -3.915078 0.550000
      vertex -31.234670 -4.278715 0.550000
    endloop
  endfacet
  facet normal 0.000000 0.000000 -1.000000
    outer loop
      vertex -30.020400 -1.876542 0.550000
      vertex -31.234670 -4.278715 0.550000
      vertex -31.681053 -2.240178 0.550000
    endloop
  endfacet
  facet normal 0.213904 -0.976855 0.000000
    outer loop
      vertex -30.020400 -1.876542 -0.550000
      vertex -30.020400 -1.876542 0.550000
      vertex -31.681053 -2.240178 0.550000
    endloop
  endfacet
  facet normal 0.213904 -0.976855 0.000000
    outer loop
      vertex -30.020400 -1.876542 -0.550000
      vertex -31.681053 -2.240178 0.550000
      vertex -31.681053 -2.240178 -0.550000
    endloop
  endfacet
  facet normal 0.976855 0.213904 -0.000000
    outer loop
      vertex -31.681053 -2.240178 -0.550000
      vertex -31.681053 -2.240178 0.550000
      vertex -31.234670 -4.278715 0.550000
    endloop
  endfacet
  facet normal 0.976855 0.213904 0.000000
    outer loop
      vertex -31.681053 -2.240178 -0.550000
      vertex -31.234670 -4.278715 0.550000
      vertex -31.234670 -4.278715 -0.550000
    endloop
  endfacet
  facet normal -0.213904 0.976855 0.000000
    outer loop
      vertex -31.234670 -4.278715 -0.550000
      vertex -31.234670 -4.278715 0.550000
      vertex -29.574017 -3.915078 0.550000
    endloop
  endfacet
  facet normal -0.213904 0.976855 0.000000
    outer loop
      vertex -31.234670 -4.278715 -0.550000
      vertex -29.574017 -3.915078 0.550000
      vertex -29.574017 -3.915078 -0.550000
    endloop
  endfacet
  facet normal -0.976855 -0.213904 0.000000
    outer loop
      vertex -29.574017 -3.915078 -0.550000
      vertex -29.574017 -3.915078 0.550000
      vertex -30.020400 -1.876542 0.550000
    endloop
  endfacet
  facet normal -0.976855 -0.213904 0.000000
    outer loop
      vertex -29.574017 -3.915078 -0.550000
      vertex -30.020400 -1.876542 0.550000
      vertex -30.020400 -1.876542 -0.550000
    endloop
  endfacet
  facet normal 0.000000 0.000000 1.000000
    outer loop
      vertex -29.607101 -3.802103 -0.550000
      vertex -31.201587 -4.391691 -0.550000
      vertex -30.462394 -6.390772 -0.550000
    endloop
  endfacet
  facet normal 0.000000 0.000000 1.000000
    outer loop
      vertex -29.607101 -3.802103 -0.550000
      vertex -30.462394 -6.390772 -0.550000
      vertex -28.867907 -5.801184 -0.550000
    endloop
  endfacet
  facet normal 0.000000 -0.000000 -1.000000
    outer loop
      vertex -29.607101 -3.802103 0.550000
      vertex -28.867907 -5.801184 0.550000
      vertex -30.462394 -6.390772 0.550000
    endloop
  endfacet
  facet normal 0.000000 0.000000 -1.000000
    outer loop
      vertex -29.607101 -3.802103 0.550000
      vertex -30.462394 -6.390772 0.550000
      vertex -31.201587 -4.391691 0.550000
    endloop
  endfacet
  facet normal 0.346816 -0.937933 0.000000
    outer loop
      vertex -29.607101 -3.802103 -0.550000
      vertex -29.607101 -3.802103 0.550000
      vertex -31.201587 -4.391691 0.550000
    endloop
  endfacet
  facet normal 0.346816 -0.937933 0.000000
    outer loop
      vertex -29.607101 -3.802103 -0.550000
      vertex -31.201587 -4.391691 0.550000
      vertex -31.201587 -4.391691 -0.550000
    endloop
  endfacet
  facet normal 0.937933 0.346816 -0.000000
    outer loop
      vertex -31.201587 -4.391691 -0.550000
      vertex -31.201587 -4.391691 0.550000
      vertex -30.462394 -6.390772 0.550000
    endloop
  endfacet
  facet normal 0.937933 0.346816 0.000000
    outer loop
      vertex -31.201587 -4.391691 -0.550000
      vertex -30.462394 -6.390772 0.550000
      vertex -30.462394 -6.390772 -0.550000
    endloop
  endfacet
  facet normal -0.346816 0.937933 0.000000
    outer loop
      vertex -30.462394 -6.390772 -0.550000
      vertex -30.462394 -6.390772 0.550000
      vertex -28.867907 -5.801184 0.550000
    endloop
  endfacet
  facet normal -0.346816 0.937933 0.000000
    outer loop
      vertex -30.462394 -6.390772 -0.550000
      vertex -28.867907 -5.801184 0.550000
      vertex -28.867907 -5.801184 -0.550000
    endloop
  endfacet
  facet normal -0.937933 -0.346816 0.000000
    outer loop
      vertex -28.867907 -5.801184 -0.550000
      vertex -28.867907 -5.801184 0.550000
      vertex -29.607101 -3.802103 0.550000
    endloop
  endfacet
  facet normal -0.937933 -0.346816 0.000000
    outer loop
      vertex -28.867907 -5.801184 -0.550000
      vertex -29.607101 -3.802103 0.550000
      vertex -29.607101 -3.802103 -0.550000
    endloop
  endfacet
  facet normal 0.000000 0.000000 1.000000
    outer loop
      vertex -28.913551 -5.698991 -0.550000
      vertex -30.416750 -6.492965 -0.550000
      vertex -29.391865 -8.433339 -0.550000
    endloop
  endfacet
  facet normal 0.000000 0.000000 1.000000
    outer loop
      vertex -28.913551 -5.698991 -0.550000
      vertex -29.391865 -8.433339 -0.550000
      vertex -27.888666 -7.639365 -0.550000
    endloop
  endfacet
  facet normal 0.000000 -0.000000 -1.000000
    outer loop
      vertex -28.913551 -5.698991 0.550000
      vertex -27.888666 -7.639365 0.550000
      vertex -29.391865 -8.433339 0.550000
    endloop
  endfacet
  facet normal 0.000000 0.000000 -1.000000
    outer loop
      vertex -28.913551 -5.698991 0.550000
      vertex -29.391865 -8.433339 0.550000
      vertex -30.416750 -6.492965 0.550000
    endloop
  endfacet
  facet normal 0.467043 -0.884234 0.000000
    outer loop
      vertex -28.913551 -5.698991 -0.550000
      vertex -28.913551 -5.698991 0.550000
      vertex -30.416750 -6.492965 0.550000
    endloop
  endfacet
  facet normal 0.467043 -0.884234 0.000000
    outer loop
      vertex -28.913551 -5.698991 -0.550000
      vertex -30.416750 -6.492965 0.550000
      vertex -30.416750 -6.492965 -0.550000
    endloop
  endfacet
  facet normal 0.884234 0.467043 -0.000000
    outer loop
      vertex -30.416750 -6.492965 -0.550000
      vertex -30.416750 -6.492965 0.550000
      vertex -29.391865 -8.433339 0.550000
    endloop
  endfacet
  facet normal 0.884234 0.467043 0.000000
    outer loop
      vertex -30.416750 -6.492965 -0.550000
      vertex -29.391865 -8.433339 0.550000
      vertex -29.391865 -8.433339 -0.550000
    endloop
  endfacet
  facet normal -0.467043 0.884234 0.000000
    outer loop
      vertex -29.391865 -8.433339 -0.550000
      vertex -29.391865 -8.433339 0.550000
      vertex -27.888666 -7.639365 0.550000
    endloop
  endfacet
  facet normal -0.467043 0.884234 0.000000
    outer loop
      vertex -29.391865 -8.433339 -0.550000
      vertex -27.888666 -7.639365 0.550000
      vertex -27.888666 -7.639365 -0.550000
    endloop
  endfacet
  facet normal -0.884234 -0.467043 0.000000
    outer loop
      vertex -27.888666 -7.639365 -0.550000
      vertex -27.888666 -7.639365 0.550000
      vertex -28.913551 -5.698991 0.550000
    endloop
  endfacet
  facet normal -0.884234 -0.467043 0.000000
    outer loop
      vertex -27.888666 -7.639365 -0.550000
      vertex -28.913551 -5.698991 0.550000
      vertex -28.913551 -5.698991 -0.550000
    endloop
  endfacet
  facet normal 0.000000 0.000000 1.000000
    outer loop
      vertex -27.943325 -7.549758 -0.550000
      vertex -29.337206 -8.522946 -0.550000
      vertex -28.036500 -10.385926 -0.550000
    endloop
  endfacet
  facet normal 0.000000 0.000000 1.000000
    outer loop
      vertex -27.943325 -7.549758 -0.550000
      vertex -28.036500 -10.385926 -0.550000
      vertex -26.642619 -9.412737 -0.550000
    endloop
  endfacet
  facet normal 0.000000 -0.000000 -1.000000
    outer loop
      vertex -27.943325 -7.549758 0.550000
      vertex -26.642619 -9.412737 0.550000
      vertex -28.036500 -10.385926 0.550000
    endloop
  endfacet
  facet normal 0.000000 0.000000 -1.000000
    outer loop
      vertex -27.943325 -7.549758 0.550000
      vertex -28.036500 -10.385926 0.550000
      vertex -29.337206 -8.522946 0.550000
    endloop
  endfacet
  facet normal 0.572464 -0.819930 0.000000
    outer loop
      vertex -27.943325 -7.549758 -0.550000
      vertex -27.943325 -7.549758 0.550000
      vertex -29.337206 -8.522946 0.550000
    endloop
  endfacet
  facet normal 0.572464 -0.819930 0.000000
    outer loop
      vertex -27.943325 -7.549758 -0.550000
      vertex -29.337206 -8.522946 0.550000
      vertex -29.337206 -8.522946 -0.550000
    endloop
  endfacet
  facet normal 0.819930 0.572464 -0.000000
    outer loop
      vertex -29.337206 -8.522946 -0.550000
      vertex -29.337206 -8.522946 0.550000
      vertex -28.036500 -10.385926 0.550000
    endloop
  endfacet
  facet normal 0.819930 0.572464 0.000000
    outer loop
      vertex -29.337206 -8.522946 -0.550000
      vertex -28.036500 -10.385926 0.550000
      vertex -28.036500 -10.385926 -0.550000
    endloop
  endfacet
  facet normal -0.572464 0.819930 0.000000
    outer loop
      vertex -28.036500 -10.385926 -0.550000
      vertex -28.036500 -10.385926 0.550000
      vertex -26.642619 -9.412737 0.550000
    endloop
  endfacet
  facet normal -0.572464 0.819930 0.000000
    outer loop
      vertex -28.036500 -10.385926 -0.550000
      vertex -26.642619 -9.412737 0.550000
      vertex -26.642619 -9.412737 -0.550000
    endloop
  endfacet
  facet normal -0.819930 -0.572464 0.000000
    outer loop
      vertex -26.642619 -9.412737 -0.550000
      vertex -26.642619 -9.412737 0.550000
      vertex -27.943325 -7.549758 0.550000
    endloop
  endfacet
  facet normal -0.819930 -0.572464 0.000000
    outer loop
      vertex -26.642619 -9.412737 -0.550000
      vertex -27.943325 -7.549758 0.550000
      vertex -27.943325 -7.549758 -0.550000
    endloop
  endfacet
  facet normal 0.000000 0.000000 1.000000
    outer loop
      vertex -26.702969 -9.336080 -0.550000
      vertex -27.976150 -10.462583 -0.550000
      vertex -26.412148 -12.230227 -0.550000
    endloop
  endfacet
  facet normal 0.000000 0.000000 1.000000
    outer loop
      vertex -26.702969 -9.336080 -0.550000
      vertex -26.412148 -12.230227 -0.550000
      vertex -25.138967 -11.103723 -0.550000
    endloop
  endfacet
  facet normal 0.000000 0.000000 -1.000000
    outer loop
      vertex -26.702969 -9.336080 0.550000
      vertex -25.138967 -11.103723 0.550000
      vertex -26.412148 -12.230227 0.550000
    endloop
  endfacet
  facet normal 0.000000 -0.000000 -1.000000
    outer loop
      vertex -26.702969 -9.336080 0.550000
      vertex -26.412148 -12.230227 0.550000
      vertex -27.976150 -10.462583 0.550000
    endloop
  endfacet
  facet normal 0.662649 -0.748930 0.000000
    outer loop
      vertex -26.702969 -9.336080 -0.550000
      vertex -26.702969 -9.336080 0.550000
      vertex -27.976150 -10.462583 0.550000
    endloop
  endfacet
  facet normal 0.662649 -0.748930 0.000000
    outer loop
      vertex -26.702969 -9.336080 -0.550000
      vertex -27.976150 -10.462583 0.550000
      vertex -27.976150 -10.462583 -0.550000
    endloop
  endfacet
  facet normal 0.748930 0.662649 -0.000000
    outer loop
      vertex -27.976150 -10.462583 -0.550000
      vertex -27.976150 -10.462583 0.550000
      vertex -26.412148 -12.230227 0.550000
    endloop
  endfacet
  facet normal 0.748930 0.662649 0.000000
    outer loop
      vertex -27.976150 -10.462583 -0.550000
      vertex -26.412148 -12.230227 0.550000
      vertex -26.412148 -12.230227 -0.550000
    endloop
  endfacet
  facet normal -0.662649 0.748930 0.000000
    outer loop
      vertex -26.412148 -12.230227 -0.550000
      vertex -26.412148 -12.230227 0.550000
      vertex -25.138967 -11.103723 0.550000
    endloop
  endfacet
  facet normal -0.662649 0.748930 0.000000
    outer loop
      vertex -26.412148 -12.230227 -0.550000
      vertex -25.138967 -11.103723 0.550000
      vertex -25.138967 -11.103723 -0.550000
    endloop
  endfacet
  facet normal -0.748930 -0.662649 0.000000
    outer loop
      vertex -25.138967 -11.103723 -0.550000
      vertex -25.138967 -11.103723 0.550000
      vertex -26.702969 -9.336080 0.550000
    endloop
  endfacet
  facet normal -0.748930 -0.662649 0.000000
    outer loop
      vertex -25.138967 -11.103723 -0.550000
      vertex -26.702969 -9.336080 0.550000
      vertex -26.702969 -9.336080 -0.550000
    endloop
  endfacet
  facet normal 0.000000 0.000000 1.000000
    outer loop
      vertex -25.202309 -11.039372 -0.550000
      vertex -26.348807 -12.294578 -0.550000
      vertex -24.536573 -13.949862 -0.550000
    endloop
  endfacet
  facet normal 0.000000 0.000000 1.000000
    outer loop
      vertex -25.202309 -11.039372 -0.550000
      vertex -24.536573 -13.949862 -0.550000
      vertex -23.390075 -12.694656 -0.550000
    endloop
  endfacet
  facet normal 0.000000 0.000000 -1.000000
    outer loop
      vertex -25.202309 -11.039372 0.550000
      vertex -23.390075 -12.694656 0.550000
      vertex -24.536573 -13.949862 0.550000
    endloop
  endfacet
  facet normal 0.000000 -0.000000 -1.000000
    outer loop
      vertex -25.202309 -11.039372 0.550000
      vertex -24.536573 -13.949862 0.550000
      vertex -26.348807 -12.294578 0.550000
    endloop
  endfacet
  facet normal 0.738357 -0.674411 0.000000
    outer loop
      vertex -25.202309 -11.039372 -0.550000
      vertex -25.202309 -11.039372 0.550000
      vertex -26.348807 -12.294578 0.550000
    endloop
  endfacet
  facet normal 0.738357 -0.674411 0.000000
    outer loop
      vertex -25.202309 -11.039372 -0.550000
      vertex -26.348807 -12.294578 0.550000
      vertex -26.348807 -12.294578 -0.550000
    endloop
  endfacet
  facet normal 0.674411 0.738357 -0.000000
    outer loop
      vertex -26.348807 -12.294578 -0.550000
      vertex -26.348807 -12.294578 0.550000
      vertex -24.536573 -13.949862 0.550000
    endloop
  endfacet
  facet normal 0.674411 0.738357 0.000000
    outer loop
      vertex -26.348807 -12.294578 -0.550000
      vertex -24.536573 -13.949862 0.550000
      vertex -24.536573 -13.949862 -0.550000
    endloop
  endfacet
  facet normal -0.738357 0.674411 0.000000
    outer loop
      vertex -24.536573 -13.949862 -0.550000
      vertex -24.536573 -13.949862 0.550000
      vertex -23.390075 -12.694656 0.550000
    endloop
  endfacet
  facet normal -0.738357 0.674411 0.000000
    outer loop
      vertex -24.536573 -13.949862 -0.550000
      vertex -23.390075 -12.694656 0.550000
      vertex -23.390075 -12.694656 -0.550000
    endloop
  endfacet
  facet normal -0.674411 -0.738357 0.000000
    outer loop
      vertex -23.390075 -12.694656 -0.550000
      vertex -23.390075 -12.694656 0.550000
      vertex -25.202309 -11.039372 0.550000
    endloop
  endfacet
  facet normal -0.674411 -0.738357 0.000000
    outer loop
      vertex -23.390075 -12.694656 -0.550000
      vertex -25.202309 -11.039372 0.550000
      vertex -25.202309 -11.039372 -0.550000
    endloop
  endfacet
  facet normal 0.000000 0.000000 1.000000
    outer loop
      vertex -23.454450 -12.641416 -0.550000
      vertex -24.472198 -14.003102 -0.550000
      vertex -22.429184 -15.530086 -0.550000
    endloop
  endfacet
  facet normal 0.000000 0.000000 1.000000
    outer loop
      vertex -23.454450 -12.641416 -0.550000
      vertex -22.429184 -15.530086 -0.550000
      vertex -21.411436 -14.168399 -0.550000
    endloop
  endfacet
  facet normal 0.000000 0.000000 -1.000000
    outer loop
      vertex -23.454450 -12.641416 0.550000
      vertex -21.411436 -14.168399 0.550000
      vertex -22.429184 -15.530086 0.550000
    endloop
  endfacet
  facet normal 0.000000 -0.000000 -1.000000
    outer loop
      vertex -23.454450 -12.641416 0.550000
      vertex -22.429184 -15.530086 0.550000
      vertex -24.472198 -14.003102 0.550000
    endloop
  endfacet
  facet normal 0.800992 -0.598675 0.000000
    outer loop
      vertex -23.454450 -12.641416 -0.550000
      vertex -23.454450 -12.641416 0.550000
      vertex -24.472198 -14.003102 0.550000
    endloop
  endfacet
  facet normal 0.800992 -0.598675 0.000000
    outer loop
      vertex -23.454450 -12.641416 -0.550000
      vertex -24.472198 -14.003102 0.550000
      vertex -24.472198 -14.003102 -0.550000
    endloop
  endfacet
  facet normal 0.598675 0.800992 -0.000000
    outer loop
      vertex -24.472198 -14.003102 -0.550000
      vertex -24.472198 -14.003102 0.550000
      vertex -22.429184 -15.530086 0.550000
    endloop
  endfacet
  facet normal 0.598675 0.800992 0.000000
    outer loop
      vertex -24.472198 -14.003102 -0.550000
      vertex -22.429184 -15.530086 0.550000
      vertex -22.429184 -15.530086 -0.550000
    endloop
  endfacet
  facet normal -0.800992 0.598675 0.000000
    outer loop
      vertex -22.429184 -15.530086 -0.550000
      vertex -22.429184 -15.530086 0.550000
      vertex -21.411436 -14.168399 0.550000
    endloop
  endfacet
  facet normal -0.800992 0.598675 0.000000
    outer loop
      vertex -22.429184 -15.530086 -0.550000
      vertex -21.411436 -14.168399 0.550000
      vertex -21.411436 -14.168399 -0.550000
    endloop
  endfacet
  facet normal -0.598675 -0.800992 0.000000
    outer loop
      vertex -21.411436 -14.168399 -0.550000
      vertex -21.411436 -14.168399 0.550000
      vertex -23.454450 -12.641416 0.550000
    endloop
  endfacet
  facet normal -0.598675 -0.800992 0.000000
    outer loop
      vertex -21.411436 -14.168399 -0.550000
      vertex -23.454450 -12.641416 0.550000
      vertex -23.454450 -12.641416 -0.550000
    endloop
  endfacet
  facet normal 0.000000 0.000000 1.000000
    outer loop
      vertex -21.475567 -14.124878 -0.550000
      vertex -22.365053 -15.573607 -0.550000
      vertex -20.110935 -16.957584 -0.550000
    endloop
  endfacet
  facet normal 0.000000 0.000000 1.000000
    outer loop
      vertex -21.475567 -14.124878 -0.550000
      vertex -20.110935 -16.957584 -0.550000
      vertex -19.221449 -15.508855 -0.550000
    endloop
  endfacet
  facet normal 0.000000 0.000000 -1.000000
    outer loop
      vertex -21.475567 -14.124878 0.550000
      vertex -19.221449 -15.508855 0.550000
      vertex -20.110935 -16.957584 0.550000
    endloop
  endfacet
  facet normal 0.000000 -0.000000 -1.000000
    outer loop
      vertex -21.475567 -14.124878 0.550000
      vertex -20.110935 -16.957584 0.550000
      vertex -22.365053 -15.573607 0.550000
    endloop
  endfacet
  facet normal 0.852193 -0.523227 0.000000
    outer loop
      vertex -21.475567 -14.124878 -0.550000
      vertex -21.475567 -14.124878 0.550000
      vertex -22.365053 -15.573607 0.550000
    endloop
  endfacet
  facet normal 0.852193 -0.523227 0.000000
    outer loop
      vertex -21.475567 -14.124878 -0.550000
      vertex -22.365053 -15.573607 0.550000
      vertex -22.365053 -15.573607 -0.550000
    endloop
  endfacet
  facet normal 0.523227 0.852193 -0.000000
    outer loop
      vertex -22.365053 -15.573607 -0.550000
      vertex -22.365053 -15.573607 0.550000
      vertex -20.110935 -16.957584 0.550000
    endloop
  endfacet
  facet normal 0.523227 0.852193 0.000000
    outer loop
      vertex -22.365053 -15.573607 -0.550000
      vertex -20.110935 -16.957584 0.550000
      vertex -20.110935 -16.957584 -0.550000
    endloop
  endfacet
  facet normal -0.852193 0.523227 0.000000
    outer loop
      vertex -20.110935 -16.957584 -0.550000
      vertex -20.110935 -16.957584 0.550000
      vertex -19.221449 -15.508855 0.550000
    endloop
  endfacet
  facet normal -0.852193 0.523227 0.000000
    outer loop
      vertex -20.110935 -16.957584 -0.550000
      vertex -19.221449 -15.508855 0.550000
      vertex -19.221449 -15.508855 -0.550000
    endloop
  endfacet
  facet normal -0.523227 -0.852193 0.000000
    outer loop
      vertex -19.221449 -15.508855 -0.550000
      vertex -19.221449 -15.508855 0.550000
      vertex -21.475567 -14.124878 0.550000
    endloop
  endfacet
  facet normal -0.523227 -0.852193 0.000000
    outer loop
      vertex -19.221449 -15.508855 -0.550000
      vertex -21.475567 -14.124878 0.550000
      vertex -21.475567 -14.124878 -0.550000
    endloop
  endfacet
  facet normal 0.000000 0.000000 1.000000
    outer loop
      vertex -19.284598 -15.473690 -0.550000
      vertex -20.047786 -16.992750 -0.550000
      vertex -17.604271 -18.220392 -0.550000
    endloop
  endfacet
  facet normal 0.000000 0.000000 1.000000
    outer loop
      vertex -19.284598 -15.473690 -0.550000
      vertex -17.604271 -18.220392 -0.550000
      vertex -16.841083 -16.701332 -0.550000
    endloop
  endfacet
  facet normal 0.000000 0.000000 -1.000000
    outer loop
      vertex -19.284598 -15.473690 0.550000
      vertex -16.841083 -16.701332 0.550000
      vertex -17.604271 -18.220392 0.550000
    endloop
  endfacet
  facet normal 0.000000 -0.000000 -1.000000
    outer loop
      vertex -19.284598 -15.473690 0.550000
      vertex -17.604271 -18.220392 0.550000
      vertex -20.047786 -16.992750 0.550000
    endloop
  endfacet
  facet normal 0.893565 -0.448934 0.000000
    outer loop
      vertex -19.284598 -15.473690 -0.550000
      vertex -19.284598 -15.473690 0.550000
      vertex -20.047786 -16.992750 0.550000
    endloop
  endfacet
  facet normal 0.893565 -0.448934 0.000000
    outer loop
      vertex -19.284598 -15.473690 -0.550000
      vertex -20.047786 -16.992750 0.550000
      vertex -20.047786 -16.992750 -0.550000
    endloop
  endfacet
  facet normal 0.448934 0.893565 -0.000000
    outer loop
      vertex -20.047786 -16.992750 -0.550000
      vertex -20.047786 -16.992750 0.550000
      vertex -17.604271 -18.220392 0.550000
    endloop
  endfacet
  facet normal 0.448934 0.893565 0.000000
    outer loop
      vertex -20.047786 -16.992750 -0.550000
      vertex -17.604271 -18.220392 0.550000
      vertex -17.604271 -18.220392 -0.550000
    endloop
  endfacet
  facet normal -0.893565 0.448934 0.000000
    outer loop
      vertex -17.604271 -18.220392 -0.550000
      vertex -17.604271 -18.220392 0.550000
      vertex -16.841083 -16.701332 0.550000
    endloop
  endfacet
  facet normal -0.893565 0.448934 0.000000
    outer loop
      vertex -17.604271 -18.220392 -0.550000
      vertex -16.841083 -16.701332 0.550000
      vertex -16.841083 -16.701332 -0.550000
    endloop
  endfacet
  facet normal -0.448934 -0.893565 0.000000
    outer loop
      vertex -16.841083 -16.701332 -0.550000
      vertex -16.841083 -16.701332 0.550000
      vertex -19.284598 -15.473690 0.550000
    endloop
  endfacet
  facet normal -0.448934 -0.893565 0.000000
    outer loop
      vertex -16.841083 -16.701332 -0.550000
      vertex -19.284598 -15.473690 0.550000
      vertex -19.284598 -15.473690 -0.550000
    endloop
  endfacet
  facet normal 0.000000 0.000000 1.000000
    outer loop
      vertex -16.902906 -16.673305 -0.550000
      vertex -17.542449 -18.248419 -0.550000
      vertex -14.933070 -19.307904 -0.550000
    endloop
  endfacet
  facet normal 0.000000 0.000000 1.000000
    outer loop
      vertex -16.902906 -16.673305 -0.550000
      vertex -14.933070 -19.307904 -0.550000
      vertex -14.293527 -17.732789 -0.550000
    endloop
  endfacet
  facet normal 0.000000 0.000000 -1.000000
    outer loop
      vertex -16.902906 -16.673305 0.550000
      vertex -14.293527 -17.732789 0.550000
      vertex -14.933070 -19.307904 0.550000
    endloop
  endfacet
  facet normal 0.000000 -0.000000 -1.000000
    outer loop
      vertex -16.902906 -16.673305 0.550000
      vertex -14.933070 -19.307904 0.550000
      vertex -17.542449 -18.248419 0.550000
    endloop
  endfacet
  facet normal 0.926538 -0.376202 0.000000
    outer loop
      vertex -16.902906 -16.673305 -0.550000
      vertex -16.902906 -16.673305 0.550000
      vertex -17.542449 -18.248419 0.550000
    endloop
  endfacet
  facet normal 0.926538 -0.376202 0.000000
    outer loop
      vertex -16.902906 -16.673305 -0.550000
      vertex -17.542449 -18.248419 0.550000
      vertex -17.542449 -18.248419 -0.550000
    endloop
  endfacet
  facet normal 0.376202 0.926538 -0.000000
    outer loop
      vertex -17.542449 -18.248419 -0.550000
      vertex -17.542449 -18.248419 0.550000
      vertex -14.933070 -19.307904 0.550000
    endloop
  endfacet
  facet normal 0.376202 0.926538 0.000000
    outer loop
      vertex -17.542449 -18.248419 -0.550000
      vertex -14.933070 -19.307904 0.550000
      vertex -14.933070 -19.307904 -0.550000
    endloop
  endfacet
  facet normal -0.926538 0.376202 0.000000
    outer loop
      vertex -14.933070 -19.307904 -0.550000
      vertex -14.933070 -19.307904 0.550000
      vertex -14.293527 -17.732789 0.550000
    endloop
  endfacet
  facet normal -0.926538 0.376202 0.000000
    outer loop
      vertex -14.933070 -19.307904 -0.550000
      vertex -14.293527 -17.732789 0.550000
      vertex -14.293527 -17.732789 -0.550000
    endloop
  endfacet
  facet normal -0.376202 -0.926538 0.000000
    outer loop
      vertex -14.293527 -17.732789 -0.550000
      vertex -14.293527 -17.732789 0.550000
      vertex -16.902906 -16.673305 0.550000
    endloop
  endfacet
  facet normal -0.376202 -0.926538 0.000000
    outer loop
      vertex -14.293527 -17.732789 -0.550000
      vertex -16.902906 -16.673305 0.550000
      vertex -16.902906 -16.673305 -0.550000
    endloop
  endfacet
  facet normal 0.000000 0.000000 1.000000
    outer loop
      vertex -14.353949 -17.710879 -0.550000
      vertex -14.872649 -19.329814 -0.550000
      vertex -12.122536 -20.210938 -0.550000
    endloop
  endfacet
  facet normal 0.000000 0.000000 1.000000
    outer loop
      vertex -14.353949 -17.710879 -0.550000
      vertex -12.122536 -20.210938 -0.550000
      vertex -11.603837 -18.592003 -0.550000
    endloop
  endfacet
  facet normal 0.000000 0.000000 -1.000000
    outer loop
      vertex -14.353949 -17.710879 0.550000
      vertex -11.603837 -18.592003 0.550000
      vertex -12.122536 -20.210938 0.550000
    endloop
  endfacet
  facet normal 0.000000 -0.000000 -1.000000
    outer loop
      vertex -14.353949 -17.710879 0.550000
      vertex -12.122536 -20.210938 0.550000
      vertex -14.872649 -19.329814 0.550000
    endloop
  endfacet
  facet normal 0.952315 -0.305117 0.000000
    outer loop
      vertex -14.353949 -17.710879 -0.550000
      vertex -14.353949 -17.710879 0.550000
      vertex -14.872649 -19.329814 0.550000
    endloop
  endfacet
  facet normal 0.952315 -0.305117 0.000000
    outer loop
      vertex -14.353949 -17.710879 -0.550000
      vertex -14.872649 -19.329814 0.550000
      vertex -14.872649 -19.329814 -0.550000
    endloop
  endfacet
  facet normal 0.305117 0.952315 -0.000000
    outer loop
      vertex -14.872649 -19.329814 -0.550000
      vertex -14.872649 -19.329814 0.550000
      vertex -12.122536 -20.210938 0.550000
    endloop
  endfacet
  facet normal 0.305117 0.952315 0.000000
    outer loop
      vertex -14.872649 -19.329814 -0.550000
      vertex -12.122536 -20.210938 0.550000
      vertex -12.122536 -20.210938 -0.550000
    endloop
  endfacet
  facet normal -0.952315 0.305117 0.000000
    outer loop
      vertex -12.122536 -20.210938 -0.550000
      vertex -12.122536 -20.210938 0.550000
      vertex -11.603837 -18.592003 0.550000
    endloop
  endfacet
  facet normal -0.952315 0.305117 0.000000
    outer loop
      vertex -12.122536 -20.210938 -0.550000
      vertex -11.603837 -18.592003 0.550000
      vertex -11.603837 -18.592003 -0.550000
    endloop
  endfacet
  facet normal -0.305117 -0.952315 0.000000
    outer loop
      vertex -11.603837 -18.592003 -0.550000
      vertex -11.603837 -18.592003 0.550000
      vertex -14.353949 -17.710879 0.550000
    endloop
  endfacet
  facet normal -0.305117 -0.952315 0.000000
    outer loop
      vertex -11.603837 -18.592003 -0.550000
      vertex -14.353949 -17.710879 0.550000
      vertex -14.353949 -17.710879 -0.550000
    endloop
  endfacet
  facet normal 0.000000 0.000000 1.000000
    outer loop
      vertex -11.662957 -18.575390 -0.550000
      vertex -12.063415 -20.227550 -0.550000
      vertex -9.199054 -20.921827 -0.550000
    endloop
  endfacet
  facet normal 0.000000 0.000000 1.000000
    outer loop
      vertex -11.662957 -18.575390 -0.550000
      vertex -9.199054 -20.921827 -0.550000
      vertex -8.798596 -19.269667 -0.550000
    endloop
  endfacet
  facet normal 0.000000 0.000000 -1.000000
    outer loop
      vertex -11.662957 -18.575390 0.550000
      vertex -8.798596 -19.269667 0.550000
      vertex -9.199054 -20.921827 0.550000
    endloop
  endfacet
  facet normal 0.000000 -0.000000 -1.000000
    outer loop
      vertex -11.662957 -18.575390 0.550000
      vertex -9.199054 -20.921827 0.550000
      vertex -12.063415 -20.227550 0.550000
    endloop
  endfacet
  facet normal 0.971859 -0.235564 0.000000
    outer loop
      vertex -11.662957 -18.575390 -0.550000
      vertex -11.662957 -18.575390 0.550000
      vertex -12.063415 -20.227550 0.550000
    endloop
  endfacet
  facet normal 0.971859 -0.235564 0.000000
    outer loop
      vertex -11.662957 -18.575390 -0.550000
      vertex -12.063415 -20.227550 0.550000
      vertex -12.063415 -20.227550 -0.550000
    endloop
  endfacet
  facet normal 0.235564 0.971859 -0.000000
    outer loop
      vertex -12.063415 -20.227550 -0.550000
      vertex -12.063415 -20.227550 0.550000
      vertex -9.199054 -20.921827 0.550000
    endloop
  endfacet
  facet normal 0.235564 0.971859 0.000000
    outer loop
      vertex -12.063415 -20.227550 -0.550000
      vertex -9.199054 -20.921827 0.550000
      vertex -9.199054 -20.921827 -0.550000
    endloop
  endfacet
  facet normal -0.971859 0.235564 0.000000
    outer loop
      vertex -9.199054 -20.921827 -0.550000
      vertex -9.199054 -20.921827 0.550000
      vertex -8.798596 -19.269667 0.550000
    endloop
  endfacet
  facet normal -0.971859 0.235564 0.000000
    outer loop
      vertex -9.199054 -20.921827 -0.550000
      vertex -8.798596 -19.269667 0.550000
      vertex -8.798596 -19.269667 -0.550000
    endloop
  endfacet
  facet normal -0.235564 -0.971859 0.000000
    outer loop
      vertex -8.798596 -19.269667 -0.550000
      vertex -8.798596 -19.269667 0.550000
      vertex -11.662957 -18.575390 0.550000
    endloop
  endfacet
  facet normal -0.235564 -0.971859 0.000000
    outer loop
      vertex -8.798596 -19.269667 -0.550000
      vertex -11.662957 -18.575390 0.550000
      vertex -11.662957 -18.575390 -0.550000
    endloop
  endfacet
  facet normal 0.000000 0.000000 1.000000
    outer loop
      vertex -8.856626 -19.257726 -0.550000
      vertex -9.141024 -20.933768 -0.550000
      vertex -6.189999 -21.434512 -0.550000
    endloop
  endfacet
  facet normal 0.000000 0.000000 1.000000
    outer loop
      vertex -8.856626 -19.257726 -0.550000
      vertex -6.189999 -21.434512 -0.550000
      vertex -5.905601 -19.758470 -0.550000
    endloop
  endfacet
  facet normal 0.000000 0.000000 -1.000000
    outer loop
      vertex -8.856626 -19.257726 0.550000
      vertex -5.905601 -19.758470 0.550000
      vertex -6.189999 -21.434512 0.550000
    endloop
  endfacet
  facet normal 0.000000 -0.000000 -1.000000
    outer loop
      vertex -8.856626 -19.257726 0.550000
      vertex -6.189999 -21.434512 0.550000
      vertex -9.141024 -20.933768 0.550000
    endloop
  endfacet
  facet normal 0.985907 -0.167293 0.000000
    outer loop
      vertex -8.856626 -19.257726 -0.550000
      vertex -8.856626 -19.257726 0.550000
      vertex -9.141024 -20.933768 0.550000
    endloop
  endfacet
  facet normal 0.985907 -0.167293 0.000000
    outer loop
      vertex -8.856626 -19.257726 -0.550000
      vertex -9.141024 -20.933768 0.550000
      vertex -9.141024 -20.933768 -0.550000
    endloop
  endfacet
  facet normal 0.167293 0.985907 -0.000000
    outer loop
      vertex -9.141024 -20.933768 -0.550000
      vertex -9.141024 -20.933768 0.550000
      vertex -6.189999 -21.434512 0.550000
    endloop
  endfacet
  facet normal 0.167293 0.985907 0.000000
    outer loop
      vertex -9.141024 -20.933768 -0.550000
      vertex -6.189999 -21.434512 0.550000
      vertex -6.189999 -21.434512 -0.550000
    endloop
  endfacet
  facet normal -0.985907 0.167293 0.000000
    outer loop
      vertex -6.189999 -21.434512 -0.550000
      vertex -6.189999 -21.434512 0.550000
      vertex -5.905601 -19.758470 0.550000
    endloop
  endfacet
  facet normal -0.985907 0.167293 0.000000
    outer loop
      vertex -6.189999 -21.434512 -0.550000
      vertex -5.905601 -19.758470 0.550000
      vertex -5.905601 -19.758470 -0.550000
    endloop
  endfacet
  facet normal -0.167293 -0.985907 0.000000
    outer loop
      vertex -5.905601 -19.758470 -0.550000
      vertex -5.905601 -19.758470 0.550000
      vertex -8.856626 -19.257726 0.550000
    endloop
  endfacet
  facet normal -0.167293 -0.985907 0.000000
    outer loop
      vertex -5.905601 -19.758470 -0.550000
      vertex -8.856626 -19.257726 0.550000
      vertex -8.856626 -19.257726 -0.550000
    endloop
  endfacet
  facet normal 0.000000 0.000000 1.000000
    outer loop
      vertex -5.962815 -19.750750 -0.550000
      vertex -6.132785 -21.442232 -0.550000
      vertex -3.123516 -21.744620 -0.550000
    endloop
  endfacet
  facet normal 0.000000 0.000000 1.000000
    outer loop
      vertex -5.962815 -19.750750 -0.550000
      vertex -3.123516 -21.744620 -0.550000
      vertex -2.953547 -20.053138 -0.550000
    endloop
  endfacet
  facet normal 0.000000 0.000000 -1.000000
    outer loop
      vertex -5.962815 -19.750750 0.550000
      vertex -2.953547 -20.053138 0.550000
      vertex -3.123516 -21.744620 0.550000
    endloop
  endfacet
  facet normal 0.000000 -0.000000 -1.000000
    outer loop
      vertex -5.962815 -19.750750 0.550000
      vertex -3.123516 -21.744620 0.550000
      vertex -6.132785 -21.442232 0.550000
    endloop
  endfacet
  facet normal 0.994989 -0.099982 0.000000
    outer loop
      vertex -5.962815 -19.750750 -0.550000
      vertex -5.962815 -19.750750 0.550000
      vertex -6.132785 -21.442232 0.550000
    endloop
  endfacet
  facet normal 0.994989 -0.099982 0.000000
    outer loop
      vertex -5.962815 -19.750750 -0.550000
      vertex -6.132785 -21.442232 0.550000
      vertex -6.132785 -21.442232 -0.550000
    endloop
  endfacet
  facet normal 0.099982 0.994989 -0.000000
    outer loop
      vertex -6.132785 -21.442232 -0.550000
      vertex -6.132785 -21.442232 0.550000
      vertex -3.123516 -21.744620 0.550000
    endloop
  endfacet
  facet normal 0.099982 0.994989 0.000000
    outer loop
      vertex -6.132785 -21.442232 -0.550000
      vertex -3.123516 -21.744620 0.550000
      vertex -3.123516 -21.744620 -0.550000
    endloop
  endfacet
  facet normal -0.994989 0.099982 0.000000
    outer loop
      vertex -3.123516 -21.744620 -0.550000
      vertex -3.123516 -21.744620 0.550000
      vertex -2.953547 -20.053138 0.550000
    endloop
  endfacet
  facet normal -0.994989 0.099982 0.000000
    outer loop
      vertex -3.123516 -21.744620 -0.550000
      vertex -2.953547 -20.053138 0.550000
      vertex -2.953547 -20.053138 -0.550000
    endloop
  endfacet
  facet normal -0.099982 -0.994989 0.000000
    outer loop
      vertex -2.953547 -20.053138 -0.550000
      vertex -2.953547 -20.053138 0.550000
      vertex -5.962815 -19.750750 0.550000
    endloop
  endfacet
  facet normal -0.099982 -0.994989 0.000000
    outer loop
      vertex -2.953547 -20.053138 -0.550000
      vertex -5.962815 -19.750750 0.550000
      vertex -5.962815 -19.750750 -0.550000
    endloop
  endfacet
  facet normal 0.000000 0.000000 1.000000
    outer loop
      vertex -3.010259 -20.049350 -0.550000
      vertex -3.066803 -21.748409 -0.550000
      vertex -0.028272 -21.849530 -0.550000
    endloop
  endfacet
  facet normal 0.000000 0.000000 1.000000
    outer loop
      vertex -3.010259 -20.049350 -0.550000
      vertex -0.028272 -21.849530 -0.550000
      vertex 0.028272 -20.150470 -0.550000
    endloop
  endfacet
  facet normal 0.000000 0.000000 -1.000000
    outer loop
      vertex -3.010259 -20.049350 0.550000
      vertex 0.028272 -20.150470 0.550000
      vertex -0.028272 -21.849530 0.550000
    endloop
  endfacet
  facet normal 0.000000 -0.000000 -1.000000
    outer loop
      vertex -3.010259 -20.049350 0.550000
      vertex -0.028272 -21.849530 0.550000
      vertex -3.066803 -21.748409 0.550000
    endloop
  endfacet
  facet normal 0.999447 -0.033261 0.000000
    outer loop
      vertex -3.010259 -20.049350 -0.550000
      vertex -3.010259 -20.049350 0.550000
      vertex -3.066803 -21.748409 0.550000
    endloop
  endfacet
  facet normal 0.999447 -0.033261 0.000000
    outer loop
      vertex -3.010259 -20.049350 -0.550000
      vertex -3.066803 -21.748409 0.550000
      vertex -3.066803 -21.748409 -0.550000
    endloop
  endfacet
  facet normal 0.033261 0.999447 -0.000000
    outer loop
      vertex -3.066803 -21.748409 -0.550000
      vertex -3.066803 -21.748409 0.550000
      vertex -0.028272 -21.849530 0.550000
    endloop
  endfacet
  facet normal 0.033261 0.999447 0.000000
    outer loop
      vertex -3.066803 -21.748409 -0.550000
      vertex -0.028272 -21.849530 0.550000
      vertex -0.028272 -21.849530 -0.550000
    endloop
  endfacet
  facet normal -0.999447 0.033261 0.000000
    outer loop
      vertex -0.028272 -21.849530 -0.550000
      vertex -0.028272 -21.849530 0.550000
      vertex 0.028272 -20.150470 0.550000
    endloop
  endfacet
  facet normal -0.999447 0.033261 0.000000
    outer loop
      vertex -0.028272 -21.849530 -0.550000
      vertex 0.028272 -20.150470 0.550000
      vertex 0.028272 -20.150470 -0.550000
    endloop
  endfacet
  facet normal -0.033261 -0.999447 0.000000
    outer loop
      vertex 0.028272 -20.150470 -0.550000
      vertex 0.028272 -20.150470 0.550000
      vertex -3.010259 -20.049350 0.550000
    endloop
  endfacet
  facet normal -0.033261 -0.999447 0.000000
    outer loop
      vertex 0.028272 -20.150470 -0.550000
      vertex -3.010259 -20.049350 0.550000
      vertex -3.010259 -20.049350 -0.550000
    endloop
  endfacet
  facet normal 0.000000 0.000000 1.000000
    outer loop
      vertex -0.028272 -20.150470 -0.550000
      vertex 0.028272 -21.849530 -0.550000
      vertex 3.066803 -21.748409 -0.550000
    endloop
  endfacet
  facet normal -0.000000 0.000000 1.000000
    outer loop
      vertex -0.028272 -20.150470 -0.550000
      vertex 3.066803 -21.748409 -0.550000
      vertex 3.010259 -20.049350 -0.550000
    endloop
  endfacet
  facet normal 0.000000 0.000000 -1.000000
    outer loop
      vertex -0.028272 -20.150470 0.550000
      vertex 3.010259 -20.049350 0.550000
      vertex 3.066803 -21.748409 0.550000
    endloop
  endfacet
  facet normal 0.000000 0.000000 -1.000000
    outer loop
      vertex -0.028272 -20.150470 0.550000
      vertex 3.066803 -21.748409 0.550000
      vertex 0.028272 -21.849530 0.550000
    endloop
  endfacet
  facet normal 0.999447 0.033261 -0.000000
    outer loop
      vertex -0.028272 -20.150470 -0.550000
      vertex -0.028272 -20.150470 0.550000
      vertex 0.028272 -21.849530 0.550000
    endloop
  endfacet
  facet normal 0.999447 0.033261 0.000000
    outer loop
      vertex -0.028272 -20.150470 -0.550000
      vertex 0.028272 -21.849530 0.550000
      vertex 0.028272 -21.849530 -0.550000
    endloop
  endfacet
  facet normal -0.033261 0.999447 0.000000
    outer loop
      vertex 0.028272 -21.849530 -0.550000
      vertex 0.028272 -21.849530 0.550000
      vertex 3.066803 -21.748409 0.550000
    endloop
  endfacet
  facet normal -0.033261 0.999447 0.000000
    outer loop
      vertex 0.028272 -21.849530 -0.550000
      vertex 3.066803 -21.748409 0.550000
      vertex 3.066803 -21.748409 -0.550000
    endloop
  endfacet
  facet normal -0.999447 -0.033261 0.000000
    outer loop
      vertex 3.066803 -21.748409 -0.550000
      vertex 3.066803 -21.748409 0.550000
      vertex 3.010259 -20.049350 0.550000
    endloop
  endfacet
  facet normal -0.999447 -0.033261 0.000000
    outer loop
      vertex 3.066803 -21.748409 -0.550000
      vertex 3.010259 -20.049350 0.550000
      vertex 3.010259 -20.049350 -0.550000
    endloop
  endfacet
  facet normal 0.033261 -0.999447 0.000000
    outer loop
      vertex 3.010259 -20.049350 -0.550000
      vertex 3.010259 -20.049350 0.550000
      vertex -0.028272 -20.150470 0.550000
    endloop
  endfacet
  facet normal 0.033261 -0.999447 0.000000
    outer loop
      vertex 3.010259 -20.049350 -0.550000
      vertex -0.028272 -20.150470 0.550000
      vertex -0.028272 -20.150470 -0.550000
    endloop
  endfacet
  facet normal 0.000000 0.000000 1.000000
    outer loop
      vertex 2.953547 -20.053138 -0.550000
      vertex 3.123516 -21.744620 -0.550000
      vertex 6.132785 -21.442232 -0.550000
    endloop
  endfacet
  facet normal -0.000000 0.000000 1.000000
    outer loop
      vertex 2.953547 -20.053138 -0.550000
      vertex 6.132785 -21.442232 -0.550000
      vertex 5.962815 -19.750750 -0.550000
    endloop
  endfacet
  facet normal 0.000000 0.000000 -1.000000
    outer loop
      vertex 2.953547 -20.053138 0.550000
      vertex 5.962815 -19.750750 0.550000
      vertex 6.132785 -21.442232 0.550000
    endloop
  endfacet
  facet normal 0.000000 0.000000 -1.000000
    outer loop
      vertex 2.953547 -20.053138 0.550000
      vertex 6.132785 -21.442232 0.550000
      vertex 3.123516 -21.744620 0.550000
    endloop
  endfacet
  facet normal 0.994989 0.099982 -0.000000
    outer loop
      vertex 2.953547 -20.053138 -0.550000
      vertex 2.953547 -20.053138 0.550000
      vertex 3.123516 -21.744620 0.550000
    endloop
  endfacet
  facet normal 0.994989 0.099982 0.000000
    outer loop
      vertex 2.953547 -20.053138 -0.550000
      vertex 3.123516 -21.744620 0.550000
      vertex 3.123516 -21.744620 -0.550000
    endloop
  endfacet
  facet normal -0.099982 0.994989 0.000000
    outer loop
      vertex 3.123516 -21.744620 -0.550000
      vertex 3.123516 -21.744620 0.550000
      vertex 6.132785 -21.442232 0.550000
    endloop
  endfacet
  facet normal -0.099982 0.994989 0.000000
    outer loop
      vertex 3.123516 -21.744620 -0.550000
      vertex 6.132785 -21.442232 0.550000
      vertex 6.132785 -21.442232 -0.550000
    endloop
  endfacet
  facet normal -0.994989 -0.099982 0.000000
    outer loop
      vertex 6.132785 -21.442232 -0.550000
      vertex 6.132785 -21.442232 0.550000
      vertex 5.962815 -19.750750 0.550000
    endloop
  endfacet
  facet normal -0.994989 -0.099982 0.000000
    outer loop
      vertex 6.132785 -21.442232 -0.550000
      vertex 5.962815 -19.750750 0.550000
      vertex 5.962815 -19.750750 -0.550000
    endloop
  endfacet
  facet normal 0.099982 -0.994989 0.000000
    outer loop
      vertex 5.962815 -19.750750 -0.550000
      vertex 5.962815 -19.750750 0.550000
      vertex 2.953547 -20.053138 0.550000
    endloop
  endfacet
  facet normal 0.099982 -0.994989 0.000000
    outer loop
      vertex 5.962815 -19.750750 -0.550000
      vertex 2.953547 -20.053138 0.550000
      vertex 2.953547 -20.053138 -0.550000
    endloop
  endfacet
  facet normal 0.000000 0.000000 1.000000
    outer loop
      vertex 5.905601 -19.758470 -0.550000
      vertex 6.189999 -21.434512 -0.550000
      vertex 9.141024 -20.933768 -0.550000
    endloop
  endfacet
  facet normal -0.000000 0.000000 1.000000
    outer loop
      vertex 5.905601 -19.758470 -0.550000
      vertex 9.141024 -20.933768 -0.550000
      vertex 8.856626 -19.257726 -0.550000
    endloop
  endfacet
  facet normal 0.000000 0.000000 -1.000000
    outer loop
      vertex 5.905601 -19.758470 0.550000
      vertex 8.856626 -19.257726 0.550000
      vertex 9.141024 -20.933768 0.550000
    endloop
  endfacet
  facet normal 0.000000 0.000000 -1.000000
    outer loop
      vertex 5.905601 -19.758470 0.550000
      vertex 9.141024 -20.933768 0.550000
      vertex 6.189999 -21.434512 0.550000
    endloop
  endfacet
  facet normal 0.985907 0.167293 -0.000000
    outer loop
      vertex 5.905601 -19.758470 -0.550000
      vertex 5.905601 -19.758470 0.550000
      vertex 6.189999 -21.434512 0.550000
    endloop
  endfacet
  facet normal 0.985907 0.167293 0.000000
    outer loop
      vertex 5.905601 -19.758470 -0.550000
      vertex 6.189999 -21.434512 0.550000
      vertex 6.189999 -21.434512 -0.550000
    endloop
  endfacet
  facet normal -0.167293 0.985907 0.000000
    outer loop
      vertex 6.189999 -21.434512 -0.550000
      vertex 6.189999 -21.434512 0.550000
      vertex 9.141024 -20.933768 0.550000
    endloop
  endfacet
  facet normal -0.167293 0.985907 0.000000
    outer loop
      vertex 6.189999 -21.434512 -0.550000
      vertex 9.141024 -20.933768 0.550000
      vertex 9.141024 -20.933768 -0.550000
    endloop
  endfacet
  facet normal -0.985907 -0.167293 0.000000
    outer loop
      vertex 9.141024 -20.933768 -0.550000
      vertex 9.141024 -20.933768 0.550000
      vertex 8.856626 -19.257726 0.550000
    endloop
  endfacet
  facet normal -0.985907 -0.167293 0.000000
    outer loop
      vertex 9.141024 -20.933768 -0.550000
      vertex 8.856626 -19.257726 0.550000
      vertex 8.856626 -19.257726 -0.550000
    endloop
  endfacet
  facet normal 0.167293 -0.985907 0.000000
    outer loop
      vertex 8.856626 -19.257726 -0.550000
      vertex 8.856626 -19.257726 0.550000
      vertex 5.905601 -19.758470 0.550000
    endloop
  endfacet
  facet normal 0.167293 -0.985907 0.000000
    outer loop
      vertex 8.856626 -19.257726 -0.550000
      vertex 5.905601 -19.758470 0.550000
      vertex 5.905601 -19.758470 -0.550000
    endloop
  endfacet
  facet normal 0.000000 0.000000 1.000000
    outer loop
      vertex 8.798596 -19.269667 -0.550000
      vertex 9.199054 -20.921827 -0.550000
      vertex 12.063415 -20.227550 -0.550000
    endloop
  endfacet
  facet normal -0.000000 0.000000 1.000000
    outer loop
      vertex 8.798596 -19.269667 -0.550000
      vertex 12.063415 -20.227550 -0.550000
      vertex 11.662957 -18.575390 -0.550000
    endloop
  endfacet
  facet normal 0.000000 0.000000 -1.000000
    outer loop
      vertex 8.798596 -19.269667 0.550000
      vertex 11.662957 -18.575390 0.550000
      vertex 12.063415 -20.227550 0.550000
    endloop
  endfacet
  facet normal 0.000000 0.000000 -1.000000
    outer loop
      vertex 8.798596 -19.269667 0.550000
      vertex 12.063415 -20.227550 0.550000
      vertex 9.199054 -20.921827 0.550000
    endloop
  endfacet
  facet normal 0.971859 0.235564 -0.000000
    outer loop
      vertex 8.798596 -19.269667 -0.550000
      vertex 8.798596 -19.269667 0.550000
      vertex 9.199054 -20.921827 0.550000
    endloop
  endfacet
  facet normal 0.971859 0.235564 0.000000
    outer loop
      vertex 8.798596 -19.269667 -0.550000
      vertex 9.199054 -20.921827 0.550000
      vertex 9.199054 -20.921827 -0.550000
    endloop
  endfacet
  facet normal -0.235564 0.971859 0.000000
    outer loop
      vertex 9.199054 -20.921827 -0.550000
      vertex 9.199054 -20.921827 0.550000
      vertex 12.063415 -20.227550 0.550000
    endloop
  endfacet
  facet normal -0.235564 0.971859 0.000000
    outer loop
      vertex 9.199054 -20.921827 -0.550000
      vertex 12.063415 -20.227550 0.550000
      vertex 12.063415 -20.227550 -0.550000
    endloop
  endfacet
  facet normal -0.971859 -0.235564 0.000000
    outer loop
      vertex 12.063415 -20.227550 -0.550000
      vertex 12.063415 -20.227550 0.550000
      vertex 11.662957 -18.575390 0.550000
    endloop
  endfacet
  facet normal -0.971859 -0.235564 0.000000
    outer loop
      vertex 12.063415 -20.227550 -0.550000
      vertex 11.662957 -18.575390 0.550000
      vertex 11.662957 -18.575390 -0.550000
    endloop
  endfacet
  facet normal 0.235564 -0.971859 0.000000
    outer loop
      vertex 11.662957 -18.575390 -0.550000
      vertex 11.662957 -18.575390 0.550000
      vertex 8.798596 -19.269667 0.550000
    endloop
  endfacet
  facet normal 0.235564 -0.971859 0.000000
    outer loop
      vertex 11.662957 -18.575390 -0.550000
      vertex 8.798596 -19.269667 0.550000
      vertex 8.798596 -19.269667 -0.550000
    endloop
  endfacet
  facet normal 0.000000 0.000000 1.000000
    outer loop
      vertex 11.603837 -18.592003 -0.550000
      vertex 12.122536 -20.210938 -0.550000
      vertex 14.872649 -19.329814 -0.550000
    endloop
  endfacet
  facet normal -0.000000 0.000000 1.000000
    outer loop
      vertex 11.603837 -18.592003 -0.550000
      vertex 14.872649 -19.329814 -0.550000
      vertex 14.353949 -17.710879 -0.550000
    endloop
  endfacet
  facet normal 0.000000 0.000000 -1.000000
    outer loop
      vertex 11.603837 -18.592003 0.550000
      vertex 14.353949 -17.710879 0.550000
      vertex 14.872649 -19.329814 0.550000
    endloop
  endfacet
  facet normal 0.000000 0.000000 -1.000000
    outer loop
      vertex 11.603837 -18.592003 0.550000
      vertex 14.872649 -19.329814 0.550000
      vertex 12.122536 -20.210938 0.550000
    endloop
  endfacet
  facet normal 0.952315 0.305117 -0.000000
    outer loop
      vertex 11.603837 -18.592003 -0.550000
      vertex 11.603837 -18.592003 0.550000
      vertex 12.122536 -20.210938 0.550000
    endloop
  endfacet
  facet normal 0.952315 0.305117 0.000000
    outer loop
      vertex 11.603837 -18.592003 -0.550000
      vertex 12.122536 -20.210938 0.550000
      vertex 12.122536 -20.210938 -0.550000
    endloop
  endfacet
  facet normal -0.305117 0.952315 0.000000
    outer loop
      vertex 12.122536 -20.210938 -0.550000
      vertex 12.122536 -20.210938 0.550000
      vertex 14.872649 -19.329814 0.550000
    endloop
  endfacet
  facet normal -0.305117 0.952315 0.000000
    outer loop
      vertex 12.122536 -20.210938 -0.550000
      vertex 14.872649 -19.329814 0.550000
      vertex 14.872649 -19.329814 -0.550000
    endloop
  endfacet
  facet normal -0.952315 -0.305117 0.000000
    outer loop
      vertex 14.872649 -19.329814 -0.550000
      vertex 14.872649 -19.329814 0.550000
      vertex 14.353949 -17.710879 0.550000
    endloop
  endfacet
  facet normal -0.952315 -0.305117 0.000000
    outer loop
      vertex 14.872649 -19.329814 -0.550000
      vertex 14.353949 -17.710879 0.550000
      vertex 14.353949 -17.710879 -0.550000
    endloop
  endfacet
  facet normal 0.305117 -0.952315 0.000000
    outer loop
      vertex 14.353949 -17.710879 -0.550000
      vertex 14.353949 -17.710879 0.550000
      vertex 11.603837 -18.592003 0.550000
    endloop
  endfacet
  facet normal 0.305117 -0.952315 0.000000
    outer loop
      vertex 14.353949 -17.710879 -0.550000
      vertex 11.603837 -18.592003 0.550000
      vertex 11.603837 -18.592003 -0.550000
    endloop
  endfacet
  facet normal 0.000000 0.000000 1.000000
    outer loop
      vertex 14.293527 -17.732789 -0.550000
      vertex 14.933070 -19.307904 -0.550000
      vertex 17.542449 -18.248419 -0.550000
    endloop
  endfacet
  facet normal -0.000000 0.000000 1.000000
    outer loop
      vertex 14.293527 -17.732789 -0.550000
      vertex 17.542449 -18.248419 -0.550000
      vertex 16.902906 -16.673305 -0.550000
    endloop
  endfacet
  facet normal 0.000000 0.000000 -1.000000
    outer loop
      vertex 14.293527 -17.732789 0.550000
      vertex 16.902906 -16.673305 0.550000
      vertex 17.542449 -18.248419 0.550000
    endloop
  endfacet
  facet normal 0.000000 0.000000 -1.000000
    outer loop
      vertex 14.293527 -17.732789 0.550000
      vertex 17.542449 -18.248419 0.550000
      vertex 14.933070 -19.307904 0.550000
    endloop
  endfacet
  facet normal 0.926538 0.376202 -0.000000
    outer loop
      vertex 14.293527 -17.732789 -0.550000
      vertex 14.293527 -17.732789 0.550000
      vertex 14.933070 -19.307904 0.550000
    endloop
  endfacet
  facet normal 0.926538 0.376202 0.000000
    outer loop
      vertex 14.293527 -17.732789 -0.550000
      vertex 14.933070 -19.307904 0.550000
      vertex 14.933070 -19.307904 -0.550000
    endloop
  endfacet
  facet normal -0.376202 0.926538 0.000000
    outer loop
      vertex 14.933070 -19.307904 -0.550000
      vertex 14.933070 -19.307904 0.550000
      vertex 17.542449 -18.248419 0.550000
    endloop
  endfacet
  facet normal -0.376202 0.926538 0.000000
    outer loop
      vertex 14.933070 -19.307904 -0.550000
      vertex 17.542449 -18.248419 0.550000
      vertex 17.542449 -18.248419 -0.550000
    endloop
  endfacet
  facet normal -0.926538 -0.376202 0.000000
    outer loop
      vertex 17.542449 -18.248419 -0.550000
      vertex 17.542449 -18.248419 0.550000
      vertex 16.902906 -16.673305 0.550000
    endloop
  endfacet
  facet normal -0.926538 -0.376202 0.000000
    outer loop
      vertex 17.542449 -18.248419 -0.550000
      vertex 16.902906 -16.673305 0.550000
      vertex 16.902906 -16.673305 -0.550000
    endloop
  endfacet
  facet normal 0.376202 -0.926538 0.000000
    outer loop
      vertex 16.902906 -16.673305 -0.550000
      vertex 16.902906 -16.673305 0.550000
      vertex 14.293527 -17.732789 0.550000
    endloop
  endfacet
  facet normal 0.376202 -0.926538 0.000000
    outer loop
      vertex 16.902906 -16.673305 -0.550000
      vertex 14.293527 -17.732789 0.550000
      vertex 14.293527 -17.732789 -0.550000
    endloop
  endfacet
  facet normal 0.000000 0.000000 1.000000
    outer loop
      vertex 16.841083 -16.701332 -0.550000
      vertex 17.604271 -18.220392 -0.550000
      vertex 20.047786 -16.992750 -0.550000
    endloop
  endfacet
  facet normal -0.000000 0.000000 1.000000
    outer loop
      vertex 16.841083 -16.701332 -0.550000
      vertex 20.047786 -16.992750 -0.550000
      vertex 19.284598 -15.473690 -0.550000
    endloop
  endfacet
  facet normal 0.000000 0.000000 -1.000000
    outer loop
      vertex 16.841083 -16.701332 0.550000
      vertex 19.284598 -15.473690 0.550000
      vertex 20.047786 -16.992750 0.550000
    endloop
  endfacet
  facet normal 0.000000 0.000000 -1.000000
    outer loop
      vertex 16.841083 -16.701332 0.550000
      vertex 20.047786 -16.992750 0.550000
      vertex 17.604271 -18.220392 0.550000
    endloop
  endfacet
  facet normal 0.893565 0.448934 -0.000000
    outer loop
      vertex 16.841083 -16.701332 -0.550000
      vertex 16.841083 -16.701332 0.550000
      vertex 17.604271 -18.220392 0.550000
    endloop
  endfacet
  facet normal 0.893565 0.448934 0.000000
    outer loop
      vertex 16.841083 -16.701332 -0.550000
      vertex 17.604271 -18.220392 0.550000
      vertex 17.604271 -18.220392 -0.550000
    endloop
  endfacet
  facet normal -0.448934 0.893565 0.000000
    outer loop
      vertex 17.604271 -18.220392 -0.550000
      vertex 17.604271 -18.220392 0.550000
      vertex 20.047786 -16.992750 0.550000
    endloop
  endfacet
  facet normal -0.448934 0.893565 0.000000
    outer loop
      vertex 17.604271 -18.220392 -0.550000
      vertex 20.047786 -16.992750 0.550000
      vertex 20.047786 -16.992750 -0.550000
    endloop
  endfacet
  facet normal -0.893565 -0.448934 0.000000
    outer loop
      vertex 20.047786 -16.992750 -0.550000
      vertex 20.047786 -16.992750 0.550000
      vertex 19.284598 -15.473690 0.550000
    endloop
  endfacet
  facet normal -0.893565 -0.448934 0.000000
    outer loop
      vertex 20.047786 -16.992750 -0.550000
      vertex 19.284598 -15.473690 0.550000
      vertex 19.284598 -15.473690 -0.550000
    endloop
  endfacet
  facet normal 0.448934 -0.893565 0.000000
    outer loop
      vertex 19.284598 -15.473690 -0.550000
      vertex 19.284598 -15.473690 0.550000
      vertex 16.841083 -16.701332 0.550000
    endloop
  endfacet
  facet normal 0.448934 -0.893565 0.000000
    outer loop
      vertex 19.284598 -15.473690 -0.550000
      vertex 16.841083 -16.701332 0.550000
      vertex 16.841083 -16.701332 -0.550000
    endloop
  endfacet
  facet normal 0.000000 0.000000 1.000000
    outer loop
      vertex 19.221449 -15.508855 -0.550000
      vertex 20.110935 -16.957584 -0.550000
      vertex 22.365053 -15.573607 -0.550000
    endloop
  endfacet
  facet normal -0.000000 0.000000 1.000000
    outer loop
      vertex 19.221449 -15.508855 -0.550000
      vertex 22.365053 -15.573607 -0.550000
      vertex 21.475567 -14.124878 -0.550000
    endloop
  endfacet
  facet normal 0.000000 0.000000 -1.000000
    outer loop
      vertex 19.221449 -15.508855 0.550000
      vertex 21.475567 -14.124878 0.550000
      vertex 22.365053 -15.573607 0.550000
    endloop
  endfacet
  facet normal 0.000000 0.000000 -1.000000
    outer loop
      vertex 19.221449 -15.508855 0.550000
      vertex 22.365053 -15.573607 0.550000
      vertex 20.110935 -16.957584 0.550000
    endloop
  endfacet
  facet normal 0.852193 0.523227 -0.000000
    outer loop
      vertex 19.221449 -15.508855 -0.550000
      vertex 19.221449 -15.508855 0.550000
      vertex 20.110935 -16.957584 0.550000
    endloop
  endfacet
  facet normal 0.852193 0.523227 0.000000
    outer loop
      vertex 19.221449 -15.508855 -0.550000
      vertex 20.110935 -16.957584 0.550000
      vertex 20.110935 -16.957584 -0.550000
    endloop
  endfacet
  facet normal -0.523227 0.852193 0.000000
    outer loop
      vertex 20.110935 -16.957584 -0.550000
      vertex 20.110935 -16.957584 0.550000
      vertex 22.365053 -15.573607 0.550000
    endloop
  endfacet
  facet normal -0.523227 0.852193 0.000000
    outer loop
      vertex 20.110935 -16.957584 -0.550000
      vertex 22.365053 -15.573607 0.550000
      vertex 22.365053 -15.573607 -0.550000
    endloop
  endfacet
  facet normal -0.852193 -0.523227 0.000000
    outer loop
      vertex 22.365053 -15.573607 -0.550000
      vertex 22.365053 -15.573607 0.550000
      vertex 21.475567 -14.124878 0.550000
    endloop
  endfacet
  facet normal -0.852193 -0.523227 0.000000
    outer loop
      vertex 22.365053 -15.573607 -0.550000
      vertex 21.475567 -14.124878 0.550000
      vertex 21.475567 -14.124878 -0.550000
    endloop
  endfacet
  facet normal 0.523227 -0.852193 0.000000
    outer loop
      vertex 21.475567 -14.124878 -0.550000
      vertex 21.475567 -14.124878 0.550000
      vertex 19.221449 -15.508855 0.550000
    endloop
  endfacet
  facet normal 0.523227 -0.852193 0.000000
    outer loop
      vertex 21.475567 -14.124878 -0.550000
      vertex 19.221449 -15.508855 0.550000
      vertex 19.221449 -15.508855 -0.550000
    endloop
  endfacet
  facet normal -0.000000 0.000000 1.000000
    outer loop
      vertex 21.411436 -14.168399 -0.550000
      vertex 22.429184 -15.530086 -0.550000
      vertex 24.472198 -14.003102 -0.550000
    endloop
  endfacet
  facet normal 0.000000 0.000000 1.000000
    outer loop
      vertex 21.411436 -14.168399 -0.550000
      vertex 24.472198 -14.003102 -0.550000
      vertex 23.454450 -12.641416 -0.550000
    endloop
  endfacet
  facet normal 0.000000 0.000000 -1.000000
    outer loop
      vertex 21.411436 -14.168399 0.550000
      vertex 23.454450 -12.641416 0.550000
      vertex 24.472198 -14.003102 0.550000
    endloop
  endfacet
  facet normal 0.000000 0.000000 -1.000000
    outer loop
      vertex 21.411436 -14.168399 0.550000
      vertex 24.472198 -14.003102 0.550000
      vertex 22.429184 -15.530086 0.550000
    endloop
  endfacet
  facet normal 0.800992 0.598675 -0.000000
    outer loop
      vertex 21.411436 -14.168399 -0.550000
      vertex 21.411436 -14.168399 0.550000
      vertex 22.429184 -15.530086 0.550000
    endloop
  endfacet
  facet normal 0.800992 0.598675 0.000000
    outer loop
      vertex 21.411436 -14.168399 -0.550000
      vertex 22.429184 -15.530086 0.550000
      vertex 22.429184 -15.530086 -0.550000
    endloop
  endfacet
  facet normal -0.598675 0.800992 0.000000
    outer loop
      vertex 22.429184 -15.530086 -0.550000
      vertex 22.429184 -15.530086 0.550000
      vertex 24.472198 -14.003102 0.550000
    endloop
  endfacet
  facet normal -0.598675 0.800992 0.000000
    outer loop
      vertex 22.429184 -15.530086 -0.550000
      vertex 24.472198 -14.003102 0.550000
      vertex 24.472198 -14.003102 -0.550000
    endloop
  endfacet
  facet normal -0.800992 -0.598675 0.000000
    outer loop
      vertex 24.472198 -14.003102 -0.550000
      vertex 24.472198 -14.003102 0.550000
      vertex 23.454450 -12.641416 0.550000
    endloop
  endfacet
  facet normal -0.800992 -0.598675 0.000000
    outer loop
      vertex 24.472198 -14.003102 -0.550000
      vertex 23.454450 -12.641416 0.550000
      vertex 23.454450 -12.641416 -0.550000
    endloop
  endfacet
  facet normal 0.598675 -0.800992 0.000000
    outer loop
      vertex 23.454450 -12.641416 -0.550000
      vertex 23.454450 -12.641416 0.550000
      vertex 21.411436 -14.168399 0.550000
    endloop
  endfacet
  facet normal 0.598675 -0.800992 0.000000
    outer loop
      vertex 23.454450 -12.641416 -0.550000
      vertex 21.411436 -14.168399 0.550000
      vertex 21.411436 -14.168399 -0.550000
    endloop
  endfacet
  facet normal -0.000000 0.000000 1.000000
    outer loop
      vertex 23.390075 -12.694656 -0.550000
      vertex 24.536573 -13.949862 -0.550000
      vertex 26.348807 -12.294578 -0.550000
    endloop
  endfacet
  facet normal 0.000000 0.000000 1.000000
    outer loop
      vertex 23.390075 -12.694656 -0.550000
      vertex 26.348807 -12.294578 -0.550000
      vertex 25.202309 -11.039372 -0.550000
    endloop
  endfacet
  facet normal 0.000000 0.000000 -1.000000
    outer loop
      vertex 23.390075 -12.694656 0.550000
      vertex 25.202309 -11.039372 0.550000
      vertex 26.348807 -12.294578 0.550000
    endloop
  endfacet
  facet normal 0.000000 0.000000 -1.000000
    outer loop
      vertex 23.390075 -12.694656 0.550000
      vertex 26.348807 -12.294578 0.550000
      vertex 24.536573 -13.949862 0.550000
    endloop
  endfacet
  facet normal 0.738357 0.674411 -0.000000
    outer loop
      vertex 23.390075 -12.694656 -0.550000
      vertex 23.390075 -12.694656 0.550000
      vertex 24.536573 -13.949862 0.550000
    endloop
  endfacet
  facet normal 0.738357 0.674411 0.000000
    outer loop
      vertex 23.390075 -12.694656 -0.550000
      vertex 24.536573 -13.949862 0.550000
      vertex 24.536573 -13.949862 -0.550000
    endloop
  endfacet
  facet normal -0.674411 0.738357 0.000000
    outer loop
      vertex 24.536573 -13.949862 -0.550000
      vertex 24.536573 -13.949862 0.550000
      vertex 26.348807 -12.294578 0.550000
    endloop
  endfacet
  facet normal -0.674411 0.738357 0.000000
    outer loop
      vertex 24.536573 -13.949862 -0.550000
      vertex 26.348807 -12.294578 0.550000
      vertex 26.348807 -12.294578 -0.550000
    endloop
  endfacet
  facet normal -0.738357 -0.674411 0.000000
    outer loop
      vertex 26.348807 -12.294578 -0.550000
      vertex 26.348807 -12.294578 0.550000
      vertex 25.202309 -11.039372 0.550000
    endloop
  endfacet
  facet normal -0.738357 -0.674411 0.000000
    outer loop
      vertex 26.348807 -12.294578 -0.550000
      vertex 25.202309 -11.039372 0.550000
      vertex 25.202309 -11.039372 -0.550000
    endloop
  endfacet
  facet normal 0.674411 -0.738357 0.000000
    outer loop
      vertex 25.202309 -11.039372 -0.550000
      vertex 25.202309 -11.039372 0.550000
      vertex 23.390075 -12.694656 0.550000
    endloop
  endfacet
  facet normal 0.674411 -0.738357 0.000000
    outer loop
      vertex 25.202309 -11.039372 -0.550000
      vertex 23.390075 -12.694656 0.550000
      vertex 23.390075 -12.694656 -0.550000
    endloop
  endfacet
  facet normal -0.000000 0.000000 1.000000
    outer loop
      vertex 25.138967 -11.103723 -0.550000
      vertex 26.412148 -12.230227 -0.550000
      vertex 27.976150 -10.462583 -0.550000
    endloop
  endfacet
  facet normal 0.000000 0.000000 1.000000
    outer loop
      vertex 25.138967 -11.103723 -0.550000
      vertex 27.976150 -10.462583 -0.550000
      vertex 26.702969 -9.336080 -0.550000
    endloop
  endfacet
  facet normal 0.000000 0.000000 -1.000000
    outer loop
      vertex 25.138967 -11.103723 0.550000
      vertex 26.702969 -9.336080 0.550000
      vertex 27.976150 -10.462583 0.550000
    endloop
  endfacet
  facet normal 0.000000 0.000000 -1.000000
    outer loop
      vertex 25.138967 -11.103723 0.550000
      vertex 27.976150 -10.462583 0.550000
      vertex 26.412148 -12.230227 0.550000
    endloop
  endfacet
  facet normal 0.662649 0.748930 -0.000000
    outer loop
      vertex 25.138967 -11.103723 -0.550000
      vertex 25.138967 -11.103723 0.550000
      vertex 26.412148 -12.230227 0.550000
    endloop
  endfacet
  facet normal 0.662649 0.748930 0.000000
    outer loop
      vertex 25.138967 -11.103723 -0.550000
      vertex 26.412148 -12.230227 0.550000
      vertex 26.412148 -12.230227 -0.550000
    endloop
  endfacet
  facet normal -0.748930 0.662649 0.000000
    outer loop
      vertex 26.412148 -12.230227 -0.550000
      vertex 26.412148 -12.230227 0.550000
      vertex 27.976150 -10.462583 0.550000
    endloop
  endfacet
  facet normal -0.748930 0.662649 0.000000
    outer loop
      vertex 26.412148 -12.230227 -0.550000
      vertex 27.976150 -10.462583 0.550000
      vertex 27.976150 -10.462583 -0.550000
    endloop
  endfacet
  facet normal -0.662649 -0.748930 0.000000
    outer loop
      vertex 27.976150 -10.462583 -0.550000
      vertex 27.976150 -10.462583 0.550000
      vertex 26.702969 -9.336080 0.550000
    endloop
  endfacet
  facet normal -0.662649 -0.748930 0.000000
    outer loop
      vertex 27.976150 -10.462583 -0.550000
      vertex 26.702969 -9.336080 0.550000
      vertex 26.702969 -9.336080 -0.550000
    endloop
  endfacet
  facet normal 0.748930 -0.662649 0.000000
    outer loop
      vertex 26.702969 -9.336080 -0.550000
      vertex 26.702969 -9.336080 0.550000
      vertex 25.138967 -11.103723 0.550000
    endloop
  endfacet
  facet normal 0.748930 -0.662649 0.000000
    outer loop
      vertex 26.702969 -9.336080 -0.550000
      vertex 25.138967 -11.103723 0.550000
      vertex 25.138967 -11.103723 -0.550000
    endloop
  endfacet
  facet normal -0.000000 0.000000 1.000000
    outer loop
      vertex 26.642619 -9.412737 -0.550000
      vertex 28.036500 -10.385926 -0.550000
      vertex 29.337206 -8.522946 -0.550000
    endloop
  endfacet
  facet normal 0.000000 0.000000 1.000000
    outer loop
      vertex 26.642619 -9.412737 -0.550000
      vertex 29.337206 -8.522946 -0.550000
      vertex 27.943325 -7.549758 -0.550000
    endloop
  endfacet
  facet normal 0.000000 0.000000 -1.000000
    outer loop
      vertex 26.642619 -9.412737 0.550000
      vertex 27.943325 -7.549758 0.550000
      vertex 29.337206 -8.522946 0.550000
    endloop
  endfacet
  facet normal 0.000000 0.000000 -1.000000
    outer loop
      vertex 26.642619 -9.412737 0.550000
      vertex 29.337206 -8.522946 0.550000
      vertex 28.036500 -10.385926 0.550000
    endloop
  endfacet
  facet normal 0.572464 0.819930 -0.000000
    outer loop
      vertex 26.642619 -9.412737 -0.550000
      vertex 26.642619 -9.412737 0.550000
      vertex 28.036500 -10.385926 0.550000
    endloop
  endfacet
  facet normal 0.572464 0.819930 0.000000
    outer loop
      vertex 26.642619 -9.412737 -0.550000
      vertex 28.036500 -10.385926 0.550000
      vertex 28.036500 -10.385926 -0.550000
    endloop
  endfacet
  facet normal -0.819930 0.572464 0.000000
    outer loop
      vertex 28.036500 -10.385926 -0.550000
      vertex 28.036500 -10.385926 0.550000
      vertex 29.337206 -8.522946 0.550000
    endloop
  endfacet
  facet normal -0.819930 0.572464 0.000000
    outer loop
      vertex 28.036500 -10.385926 -0.550000
      vertex 29.337206 -8.522946 0.550000
      vertex 29.337206 -8.522946 -0.550000
    endloop
  endfacet
  facet normal -0.572464 -0.819930 0.000000
    outer loop
      vertex 29.337206 -8.522946 -0.550000
      vertex 29.337206 -8.522946 0.550000
      vertex 27.943325 -7.549758 0.550000
    endloop
  endfacet
  facet normal -0.572464 -0.819930 0.000000
    outer loop
      vertex 29.337206 -8.522946 -0.550000
      vertex 27.943325 -7.549758 0.550000
      vertex 27.943325 -7.549758 -0.550000
    endloop
  endfacet
  facet normal 0.819930 -0.572464 0.000000
    outer loop
      vertex 27.943325 -7.549758 -0.550000
      vertex 27.943325 -7.549758 0.550000
      vertex 26.642619 -9.412737 0.550000
    endloop
  endfacet
  facet normal 0.819930 -0.572464 0.000000
    outer loop
      vertex 27.943325 -7.549758 -0.550000
      vertex 26.642619 -9.412737 0.550000
      vertex 26.642619 -9.412737 -0.550000
    endloop
  endfacet
  facet normal -0.000000 0.000000 1.000000
    outer loop
      vertex 27.888666 -7.639365 -0.550000
      vertex 29.391865 -8.433339 -0.550000
      vertex 30.416750 -6.492965 -0.550000
    endloop
  endfacet
  facet normal 0.000000 0.000000 1.000000
    outer loop
      vertex 27.888666 -7.639365 -0.550000
      vertex 30.416750 -6.492965 -0.550000
      vertex 28.913551 -5.698991 -0.550000
    endloop
  endfacet
  facet normal 0.000000 0.000000 -1.000000
    outer loop
      vertex 27.888666 -7.639365 0.550000
      vertex 28.913551 -5.698991 0.550000
      vertex 30.416750 -6.492965 0.550000
    endloop
  endfacet
  facet normal 0.000000 0.000000 -1.000000
    outer loop
      vertex 27.888666 -7.639365 0.550000
      vertex 30.416750 -6.492965 0.550000
      vertex 29.391865 -8.433339 0.550000
    endloop
  endfacet
  facet normal 0.467043 0.884234 -0.000000
    outer loop
      vertex 27.888666 -7.639365 -0.550000
      vertex 27.888666 -7.639365 0.550000
      vertex 29.391865 -8.433339 0.550000
    endloop
  endfacet
  facet normal 0.467043 0.884234 0.000000
    outer loop
      vertex 27.888666 -7.639365 -0.550000
      vertex 29.391865 -8.433339 0.550000
      vertex 29.391865 -8.433339 -0.550000
    endloop
  endfacet
  facet normal -0.884234 0.467043 0.000000
    outer loop
      vertex 29.391865 -8.433339 -0.550000
      vertex 29.391865 -8.433339 0.550000
      vertex 30.416750 -6.492965 0.550000
    endloop
  endfacet
  facet normal -0.884234 0.467043 0.000000
    outer loop
      vertex 29.391865 -8.433339 -0.550000
      vertex 30.416750 -6.492965 0.550000
      vertex 30.416750 -6.492965 -0.550000
    endloop
  endfacet
  facet normal -0.467043 -0.884234 0.000000
    outer loop
      vertex 30.416750 -6.492965 -0.550000
      vertex 30.416750 -6.492965 0.550000
      vertex 28.913551 -5.698991 0.550000
    endloop
  endfacet
  facet normal -0.467043 -0.884234 0.000000
    outer loop
      vertex 30.416750 -6.492965 -0.550000
      vertex 28.913551 -5.698991 0.550000
      vertex 28.913551 -5.698991 -0.550000
    endloop
  endfacet
  facet normal 0.884234 -0.467043 0.000000
    outer loop
      vertex 28.913551 -5.698991 -0.550000
      vertex 28.913551 -5.698991 0.550000
      vertex 27.888666 -7.639365 0.550000
    endloop
  endfacet
  facet normal 0.884234 -0.467043 0.000000
    outer loop
      vertex 28.913551 -5.698991 -0.550000
      vertex 27.888666 -7.639365 0.550000
      vertex 27.888666 -7.639365 -0.550000
    endloop
  endfacet
  facet normal -0.000000 0.000000 1.000000
    outer loop
      vertex 28.867907 -5.801184 -0.550000
      vertex 30.462394 -6.390772 -0.550000
      vertex 31.201587 -4.391691 -0.550000
    endloop
  endfacet
  facet normal 0.000000 0.000000 1.000000
    outer loop
      vertex 28.867907 -5.801184 -0.550000
      vertex 31.201587 -4.391691 -0.550000
      vertex 29.607101 -3.802103 -0.550000
    endloop
  endfacet
  facet normal 0.000000 0.000000 -1.000000
    outer loop
      vertex 28.867907 -5.801184 0.550000
      vertex 29.607101 -3.802103 0.550000
      vertex 31.201587 -4.391691 0.550000
    endloop
  endfacet
  facet normal 0.000000 0.000000 -1.000000
    outer loop
      vertex 28.867907 -5.801184 0.550000
      vertex 31.201587 -4.391691 0.550000
      vertex 30.462394 -6.390772 0.550000
    endloop
  endfacet
  facet normal 0.346816 0.937933 -0.000000
    outer loop
      vertex 28.867907 -5.801184 -0.550000
      vertex 28.867907 -5.801184 0.550000
      vertex 30.462394 -6.390772 0.550000
    endloop
  endfacet
  facet normal 0.346816 0.937933 0.000000
    outer loop
      vertex 28.867907 -5.801184 -0.550000
      vertex 30.462394 -6.390772 0.550000
      vertex 30.462394 -6.390772 -0.550000
    endloop
  endfacet
  facet normal -0.937933 0.346816 0.000000
    outer loop
      vertex 30.462394 -6.390772 -0.550000
      vertex 30.462394 -6.390772 0.550000
      vertex 31.201587 -4.391691 0.550000
    endloop
  endfacet
  facet normal -0.937933 0.346816 0.000000
    outer loop
      vertex 30.462394 -6.390772 -0.550000
      vertex 31.201587 -4.391691 0.550000
      vertex 31.201587 -4.391691 -0.550000
    endloop
  endfacet
  facet normal -0.346816 -0.937933 0.000000
    outer loop
      vertex 31.201587 -4.391691 -0.550000
      vertex 31.201587 -4.391691 0.550000
      vertex 29.607101 -3.802103 0.550000
    endloop
  endfacet
  facet normal -0.346816 -0.937933 0.000000
    outer loop
      vertex 31.201587 -4.391691 -0.550000
      vertex 29.607101 -3.802103 0.550000
      vertex 29.607101 -3.802103 -0.550000
    endloop
  endfacet
  facet normal 0.937933 -0.346816 0.000000
    outer loop
      vertex 29.607101 -3.802103 -0.550000
      vertex 29.607101 -3.802103 0.550000
      vertex 28.867907 -5.801184 0.550000
    endloop
  endfacet
  facet normal 0.937933 -0.346816 0.000000
    outer loop
      vertex 29.607101 -3.802103 -0.550000
      vertex 28.867907 -5.801184 0.550000
      vertex 28.867907 -5.801184 -0.550000
    endloop
  endfacet
  facet normal -0.000000 0.000000 1.000000
    outer loop
      vertex 29.574017 -3.915078 -0.550000
      vertex 31.234670 -4.278715 -0.550000
      vertex 31.681053 -2.240178 -0.550000
    endloop
  endfacet
  facet normal 0.000000 0.000000 1.000000
    outer loop
      vertex 29.574017 -3.915078 -0.550000
      vertex 31.681053 -2.240178 -0.550000
      vertex 30.020400 -1.876542 -0.550000
    endloop
  endfacet
  facet normal 0.000000 0.000000 -1.000000
    outer loop
      vertex 29.574017 -3.915078 0.550000
      vertex 30.020400 -1.876542 0.550000
      vertex 31.681053 -2.240178 0.550000
    endloop
  endfacet
  facet normal 0.000000 0.000000 -1.000000
    outer loop
      vertex 29.574017 -3.915078 0.550000
      vertex 31.681053 -2.240178 0.550000
      vertex 31.234670 -4.278715 0.550000
    endloop
  endfacet
  facet normal 0.213904 0.976855 -0.000000
    outer loop
      vertex 29.574017 -3.915078 -0.550000
      vertex 29.574017 -3.915078 0.550000
      vertex 31.234670 -4.278715 0.550000
    endloop
  endfacet
  facet normal 0.213904 0.976855 0.000000
    outer loop
      vertex 29.574017 -3.915078 -0.550000
      vertex 31.234670 -4.278715 0.550000
      vertex 31.234670 -4.278715 -0.550000
    endloop
  endfacet
  facet normal -0.976855 0.213904 0.000000
    outer loop
      vertex 31.234670 -4.278715 -0.550000
      vertex 31.234670 -4.278715 0.550000
      vertex 31.681053 -2.240178 0.550000
    endloop
  endfacet
  facet normal -0.976855 0.213904 0.000000
    outer loop
      vertex 31.234670 -4.278715 -0.550000
      vertex 31.681053 -2.240178 0.550000
      vertex 31.681053 -2.240178 -0.550000
    endloop
  endfacet
  facet normal -0.213904 -0.976855 0.000000
    outer loop
      vertex 31.681053 -2.240178 -0.550000
      vertex 31.681053 -2.240178 0.550000
      vertex 30.020400 -1.876542 0.550000
    endloop
  endfacet
  facet normal -0.213904 -0.976855 0.000000
    outer loop
      vertex 31.681053 -2.240178 -0.550000
      vertex 30.020400 -1.876542 0.550000
      vertex 30.020400 -1.876542 -0.550000
    endloop
  endfacet
  facet normal 0.976855 -0.213904 0.000000
    outer loop
      vertex 30.020400 -1.876542 -0.550000
      vertex 30.020400 -1.876542 0.550000
      vertex 29.574017 -3.915078 0.550000
    endloop
  endfacet
  facet normal 0.976855 -0.213904 0.000000
    outer loop
      vertex 30.020400 -1.876542 -0.550000
      vertex 29.574017 -3.915078 0.550000
      vertex 29.574017 -3.915078 -0.550000
    endloop
  endfacet
  facet normal -0.000000 0.000000 1.000000
    outer loop
      vertex 30.002953 -1.996879 -0.550000
      vertex 31.698500 -2.119841 -0.550000
      vertex 31.847774 -0.061481 -0.550000
    endloop
  endfacet
  facet normal 0.000000 0.000000 1.000000
    outer loop
      vertex 30.002953 -1.996879 -0.550000
      vertex 31.847774 -0.061481 -0.550000
      vertex 30.152226 0.061481 -0.550000
    endloop
  endfacet
  facet normal 0.000000 0.000000 -1.000000
    outer loop
      vertex 30.002953 -1.996879 0.550000
      vertex 30.152226 0.061481 0.550000
      vertex 31.847774 -0.061481 0.550000
    endloop
  endfacet
  facet normal 0.000000 0.000000 -1.000000
    outer loop
      vertex 30.002953 -1.996879 0.550000
      vertex 31.847774 -0.061481 0.550000
      vertex 31.698500 -2.119841 0.550000
    endloop
  endfacet
  facet normal 0.072331 0.997381 -0.000000
    outer loop
      vertex 30.002953 -1.996879 -0.550000
      vertex 30.002953 -1.996879 0.550000
      vertex 31.698500 -2.119841 0.550000
    endloop
  endfacet
  facet normal 0.072331 0.997381 0.000000
    outer loop
      vertex 30.002953 -1.996879 -0.550000
      vertex 31.698500 -2.119841 0.550000
      vertex 31.698500 -2.119841 -0.550000
    endloop
  endfacet
  facet normal -0.997381 0.072331 0.000000
    outer loop
      vertex 31.698500 -2.119841 -0.550000
      vertex 31.698500 -2.119841 0.550000
      vertex 31.847774 -0.061481 0.550000
    endloop
  endfacet
  facet normal -0.997381 0.072331 0.000000
    outer loop
      vertex 31.698500 -2.119841 -0.550000
      vertex 31.847774 -0.061481 0.550000
      vertex 31.847774 -0.061481 -0.550000
    endloop
  endfacet
  facet normal -0.072331 -0.997381 0.000000
    outer loop
      vertex 31.847774 -0.061481 -0.550000
      vertex 31.847774 -0.061481 0.550000
      vertex 30.152226 0.061481 0.550000
    endloop
  endfacet
  facet normal -0.072331 -0.997381 0.000000
    outer loop
      vertex 31.847774 -0.061481 -0.550000
      vertex 30.152226 0.061481 0.550000
      vertex 30.152226 0.061481 -0.550000
    endloop
  endfacet
  facet normal 0.997381 -0.072331 0.000000
    outer loop
      vertex 30.152226 0.061481 -0.550000
      vertex 30.152226 0.061481 0.550000
      vertex 30.002953 -1.996879 0.550000
    endloop
  endfacet
  facet normal 0.997381 -0.072331 0.000000
    outer loop
      vertex 30.152226 0.061481 -0.550000
      vertex 30.002953 -1.996879 0.550000
      vertex 30.002953 -1.996879 -0.550000
    endloop
  endfacet
endsolid cranial_mesh_v1
