solid mandibular_plate_v1
  facet normal 0.000000 0.000000 1.000000
    outer loop
      vertex -26.320012 -3.819031 -0.800000
      vertex -25.679988 -9.180969 -0.800000
      vertex -15.279988 -7.939579 -0.800000
    endloop
  endfacet
  facet normal -0.000000 0.000000 1.000000
    outer loop
      vertex -26.320012 -3.819031 -0.800000
      vertex -15.279988 -7.939579 -0.800000
      vertex -15.920012 -2.577642 -0.800000
    endloop
  endfacet
  facet normal 0.000000 0.000000 -1.000000
    outer loop
      vertex -26.320012 -3.819031 0.800000
      vertex -15.920012 -2.577642 0.800000
      vertex -15.279988 -7.939579 0.800000
    endloop
  endfacet
  facet normal 0.000000 0.000000 -1.000000
    outer loop
      vertex -26.320012 -3.819031 0.800000
      vertex -15.279988 -7.939579 0.800000
      vertex -25.679988 -9.180969 0.800000
    endloop
  endfacet
  facet normal 0.992951 0.118523 -0.000000
    outer loop
      vertex -26.320012 -3.819031 -0.800000
      vertex -26.320012 -3.819031 0.800000
      vertex -25.679988 -9.180969 0.800000
    endloop
  endfacet
  facet normal 0.992951 0.118523 0.000000
    outer loop
      vertex -26.320012 -3.819031 -0.800000
      vertex -25.679988 -9.180969 0.800000
      vertex -25.679988 -9.180969 -0.800000
    endloop
  endfacet
  facet normal -0.118523 0.992951 0.000000
    outer loop
      vertex -25.679988 -9.180969 -0.800000
      vertex -25.679988 -9.180969 0.800000
      vertex -15.279988 -7.939579 0.800000
    endloop
  endfacet
  facet normal -0.118523 0.992951 0.000000
    outer loop
      vertex -25.679988 -9.180969 -0.800000
      vertex -15.279988 -7.939579 0.800000
      vertex -15.279988 -7.939579 -0.800000
    endloop
  endfacet
  facet normal -0.992951 -0.118523 0.000000
    outer loop
      vertex -15.279988 -7.939579 -0.800000
      vertex -15.279988 -7.939579 0.800000
      vertex -15.920012 -2.577642 0.800000
    endloop
  endfacet
  facet normal -0.992951 -0.118523 0.000000
    outer loop
      vertex -15.279988 -7.939579 -0.800000
      vertex -15.920012 -2.577642 0.800000
      vertex -15.920012 -2.577642 -0.800000
    endloop
  endfacet
  facet normal 0.118523 -0.992951 0.000000
    outer loop
      vertex -15.920012 -2.577642 -0.800000
      vertex -15.920012 -2.577642 0.800000
      vertex -26.320012 -3.819031 0.800000
    endloop
  endfacet
  facet normal 0.118523 -0.992951 0.000000
    outer loop
      vertex -15.920012 -2.577642 -0.800000
      vertex -26.320012 -3.819031 0.800000
      vertex -26.320012 -3.819031 -0.800000
    endloop
  endfacet
  facet normal 0.000000 0.000000 1.000000
    outer loop
      vertex -16.405342 -2.681515 -0.800000
      vertex -14.794658 -7.835706 -0.800000
      vertex -4.394658 -4.585706 -0.800000
    endloop
  endfacet
  facet normal -0.000000 0.000000 1.000000
    outer loop
      vertex -16.405342 -2.681515 -0.800000
      vertex -4.394658 -4.585706 -0.800000
      vertex -6.005342 0.568485 -0.800000
    endloop
  endfacet
  facet normal 0.000000 0.000000 -1.000000
    outer loop
      vertex -16.405342 -2.681515 0.800000
      vertex -6.005342 0.568485 0.800000
      vertex -4.394658 -4.585706 0.800000
    endloop
  endfacet
  facet normal 0.000000 0.000000 -1.000000
    outer loop
      vertex -16.405342 -2.681515 0.800000
      vertex -4.394658 -4.585706 0.800000
      vertex -14.794658 -7.835706 0.800000
    endloop
  endfacet
  facet normal 0.954480 0.298275 -0.000000
    outer loop
      vertex -16.405342 -2.681515 -0.800000
      vertex -16.405342 -2.681515 0.800000
      vertex -14.794658 -7.835706 0.800000
    endloop
  endfacet
  facet normal 0.954480 0.298275 0.000000
    outer loop
      vertex -16.405342 -2.681515 -0.800000
      vertex -14.794658 -7.835706 0.800000
      vertex -14.794658 -7.835706 -0.800000
    endloop
  endfacet
  facet normal -0.298275 0.954480 0.000000
    outer loop
      vertex -14.794658 -7.835706 -0.800000
      vertex -14.794658 -7.835706 0.800000
      vertex -4.394658 -4.585706 0.800000
    endloop
  endfacet
  facet normal -0.298275 0.954480 0.000000
    outer loop
      vertex -14.794658 -7.835706 -0.800000
      vertex -4.394658 -4.585706 0.800000
      vertex -4.394658 -4.585706 -0.800000
    endloop
  endfacet
  facet normal -0.954480 -0.298275 0.000000
    outer loop
      vertex -4.394658 -4.585706 -0.800000
      vertex -4.394658 -4.585706 0.800000
      vertex -6.005342 0.568485 0.800000
    endloop
  endfacet
  facet normal -0.954480 -0.298275 0.000000
    outer loop
      vertex -4.394658 -4.585706 -0.800000
      vertex -6.005342 0.568485 0.800000
      vertex -6.005342 0.568485 -0.800000
    endloop
  endfacet
  facet normal 0.298275 -0.954480 0.000000
    outer loop
      vertex -6.005342 0.568485 -0.800000
      vertex -6.005342 0.568485 0.800000
      vertex -16.405342 -2.681515 0.800000
    endloop
  endfacet
  facet normal 0.298275 -0.954480 0.000000
    outer loop
      vertex -6.005342 0.568485 -0.800000
      vertex -16.405342 -2.681515 0.800000
      vertex -16.405342 -2.681515 -0.800000
    endloop
  endfacet
  facet normal 0.000000 0.000000 1.000000
    outer loop
      vertex -6.172876 0.510023 -0.800000
      vertex -4.227124 -4.527244 -0.800000
      vertex 6.172876 -0.510023 -0.800000
    endloop
  endfacet
  facet normal -0.000000 0.000000 1.000000
    outer loop
      vertex -6.172876 0.510023 -0.800000
      vertex 6.172876 -0.510023 -0.800000
      vertex 4.227124 4.527244 -0.800000
    endloop
  endfacet
  facet normal 0.000000 0.000000 -1.000000
    outer loop
      vertex -6.172876 0.510023 0.800000
      vertex 4.227124 4.527244 0.800000
      vertex 6.172876 -0.510023 0.800000
    endloop
  endfacet
  facet normal 0.000000 0.000000 -1.000000
    outer loop
      vertex -6.172876 0.510023 0.800000
      vertex 6.172876 -0.510023 0.800000
      vertex -4.227124 -4.527244 0.800000
    endloop
  endfacet
  facet normal 0.932827 0.360324 -0.000000
    outer loop
      vertex -6.172876 0.510023 -0.800000
      vertex -6.172876 0.510023 0.800000
      vertex -4.227124 -4.527244 0.800000
    endloop
  endfacet
  facet normal 0.932827 0.360324 0.000000
    outer loop
      vertex -6.172876 0.510023 -0.800000
      vertex -4.227124 -4.527244 0.800000
      vertex -4.227124 -4.527244 -0.800000
    endloop
  endfacet
  facet normal -0.360324 0.932827 0.000000
    outer loop
      vertex -4.227124 -4.527244 -0.800000
      vertex -4.227124 -4.527244 0.800000
      vertex 6.172876 -0.510023 0.800000
    endloop
  endfacet
  facet normal -0.360324 0.932827 0.000000
    outer loop
      vertex -4.227124 -4.527244 -0.800000
      vertex 6.172876 -0.510023 0.800000
      vertex 6.172876 -0.510023 -0.800000
    endloop
  endfacet
  facet normal -0.932827 -0.360324 0.000000
    outer loop
      vertex 6.172876 -0.510023 -0.800000
      vertex 6.172876 -0.510023 0.800000
      vertex 4.227124 4.527244 0.800000
    endloop
  endfacet
  facet normal -0.932827 -0.360324 0.000000
    outer loop
      vertex 6.172876 -0.510023 -0.800000
      vertex 4.227124 4.527244 0.800000
      vertex 4.227124 4.527244 -0.800000
    endloop
  endfacet
  facet normal 0.360324 -0.932827 0.000000
    outer loop
      vertex 4.227124 4.527244 -0.800000
      vertex 4.227124 4.527244 0.800000
      vertex -6.172876 0.510023 0.800000
    endloop
  endfacet
  facet normal 0.360324 -0.932827 0.000000
    outer loop
      vertex 4.227124 4.527244 -0.800000
      vertex -6.172876 0.510023 0.800000
      vertex -6.172876 0.510023 -0.800000
    endloop
  endfacet
  facet normal 0.000000 0.000000 1.000000
    outer loop
      vertex 4.394658 4.585706 -0.800000
      vertex 6.005342 -0.568485 -0.800000
      vertex 16.405342 2.681515 -0.800000
    endloop
  endfacet
  facet normal -0.000000 0.000000 1.000000
    outer loop
      vertex 4.394658 4.585706 -0.800000
      vertex 16.405342 2.681515 -0.800000
      vertex 14.794658 7.835706 -0.800000
    endloop
  endfacet
  facet normal 0.000000 0.000000 -1.000000
    outer loop
      vertex 4.394658 4.585706 0.800000
      vertex 14.794658 7.835706 0.800000
      vertex 16.405342 2.681515 0.800000
    endloop
  endfacet
  facet normal 0.000000 0.000000 -1.000000
    outer loop
      vertex 4.394658 4.585706 0.800000
      vertex 16.405342 2.681515 0.800000
      vertex 6.005342 -0.568485 0.800000
    endloop
  endfacet
  facet normal 0.954480 0.298275 -0.000000
    outer loop
      vertex 4.394658 4.585706 -0.800000
      vertex 4.394658 4.585706 0.800000
      vertex 6.005342 -0.568485 0.800000
    endloop
  endfacet
  facet normal 0.954480 0.298275 0.000000
    outer loop
      vertex 4.394658 4.585706 -0.800000
      vertex 6.005342 -0.568485 0.800000
      vertex 6.005342 -0.568485 -0.800000
    endloop
  endfacet
  facet normal -0.298275 0.954480 0.000000
    outer loop
      vertex 6.005342 -0.568485 -0.800000
      vertex 6.005342 -0.568485 0.800000
      vertex 16.405342 2.681515 0.800000
    endloop
  endfacet
  facet normal -0.298275 0.954480 0.000000
    outer loop
      vertex 6.005342 -0.568485 -0.800000
      vertex 16.405342 2.681515 0.800000
      vertex 16.405342 2.681515 -0.800000
    endloop
  endfacet
  facet normal -0.954480 -0.298275 0.000000
    outer loop
      vertex 16.405342 2.681515 -0.800000
      vertex 16.405342 2.681515 0.800000
      vertex 14.794658 7.835706 0.800000
    endloop
  endfacet
  facet normal -0.954480 -0.298275 0.000000
    outer loop
      vertex 16.405342 2.681515 -0.800000
      vertex 14.794658 7.835706 0.800000
      vertex 14.794658 7.835706 -0.800000
    endloop
  endfacet
  facet normal 0.298275 -0.954480 0.000000
    outer loop
      vertex 14.794658 7.835706 -0.800000
      vertex 14.794658 7.835706 0.800000
      vertex 4.394658 4.585706 0.800000
    endloop
  endfacet
  facet normal 0.298275 -0.954480 0.000000
    outer loop
      vertex 14.794658 7.835706 -0.800000
      vertex 4.394658 4.585706 0.800000
      vertex 4.394658 4.585706 -0.800000
    endloop
  endfacet
  facet normal 0.000000 0.000000 1.000000
    outer loop
      vertex 15.279988 7.939579 -0.800000
      vertex 15.920012 2.577642 -0.800000
      vertex 26.320012 3.819031 -0.800000
    endloop
  endfacet
  facet normal -0.000000 0.000000 1.000000
    outer loop
      vertex 15.279988 7.939579 -0.800000
      vertex 26.320012 3.819031 -0.800000
      vertex 25.679988 9.180969 -0.800000
    endloop
  endfacet
  facet normal 0.000000 0.000000 -1.000000
    outer loop
      vertex 15.279988 7.939579 0.800000
      vertex 25.679988 9.180969 0.800000
      vertex 26.320012 3.819031 0.800000
    endloop
  endfacet
  facet normal 0.000000 0.000000 -1.000000
    outer loop
      vertex 15.279988 7.939579 0.800000
      vertex 26.320012 3.819031 0.800000
      vertex 15.920012 2.577642 0.800000
    endloop
  endfacet
  facet normal 0.992951 0.118523 -0.000000
    outer loop
      vertex 15.279988 7.939579 -0.800000
      vertex 15.279988 7.939579 0.800000
      vertex 15.920012 2.577642 0.800000
    endloop
  endfacet
  facet normal 0.992951 0.118523 0.000000
    outer loop
      vertex 15.279988 7.939579 -0.800000
      vertex 15.920012 2.577642 0.800000
      vertex 15.920012 2.577642 -0.800000
    endloop
  endfacet
  facet normal -0.118523 0.992951 0.000000
    outer loop
      vertex 15.920012 2.577642 -0.800000
      vertex 15.920012 2.577642 0.800000
      vertex 26.320012 3.819031 0.800000
    endloop
  endfacet
  facet normal -0.118523 0.992951 0.000000
    outer loop
      vertex 15.920012 2.577642 -0.800000
      vertex 26.320012 3.819031 0.800000
      vertex 26.320012 3.819031 -0.800000
    endloop
  endfacet
  facet normal -0.992951 -0.118523 0.000000
    outer loop
      vertex 26.320012 3.819031 -0.800000
      vertex 26.320012 3.819031 0.800000
      vertex 25.679988 9.180969 0.800000
    endloop
  endfacet
  facet normal -0.992951 -0.118523 0.000000
    outer loop
      vertex 26.320012 3.819031 -0.800000
      vertex 25.679988 9.180969 0.800000
      vertex 25.679988 9.180969 -0.800000
    endloop
  endfacet
  facet normal 0.118523 -0.992951 0.000000
    outer loop
      vertex 25.679988 9.180969 -0.800000
      vertex 25.679988 9.180969 0.800000
      vertex 15.279988 7.939579 0.800000
    endloop
  endfacet
  facet normal 0.118523 -0.992951 0.000000
    outer loop
      vertex 25.679988 9.180969 -0.800000
      vertex 15.279988 7.939579 0.800000
      vertex 15.279988 7.939579 -0.800000
    endloop
  endfacet
  facet normal 0.000000 0.000000 1.000000
    outer loop
      vertex -22.400000 -6.500000 0.800000
      vertex -22.436643 -5.987667 0.800000
      vertex -24.663741 -6.307875 0.800000
    endloop
  endfacet
  facet normal 0.000000 0.000000 1.000000
    outer loop
      vertex -22.400000 -6.500000 0.800000
      vertex -24.663741 -6.307875 0.800000
      vertex -24.650000 -6.500000 0.800000
    endloop
  endfacet
  facet normal 0.000000 0.000000 -1.000000
    outer loop
      vertex -22.400000 -6.500000 -0.800000
      vertex -24.663741 -6.307875 -0.800000
      vertex -22.436643 -5.987667 -0.800000
    endloop
  endfacet
  facet normal 0.000000 0.000000 -1.000000
    outer loop
      vertex -22.400000 -6.500000 -0.800000
      vertex -24.650000 -6.500000 -0.800000
      vertex -24.663741 -6.307875 -0.800000
    endloop
  endfacet
  facet normal 0.997452 0.071339 0.000000
    outer loop
      vertex -22.400000 -6.500000 -0.800000
      vertex -22.436643 -5.987667 -0.800000
      vertex -22.436643 -5.987667 0.800000
    endloop
  endfacet
  facet normal 0.997452 0.071339 -0.000000
    outer loop
      vertex -22.400000 -6.500000 -0.800000
      vertex -22.436643 -5.987667 0.800000
      vertex -22.400000 -6.500000 0.800000
    endloop
  endfacet
  facet normal -0.997452 -0.071339 0.000000
    outer loop
      vertex -24.650000 -6.500000 -0.800000
      vertex -24.663741 -6.307875 0.800000
      vertex -24.663741 -6.307875 -0.800000
    endloop
  endfacet
  facet normal -0.997452 -0.071339 0.000000
    outer loop
      vertex -24.650000 -6.500000 -0.800000
      vertex -24.650000 -6.500000 0.800000
      vertex -24.663741 -6.307875 0.800000
    endloop
  endfacet
  facet normal 0.000000 0.000000 1.000000
    outer loop
      vertex -22.436643 -5.987667 0.800000
      vertex -22.545825 -5.485763 0.800000
      vertex -24.704684 -6.119661 0.800000
    endloop
  endfacet
  facet normal 0.000000 0.000000 1.000000
    outer loop
      vertex -22.436643 -5.987667 0.800000
      vertex -24.704684 -6.119661 0.800000
      vertex -24.663741 -6.307875 0.800000
    endloop
  endfacet
  facet normal -0.000000 0.000000 -1.000000
    outer loop
      vertex -22.436643 -5.987667 -0.800000
      vertex -24.704684 -6.119661 -0.800000
      vertex -22.545825 -5.485763 -0.800000
    endloop
  endfacet
  facet normal 0.000000 0.000000 -1.000000
    outer loop
      vertex -22.436643 -5.987667 -0.800000
      vertex -24.663741 -6.307875 -0.800000
      vertex -24.704684 -6.119661 -0.800000
    endloop
  endfacet
  facet normal 0.977147 0.212565 0.000000
    outer loop
      vertex -22.436643 -5.987667 -0.800000
      vertex -22.545825 -5.485763 -0.800000
      vertex -22.545825 -5.485763 0.800000
    endloop
  endfacet
  facet normal 0.977147 0.212565 -0.000000
    outer loop
      vertex -22.436643 -5.987667 -0.800000
      vertex -22.545825 -5.485763 0.800000
      vertex -22.436643 -5.987667 0.800000
    endloop
  endfacet
  facet normal -0.977147 -0.212565 0.000000
    outer loop
      vertex -24.663741 -6.307875 -0.800000
      vertex -24.704684 -6.119661 0.800000
      vertex -24.704684 -6.119661 -0.800000
    endloop
  endfacet
  facet normal -0.977147 -0.212565 0.000000
    outer loop
      vertex -24.663741 -6.307875 -0.800000
      vertex -24.663741 -6.307875 0.800000
      vertex -24.704684 -6.119661 0.800000
    endloop
  endfacet
  facet normal 0.000000 0.000000 1.000000
    outer loop
      vertex -22.545825 -5.485763 0.800000
      vertex -22.725325 -5.004506 0.800000
      vertex -24.771997 -5.939190 0.800000
    endloop
  endfacet
  facet normal 0.000000 0.000000 1.000000
    outer loop
      vertex -22.545825 -5.485763 0.800000
      vertex -24.771997 -5.939190 0.800000
      vertex -24.704684 -6.119661 0.800000
    endloop
  endfacet
  facet normal -0.000000 0.000000 -1.000000
    outer loop
      vertex -22.545825 -5.485763 -0.800000
      vertex -24.771997 -5.939190 -0.800000
      vertex -22.725325 -5.004506 -0.800000
    endloop
  endfacet
  facet normal 0.000000 0.000000 -1.000000
    outer loop
      vertex -22.545825 -5.485763 -0.800000
      vertex -24.704684 -6.119661 -0.800000
      vertex -24.771997 -5.939190 -0.800000
    endloop
  endfacet
  facet normal 0.936950 0.349464 0.000000
    outer loop
      vertex -22.545825 -5.485763 -0.800000
      vertex -22.725325 -5.004506 -0.800000
      vertex -22.725325 -5.004506 0.800000
    endloop
  endfacet
  facet normal 0.936950 0.349464 -0.000000
    outer loop
      vertex -22.545825 -5.485763 -0.800000
      vertex -22.725325 -5.004506 0.800000
      vertex -22.545825 -5.485763 0.800000
    endloop
  endfacet
  facet normal -0.936950 -0.349464 0.000000
    outer loop
      vertex -24.704684 -6.119661 -0.800000
      vertex -24.771997 -5.939190 0.800000
      vertex -24.771997 -5.939190 -0.800000
    endloop
  endfacet
  facet normal -0.936950 -0.349464 0.000000
    outer loop
      vertex -24.704684 -6.119661 -0.800000
      vertex -24.704684 -6.119661 0.800000
      vertex -24.771997 -5.939190 0.800000
    endloop
  endfacet
  facet normal 0.000000 0.000000 1.000000
    outer loop
      vertex -22.725325 -5.004506 0.800000
      vertex -22.971487 -4.553693 0.800000
      vertex -24.864308 -5.770135 0.800000
    endloop
  endfacet
  facet normal 0.000000 0.000000 1.000000
    outer loop
      vertex -22.725325 -5.004506 0.800000
      vertex -24.864308 -5.770135 0.800000
      vertex -24.771997 -5.939190 0.800000
    endloop
  endfacet
  facet normal -0.000000 0.000000 -1.000000
    outer loop
      vertex -22.725325 -5.004506 -0.800000
      vertex -24.864308 -5.770135 -0.800000
      vertex -22.971487 -4.553693 -0.800000
    endloop
  endfacet
  facet normal 0.000000 0.000000 -1.000000
    outer loop
      vertex -22.725325 -5.004506 -0.800000
      vertex -24.771997 -5.939190 -0.800000
      vertex -24.864308 -5.770135 -0.800000
    endloop
  endfacet
  facet normal 0.877679 0.479249 0.000000
    outer loop
      vertex -22.725325 -5.004506 -0.800000
      vertex -22.971487 -4.553693 -0.800000
      vertex -22.971487 -4.553693 0.800000
    endloop
  endfacet
  facet normal 0.877679 0.479249 -0.000000
    outer loop
      vertex -22.725325 -5.004506 -0.800000
      vertex -22.971487 -4.553693 0.800000
      vertex -22.725325 -5.004506 0.800000
    endloop
  endfacet
  facet normal -0.877679 -0.479249 0.000000
    outer loop
      vertex -24.771997 -5.939190 -0.800000
      vertex -24.864308 -5.770135 0.800000
      vertex -24.864308 -5.770135 -0.800000
    endloop
  endfacet
  facet normal -0.877679 -0.479249 0.000000
    outer loop
      vertex -24.771997 -5.939190 -0.800000
      vertex -24.771997 -5.939190 0.800000
      vertex -24.864308 -5.770135 0.800000
    endloop
  endfacet
  facet normal 0.000000 0.000000 1.000000
    outer loop
      vertex -22.971487 -4.553693 0.800000
      vertex -23.279302 -4.142501 0.800000
      vertex -24.979738 -5.615938 0.800000
    endloop
  endfacet
  facet normal 0.000000 0.000000 1.000000
    outer loop
      vertex -22.971487 -4.553693 0.800000
      vertex -24.979738 -5.615938 0.800000
      vertex -24.864308 -5.770135 0.800000
    endloop
  endfacet
  facet normal -0.000000 0.000000 -1.000000
    outer loop
      vertex -22.971487 -4.553693 -0.800000
      vertex -24.979738 -5.615938 -0.800000
      vertex -23.279302 -4.142501 -0.800000
    endloop
  endfacet
  facet normal 0.000000 0.000000 -1.000000
    outer loop
      vertex -22.971487 -4.553693 -0.800000
      vertex -24.864308 -5.770135 -0.800000
      vertex -24.979738 -5.615938 -0.800000
    endloop
  endfacet
  facet normal 0.800541 0.599278 0.000000
    outer loop
      vertex -22.971487 -4.553693 -0.800000
      vertex -23.279302 -4.142501 -0.800000
      vertex -23.279302 -4.142501 0.800000
    endloop
  endfacet
  facet normal 0.800541 0.599278 -0.000000
    outer loop
      vertex -22.971487 -4.553693 -0.800000
      vertex -23.279302 -4.142501 0.800000
      vertex -22.971487 -4.553693 0.800000
    endloop
  endfacet
  facet normal -0.800541 -0.599278 0.000000
    outer loop
      vertex -24.864308 -5.770135 -0.800000
      vertex -24.979738 -5.615938 0.800000
      vertex -24.979738 -5.615938 -0.800000
    endloop
  endfacet
  facet normal -0.800541 -0.599278 0.000000
    outer loop
      vertex -24.864308 -5.770135 -0.800000
      vertex -24.864308 -5.770135 0.800000
      vertex -24.979738 -5.615938 0.800000
    endloop
  endfacet
  facet normal 0.000000 0.000000 1.000000
    outer loop
      vertex -23.279302 -4.142501 0.800000
      vertex -23.642501 -3.779302 0.800000
      vertex -25.115938 -5.479738 0.800000
    endloop
  endfacet
  facet normal 0.000000 0.000000 1.000000
    outer loop
      vertex -23.279302 -4.142501 0.800000
      vertex -25.115938 -5.479738 0.800000
      vertex -24.979738 -5.615938 0.800000
    endloop
  endfacet
  facet normal -0.000000 0.000000 -1.000000
    outer loop
      vertex -23.279302 -4.142501 -0.800000
      vertex -25.115938 -5.479738 -0.800000
      vertex -23.642501 -3.779302 -0.800000
    endloop
  endfacet
  facet normal 0.000000 0.000000 -1.000000
    outer loop
      vertex -23.279302 -4.142501 -0.800000
      vertex -24.979738 -5.615938 -0.800000
      vertex -25.115938 -5.479738 -0.800000
    endloop
  endfacet
  facet normal 0.707107 0.707107 0.000000
    outer loop
      vertex -23.279302 -4.142501 -0.800000
      vertex -23.642501 -3.779302 -0.800000
      vertex -23.642501 -3.779302 0.800000
    endloop
  endfacet
  facet normal 0.707107 0.707107 -0.000000
    outer loop
      vertex -23.279302 -4.142501 -0.800000
      vertex -23.642501 -3.779302 0.800000
      vertex -23.279302 -4.142501 0.800000
    endloop
  endfacet
  facet normal -0.707107 -0.707107 0.000000
    outer loop
      vertex -24.979738 -5.615938 -0.800000
      vertex -25.115938 -5.479738 0.800000
      vertex -25.115938 -5.479738 -0.800000
    endloop
  endfacet
  facet normal -0.707107 -0.707107 0.000000
    outer loop
      vertex -24.979738 -5.615938 -0.800000
      vertex -24.979738 -5.615938 0.800000
      vertex -25.115938 -5.479738 0.800000
    endloop
  endfacet
  facet normal 0.000000 0.000000 1.000000
    outer loop
      vertex -23.642501 -3.779302 0.800000
      vertex -24.053693 -3.471487 0.800000
      vertex -25.270135 -5.364308 0.800000
    endloop
  endfacet
  facet normal 0.000000 0.000000 1.000000
    outer loop
      vertex -23.642501 -3.779302 0.800000
      vertex -25.270135 -5.364308 0.800000
      vertex -25.115938 -5.479738 0.800000
    endloop
  endfacet
  facet normal -0.000000 0.000000 -1.000000
    outer loop
      vertex -23.642501 -3.779302 -0.800000
      vertex -25.270135 -5.364308 -0.800000
      vertex -24.053693 -3.471487 -0.800000
    endloop
  endfacet
  facet normal 0.000000 0.000000 -1.000000
    outer loop
      vertex -23.642501 -3.779302 -0.800000
      vertex -25.115938 -5.479738 -0.800000
      vertex -25.270135 -5.364308 -0.800000
    endloop
  endfacet
  facet normal 0.599278 0.800541 0.000000
    outer loop
      vertex -23.642501 -3.779302 -0.800000
      vertex -24.053693 -3.471487 -0.800000
      vertex -24.053693 -3.471487 0.800000
    endloop
  endfacet
  facet normal 0.599278 0.800541 -0.000000
    outer loop
      vertex -23.642501 -3.779302 -0.800000
      vertex -24.053693 -3.471487 0.800000
      vertex -23.642501 -3.779302 0.800000
    endloop
  endfacet
  facet normal -0.599278 -0.800541 0.000000
    outer loop
      vertex -25.115938 -5.479738 -0.800000
      vertex -25.270135 -5.364308 0.800000
      vertex -25.270135 -5.364308 -0.800000
    endloop
  endfacet
  facet normal -0.599278 -0.800541 0.000000
    outer loop
      vertex -25.115938 -5.479738 -0.800000
      vertex -25.115938 -5.479738 0.800000
      vertex -25.270135 -5.364308 0.800000
    endloop
  endfacet
  facet normal 0.000000 0.000000 1.000000
    outer loop
      vertex -24.053693 -3.471487 0.800000
      vertex -24.504506 -3.225325 0.800000
      vertex -25.439190 -5.271997 0.800000
    endloop
  endfacet
  facet normal 0.000000 0.000000 1.000000
    outer loop
      vertex -24.053693 -3.471487 0.800000
      vertex -25.439190 -5.271997 0.800000
      vertex -25.270135 -5.364308 0.800000
    endloop
  endfacet
  facet normal -0.000000 0.000000 -1.000000
    outer loop
      vertex -24.053693 -3.471487 -0.800000
      vertex -25.439190 -5.271997 -0.800000
      vertex -24.504506 -3.225325 -0.800000
    endloop
  endfacet
  facet normal 0.000000 0.000000 -1.000000
    outer loop
      vertex -24.053693 -3.471487 -0.800000
      vertex -25.270135 -5.364308 -0.800000
      vertex -25.439190 -5.271997 -0.800000
    endloop
  endfacet
  facet normal 0.479249 0.877679 0.000000
    outer loop
      vertex -24.053693 -3.471487 -0.800000
      vertex -24.504506 -3.225325 -0.800000
      vertex -24.504506 -3.225325 0.800000
    endloop
  endfacet
  facet normal 0.479249 0.877679 -0.000000
    outer loop
      vertex -24.053693 -3.471487 -0.800000
      vertex -24.504506 -3.225325 0.800000
      vertex -24.053693 -3.471487 0.800000
    endloop
  endfacet
  facet normal -0.479249 -0.877679 0.000000
    outer loop
      vertex -25.270135 -5.364308 -0.800000
      vertex -25.439190 -5.271997 0.800000
      vertex -25.439190 -5.271997 -0.800000
    endloop
  endfacet
  facet normal -0.479249 -0.877679 0.000000
    outer loop
      vertex -25.270135 -5.364308 -0.800000
      vertex -25.270135 -5.364308 0.800000
      vertex -25.439190 -5.271997 0.800000
    endloop
  endfacet
  facet normal 0.000000 0.000000 1.000000
    outer loop
      vertex -24.504506 -3.225325 0.800000
      vertex -24.985763 -3.045825 0.800000
      vertex -25.619661 -5.204684 0.800000
    endloop
  endfacet
  facet normal 0.000000 0.000000 1.000000
    outer loop
      vertex -24.504506 -3.225325 0.800000
      vertex -25.619661 -5.204684 0.800000
      vertex -25.439190 -5.271997 0.800000
    endloop
  endfacet
  facet normal -0.000000 0.000000 -1.000000
    outer loop
      vertex -24.504506 -3.225325 -0.800000
      vertex -25.619661 -5.204684 -0.800000
      vertex -24.985763 -3.045825 -0.800000
    endloop
  endfacet
  facet normal 0.000000 0.000000 -1.000000
    outer loop
      vertex -24.504506 -3.225325 -0.800000
      vertex -25.439190 -5.271997 -0.800000
      vertex -25.619661 -5.204684 -0.800000
    endloop
  endfacet
  facet normal 0.349464 0.936950 0.000000
    outer loop
      vertex -24.504506 -3.225325 -0.800000
      vertex -24.985763 -3.045825 -0.800000
      vertex -24.985763 -3.045825 0.800000
    endloop
  endfacet
  facet normal 0.349464 0.936950 -0.000000
    outer loop
      vertex -24.504506 -3.225325 -0.800000
      vertex -24.985763 -3.045825 0.800000
      vertex -24.504506 -3.225325 0.800000
    endloop
  endfacet
  facet normal -0.349464 -0.936950 0.000000
    outer loop
      vertex -25.439190 -5.271997 -0.800000
      vertex -25.619661 -5.204684 0.800000
      vertex -25.619661 -5.204684 -0.800000
    endloop
  endfacet
  facet normal -0.349464 -0.936950 0.000000
    outer loop
      vertex -25.439190 -5.271997 -0.800000
      vertex -25.439190 -5.271997 0.800000
      vertex -25.619661 -5.204684 0.800000
    endloop
  endfacet
  facet normal 0.000000 0.000000 1.000000
    outer loop
      vertex -24.985763 -3.045825 0.800000
      vertex -25.487667 -2.936643 0.800000
      vertex -25.807875 -5.163741 0.800000
    endloop
  endfacet
  facet normal 0.000000 0.000000 1.000000
    outer loop
      vertex -24.985763 -3.045825 0.800000
      vertex -25.807875 -5.163741 0.800000
      vertex -25.619661 -5.204684 0.800000
    endloop
  endfacet
  facet normal -0.000000 0.000000 -1.000000
    outer loop
      vertex -24.985763 -3.045825 -0.800000
      vertex -25.807875 -5.163741 -0.800000
      vertex -25.487667 -2.936643 -0.800000
    endloop
  endfacet
  facet normal 0.000000 0.000000 -1.000000
    outer loop
      vertex -24.985763 -3.045825 -0.800000
      vertex -25.619661 -5.204684 -0.800000
      vertex -25.807875 -5.163741 -0.800000
    endloop
  endfacet
  facet normal 0.212565 0.977147 0.000000
    outer loop
      vertex -24.985763 -3.045825 -0.800000
      vertex -25.487667 -2.936643 -0.800000
      vertex -25.487667 -2.936643 0.800000
    endloop
  endfacet
  facet normal 0.212565 0.977147 -0.000000
    outer loop
      vertex -24.985763 -3.045825 -0.800000
      vertex -25.487667 -2.936643 0.800000
      vertex -24.985763 -3.045825 0.800000
    endloop
  endfacet
  facet normal -0.212565 -0.977147 0.000000
    outer loop
      vertex -25.619661 -5.204684 -0.800000
      vertex -25.807875 -5.163741 0.800000
      vertex -25.807875 -5.163741 -0.800000
    endloop
  endfacet
  facet normal -0.212565 -0.977147 0.000000
    outer loop
      vertex -25.619661 -5.204684 -0.800000
      vertex -25.619661 -5.204684 0.800000
      vertex -25.807875 -5.163741 0.800000
    endloop
  endfacet
  facet normal 0.000000 0.000000 1.000000
    outer loop
      vertex -25.487667 -2.936643 0.800000
      vertex -26.000000 -2.900000 0.800000
      vertex -26.000000 -5.150000 0.800000
    endloop
  endfacet
  facet normal 0.000000 0.000000 1.000000
    outer loop
      vertex -25.487667 -2.936643 0.800000
      vertex -26.000000 -5.150000 0.800000
      vertex -25.807875 -5.163741 0.800000
    endloop
  endfacet
  facet normal -0.000000 0.000000 -1.000000
    outer loop
      vertex -25.487667 -2.936643 -0.800000
      vertex -26.000000 -5.150000 -0.800000
      vertex -26.000000 -2.900000 -0.800000
    endloop
  endfacet
  facet normal 0.000000 0.000000 -1.000000
    outer loop
      vertex -25.487667 -2.936643 -0.800000
      vertex -25.807875 -5.163741 -0.800000
      vertex -26.000000 -5.150000 -0.800000
    endloop
  endfacet
  facet normal 0.071339 0.997452 0.000000
    outer loop
      vertex -25.487667 -2.936643 -0.800000
      vertex -26.000000 -2.900000 -0.800000
      vertex -26.000000 -2.900000 0.800000
    endloop
  endfacet
  facet normal 0.071339 0.997452 -0.000000
    outer loop
      vertex -25.487667 -2.936643 -0.800000
      vertex -26.000000 -2.900000 0.800000
      vertex -25.487667 -2.936643 0.800000
    endloop
  endfacet
  facet normal -0.071339 -0.997452 0.000000
    outer loop
      vertex -25.807875 -5.163741 -0.800000
      vertex -26.000000 -5.150000 0.800000
      vertex -26.000000 -5.150000 -0.800000
    endloop
  endfacet
  facet normal -0.071339 -0.997452 0.000000
    outer loop
      vertex -25.807875 -5.163741 -0.800000
      vertex -25.807875 -5.163741 0.800000
      vertex -26.000000 -5.150000 0.800000
    endloop
  endfacet
  facet normal 0.000000 0.000000 1.000000
    outer loop
      vertex -26.000000 -2.900000 0.800000
      vertex -26.512333 -2.936643 0.800000
      vertex -26.192125 -5.163741 0.800000
    endloop
  endfacet
  facet normal 0.000000 0.000000 1.000000
    outer loop
      vertex -26.000000 -2.900000 0.800000
      vertex -26.192125 -5.163741 0.800000
      vertex -26.000000 -5.150000 0.800000
    endloop
  endfacet
  facet normal 0.000000 0.000000 -1.000000
    outer loop
      vertex -26.000000 -2.900000 -0.800000
      vertex -26.192125 -5.163741 -0.800000
      vertex -26.512333 -2.936643 -0.800000
    endloop
  endfacet
  facet normal 0.000000 -0.000000 -1.000000
    outer loop
      vertex -26.000000 -2.900000 -0.800000
      vertex -26.000000 -5.150000 -0.800000
      vertex -26.192125 -5.163741 -0.800000
    endloop
  endfacet
  facet normal -0.071339 0.997452 0.000000
    outer loop
      vertex -26.000000 -2.900000 -0.800000
      vertex -26.512333 -2.936643 -0.800000
      vertex -26.512333 -2.936643 0.800000
    endloop
  endfacet
  facet normal -0.071339 0.997452 0.000000
    outer loop
      vertex -26.000000 -2.900000 -0.800000
      vertex -26.512333 -2.936643 0.800000
      vertex -26.000000 -2.900000 0.800000
    endloop
  endfacet
  facet normal 0.071339 -0.997452 0.000000
    outer loop
      vertex -26.000000 -5.150000 -0.800000
      vertex -26.192125 -5.163741 0.800000
      vertex -26.192125 -5.163741 -0.800000
    endloop
  endfacet
  facet normal 0.071339 -0.997452 0.000000
    outer loop
      vertex -26.000000 -5.150000 -0.800000
      vertex -26.000000 -5.150000 0.800000
      vertex -26.192125 -5.163741 0.800000
    endloop
  endfacet
  facet normal 0.000000 0.000000 1.000000
    outer loop
      vertex -26.512333 -2.936643 0.800000
      vertex -27.014237 -3.045825 0.800000
      vertex -26.380339 -5.204684 0.800000
    endloop
  endfacet
  facet normal 0.000000 0.000000 1.000000
    outer loop
      vertex -26.512333 -2.936643 0.800000
      vertex -26.380339 -5.204684 0.800000
      vertex -26.192125 -5.163741 0.800000
    endloop
  endfacet
  facet normal 0.000000 -0.000000 -1.000000
    outer loop
      vertex -26.512333 -2.936643 -0.800000
      vertex -26.380339 -5.204684 -0.800000
      vertex -27.014237 -3.045825 -0.800000
    endloop
  endfacet
  facet normal 0.000000 0.000000 -1.000000
    outer loop
      vertex -26.512333 -2.936643 -0.800000
      vertex -26.192125 -5.163741 -0.800000
      vertex -26.380339 -5.204684 -0.800000
    endloop
  endfacet
  facet normal -0.212565 0.977147 0.000000
    outer loop
      vertex -26.512333 -2.936643 -0.800000
      vertex -27.014237 -3.045825 -0.800000
      vertex -27.014237 -3.045825 0.800000
    endloop
  endfacet
  facet normal -0.212565 0.977147 0.000000
    outer loop
      vertex -26.512333 -2.936643 -0.800000
      vertex -27.014237 -3.045825 0.800000
      vertex -26.512333 -2.936643 0.800000
    endloop
  endfacet
  facet normal 0.212565 -0.977147 0.000000
    outer loop
      vertex -26.192125 -5.163741 -0.800000
      vertex -26.380339 -5.204684 0.800000
      vertex -26.380339 -5.204684 -0.800000
    endloop
  endfacet
  facet normal 0.212565 -0.977147 0.000000
    outer loop
      vertex -26.192125 -5.163741 -0.800000
      vertex -26.192125 -5.163741 0.800000
      vertex -26.380339 -5.204684 0.800000
    endloop
  endfacet
  facet normal 0.000000 0.000000 1.000000
    outer loop
      vertex -27.014237 -3.045825 0.800000
      vertex -27.495494 -3.225325 0.800000
      vertex -26.560810 -5.271997 0.800000
    endloop
  endfacet
  facet normal 0.000000 0.000000 1.000000
    outer loop
      vertex -27.014237 -3.045825 0.800000
      vertex -26.560810 -5.271997 0.800000
      vertex -26.380339 -5.204684 0.800000
    endloop
  endfacet
  facet normal 0.000000 -0.000000 -1.000000
    outer loop
      vertex -27.014237 -3.045825 -0.800000
      vertex -26.560810 -5.271997 -0.800000
      vertex -27.495494 -3.225325 -0.800000
    endloop
  endfacet
  facet normal 0.000000 0.000000 -1.000000
    outer loop
      vertex -27.014237 -3.045825 -0.800000
      vertex -26.380339 -5.204684 -0.800000
      vertex -26.560810 -5.271997 -0.800000
    endloop
  endfacet
  facet normal -0.349464 0.936950 0.000000
    outer loop
      vertex -27.014237 -3.045825 -0.800000
      vertex -27.495494 -3.225325 -0.800000
      vertex -27.495494 -3.225325 0.800000
    endloop
  endfacet
  facet normal -0.349464 0.936950 0.000000
    outer loop
      vertex -27.014237 -3.045825 -0.800000
      vertex -27.495494 -3.225325 0.800000
      vertex -27.014237 -3.045825 0.800000
    endloop
  endfacet
  facet normal 0.349464 -0.936950 0.000000
    outer loop
      vertex -26.380339 -5.204684 -0.800000
      vertex -26.560810 -5.271997 0.800000
      vertex -26.560810 -5.271997 -0.800000
    endloop
  endfacet
  facet normal 0.349464 -0.936950 0.000000
    outer loop
      vertex -26.380339 -5.204684 -0.800000
      vertex -26.380339 -5.204684 0.800000
      vertex -26.560810 -5.271997 0.800000
    endloop
  endfacet
  facet normal 0.000000 0.000000 1.000000
    outer loop
      vertex -27.495494 -3.225325 0.800000
      vertex -27.946307 -3.471487 0.800000
      vertex -26.729865 -5.364308 0.800000
    endloop
  endfacet
  facet normal 0.000000 0.000000 1.000000
    outer loop
      vertex -27.495494 -3.225325 0.800000
      vertex -26.729865 -5.364308 0.800000
      vertex -26.560810 -5.271997 0.800000
    endloop
  endfacet
  facet normal 0.000000 -0.000000 -1.000000
    outer loop
      vertex -27.495494 -3.225325 -0.800000
      vertex -26.729865 -5.364308 -0.800000
      vertex -27.946307 -3.471487 -0.800000
    endloop
  endfacet
  facet normal 0.000000 0.000000 -1.000000
    outer loop
      vertex -27.495494 -3.225325 -0.800000
      vertex -26.560810 -5.271997 -0.800000
      vertex -26.729865 -5.364308 -0.800000
    endloop
  endfacet
  facet normal -0.479249 0.877679 0.000000
    outer loop
      vertex -27.495494 -3.225325 -0.800000
      vertex -27.946307 -3.471487 -0.800000
      vertex -27.946307 -3.471487 0.800000
    endloop
  endfacet
  facet normal -0.479249 0.877679 0.000000
    outer loop
      vertex -27.495494 -3.225325 -0.800000
      vertex -27.946307 -3.471487 0.800000
      vertex -27.495494 -3.225325 0.800000
    endloop
  endfacet
  facet normal 0.479249 -0.877679 0.000000
    outer loop
      vertex -26.560810 -5.271997 -0.800000
      vertex -26.729865 -5.364308 0.800000
      vertex -26.729865 -5.364308 -0.800000
    endloop
  endfacet
  facet normal 0.479249 -0.877679 0.000000
    outer loop
      vertex -26.560810 -5.271997 -0.800000
      vertex -26.560810 -5.271997 0.800000
      vertex -26.729865 -5.364308 0.800000
    endloop
  endfacet
  facet normal 0.000000 0.000000 1.000000
    outer loop
      vertex -27.946307 -3.471487 0.800000
      vertex -28.357499 -3.779302 0.800000
      vertex -26.884062 -5.479738 0.800000
    endloop
  endfacet
  facet normal 0.000000 0.000000 1.000000
    outer loop
      vertex -27.946307 -3.471487 0.800000
      vertex -26.884062 -5.479738 0.800000
      vertex -26.729865 -5.364308 0.800000
    endloop
  endfacet
  facet normal 0.000000 -0.000000 -1.000000
    outer loop
      vertex -27.946307 -3.471487 -0.800000
      vertex -26.884062 -5.479738 -0.800000
      vertex -28.357499 -3.779302 -0.800000
    endloop
  endfacet
  facet normal 0.000000 0.000000 -1.000000
    outer loop
      vertex -27.946307 -3.471487 -0.800000
      vertex -26.729865 -5.364308 -0.800000
      vertex -26.884062 -5.479738 -0.800000
    endloop
  endfacet
  facet normal -0.599278 0.800541 0.000000
    outer loop
      vertex -27.946307 -3.471487 -0.800000
      vertex -28.357499 -3.779302 -0.800000
      vertex -28.357499 -3.779302 0.800000
    endloop
  endfacet
  facet normal -0.599278 0.800541 0.000000
    outer loop
      vertex -27.946307 -3.471487 -0.800000
      vertex -28.357499 -3.779302 0.800000
      vertex -27.946307 -3.471487 0.800000
    endloop
  endfacet
  facet normal 0.599278 -0.800541 0.000000
    outer loop
      vertex -26.729865 -5.364308 -0.800000
      vertex -26.884062 -5.479738 0.800000
      vertex -26.884062 -5.479738 -0.800000
    endloop
  endfacet
  facet normal 0.599278 -0.800541 0.000000
    outer loop
      vertex -26.729865 -5.364308 -0.800000
      vertex -26.729865 -5.364308 0.800000
      vertex -26.884062 -5.479738 0.800000
    endloop
  endfacet
  facet normal 0.000000 0.000000 1.000000
    outer loop
      vertex -28.357499 -3.779302 0.800000
      vertex -28.720698 -4.142501 0.800000
      vertex -27.020262 -5.615938 0.800000
    endloop
  endfacet
  facet normal 0.000000 0.000000 1.000000
    outer loop
      vertex -28.357499 -3.779302 0.800000
      vertex -27.020262 -5.615938 0.800000
      vertex -26.884062 -5.479738 0.800000
    endloop
  endfacet
  facet normal 0.000000 -0.000000 -1.000000
    outer loop
      vertex -28.357499 -3.779302 -0.800000
      vertex -27.020262 -5.615938 -0.800000
      vertex -28.720698 -4.142501 -0.800000
    endloop
  endfacet
  facet normal 0.000000 0.000000 -1.000000
    outer loop
      vertex -28.357499 -3.779302 -0.800000
      vertex -26.884062 -5.479738 -0.800000
      vertex -27.020262 -5.615938 -0.800000
    endloop
  endfacet
  facet normal -0.707107 0.707107 0.000000
    outer loop
      vertex -28.357499 -3.779302 -0.800000
      vertex -28.720698 -4.142501 -0.800000
      vertex -28.720698 -4.142501 0.800000
    endloop
  endfacet
  facet normal -0.707107 0.707107 0.000000
    outer loop
      vertex -28.357499 -3.779302 -0.800000
      vertex -28.720698 -4.142501 0.800000
      vertex -28.357499 -3.779302 0.800000
    endloop
  endfacet
  facet normal 0.707107 -0.707107 0.000000
    outer loop
      vertex -26.884062 -5.479738 -0.800000
      vertex -27.020262 -5.615938 0.800000
      vertex -27.020262 -5.615938 -0.800000
    endloop
  endfacet
  facet normal 0.707107 -0.707107 0.000000
    outer loop
      vertex -26.884062 -5.479738 -0.800000
      vertex -26.884062 -5.479738 0.800000
      vertex -27.020262 -5.615938 0.800000
    endloop
  endfacet
  facet normal 0.000000 0.000000 1.000000
    outer loop
      vertex -28.720698 -4.142501 0.800000
      vertex -29.028513 -4.553693 0.800000
      vertex -27.135692 -5.770135 0.800000
    endloop
  endfacet
  facet normal 0.000000 0.000000 1.000000
    outer loop
      vertex -28.720698 -4.142501 0.800000
      vertex -27.135692 -5.770135 0.800000
      vertex -27.020262 -5.615938 0.800000
    endloop
  endfacet
  facet normal 0.000000 -0.000000 -1.000000
    outer loop
      vertex -28.720698 -4.142501 -0.800000
      vertex -27.135692 -5.770135 -0.800000
      vertex -29.028513 -4.553693 -0.800000
    endloop
  endfacet
  facet normal 0.000000 0.000000 -1.000000
    outer loop
      vertex -28.720698 -4.142501 -0.800000
      vertex -27.020262 -5.615938 -0.800000
      vertex -27.135692 -5.770135 -0.800000
    endloop
  endfacet
  facet normal -0.800541 0.599278 0.000000
    outer loop
      vertex -28.720698 -4.142501 -0.800000
      vertex -29.028513 -4.553693 -0.800000
      vertex -29.028513 -4.553693 0.800000
    endloop
  endfacet
  facet normal -0.800541 0.599278 0.000000
    outer loop
      vertex -28.720698 -4.142501 -0.800000
      vertex -29.028513 -4.553693 0.800000
      vertex -28.720698 -4.142501 0.800000
    endloop
  endfacet
  facet normal 0.800541 -0.599278 0.000000
    outer loop
      vertex -27.020262 -5.615938 -0.800000
      vertex -27.135692 -5.770135 0.800000
      vertex -27.135692 -5.770135 -0.800000
    endloop
  endfacet
  facet normal 0.800541 -0.599278 0.000000
    outer loop
      vertex -27.020262 -5.615938 -0.800000
      vertex -27.020262 -5.615938 0.800000
      vertex -27.135692 -5.770135 0.800000
    endloop
  endfacet
  facet normal 0.000000 0.000000 1.000000
    outer loop
      vertex -29.028513 -4.553693 0.800000
      vertex -29.274675 -5.004506 0.800000
      vertex -27.228003 -5.939190 0.800000
    endloop
  endfacet
  facet normal 0.000000 0.000000 1.000000
    outer loop
      vertex -29.028513 -4.553693 0.800000
      vertex -27.228003 -5.939190 0.800000
      vertex -27.135692 -5.770135 0.800000
    endloop
  endfacet
  facet normal 0.000000 -0.000000 -1.000000
    outer loop
      vertex -29.028513 -4.553693 -0.800000
      vertex -27.228003 -5.939190 -0.800000
      vertex -29.274675 -5.004506 -0.800000
    endloop
  endfacet
  facet normal 0.000000 0.000000 -1.000000
    outer loop
      vertex -29.028513 -4.553693 -0.800000
      vertex -27.135692 -5.770135 -0.800000
      vertex -27.228003 -5.939190 -0.800000
    endloop
  endfacet
  facet normal -0.877679 0.479249 0.000000
    outer loop
      vertex -29.028513 -4.553693 -0.800000
      vertex -29.274675 -5.004506 -0.800000
      vertex -29.274675 -5.004506 0.800000
    endloop
  endfacet
  facet normal -0.877679 0.479249 0.000000
    outer loop
      vertex -29.028513 -4.553693 -0.800000
      vertex -29.274675 -5.004506 0.800000
      vertex -29.028513 -4.553693 0.800000
    endloop
  endfacet
  facet normal 0.877679 -0.479249 0.000000
    outer loop
      vertex -27.135692 -5.770135 -0.800000
      vertex -27.228003 -5.939190 0.800000
      vertex -27.228003 -5.939190 -0.800000
    endloop
  endfacet
  facet normal 0.877679 -0.479249 0.000000
    outer loop
      vertex -27.135692 -5.770135 -0.800000
      vertex -27.135692 -5.770135 0.800000
      vertex -27.228003 -5.939190 0.800000
    endloop
  endfacet
  facet normal 0.000000 0.000000 1.000000
    outer loop
      vertex -29.274675 -5.004506 0.800000
      vertex -29.454175 -5.485763 0.800000
      vertex -27.295316 -6.119661 0.800000
    endloop
  endfacet
  facet normal 0.000000 0.000000 1.000000
    outer loop
      vertex -29.274675 -5.004506 0.800000
      vertex -27.295316 -6.119661 0.800000
      vertex -27.228003 -5.939190 0.800000
    endloop
  endfacet
  facet normal 0.000000 -0.000000 -1.000000
    outer loop
      vertex -29.274675 -5.004506 -0.800000
      vertex -27.295316 -6.119661 -0.800000
      vertex -29.454175 -5.485763 -0.800000
    endloop
  endfacet
  facet normal 0.000000 0.000000 -1.000000
    outer loop
      vertex -29.274675 -5.004506 -0.800000
      vertex -27.228003 -5.939190 -0.800000
      vertex -27.295316 -6.119661 -0.800000
    endloop
  endfacet
  facet normal -0.936950 0.349464 0.000000
    outer loop
      vertex -29.274675 -5.004506 -0.800000
      vertex -29.454175 -5.485763 -0.800000
      vertex -29.454175 -5.485763 0.800000
    endloop
  endfacet
  facet normal -0.936950 0.349464 0.000000
    outer loop
      vertex -29.274675 -5.004506 -0.800000
      vertex -29.454175 -5.485763 0.800000
      vertex -29.274675 -5.004506 0.800000
    endloop
  endfacet
  facet normal 0.936950 -0.349464 0.000000
    outer loop
      vertex -27.228003 -5.939190 -0.800000
      vertex -27.295316 -6.119661 0.800000
      vertex -27.295316 -6.119661 -0.800000
    endloop
  endfacet
  facet normal 0.936950 -0.349464 0.000000
    outer loop
      vertex -27.228003 -5.939190 -0.800000
      vertex -27.228003 -5.939190 0.800000
      vertex -27.295316 -6.119661 0.800000
    endloop
  endfacet
  facet normal 0.000000 0.000000 1.000000
    outer loop
      vertex -29.454175 -5.485763 0.800000
      vertex -29.563357 -5.987667 0.800000
      vertex -27.336259 -6.307875 0.800000
    endloop
  endfacet
  facet normal 0.000000 0.000000 1.000000
    outer loop
      vertex -29.454175 -5.485763 0.800000
      vertex -27.336259 -6.307875 0.800000
      vertex -27.295316 -6.119661 0.800000
    endloop
  endfacet
  facet normal 0.000000 -0.000000 -1.000000
    outer loop
      vertex -29.454175 -5.485763 -0.800000
      vertex -27.336259 -6.307875 -0.800000
      vertex -29.563357 -5.987667 -0.800000
    endloop
  endfacet
  facet normal 0.000000 0.000000 -1.000000
    outer loop
      vertex -29.454175 -5.485763 -0.800000
      vertex -27.295316 -6.119661 -0.800000
      vertex -27.336259 -6.307875 -0.800000
    endloop
  endfacet
  facet normal -0.977147 0.212565 0.000000
    outer loop
      vertex -29.454175 -5.485763 -0.800000
      vertex -29.563357 -5.987667 -0.800000
      vertex -29.563357 -5.987667 0.800000
    endloop
  endfacet
  facet normal -0.977147 0.212565 0.000000
    outer loop
      vertex -29.454175 -5.485763 -0.800000
      vertex -29.563357 -5.987667 0.800000
      vertex -29.454175 -5.485763 0.800000
    endloop
  endfacet
  facet normal 0.977147 -0.212565 0.000000
    outer loop
      vertex -27.295316 -6.119661 -0.800000
      vertex -27.336259 -6.307875 0.800000
      vertex -27.336259 -6.307875 -0.800000
    endloop
  endfacet
  facet normal 0.977147 -0.212565 0.000000
    outer loop
      vertex -27.295316 -6.119661 -0.800000
      vertex -27.295316 -6.119661 0.800000
      vertex -27.336259 -6.307875 0.800000
    endloop
  endfacet
  facet normal 0.000000 0.000000 1.000000
    outer loop
      vertex -29.563357 -5.987667 0.800000
      vertex -29.600000 -6.500000 0.800000
      vertex -27.350000 -6.500000 0.800000
    endloop
  endfacet
  facet normal 0.000000 0.000000 1.000000
    outer loop
      vertex -29.563357 -5.987667 0.800000
      vertex -27.350000 -6.500000 0.800000
      vertex -27.336259 -6.307875 0.800000
    endloop
  endfacet
  facet normal 0.000000 -0.000000 -1.000000
    outer loop
      vertex -29.563357 -5.987667 -0.800000
      vertex -27.350000 -6.500000 -0.800000
      vertex -29.600000 -6.500000 -0.800000
    endloop
  endfacet
  facet normal 0.000000 0.000000 -1.000000
    outer loop
      vertex -29.563357 -5.987667 -0.800000
      vertex -27.336259 -6.307875 -0.800000
      vertex -27.350000 -6.500000 -0.800000
    endloop
  endfacet
  facet normal -0.997452 0.071339 0.000000
    outer loop
      vertex -29.563357 -5.987667 -0.800000
      vertex -29.600000 -6.500000 -0.800000
      vertex -29.600000 -6.500000 0.800000
    endloop
  endfacet
  facet normal -0.997452 0.071339 0.000000
    outer loop
      vertex -29.563357 -5.987667 -0.800000
      vertex -29.600000 -6.500000 0.800000
      vertex -29.563357 -5.987667 0.800000
    endloop
  endfacet
  facet normal 0.997452 -0.071339 0.000000
    outer loop
      vertex -27.336259 -6.307875 -0.800000
      vertex -27.350000 -6.500000 0.800000
      vertex -27.350000 -6.500000 -0.800000
    endloop
  endfacet
  facet normal 0.997452 -0.071339 0.000000
    outer loop
      vertex -27.336259 -6.307875 -0.800000
      vertex -27.336259 -6.307875 0.800000
      vertex -27.350000 -6.500000 0.800000
    endloop
  endfacet
  facet normal 0.000000 0.000000 1.000000
    outer loop
      vertex -29.600000 -6.500000 0.800000
      vertex -29.563357 -7.012333 0.800000
      vertex -27.336259 -6.692125 0.800000
    endloop
  endfacet
  facet normal 0.000000 0.000000 1.000000
    outer loop
      vertex -29.600000 -6.500000 0.800000
      vertex -27.336259 -6.692125 0.800000
      vertex -27.350000 -6.500000 0.800000
    endloop
  endfacet
  facet normal 0.000000 0.000000 -1.000000
    outer loop
      vertex -29.600000 -6.500000 -0.800000
      vertex -27.336259 -6.692125 -0.800000
      vertex -29.563357 -7.012333 -0.800000
    endloop
  endfacet
  facet normal 0.000000 0.000000 -1.000000
    outer loop
      vertex -29.600000 -6.500000 -0.800000
      vertex -27.350000 -6.500000 -0.800000
      vertex -27.336259 -6.692125 -0.800000
    endloop
  endfacet
  facet normal -0.997452 -0.071339 0.000000
    outer loop
      vertex -29.600000 -6.500000 -0.800000
      vertex -29.563357 -7.012333 -0.800000
      vertex -29.563357 -7.012333 0.800000
    endloop
  endfacet
  facet normal -0.997452 -0.071339 0.000000
    outer loop
      vertex -29.600000 -6.500000 -0.800000
      vertex -29.563357 -7.012333 0.800000
      vertex -29.600000 -6.500000 0.800000
    endloop
  endfacet
  facet normal 0.997452 0.071339 0.000000
    outer loop
      vertex -27.350000 -6.500000 -0.800000
      vertex -27.336259 -6.692125 0.800000
      vertex -27.336259 -6.692125 -0.800000
    endloop
  endfacet
  facet normal 0.997452 0.071339 -0.000000
    outer loop
      vertex -27.350000 -6.500000 -0.800000
      vertex -27.350000 -6.500000 0.800000
      vertex -27.336259 -6.692125 0.800000
    endloop
  endfacet
  facet normal -0.000000 0.000000 1.000000
    outer loop
      vertex -29.563357 -7.012333 0.800000
      vertex -29.454175 -7.514237 0.800000
      vertex -27.295316 -6.880339 0.800000
    endloop
  endfacet
  facet normal 0.000000 0.000000 1.000000
    outer loop
      vertex -29.563357 -7.012333 0.800000
      vertex -27.295316 -6.880339 0.800000
      vertex -27.336259 -6.692125 0.800000
    endloop
  endfacet
  facet normal 0.000000 0.000000 -1.000000
    outer loop
      vertex -29.563357 -7.012333 -0.800000
      vertex -27.295316 -6.880339 -0.800000
      vertex -29.454175 -7.514237 -0.800000
    endloop
  endfacet
  facet normal 0.000000 0.000000 -1.000000
    outer loop
      vertex -29.563357 -7.012333 -0.800000
      vertex -27.336259 -6.692125 -0.800000
      vertex -27.295316 -6.880339 -0.800000
    endloop
  endfacet
  facet normal -0.977147 -0.212565 0.000000
    outer loop
      vertex -29.563357 -7.012333 -0.800000
      vertex -29.454175 -7.514237 -0.800000
      vertex -29.454175 -7.514237 0.800000
    endloop
  endfacet
  facet normal -0.977147 -0.212565 0.000000
    outer loop
      vertex -29.563357 -7.012333 -0.800000
      vertex -29.454175 -7.514237 0.800000
      vertex -29.563357 -7.012333 0.800000
    endloop
  endfacet
  facet normal 0.977147 0.212565 0.000000
    outer loop
      vertex -27.336259 -6.692125 -0.800000
      vertex -27.295316 -6.880339 0.800000
      vertex -27.295316 -6.880339 -0.800000
    endloop
  endfacet
  facet normal 0.977147 0.212565 -0.000000
    outer loop
      vertex -27.336259 -6.692125 -0.800000
      vertex -27.336259 -6.692125 0.800000
      vertex -27.295316 -6.880339 0.800000
    endloop
  endfacet
  facet normal -0.000000 0.000000 1.000000
    outer loop
      vertex -29.454175 -7.514237 0.800000
      vertex -29.274675 -7.995494 0.800000
      vertex -27.228003 -7.060810 0.800000
    endloop
  endfacet
  facet normal 0.000000 0.000000 1.000000
    outer loop
      vertex -29.454175 -7.514237 0.800000
      vertex -27.228003 -7.060810 0.800000
      vertex -27.295316 -6.880339 0.800000
    endloop
  endfacet
  facet normal 0.000000 0.000000 -1.000000
    outer loop
      vertex -29.454175 -7.514237 -0.800000
      vertex -27.228003 -7.060810 -0.800000
      vertex -29.274675 -7.995494 -0.800000
    endloop
  endfacet
  facet normal 0.000000 0.000000 -1.000000
    outer loop
      vertex -29.454175 -7.514237 -0.800000
      vertex -27.295316 -6.880339 -0.800000
      vertex -27.228003 -7.060810 -0.800000
    endloop
  endfacet
  facet normal -0.936950 -0.349464 0.000000
    outer loop
      vertex -29.454175 -7.514237 -0.800000
      vertex -29.274675 -7.995494 -0.800000
      vertex -29.274675 -7.995494 0.800000
    endloop
  endfacet
  facet normal -0.936950 -0.349464 0.000000
    outer loop
      vertex -29.454175 -7.514237 -0.800000
      vertex -29.274675 -7.995494 0.800000
      vertex -29.454175 -7.514237 0.800000
    endloop
  endfacet
  facet normal 0.936950 0.349464 0.000000
    outer loop
      vertex -27.295316 -6.880339 -0.800000
      vertex -27.228003 -7.060810 0.800000
      vertex -27.228003 -7.060810 -0.800000
    endloop
  endfacet
  facet normal 0.936950 0.349464 -0.000000
    outer loop
      vertex -27.295316 -6.880339 -0.800000
      vertex -27.295316 -6.880339 0.800000
      vertex -27.228003 -7.060810 0.800000
    endloop
  endfacet
  facet normal -0.000000 0.000000 1.000000
    outer loop
      vertex -29.274675 -7.995494 0.800000
      vertex -29.028513 -8.446307 0.800000
      vertex -27.135692 -7.229865 0.800000
    endloop
  endfacet
  facet normal 0.000000 0.000000 1.000000
    outer loop
      vertex -29.274675 -7.995494 0.800000
      vertex -27.135692 -7.229865 0.800000
      vertex -27.228003 -7.060810 0.800000
    endloop
  endfacet
  facet normal 0.000000 0.000000 -1.000000
    outer loop
      vertex -29.274675 -7.995494 -0.800000
      vertex -27.135692 -7.229865 -0.800000
      vertex -29.028513 -8.446307 -0.800000
    endloop
  endfacet
  facet normal 0.000000 0.000000 -1.000000
    outer loop
      vertex -29.274675 -7.995494 -0.800000
      vertex -27.228003 -7.060810 -0.800000
      vertex -27.135692 -7.229865 -0.800000
    endloop
  endfacet
  facet normal -0.877679 -0.479249 0.000000
    outer loop
      vertex -29.274675 -7.995494 -0.800000
      vertex -29.028513 -8.446307 -0.800000
      vertex -29.028513 -8.446307 0.800000
    endloop
  endfacet
  facet normal -0.877679 -0.479249 0.000000
    outer loop
      vertex -29.274675 -7.995494 -0.800000
      vertex -29.028513 -8.446307 0.800000
      vertex -29.274675 -7.995494 0.800000
    endloop
  endfacet
  facet normal 0.877679 0.479249 0.000000
    outer loop
      vertex -27.228003 -7.060810 -0.800000
      vertex -27.135692 -7.229865 0.800000
      vertex -27.135692 -7.229865 -0.800000
    endloop
  endfacet
  facet normal 0.877679 0.479249 -0.000000
    outer loop
      vertex -27.228003 -7.060810 -0.800000
      vertex -27.228003 -7.060810 0.800000
      vertex -27.135692 -7.229865 0.800000
    endloop
  endfacet
  facet normal -0.000000 0.000000 1.000000
    outer loop
      vertex -29.028513 -8.446307 0.800000
      vertex -28.720698 -8.857499 0.800000
      vertex -27.020262 -7.384062 0.800000
    endloop
  endfacet
  facet normal 0.000000 0.000000 1.000000
    outer loop
      vertex -29.028513 -8.446307 0.800000
      vertex -27.020262 -7.384062 0.800000
      vertex -27.135692 -7.229865 0.800000
    endloop
  endfacet
  facet normal 0.000000 0.000000 -1.000000
    outer loop
      vertex -29.028513 -8.446307 -0.800000
      vertex -27.020262 -7.384062 -0.800000
      vertex -28.720698 -8.857499 -0.800000
    endloop
  endfacet
  facet normal 0.000000 0.000000 -1.000000
    outer loop
      vertex -29.028513 -8.446307 -0.800000
      vertex -27.135692 -7.229865 -0.800000
      vertex -27.020262 -7.384062 -0.800000
    endloop
  endfacet
  facet normal -0.800541 -0.599278 0.000000
    outer loop
      vertex -29.028513 -8.446307 -0.800000
      vertex -28.720698 -8.857499 -0.800000
      vertex -28.720698 -8.857499 0.800000
    endloop
  endfacet
  facet normal -0.800541 -0.599278 0.000000
    outer loop
      vertex -29.028513 -8.446307 -0.800000
      vertex -28.720698 -8.857499 0.800000
      vertex -29.028513 -8.446307 0.800000
    endloop
  endfacet
  facet normal 0.800541 0.599278 0.000000
    outer loop
      vertex -27.135692 -7.229865 -0.800000
      vertex -27.020262 -7.384062 0.800000
      vertex -27.020262 -7.384062 -0.800000
    endloop
  endfacet
  facet normal 0.800541 0.599278 -0.000000
    outer loop
      vertex -27.135692 -7.229865 -0.800000
      vertex -27.135692 -7.229865 0.800000
      vertex -27.020262 -7.384062 0.800000
    endloop
  endfacet
  facet normal -0.000000 0.000000 1.000000
    outer loop
      vertex -28.720698 -8.857499 0.800000
      vertex -28.357499 -9.220698 0.800000
      vertex -26.884062 -7.520262 0.800000
    endloop
  endfacet
  facet normal 0.000000 0.000000 1.000000
    outer loop
      vertex -28.720698 -8.857499 0.800000
      vertex -26.884062 -7.520262 0.800000
      vertex -27.020262 -7.384062 0.800000
    endloop
  endfacet
  facet normal 0.000000 0.000000 -1.000000
    outer loop
      vertex -28.720698 -8.857499 -0.800000
      vertex -26.884062 -7.520262 -0.800000
      vertex -28.357499 -9.220698 -0.800000
    endloop
  endfacet
  facet normal 0.000000 0.000000 -1.000000
    outer loop
      vertex -28.720698 -8.857499 -0.800000
      vertex -27.020262 -7.384062 -0.800000
      vertex -26.884062 -7.520262 -0.800000
    endloop
  endfacet
  facet normal -0.707107 -0.707107 0.000000
    outer loop
      vertex -28.720698 -8.857499 -0.800000
      vertex -28.357499 -9.220698 -0.800000
      vertex -28.357499 -9.220698 0.800000
    endloop
  endfacet
  facet normal -0.707107 -0.707107 0.000000
    outer loop
      vertex -28.720698 -8.857499 -0.800000
      vertex -28.357499 -9.220698 0.800000
      vertex -28.720698 -8.857499 0.800000
    endloop
  endfacet
  facet normal 0.707107 0.707107 0.000000
    outer loop
      vertex -27.020262 -7.384062 -0.800000
      vertex -26.884062 -7.520262 0.800000
      vertex -26.884062 -7.520262 -0.800000
    endloop
  endfacet
  facet normal 0.707107 0.707107 -0.000000
    outer loop
      vertex -27.020262 -7.384062 -0.800000
      vertex -27.020262 -7.384062 0.800000
      vertex -26.884062 -7.520262 0.800000
    endloop
  endfacet
  facet normal -0.000000 0.000000 1.000000
    outer loop
      vertex -28.357499 -9.220698 0.800000
      vertex -27.946307 -9.528513 0.800000
      vertex -26.729865 -7.635692 0.800000
    endloop
  endfacet
  facet normal 0.000000 0.000000 1.000000
    outer loop
      vertex -28.357499 -9.220698 0.800000
      vertex -26.729865 -7.635692 0.800000
      vertex -26.884062 -7.520262 0.800000
    endloop
  endfacet
  facet normal 0.000000 0.000000 -1.000000
    outer loop
      vertex -28.357499 -9.220698 -0.800000
      vertex -26.729865 -7.635692 -0.800000
      vertex -27.946307 -9.528513 -0.800000
    endloop
  endfacet
  facet normal 0.000000 0.000000 -1.000000
    outer loop
      vertex -28.357499 -9.220698 -0.800000
      vertex -26.884062 -7.520262 -0.800000
      vertex -26.729865 -7.635692 -0.800000
    endloop
  endfacet
  facet normal -0.599278 -0.800541 0.000000
    outer loop
      vertex -28.357499 -9.220698 -0.800000
      vertex -27.946307 -9.528513 -0.800000
      vertex -27.946307 -9.528513 0.800000
    endloop
  endfacet
  facet normal -0.599278 -0.800541 0.000000
    outer loop
      vertex -28.357499 -9.220698 -0.800000
      vertex -27.946307 -9.528513 0.800000
      vertex -28.357499 -9.220698 0.800000
    endloop
  endfacet
  facet normal 0.599278 0.800541 0.000000
    outer loop
      vertex -26.884062 -7.520262 -0.800000
      vertex -26.729865 -7.635692 0.800000
      vertex -26.729865 -7.635692 -0.800000
    endloop
  endfacet
  facet normal 0.599278 0.800541 -0.000000
    outer loop
      vertex -26.884062 -7.520262 -0.800000
      vertex -26.884062 -7.520262 0.800000
      vertex -26.729865 -7.635692 0.800000
    endloop
  endfacet
  facet normal -0.000000 0.000000 1.000000
    outer loop
      vertex -27.946307 -9.528513 0.800000
      vertex -27.495494 -9.774675 0.800000
      vertex -26.560810 -7.728003 0.800000
    endloop
  endfacet
  facet normal 0.000000 0.000000 1.000000
    outer loop
      vertex -27.946307 -9.528513 0.800000
      vertex -26.560810 -7.728003 0.800000
      vertex -26.729865 -7.635692 0.800000
    endloop
  endfacet
  facet normal 0.000000 0.000000 -1.000000
    outer loop
      vertex -27.946307 -9.528513 -0.800000
      vertex -26.560810 -7.728003 -0.800000
      vertex -27.495494 -9.774675 -0.800000
    endloop
  endfacet
  facet normal 0.000000 0.000000 -1.000000
    outer loop
      vertex -27.946307 -9.528513 -0.800000
      vertex -26.729865 -7.635692 -0.800000
      vertex -26.560810 -7.728003 -0.800000
    endloop
  endfacet
  facet normal -0.479249 -0.877679 0.000000
    outer loop
      vertex -27.946307 -9.528513 -0.800000
      vertex -27.495494 -9.774675 -0.800000
      vertex -27.495494 -9.774675 0.800000
    endloop
  endfacet
  facet normal -0.479249 -0.877679 0.000000
    outer loop
      vertex -27.946307 -9.528513 -0.800000
      vertex -27.495494 -9.774675 0.800000
      vertex -27.946307 -9.528513 0.800000
    endloop
  endfacet
  facet normal 0.479249 0.877679 0.000000
    outer loop
      vertex -26.729865 -7.635692 -0.800000
      vertex -26.560810 -7.728003 0.800000
      vertex -26.560810 -7.728003 -0.800000
    endloop
  endfacet
  facet normal 0.479249 0.877679 -0.000000
    outer loop
      vertex -26.729865 -7.635692 -0.800000
      vertex -26.729865 -7.635692 0.800000
      vertex -26.560810 -7.728003 0.800000
    endloop
  endfacet
  facet normal -0.000000 0.000000 1.000000
    outer loop
      vertex -27.495494 -9.774675 0.800000
      vertex -27.014237 -9.954175 0.800000
      vertex -26.380339 -7.795316 0.800000
    endloop
  endfacet
  facet normal 0.000000 0.000000 1.000000
    outer loop
      vertex -27.495494 -9.774675 0.800000
      vertex -26.380339 -7.795316 0.800000
      vertex -26.560810 -7.728003 0.800000
    endloop
  endfacet
  facet normal 0.000000 0.000000 -1.000000
    outer loop
      vertex -27.495494 -9.774675 -0.800000
      vertex -26.380339 -7.795316 -0.800000
      vertex -27.014237 -9.954175 -0.800000
    endloop
  endfacet
  facet normal 0.000000 0.000000 -1.000000
    outer loop
      vertex -27.495494 -9.774675 -0.800000
      vertex -26.560810 -7.728003 -0.800000
      vertex -26.380339 -7.795316 -0.800000
    endloop
  endfacet
  facet normal -0.349464 -0.936950 0.000000
    outer loop
      vertex -27.495494 -9.774675 -0.800000
      vertex -27.014237 -9.954175 -0.800000
      vertex -27.014237 -9.954175 0.800000
    endloop
  endfacet
  facet normal -0.349464 -0.936950 0.000000
    outer loop
      vertex -27.495494 -9.774675 -0.800000
      vertex -27.014237 -9.954175 0.800000
      vertex -27.495494 -9.774675 0.800000
    endloop
  endfacet
  facet normal 0.349464 0.936950 0.000000
    outer loop
      vertex -26.560810 -7.728003 -0.800000
      vertex -26.380339 -7.795316 0.800000
      vertex -26.380339 -7.795316 -0.800000
    endloop
  endfacet
  facet normal 0.349464 0.936950 -0.000000
    outer loop
      vertex -26.560810 -7.728003 -0.800000
      vertex -26.560810 -7.728003 0.800000
      vertex -26.380339 -7.795316 0.800000
    endloop
  endfacet
  facet normal -0.000000 0.000000 1.000000
    outer loop
      vertex -27.014237 -9.954175 0.800000
      vertex -26.512333 -10.063357 0.800000
      vertex -26.192125 -7.836259 0.800000
    endloop
  endfacet
  facet normal 0.000000 0.000000 1.000000
    outer loop
      vertex -27.014237 -9.954175 0.800000
      vertex -26.192125 -7.836259 0.800000
      vertex -26.380339 -7.795316 0.800000
    endloop
  endfacet
  facet normal 0.000000 0.000000 -1.000000
    outer loop
      vertex -27.014237 -9.954175 -0.800000
      vertex -26.192125 -7.836259 -0.800000
      vertex -26.512333 -10.063357 -0.800000
    endloop
  endfacet
  facet normal 0.000000 0.000000 -1.000000
    outer loop
      vertex -27.014237 -9.954175 -0.800000
      vertex -26.380339 -7.795316 -0.800000
      vertex -26.192125 -7.836259 -0.800000
    endloop
  endfacet
  facet normal -0.212565 -0.977147 0.000000
    outer loop
      vertex -27.014237 -9.954175 -0.800000
      vertex -26.512333 -10.063357 -0.800000
      vertex -26.512333 -10.063357 0.800000
    endloop
  endfacet
  facet normal -0.212565 -0.977147 0.000000
    outer loop
      vertex -27.014237 -9.954175 -0.800000
      vertex -26.512333 -10.063357 0.800000
      vertex -27.014237 -9.954175 0.800000
    endloop
  endfacet
  facet normal 0.212565 0.977147 0.000000
    outer loop
      vertex -26.380339 -7.795316 -0.800000
      vertex -26.192125 -7.836259 0.800000
      vertex -26.192125 -7.836259 -0.800000
    endloop
  endfacet
  facet normal 0.212565 0.977147 -0.000000
    outer loop
      vertex -26.380339 -7.795316 -0.800000
      vertex -26.380339 -7.795316 0.800000
      vertex -26.192125 -7.836259 0.800000
    endloop
  endfacet
  facet normal -0.000000 0.000000 1.000000
    outer loop
      vertex -26.512333 -10.063357 0.800000
      vertex -26.000000 -10.100000 0.800000
      vertex -26.000000 -7.850000 0.800000
    endloop
  endfacet
  facet normal 0.000000 0.000000 1.000000
    outer loop
      vertex -26.512333 -10.063357 0.800000
      vertex -26.000000 -7.850000 0.800000
      vertex -26.192125 -7.836259 0.800000
    endloop
  endfacet
  facet normal 0.000000 0.000000 -1.000000
    outer loop
      vertex -26.512333 -10.063357 -0.800000
      vertex -26.000000 -7.850000 -0.800000
      vertex -26.000000 -10.100000 -0.800000
    endloop
  endfacet
  facet normal 0.000000 0.000000 -1.000000
    outer loop
      vertex -26.512333 -10.063357 -0.800000
      vertex -26.192125 -7.836259 -0.800000
      vertex -26.000000 -7.850000 -0.800000
    endloop
  endfacet
  facet normal -0.071339 -0.997452 0.000000
    outer loop
      vertex -26.512333 -10.063357 -0.800000
      vertex -26.000000 -10.100000 -0.800000
      vertex -26.000000 -10.100000 0.800000
    endloop
  endfacet
  facet normal -0.071339 -0.997452 0.000000
    outer loop
      vertex -26.512333 -10.063357 -0.800000
      vertex -26.000000 -10.100000 0.800000
      vertex -26.512333 -10.063357 0.800000
    endloop
  endfacet
  facet normal 0.071339 0.997452 0.000000
    outer loop
      vertex -26.192125 -7.836259 -0.800000
      vertex -26.000000 -7.850000 0.800000
      vertex -26.000000 -7.850000 -0.800000
    endloop
  endfacet
  facet normal 0.071339 0.997452 -0.000000
    outer loop
      vertex -26.192125 -7.836259 -0.800000
      vertex -26.192125 -7.836259 0.800000
      vertex -26.000000 -7.850000 0.800000
    endloop
  endfacet
  facet normal 0.000000 0.000000 1.000000
    outer loop
      vertex -26.000000 -10.100000 0.800000
      vertex -25.487667 -10.063357 0.800000
      vertex -25.807875 -7.836259 0.800000
    endloop
  endfacet
  facet normal 0.000000 0.000000 1.000000
    outer loop
      vertex -26.000000 -10.100000 0.800000
      vertex -25.807875 -7.836259 0.800000
      vertex -26.000000 -7.850000 0.800000
    endloop
  endfacet
  facet normal 0.000000 0.000000 -1.000000
    outer loop
      vertex -26.000000 -10.100000 -0.800000
      vertex -25.807875 -7.836259 -0.800000
      vertex -25.487667 -10.063357 -0.800000
    endloop
  endfacet
  facet normal 0.000000 0.000000 -1.000000
    outer loop
      vertex -26.000000 -10.100000 -0.800000
      vertex -26.000000 -7.850000 -0.800000
      vertex -25.807875 -7.836259 -0.800000
    endloop
  endfacet
  facet normal 0.071339 -0.997452 0.000000
    outer loop
      vertex -26.000000 -10.100000 -0.800000
      vertex -25.487667 -10.063357 -0.800000
      vertex -25.487667 -10.063357 0.800000
    endloop
  endfacet
  facet normal 0.071339 -0.997452 0.000000
    outer loop
      vertex -26.000000 -10.100000 -0.800000
      vertex -25.487667 -10.063357 0.800000
      vertex -26.000000 -10.100000 0.800000
    endloop
  endfacet
  facet normal -0.071339 0.997452 0.000000
    outer loop
      vertex -26.000000 -7.850000 -0.800000
      vertex -25.807875 -7.836259 0.800000
      vertex -25.807875 -7.836259 -0.800000
    endloop
  endfacet
  facet normal -0.071339 0.997452 0.000000
    outer loop
      vertex -26.000000 -7.850000 -0.800000
      vertex -26.000000 -7.850000 0.800000
      vertex -25.807875 -7.836259 0.800000
    endloop
  endfacet
  facet normal 0.000000 -0.000000 1.000000
    outer loop
      vertex -25.487667 -10.063357 0.800000
      vertex -24.985763 -9.954175 0.800000
      vertex -25.619661 -7.795316 0.800000
    endloop
  endfacet
  facet normal 0.000000 0.000000 1.000000
    outer loop
      vertex -25.487667 -10.063357 0.800000
      vertex -25.619661 -7.795316 0.800000
      vertex -25.807875 -7.836259 0.800000
    endloop
  endfacet
  facet normal 0.000000 0.000000 -1.000000
    outer loop
      vertex -25.487667 -10.063357 -0.800000
      vertex -25.619661 -7.795316 -0.800000
      vertex -24.985763 -9.954175 -0.800000
    endloop
  endfacet
  facet normal 0.000000 0.000000 -1.000000
    outer loop
      vertex -25.487667 -10.063357 -0.800000
      vertex -25.807875 -7.836259 -0.800000
      vertex -25.619661 -7.795316 -0.800000
    endloop
  endfacet
  facet normal 0.212565 -0.977147 0.000000
    outer loop
      vertex -25.487667 -10.063357 -0.800000
      vertex -24.985763 -9.954175 -0.800000
      vertex -24.985763 -9.954175 0.800000
    endloop
  endfacet
  facet normal 0.212565 -0.977147 0.000000
    outer loop
      vertex -25.487667 -10.063357 -0.800000
      vertex -24.985763 -9.954175 0.800000
      vertex -25.487667 -10.063357 0.800000
    endloop
  endfacet
  facet normal -0.212565 0.977147 0.000000
    outer loop
      vertex -25.807875 -7.836259 -0.800000
      vertex -25.619661 -7.795316 0.800000
      vertex -25.619661 -7.795316 -0.800000
    endloop
  endfacet
  facet normal -0.212565 0.977147 0.000000
    outer loop
      vertex -25.807875 -7.836259 -0.800000
      vertex -25.807875 -7.836259 0.800000
      vertex -25.619661 -7.795316 0.800000
    endloop
  endfacet
  facet normal 0.000000 -0.000000 1.000000
    outer loop
      vertex -24.985763 -9.954175 0.800000
      vertex -24.504506 -9.774675 0.800000
      vertex -25.439190 -7.728003 0.800000
    endloop
  endfacet
  facet normal 0.000000 0.000000 1.000000
    outer loop
      vertex -24.985763 -9.954175 0.800000
      vertex -25.439190 -7.728003 0.800000
      vertex -25.619661 -7.795316 0.800000
    endloop
  endfacet
  facet normal 0.000000 0.000000 -1.000000
    outer loop
      vertex -24.985763 -9.954175 -0.800000
      vertex -25.439190 -7.728003 -0.800000
      vertex -24.504506 -9.774675 -0.800000
    endloop
  endfacet
  facet normal 0.000000 0.000000 -1.000000
    outer loop
      vertex -24.985763 -9.954175 -0.800000
      vertex -25.619661 -7.795316 -0.800000
      vertex -25.439190 -7.728003 -0.800000
    endloop
  endfacet
  facet normal 0.349464 -0.936950 0.000000
    outer loop
      vertex -24.985763 -9.954175 -0.800000
      vertex -24.504506 -9.774675 -0.800000
      vertex -24.504506 -9.774675 0.800000
    endloop
  endfacet
  facet normal 0.349464 -0.936950 0.000000
    outer loop
      vertex -24.985763 -9.954175 -0.800000
      vertex -24.504506 -9.774675 0.800000
      vertex -24.985763 -9.954175 0.800000
    endloop
  endfacet
  facet normal -0.349464 0.936950 0.000000
    outer loop
      vertex -25.619661 -7.795316 -0.800000
      vertex -25.439190 -7.728003 0.800000
      vertex -25.439190 -7.728003 -0.800000
    endloop
  endfacet
  facet normal -0.349464 0.936950 0.000000
    outer loop
      vertex -25.619661 -7.795316 -0.800000
      vertex -25.619661 -7.795316 0.800000
      vertex -25.439190 -7.728003 0.800000
    endloop
  endfacet
  facet normal 0.000000 -0.000000 1.000000
    outer loop
      vertex -24.504506 -9.774675 0.800000
      vertex -24.053693 -9.528513 0.800000
      vertex -25.270135 -7.635692 0.800000
    endloop
  endfacet
  facet normal 0.000000 0.000000 1.000000
    outer loop
      vertex -24.504506 -9.774675 0.800000
      vertex -25.270135 -7.635692 0.800000
      vertex -25.439190 -7.728003 0.800000
    endloop
  endfacet
  facet normal 0.000000 0.000000 -1.000000
    outer loop
      vertex -24.504506 -9.774675 -0.800000
      vertex -25.270135 -7.635692 -0.800000
      vertex -24.053693 -9.528513 -0.800000
    endloop
  endfacet
  facet normal 0.000000 0.000000 -1.000000
    outer loop
      vertex -24.504506 -9.774675 -0.800000
      vertex -25.439190 -7.728003 -0.800000
      vertex -25.270135 -7.635692 -0.800000
    endloop
  endfacet
  facet normal 0.479249 -0.877679 0.000000
    outer loop
      vertex -24.504506 -9.774675 -0.800000
      vertex -24.053693 -9.528513 -0.800000
      vertex -24.053693 -9.528513 0.800000
    endloop
  endfacet
  facet normal 0.479249 -0.877679 0.000000
    outer loop
      vertex -24.504506 -9.774675 -0.800000
      vertex -24.053693 -9.528513 0.800000
      vertex -24.504506 -9.774675 0.800000
    endloop
  endfacet
  facet normal -0.479249 0.877679 0.000000
    outer loop
      vertex -25.439190 -7.728003 -0.800000
      vertex -25.270135 -7.635692 0.800000
      vertex -25.270135 -7.635692 -0.800000
    endloop
  endfacet
  facet normal -0.479249 0.877679 0.000000
    outer loop
      vertex -25.439190 -7.728003 -0.800000
      vertex -25.439190 -7.728003 0.800000
      vertex -25.270135 -7.635692 0.800000
    endloop
  endfacet
  facet normal 0.000000 -0.000000 1.000000
    outer loop
      vertex -24.053693 -9.528513 0.800000
      vertex -23.642501 -9.220698 0.800000
      vertex -25.115938 -7.520262 0.800000
    endloop
  endfacet
  facet normal 0.000000 0.000000 1.000000
    outer loop
      vertex -24.053693 -9.528513 0.800000
      vertex -25.115938 -7.520262 0.800000
      vertex -25.270135 -7.635692 0.800000
    endloop
  endfacet
  facet normal 0.000000 0.000000 -1.000000
    outer loop
      vertex -24.053693 -9.528513 -0.800000
      vertex -25.115938 -7.520262 -0.800000
      vertex -23.642501 -9.220698 -0.800000
    endloop
  endfacet
  facet normal 0.000000 0.000000 -1.000000
    outer loop
      vertex -24.053693 -9.528513 -0.800000
      vertex -25.270135 -7.635692 -0.800000
      vertex -25.115938 -7.520262 -0.800000
    endloop
  endfacet
  facet normal 0.599278 -0.800541 0.000000
    outer loop
      vertex -24.053693 -9.528513 -0.800000
      vertex -23.642501 -9.220698 -0.800000
      vertex -23.642501 -9.220698 0.800000
    endloop
  endfacet
  facet normal 0.599278 -0.800541 0.000000
    outer loop
      vertex -24.053693 -9.528513 -0.800000
      vertex -23.642501 -9.220698 0.800000
      vertex -24.053693 -9.528513 0.800000
    endloop
  endfacet
  facet normal -0.599278 0.800541 0.000000
    outer loop
      vertex -25.270135 -7.635692 -0.800000
      vertex -25.115938 -7.520262 0.800000
      vertex -25.115938 -7.520262 -0.800000
    endloop
  endfacet
  facet normal -0.599278 0.800541 0.000000
    outer loop
      vertex -25.270135 -7.635692 -0.800000
      vertex -25.270135 -7.635692 0.800000
      vertex -25.115938 -7.520262 0.800000
    endloop
  endfacet
  facet normal 0.000000 -0.000000 1.000000
    outer loop
      vertex -23.642501 -9.220698 0.800000
      vertex -23.279302 -8.857499 0.800000
      vertex -24.979738 -7.384062 0.800000
    endloop
  endfacet
  facet normal 0.000000 0.000000 1.000000
    outer loop
      vertex -23.642501 -9.220698 0.800000
      vertex -24.979738 -7.384062 0.800000
      vertex -25.115938 -7.520262 0.800000
    endloop
  endfacet
  facet normal 0.000000 0.000000 -1.000000
    outer loop
      vertex -23.642501 -9.220698 -0.800000
      vertex -24.979738 -7.384062 -0.800000
      vertex -23.279302 -8.857499 -0.800000
    endloop
  endfacet
  facet normal 0.000000 0.000000 -1.000000
    outer loop
      vertex -23.642501 -9.220698 -0.800000
      vertex -25.115938 -7.520262 -0.800000
      vertex -24.979738 -7.384062 -0.800000
    endloop
  endfacet
  facet normal 0.707107 -0.707107 0.000000
    outer loop
      vertex -23.642501 -9.220698 -0.800000
      vertex -23.279302 -8.857499 -0.800000
      vertex -23.279302 -8.857499 0.800000
    endloop
  endfacet
  facet normal 0.707107 -0.707107 0.000000
    outer loop
      vertex -23.642501 -9.220698 -0.800000
      vertex -23.279302 -8.857499 0.800000
      vertex -23.642501 -9.220698 0.800000
    endloop
  endfacet
  facet normal -0.707107 0.707107 0.000000
    outer loop
      vertex -25.115938 -7.520262 -0.800000
      vertex -24.979738 -7.384062 0.800000
      vertex -24.979738 -7.384062 -0.800000
    endloop
  endfacet
  facet normal -0.707107 0.707107 0.000000
    outer loop
      vertex -25.115938 -7.520262 -0.800000
      vertex -25.115938 -7.520262 0.800000
      vertex -24.979738 -7.384062 0.800000
    endloop
  endfacet
  facet normal 0.000000 -0.000000 1.000000
    outer loop
      vertex -23.279302 -8.857499 0.800000
      vertex -22.971487 -8.446307 0.800000
      vertex -24.864308 -7.229865 0.800000
    endloop
  endfacet
  facet normal 0.000000 0.000000 1.000000
    outer loop
      vertex -23.279302 -8.857499 0.800000
      vertex -24.864308 -7.229865 0.800000
      vertex -24.979738 -7.384062 0.800000
    endloop
  endfacet
  facet normal 0.000000 0.000000 -1.000000
    outer loop
      vertex -23.279302 -8.857499 -0.800000
      vertex -24.864308 -7.229865 -0.800000
      vertex -22.971487 -8.446307 -0.800000
    endloop
  endfacet
  facet normal 0.000000 0.000000 -1.000000
    outer loop
      vertex -23.279302 -8.857499 -0.800000
      vertex -24.979738 -7.384062 -0.800000
      vertex -24.864308 -7.229865 -0.800000
    endloop
  endfacet
  facet normal 0.800541 -0.599278 0.000000
    outer loop
      vertex -23.279302 -8.857499 -0.800000
      vertex -22.971487 -8.446307 -0.800000
      vertex -22.971487 -8.446307 0.800000
    endloop
  endfacet
  facet normal 0.800541 -0.599278 0.000000
    outer loop
      vertex -23.279302 -8.857499 -0.800000
      vertex -22.971487 -8.446307 0.800000
      vertex -23.279302 -8.857499 0.800000
    endloop
  endfacet
  facet normal -0.800541 0.599278 0.000000
    outer loop
      vertex -24.979738 -7.384062 -0.800000
      vertex -24.864308 -7.229865 0.800000
      vertex -24.864308 -7.229865 -0.800000
    endloop
  endfacet
  facet normal -0.800541 0.599278 0.000000
    outer loop
      vertex -24.979738 -7.384062 -0.800000
      vertex -24.979738 -7.384062 0.800000
      vertex -24.864308 -7.229865 0.800000
    endloop
  endfacet
  facet normal 0.000000 -0.000000 1.000000
    outer loop
      vertex -22.971487 -8.446307 0.800000
      vertex -22.725325 -7.995494 0.800000
      vertex -24.771997 -7.060810 0.800000
    endloop
  endfacet
  facet normal 0.000000 0.000000 1.000000
    outer loop
      vertex -22.971487 -8.446307 0.800000
      vertex -24.771997 -7.060810 0.800000
      vertex -24.864308 -7.229865 0.800000
    endloop
  endfacet
  facet normal 0.000000 0.000000 -1.000000
    outer loop
      vertex -22.971487 -8.446307 -0.800000
      vertex -24.771997 -7.060810 -0.800000
      vertex -22.725325 -7.995494 -0.800000
    endloop
  endfacet
  facet normal 0.000000 0.000000 -1.000000
    outer loop
      vertex -22.971487 -8.446307 -0.800000
      vertex -24.864308 -7.229865 -0.800000
      vertex -24.771997 -7.060810 -0.800000
    endloop
  endfacet
  facet normal 0.877679 -0.479249 0.000000
    outer loop
      vertex -22.971487 -8.446307 -0.800000
      vertex -22.725325 -7.995494 -0.800000
      vertex -22.725325 -7.995494 0.800000
    endloop
  endfacet
  facet normal 0.877679 -0.479249 0.000000
    outer loop
      vertex -22.971487 -8.446307 -0.800000
      vertex -22.725325 -7.995494 0.800000
      vertex -22.971487 -8.446307 0.800000
    endloop
  endfacet
  facet normal -0.877679 0.479249 0.000000
    outer loop
      vertex -24.864308 -7.229865 -0.800000
      vertex -24.771997 -7.060810 0.800000
      vertex -24.771997 -7.060810 -0.800000
    endloop
  endfacet
  facet normal -0.877679 0.479249 0.000000
    outer loop
      vertex -24.864308 -7.229865 -0.800000
      vertex -24.864308 -7.229865 0.800000
      vertex -24.771997 -7.060810 0.800000
    endloop
  endfacet
  facet normal 0.000000 -0.000000 1.000000
    outer loop
      vertex -22.725325 -7.995494 0.800000
      vertex -22.545825 -7.514237 0.800000
      vertex -24.704684 -6.880339 0.800000
    endloop
  endfacet
  facet normal 0.000000 0.000000 1.000000
    outer loop
      vertex -22.725325 -7.995494 0.800000
      vertex -24.704684 -6.880339 0.800000
      vertex -24.771997 -7.060810 0.800000
    endloop
  endfacet
  facet normal 0.000000 0.000000 -1.000000
    outer loop
      vertex -22.725325 -7.995494 -0.800000
      vertex -24.704684 -6.880339 -0.800000
      vertex -22.545825 -7.514237 -0.800000
    endloop
  endfacet
  facet normal 0.000000 0.000000 -1.000000
    outer loop
      vertex -22.725325 -7.995494 -0.800000
      vertex -24.771997 -7.060810 -0.800000
      vertex -24.704684 -6.880339 -0.800000
    endloop
  endfacet
  facet normal 0.936950 -0.349464 0.000000
    outer loop
      vertex -22.725325 -7.995494 -0.800000
      vertex -22.545825 -7.514237 -0.800000
      vertex -22.545825 -7.514237 0.800000
    endloop
  endfacet
  facet normal 0.936950 -0.349464 0.000000
    outer loop
      vertex -22.725325 -7.995494 -0.800000
      vertex -22.545825 -7.514237 0.800000
      vertex -22.725325 -7.995494 0.800000
    endloop
  endfacet
  facet normal -0.936950 0.349464 0.000000
    outer loop
      vertex -24.771997 -7.060810 -0.800000
      vertex -24.704684 -6.880339 0.800000
      vertex -24.704684 -6.880339 -0.800000
    endloop
  endfacet
  facet normal -0.936950 0.349464 0.000000
    outer loop
      vertex -24.771997 -7.060810 -0.800000
      vertex -24.771997 -7.060810 0.800000
      vertex -24.704684 -6.880339 0.800000
    endloop
  endfacet
  facet normal 0.000000 -0.000000 1.000000
    outer loop
      vertex -22.545825 -7.514237 0.800000
      vertex -22.436643 -7.012333 0.800000
      vertex -24.663741 -6.692125 0.800000
    endloop
  endfacet
  facet normal 0.000000 0.000000 1.000000
    outer loop
      vertex -22.545825 -7.514237 0.800000
      vertex -24.663741 -6.692125 0.800000
      vertex -24.704684 -6.880339 0.800000
    endloop
  endfacet
  facet normal 0.000000 0.000000 -1.000000
    outer loop
      vertex -22.545825 -7.514237 -0.800000
      vertex -24.663741 -6.692125 -0.800000
      vertex -22.436643 -7.012333 -0.800000
    endloop
  endfacet
  facet normal 0.000000 0.000000 -1.000000
    outer loop
      vertex -22.545825 -7.514237 -0.800000
      vertex -24.704684 -6.880339 -0.800000
      vertex -24.663741 -6.692125 -0.800000
    endloop
  endfacet
  facet normal 0.977147 -0.212565 0.000000
    outer loop
      vertex -22.545825 -7.514237 -0.800000
      vertex -22.436643 -7.012333 -0.800000
      vertex -22.436643 -7.012333 0.800000
    endloop
  endfacet
  facet normal 0.977147 -0.212565 0.000000
    outer loop
      vertex -22.545825 -7.514237 -0.800000
      vertex -22.436643 -7.012333 0.800000
      vertex -22.545825 -7.514237 0.800000
    endloop
  endfacet
  facet normal -0.977147 0.212565 0.000000
    outer loop
      vertex -24.704684 -6.880339 -0.800000
      vertex -24.663741 -6.692125 0.800000
      vertex -24.663741 -6.692125 -0.800000
    endloop
  endfacet
  facet normal -0.977147 0.212565 0.000000
    outer loop
      vertex -24.704684 -6.880339 -0.800000
      vertex -24.704684 -6.880339 0.800000
      vertex -24.663741 -6.692125 0.800000
    endloop
  endfacet
  facet normal 0.000000 -0.000000 1.000000
    outer loop
      vertex -22.436643 -7.012333 0.800000
      vertex -22.400000 -6.500000 0.800000
      vertex -24.650000 -6.500000 0.800000
    endloop
  endfacet
  facet normal 0.000000 0.000000 1.000000
    outer loop
      vertex -22.436643 -7.012333 0.800000
      vertex -24.650000 -6.500000 0.800000
      vertex -24.663741 -6.692125 0.800000
    endloop
  endfacet
  facet normal 0.000000 0.000000 -1.000000
    outer loop
      vertex -22.436643 -7.012333 -0.800000
      vertex -24.650000 -6.500000 -0.800000
      vertex -22.400000 -6.500000 -0.800000
    endloop
  endfacet
  facet normal 0.000000 0.000000 -1.000000
    outer loop
      vertex -22.436643 -7.012333 -0.800000
      vertex -24.663741 -6.692125 -0.800000
      vertex -24.650000 -6.500000 -0.800000
    endloop
  endfacet
  facet normal 0.997452 -0.071339 0.000000
    outer loop
      vertex -22.436643 -7.012333 -0.800000
      vertex -22.400000 -6.500000 -0.800000
      vertex -22.400000 -6.500000 0.800000
    endloop
  endfacet
  facet normal 0.997452 -0.071339 0.000000
    outer loop
      vertex -22.436643 -7.012333 -0.800000
      vertex -22.400000 -6.500000 0.800000
      vertex -22.436643 -7.012333 0.800000
    endloop
  endfacet
  facet normal -0.997452 0.071339 0.000000
    outer loop
      vertex -24.663741 -6.692125 -0.800000
      vertex -24.650000 -6.500000 0.800000
      vertex -24.650000 -6.500000 -0.800000
    endloop
  endfacet
  facet normal -0.997452 0.071339 0.000000
    outer loop
      vertex -24.663741 -6.692125 -0.800000
      vertex -24.663741 -6.692125 0.800000
      vertex -24.650000 -6.500000 0.800000
    endloop
  endfacet
  facet normal 0.000000 0.000000 1.000000
    outer loop
      vertex -12.000000 -5.258610 0.800000
      vertex -12.036643 -4.746277 0.800000
      vertex -14.263741 -5.066485 0.800000
    endloop
  endfacet
  facet normal 0.000000 0.000000 1.000000
    outer loop
      vertex -12.000000 -5.258610 0.800000
      vertex -14.263741 -5.066485 0.800000
      vertex -14.250000 -5.258610 0.800000
    endloop
  endfacet
  facet normal 0.000000 0.000000 -1.000000
    outer loop
      vertex -12.000000 -5.258610 -0.800000
      vertex -14.263741 -5.066485 -0.800000
      vertex -12.036643 -4.746277 -0.800000
    endloop
  endfacet
  facet normal 0.000000 0.000000 -1.000000
    outer loop
      vertex -12.000000 -5.258610 -0.800000
      vertex -14.250000 -5.258610 -0.800000
      vertex -14.263741 -5.066485 -0.800000
    endloop
  endfacet
  facet normal 0.997452 0.071339 0.000000
    outer loop
      vertex -12.000000 -5.258610 -0.800000
      vertex -12.036643 -4.746277 -0.800000
      vertex -12.036643 -4.746277 0.800000
    endloop
  endfacet
  facet normal 0.997452 0.071339 -0.000000
    outer loop
      vertex -12.000000 -5.258610 -0.800000
      vertex -12.036643 -4.746277 0.800000
      vertex -12.000000 -5.258610 0.800000
    endloop
  endfacet
  facet normal -0.997452 -0.071339 0.000000
    outer loop
      vertex -14.250000 -5.258610 -0.800000
      vertex -14.263741 -5.066485 0.800000
      vertex -14.263741 -5.066485 -0.800000
    endloop
  endfacet
  facet normal -0.997452 -0.071339 0.000000
    outer loop
      vertex -14.250000 -5.258610 -0.800000
      vertex -14.250000 -5.258610 0.800000
      vertex -14.263741 -5.066485 0.800000
    endloop
  endfacet
  facet normal 0.000000 0.000000 1.000000
    outer loop
      vertex -12.036643 -4.746277 0.800000
      vertex -12.145825 -4.244373 0.800000
      vertex -14.304684 -4.878272 0.800000
    endloop
  endfacet
  facet normal 0.000000 0.000000 1.000000
    outer loop
      vertex -12.036643 -4.746277 0.800000
      vertex -14.304684 -4.878272 0.800000
      vertex -14.263741 -5.066485 0.800000
    endloop
  endfacet
  facet normal -0.000000 0.000000 -1.000000
    outer loop
      vertex -12.036643 -4.746277 -0.800000
      vertex -14.304684 -4.878272 -0.800000
      vertex -12.145825 -4.244373 -0.800000
    endloop
  endfacet
  facet normal 0.000000 0.000000 -1.000000
    outer loop
      vertex -12.036643 -4.746277 -0.800000
      vertex -14.263741 -5.066485 -0.800000
      vertex -14.304684 -4.878272 -0.800000
    endloop
  endfacet
  facet normal 0.977147 0.212565 0.000000
    outer loop
      vertex -12.036643 -4.746277 -0.800000
      vertex -12.145825 -4.244373 -0.800000
      vertex -12.145825 -4.244373 0.800000
    endloop
  endfacet
  facet normal 0.977147 0.212565 -0.000000
    outer loop
      vertex -12.036643 -4.746277 -0.800000
      vertex -12.145825 -4.244373 0.800000
      vertex -12.036643 -4.746277 0.800000
    endloop
  endfacet
  facet normal -0.977147 -0.212565 0.000000
    outer loop
      vertex -14.263741 -5.066485 -0.800000
      vertex -14.304684 -4.878272 0.800000
      vertex -14.304684 -4.878272 -0.800000
    endloop
  endfacet
  facet normal -0.977147 -0.212565 0.000000
    outer loop
      vertex -14.263741 -5.066485 -0.800000
      vertex -14.263741 -5.066485 0.800000
      vertex -14.304684 -4.878272 0.800000
    endloop
  endfacet
  facet normal 0.000000 0.000000 1.000000
    outer loop
      vertex -12.145825 -4.244373 0.800000
      vertex -12.325325 -3.763116 0.800000
      vertex -14.371997 -4.697800 0.800000
    endloop
  endfacet
  facet normal 0.000000 0.000000 1.000000
    outer loop
      vertex -12.145825 -4.244373 0.800000
      vertex -14.371997 -4.697800 0.800000
      vertex -14.304684 -4.878272 0.800000
    endloop
  endfacet
  facet normal -0.000000 0.000000 -1.000000
    outer loop
      vertex -12.145825 -4.244373 -0.800000
      vertex -14.371997 -4.697800 -0.800000
      vertex -12.325325 -3.763116 -0.800000
    endloop
  endfacet
  facet normal 0.000000 0.000000 -1.000000
    outer loop
      vertex -12.145825 -4.244373 -0.800000
      vertex -14.304684 -4.878272 -0.800000
      vertex -14.371997 -4.697800 -0.800000
    endloop
  endfacet
  facet normal 0.936950 0.349464 0.000000
    outer loop
      vertex -12.145825 -4.244373 -0.800000
      vertex -12.325325 -3.763116 -0.800000
      vertex -12.325325 -3.763116 0.800000
    endloop
  endfacet
  facet normal 0.936950 0.349464 -0.000000
    outer loop
      vertex -12.145825 -4.244373 -0.800000
      vertex -12.325325 -3.763116 0.800000
      vertex -12.145825 -4.244373 0.800000
    endloop
  endfacet
  facet normal -0.936950 -0.349464 0.000000
    outer loop
      vertex -14.304684 -4.878272 -0.800000
      vertex -14.371997 -4.697800 0.800000
      vertex -14.371997 -4.697800 -0.800000
    endloop
  endfacet
  facet normal -0.936950 -0.349464 0.000000
    outer loop
      vertex -14.304684 -4.878272 -0.800000
      vertex -14.304684 -4.878272 0.800000
      vertex -14.371997 -4.697800 0.800000
    endloop
  endfacet
  facet normal 0.000000 0.000000 1.000000
    outer loop
      vertex -12.325325 -3.763116 0.800000
      vertex -12.571487 -3.312304 0.800000
      vertex -14.464308 -4.528745 0.800000
    endloop
  endfacet
  facet normal 0.000000 0.000000 1.000000
    outer loop
      vertex -12.325325 -3.763116 0.800000
      vertex -14.464308 -4.528745 0.800000
      vertex -14.371997 -4.697800 0.800000
    endloop
  endfacet
  facet normal -0.000000 0.000000 -1.000000
    outer loop
      vertex -12.325325 -3.763116 -0.800000
      vertex -14.464308 -4.528745 -0.800000
      vertex -12.571487 -3.312304 -0.800000
    endloop
  endfacet
  facet normal 0.000000 0.000000 -1.000000
    outer loop
      vertex -12.325325 -3.763116 -0.800000
      vertex -14.371997 -4.697800 -0.800000
      vertex -14.464308 -4.528745 -0.800000
    endloop
  endfacet
  facet normal 0.877679 0.479249 0.000000
    outer loop
      vertex -12.325325 -3.763116 -0.800000
      vertex -12.571487 -3.312304 -0.800000
      vertex -12.571487 -3.312304 0.800000
    endloop
  endfacet
  facet normal 0.877679 0.479249 -0.000000
    outer loop
      vertex -12.325325 -3.763116 -0.800000
      vertex -12.571487 -3.312304 0.800000
      vertex -12.325325 -3.763116 0.800000
    endloop
  endfacet
  facet normal -0.877679 -0.479249 0.000000
    outer loop
      vertex -14.371997 -4.697800 -0.800000
      vertex -14.464308 -4.528745 0.800000
      vertex -14.464308 -4.528745 -0.800000
    endloop
  endfacet
  facet normal -0.877679 -0.479249 0.000000
    outer loop
      vertex -14.371997 -4.697800 -0.800000
      vertex -14.371997 -4.697800 0.800000
      vertex -14.464308 -4.528745 0.800000
    endloop
  endfacet
  facet normal 0.000000 0.000000 1.000000
    outer loop
      vertex -12.571487 -3.312304 0.800000
      vertex -12.879302 -2.901112 0.800000
      vertex -14.579738 -4.374548 0.800000
    endloop
  endfacet
  facet normal 0.000000 0.000000 1.000000
    outer loop
      vertex -12.571487 -3.312304 0.800000
      vertex -14.579738 -4.374548 0.800000
      vertex -14.464308 -4.528745 0.800000
    endloop
  endfacet
  facet normal -0.000000 0.000000 -1.000000
    outer loop
      vertex -12.571487 -3.312304 -0.800000
      vertex -14.579738 -4.374548 -0.800000
      vertex -12.879302 -2.901112 -0.800000
    endloop
  endfacet
  facet normal 0.000000 0.000000 -1.000000
    outer loop
      vertex -12.571487 -3.312304 -0.800000
      vertex -14.464308 -4.528745 -0.800000
      vertex -14.579738 -4.374548 -0.800000
    endloop
  endfacet
  facet normal 0.800541 0.599278 0.000000
    outer loop
      vertex -12.571487 -3.312304 -0.800000
      vertex -12.879302 -2.901112 -0.800000
      vertex -12.879302 -2.901112 0.800000
    endloop
  endfacet
  facet normal 0.800541 0.599278 -0.000000
    outer loop
      vertex -12.571487 -3.312304 -0.800000
      vertex -12.879302 -2.901112 0.800000
      vertex -12.571487 -3.312304 0.800000
    endloop
  endfacet
  facet normal -0.800541 -0.599278 0.000000
    outer loop
      vertex -14.464308 -4.528745 -0.800000
      vertex -14.579738 -4.374548 0.800000
      vertex -14.579738 -4.374548 -0.800000
    endloop
  endfacet
  facet normal -0.800541 -0.599278 0.000000
    outer loop
      vertex -14.464308 -4.528745 -0.800000
      vertex -14.464308 -4.528745 0.800000
      vertex -14.579738 -4.374548 0.800000
    endloop
  endfacet
  facet normal 0.000000 0.000000 1.000000
    outer loop
      vertex -12.879302 -2.901112 0.800000
      vertex -13.242501 -2.537912 0.800000
      vertex -14.715938 -4.238349 0.800000
    endloop
  endfacet
  facet normal 0.000000 0.000000 1.000000
    outer loop
      vertex -12.879302 -2.901112 0.800000
      vertex -14.715938 -4.238349 0.800000
      vertex -14.579738 -4.374548 0.800000
    endloop
  endfacet
  facet normal -0.000000 0.000000 -1.000000
    outer loop
      vertex -12.879302 -2.901112 -0.800000
      vertex -14.715938 -4.238349 -0.800000
      vertex -13.242501 -2.537912 -0.800000
    endloop
  endfacet
  facet normal 0.000000 0.000000 -1.000000
    outer loop
      vertex -12.879302 -2.901112 -0.800000
      vertex -14.579738 -4.374548 -0.800000
      vertex -14.715938 -4.238349 -0.800000
    endloop
  endfacet
  facet normal 0.707107 0.707107 0.000000
    outer loop
      vertex -12.879302 -2.901112 -0.800000
      vertex -13.242501 -2.537912 -0.800000
      vertex -13.242501 -2.537912 0.800000
    endloop
  endfacet
  facet normal 0.707107 0.707107 -0.000000
    outer loop
      vertex -12.879302 -2.901112 -0.800000
      vertex -13.242501 -2.537912 0.800000
      vertex -12.879302 -2.901112 0.800000
    endloop
  endfacet
  facet normal -0.707107 -0.707107 0.000000
    outer loop
      vertex -14.579738 -4.374548 -0.800000
      vertex -14.715938 -4.238349 0.800000
      vertex -14.715938 -4.238349 -0.800000
    endloop
  endfacet
  facet normal -0.707107 -0.707107 0.000000
    outer loop
      vertex -14.579738 -4.374548 -0.800000
      vertex -14.579738 -4.374548 0.800000
      vertex -14.715938 -4.238349 0.800000
    endloop
  endfacet
  facet normal 0.000000 0.000000 1.000000
    outer loop
      vertex -13.242501 -2.537912 0.800000
      vertex -13.653693 -2.230098 0.800000
      vertex -14.870135 -4.122918 0.800000
    endloop
  endfacet
  facet normal 0.000000 0.000000 1.000000
    outer loop
      vertex -13.242501 -2.537912 0.800000
      vertex -14.870135 -4.122918 0.800000
      vertex -14.715938 -4.238349 0.800000
    endloop
  endfacet
  facet normal -0.000000 0.000000 -1.000000
    outer loop
      vertex -13.242501 -2.537912 -0.800000
      vertex -14.870135 -4.122918 -0.800000
      vertex -13.653693 -2.230098 -0.800000
    endloop
  endfacet
  facet normal 0.000000 0.000000 -1.000000
    outer loop
      vertex -13.242501 -2.537912 -0.800000
      vertex -14.715938 -4.238349 -0.800000
      vertex -14.870135 -4.122918 -0.800000
    endloop
  endfacet
  facet normal 0.599278 0.800541 0.000000
    outer loop
      vertex -13.242501 -2.537912 -0.800000
      vertex -13.653693 -2.230098 -0.800000
      vertex -13.653693 -2.230098 0.800000
    endloop
  endfacet
  facet normal 0.599278 0.800541 -0.000000
    outer loop
      vertex -13.242501 -2.537912 -0.800000
      vertex -13.653693 -2.230098 0.800000
      vertex -13.242501 -2.537912 0.800000
    endloop
  endfacet
  facet normal -0.599278 -0.800541 0.000000
    outer loop
      vertex -14.715938 -4.238349 -0.800000
      vertex -14.870135 -4.122918 0.800000
      vertex -14.870135 -4.122918 -0.800000
    endloop
  endfacet
  facet normal -0.599278 -0.800541 0.000000
    outer loop
      vertex -14.715938 -4.238349 -0.800000
      vertex -14.715938 -4.238349 0.800000
      vertex -14.870135 -4.122918 0.800000
    endloop
  endfacet
  facet normal 0.000000 0.000000 1.000000
    outer loop
      vertex -13.653693 -2.230098 0.800000
      vertex -14.104506 -1.983935 0.800000
      vertex -15.039190 -4.030607 0.800000
    endloop
  endfacet
  facet normal 0.000000 0.000000 1.000000
    outer loop
      vertex -13.653693 -2.230098 0.800000
      vertex -15.039190 -4.030607 0.800000
      vertex -14.870135 -4.122918 0.800000
    endloop
  endfacet
  facet normal -0.000000 0.000000 -1.000000
    outer loop
      vertex -13.653693 -2.230098 -0.800000
      vertex -15.039190 -4.030607 -0.800000
      vertex -14.104506 -1.983935 -0.800000
    endloop
  endfacet
  facet normal 0.000000 0.000000 -1.000000
    outer loop
      vertex -13.653693 -2.230098 -0.800000
      vertex -14.870135 -4.122918 -0.800000
      vertex -15.039190 -4.030607 -0.800000
    endloop
  endfacet
  facet normal 0.479249 0.877679 0.000000
    outer loop
      vertex -13.653693 -2.230098 -0.800000
      vertex -14.104506 -1.983935 -0.800000
      vertex -14.104506 -1.983935 0.800000
    endloop
  endfacet
  facet normal 0.479249 0.877679 -0.000000
    outer loop
      vertex -13.653693 -2.230098 -0.800000
      vertex -14.104506 -1.983935 0.800000
      vertex -13.653693 -2.230098 0.800000
    endloop
  endfacet
  facet normal -0.479249 -0.877679 0.000000
    outer loop
      vertex -14.870135 -4.122918 -0.800000
      vertex -15.039190 -4.030607 0.800000
      vertex -15.039190 -4.030607 -0.800000
    endloop
  endfacet
  facet normal -0.479249 -0.877679 0.000000
    outer loop
      vertex -14.870135 -4.122918 -0.800000
      vertex -14.870135 -4.122918 0.800000
      vertex -15.039190 -4.030607 0.800000
    endloop
  endfacet
  facet normal 0.000000 0.000000 1.000000
    outer loop
      vertex -14.104506 -1.983935 0.800000
      vertex -14.585763 -1.804436 0.800000
      vertex -15.219661 -3.963295 0.800000
    endloop
  endfacet
  facet normal 0.000000 0.000000 1.000000
    outer loop
      vertex -14.104506 -1.983935 0.800000
      vertex -15.219661 -3.963295 0.800000
      vertex -15.039190 -4.030607 0.800000
    endloop
  endfacet
  facet normal -0.000000 0.000000 -1.000000
    outer loop
      vertex -14.104506 -1.983935 -0.800000
      vertex -15.219661 -3.963295 -0.800000
      vertex -14.585763 -1.804436 -0.800000
    endloop
  endfacet
  facet normal 0.000000 0.000000 -1.000000
    outer loop
      vertex -14.104506 -1.983935 -0.800000
      vertex -15.039190 -4.030607 -0.800000
      vertex -15.219661 -3.963295 -0.800000
    endloop
  endfacet
  facet normal 0.349464 0.936950 0.000000
    outer loop
      vertex -14.104506 -1.983935 -0.800000
      vertex -14.585763 -1.804436 -0.800000
      vertex -14.585763 -1.804436 0.800000
    endloop
  endfacet
  facet normal 0.349464 0.936950 -0.000000
    outer loop
      vertex -14.104506 -1.983935 -0.800000
      vertex -14.585763 -1.804436 0.800000
      vertex -14.104506 -1.983935 0.800000
    endloop
  endfacet
  facet normal -0.349464 -0.936950 0.000000
    outer loop
      vertex -15.039190 -4.030607 -0.800000
      vertex -15.219661 -3.963295 0.800000
      vertex -15.219661 -3.963295 -0.800000
    endloop
  endfacet
  facet normal -0.349464 -0.936950 0.000000
    outer loop
      vertex -15.039190 -4.030607 -0.800000
      vertex -15.039190 -4.030607 0.800000
      vertex -15.219661 -3.963295 0.800000
    endloop
  endfacet
  facet normal 0.000000 0.000000 1.000000
    outer loop
      vertex -14.585763 -1.804436 0.800000
      vertex -15.087667 -1.695253 0.800000
      vertex -15.407875 -3.922352 0.800000
    endloop
  endfacet
  facet normal 0.000000 0.000000 1.000000
    outer loop
      vertex -14.585763 -1.804436 0.800000
      vertex -15.407875 -3.922352 0.800000
      vertex -15.219661 -3.963295 0.800000
    endloop
  endfacet
  facet normal -0.000000 0.000000 -1.000000
    outer loop
      vertex -14.585763 -1.804436 -0.800000
      vertex -15.407875 -3.922352 -0.800000
      vertex -15.087667 -1.695253 -0.800000
    endloop
  endfacet
  facet normal 0.000000 0.000000 -1.000000
    outer loop
      vertex -14.585763 -1.804436 -0.800000
      vertex -15.219661 -3.963295 -0.800000
      vertex -15.407875 -3.922352 -0.800000
    endloop
  endfacet
  facet normal 0.212565 0.977147 0.000000
    outer loop
      vertex -14.585763 -1.804436 -0.800000
      vertex -15.087667 -1.695253 -0.800000
      vertex -15.087667 -1.695253 0.800000
    endloop
  endfacet
  facet normal 0.212565 0.977147 -0.000000
    outer loop
      vertex -14.585763 -1.804436 -0.800000
      vertex -15.087667 -1.695253 0.800000
      vertex -14.585763 -1.804436 0.800000
    endloop
  endfacet
  facet normal -0.212565 -0.977147 0.000000
    outer loop
      vertex -15.219661 -3.963295 -0.800000
      vertex -15.407875 -3.922352 0.800000
      vertex -15.407875 -3.922352 -0.800000
    endloop
  endfacet
  facet normal -0.212565 -0.977147 0.000000
    outer loop
      vertex -15.219661 -3.963295 -0.800000
      vertex -15.219661 -3.963295 0.800000
      vertex -15.407875 -3.922352 0.800000
    endloop
  endfacet
  facet normal 0.000000 0.000000 1.000000
    outer loop
      vertex -15.087667 -1.695253 0.800000
      vertex -15.600000 -1.658610 0.800000
      vertex -15.600000 -3.908610 0.800000
    endloop
  endfacet
  facet normal 0.000000 0.000000 1.000000
    outer loop
      vertex -15.087667 -1.695253 0.800000
      vertex -15.600000 -3.908610 0.800000
      vertex -15.407875 -3.922352 0.800000
    endloop
  endfacet
  facet normal -0.000000 0.000000 -1.000000
    outer loop
      vertex -15.087667 -1.695253 -0.800000
      vertex -15.600000 -3.908610 -0.800000
      vertex -15.600000 -1.658610 -0.800000
    endloop
  endfacet
  facet normal 0.000000 0.000000 -1.000000
    outer loop
      vertex -15.087667 -1.695253 -0.800000
      vertex -15.407875 -3.922352 -0.800000
      vertex -15.600000 -3.908610 -0.800000
    endloop
  endfacet
  facet normal 0.071339 0.997452 0.000000
    outer loop
      vertex -15.087667 -1.695253 -0.800000
      vertex -15.600000 -1.658610 -0.800000
      vertex -15.600000 -1.658610 0.800000
    endloop
  endfacet
  facet normal 0.071339 0.997452 -0.000000
    outer loop
      vertex -15.087667 -1.695253 -0.800000
      vertex -15.600000 -1.658610 0.800000
      vertex -15.087667 -1.695253 0.800000
    endloop
  endfacet
  facet normal -0.071339 -0.997452 0.000000
    outer loop
      vertex -15.407875 -3.922352 -0.800000
      vertex -15.600000 -3.908610 0.800000
      vertex -15.600000 -3.908610 -0.800000
    endloop
  endfacet
  facet normal -0.071339 -0.997452 0.000000
    outer loop
      vertex -15.407875 -3.922352 -0.800000
      vertex -15.407875 -3.922352 0.800000
      vertex -15.600000 -3.908610 0.800000
    endloop
  endfacet
  facet normal 0.000000 0.000000 1.000000
    outer loop
      vertex -15.600000 -1.658610 0.800000
      vertex -16.112333 -1.695253 0.800000
      vertex -15.792125 -3.922352 0.800000
    endloop
  endfacet
  facet normal 0.000000 0.000000 1.000000
    outer loop
      vertex -15.600000 -1.658610 0.800000
      vertex -15.792125 -3.922352 0.800000
      vertex -15.600000 -3.908610 0.800000
    endloop
  endfacet
  facet normal 0.000000 0.000000 -1.000000
    outer loop
      vertex -15.600000 -1.658610 -0.800000
      vertex -15.792125 -3.922352 -0.800000
      vertex -16.112333 -1.695253 -0.800000
    endloop
  endfacet
  facet normal 0.000000 0.000000 -1.000000
    outer loop
      vertex -15.600000 -1.658610 -0.800000
      vertex -15.600000 -3.908610 -0.800000
      vertex -15.792125 -3.922352 -0.800000
    endloop
  endfacet
  facet normal -0.071339 0.997452 0.000000
    outer loop
      vertex -15.600000 -1.658610 -0.800000
      vertex -16.112333 -1.695253 -0.800000
      vertex -16.112333 -1.695253 0.800000
    endloop
  endfacet
  facet normal -0.071339 0.997452 0.000000
    outer loop
      vertex -15.600000 -1.658610 -0.800000
      vertex -16.112333 -1.695253 0.800000
      vertex -15.600000 -1.658610 0.800000
    endloop
  endfacet
  facet normal 0.071339 -0.997452 0.000000
    outer loop
      vertex -15.600000 -3.908610 -0.800000
      vertex -15.792125 -3.922352 0.800000
      vertex -15.792125 -3.922352 -0.800000
    endloop
  endfacet
  facet normal 0.071339 -0.997452 0.000000
    outer loop
      vertex -15.600000 -3.908610 -0.800000
      vertex -15.600000 -3.908610 0.800000
      vertex -15.792125 -3.922352 0.800000
    endloop
  endfacet
  facet normal 0.000000 0.000000 1.000000
    outer loop
      vertex -16.112333 -1.695253 0.800000
      vertex -16.614237 -1.804436 0.800000
      vertex -15.980339 -3.963295 0.800000
    endloop
  endfacet
  facet normal 0.000000 0.000000 1.000000
    outer loop
      vertex -16.112333 -1.695253 0.800000
      vertex -15.980339 -3.963295 0.800000
      vertex -15.792125 -3.922352 0.800000
    endloop
  endfacet
  facet normal 0.000000 -0.000000 -1.000000
    outer loop
      vertex -16.112333 -1.695253 -0.800000
      vertex -15.980339 -3.963295 -0.800000
      vertex -16.614237 -1.804436 -0.800000
    endloop
  endfacet
  facet normal 0.000000 0.000000 -1.000000
    outer loop
      vertex -16.112333 -1.695253 -0.800000
      vertex -15.792125 -3.922352 -0.800000
      vertex -15.980339 -3.963295 -0.800000
    endloop
  endfacet
  facet normal -0.212565 0.977147 0.000000
    outer loop
      vertex -16.112333 -1.695253 -0.800000
      vertex -16.614237 -1.804436 -0.800000
      vertex -16.614237 -1.804436 0.800000
    endloop
  endfacet
  facet normal -0.212565 0.977147 0.000000
    outer loop
      vertex -16.112333 -1.695253 -0.800000
      vertex -16.614237 -1.804436 0.800000
      vertex -16.112333 -1.695253 0.800000
    endloop
  endfacet
  facet normal 0.212565 -0.977147 0.000000
    outer loop
      vertex -15.792125 -3.922352 -0.800000
      vertex -15.980339 -3.963295 0.800000
      vertex -15.980339 -3.963295 -0.800000
    endloop
  endfacet
  facet normal 0.212565 -0.977147 0.000000
    outer loop
      vertex -15.792125 -3.922352 -0.800000
      vertex -15.792125 -3.922352 0.800000
      vertex -15.980339 -3.963295 0.800000
    endloop
  endfacet
  facet normal 0.000000 0.000000 1.000000
    outer loop
      vertex -16.614237 -1.804436 0.800000
      vertex -17.095494 -1.983935 0.800000
      vertex -16.160810 -4.030607 0.800000
    endloop
  endfacet
  facet normal 0.000000 0.000000 1.000000
    outer loop
      vertex -16.614237 -1.804436 0.800000
      vertex -16.160810 -4.030607 0.800000
      vertex -15.980339 -3.963295 0.800000
    endloop
  endfacet
  facet normal 0.000000 -0.000000 -1.000000
    outer loop
      vertex -16.614237 -1.804436 -0.800000
      vertex -16.160810 -4.030607 -0.800000
      vertex -17.095494 -1.983935 -0.800000
    endloop
  endfacet
  facet normal 0.000000 0.000000 -1.000000
    outer loop
      vertex -16.614237 -1.804436 -0.800000
      vertex -15.980339 -3.963295 -0.800000
      vertex -16.160810 -4.030607 -0.800000
    endloop
  endfacet
  facet normal -0.349464 0.936950 0.000000
    outer loop
      vertex -16.614237 -1.804436 -0.800000
      vertex -17.095494 -1.983935 -0.800000
      vertex -17.095494 -1.983935 0.800000
    endloop
  endfacet
  facet normal -0.349464 0.936950 0.000000
    outer loop
      vertex -16.614237 -1.804436 -0.800000
      vertex -17.095494 -1.983935 0.800000
      vertex -16.614237 -1.804436 0.800000
    endloop
  endfacet
  facet normal 0.349464 -0.936950 0.000000
    outer loop
      vertex -15.980339 -3.963295 -0.800000
      vertex -16.160810 -4.030607 0.800000
      vertex -16.160810 -4.030607 -0.800000
    endloop
  endfacet
  facet normal 0.349464 -0.936950 0.000000
    outer loop
      vertex -15.980339 -3.963295 -0.800000
      vertex -15.980339 -3.963295 0.800000
      vertex -16.160810 -4.030607 0.800000
    endloop
  endfacet
  facet normal 0.000000 0.000000 1.000000
    outer loop
      vertex -17.095494 -1.983935 0.800000
      vertex -17.546307 -2.230098 0.800000
      vertex -16.329865 -4.122918 0.800000
    endloop
  endfacet
  facet normal 0.000000 0.000000 1.000000
    outer loop
      vertex -17.095494 -1.983935 0.800000
      vertex -16.329865 -4.122918 0.800000
      vertex -16.160810 -4.030607 0.800000
    endloop
  endfacet
  facet normal 0.000000 -0.000000 -1.000000
    outer loop
      vertex -17.095494 -1.983935 -0.800000
      vertex -16.329865 -4.122918 -0.800000
      vertex -17.546307 -2.230098 -0.800000
    endloop
  endfacet
  facet normal 0.000000 0.000000 -1.000000
    outer loop
      vertex -17.095494 -1.983935 -0.800000
      vertex -16.160810 -4.030607 -0.800000
      vertex -16.329865 -4.122918 -0.800000
    endloop
  endfacet
  facet normal -0.479249 0.877679 0.000000
    outer loop
      vertex -17.095494 -1.983935 -0.800000
      vertex -17.546307 -2.230098 -0.800000
      vertex -17.546307 -2.230098 0.800000
    endloop
  endfacet
  facet normal -0.479249 0.877679 0.000000
    outer loop
      vertex -17.095494 -1.983935 -0.800000
      vertex -17.546307 -2.230098 0.800000
      vertex -17.095494 -1.983935 0.800000
    endloop
  endfacet
  facet normal 0.479249 -0.877679 0.000000
    outer loop
      vertex -16.160810 -4.030607 -0.800000
      vertex -16.329865 -4.122918 0.800000
      vertex -16.329865 -4.122918 -0.800000
    endloop
  endfacet
  facet normal 0.479249 -0.877679 0.000000
    outer loop
      vertex -16.160810 -4.030607 -0.800000
      vertex -16.160810 -4.030607 0.800000
      vertex -16.329865 -4.122918 0.800000
    endloop
  endfacet
  facet normal 0.000000 0.000000 1.000000
    outer loop
      vertex -17.546307 -2.230098 0.800000
      vertex -17.957499 -2.537912 0.800000
      vertex -16.484062 -4.238349 0.800000
    endloop
  endfacet
  facet normal 0.000000 0.000000 1.000000
    outer loop
      vertex -17.546307 -2.230098 0.800000
      vertex -16.484062 -4.238349 0.800000
      vertex -16.329865 -4.122918 0.800000
    endloop
  endfacet
  facet normal 0.000000 -0.000000 -1.000000
    outer loop
      vertex -17.546307 -2.230098 -0.800000
      vertex -16.484062 -4.238349 -0.800000
      vertex -17.957499 -2.537912 -0.800000
    endloop
  endfacet
  facet normal 0.000000 0.000000 -1.000000
    outer loop
      vertex -17.546307 -2.230098 -0.800000
      vertex -16.329865 -4.122918 -0.800000
      vertex -16.484062 -4.238349 -0.800000
    endloop
  endfacet
  facet normal -0.599278 0.800541 0.000000
    outer loop
      vertex -17.546307 -2.230098 -0.800000
      vertex -17.957499 -2.537912 -0.800000
      vertex -17.957499 -2.537912 0.800000
    endloop
  endfacet
  facet normal -0.599278 0.800541 0.000000
    outer loop
      vertex -17.546307 -2.230098 -0.800000
      vertex -17.957499 -2.537912 0.800000
      vertex -17.546307 -2.230098 0.800000
    endloop
  endfacet
  facet normal 0.599278 -0.800541 0.000000
    outer loop
      vertex -16.329865 -4.122918 -0.800000
      vertex -16.484062 -4.238349 0.800000
      vertex -16.484062 -4.238349 -0.800000
    endloop
  endfacet
  facet normal 0.599278 -0.800541 0.000000
    outer loop
      vertex -16.329865 -4.122918 -0.800000
      vertex -16.329865 -4.122918 0.800000
      vertex -16.484062 -4.238349 0.800000
    endloop
  endfacet
  facet normal 0.000000 0.000000 1.000000
    outer loop
      vertex -17.957499 -2.537912 0.800000
      vertex -18.320698 -2.901112 0.800000
      vertex -16.620262 -4.374548 0.800000
    endloop
  endfacet
  facet normal 0.000000 0.000000 1.000000
    outer loop
      vertex -17.957499 -2.537912 0.800000
      vertex -16.620262 -4.374548 0.800000
      vertex -16.484062 -4.238349 0.800000
    endloop
  endfacet
  facet normal 0.000000 -0.000000 -1.000000
    outer loop
      vertex -17.957499 -2.537912 -0.800000
      vertex -16.620262 -4.374548 -0.800000
      vertex -18.320698 -2.901112 -0.800000
    endloop
  endfacet
  facet normal 0.000000 0.000000 -1.000000
    outer loop
      vertex -17.957499 -2.537912 -0.800000
      vertex -16.484062 -4.238349 -0.800000
      vertex -16.620262 -4.374548 -0.800000
    endloop
  endfacet
  facet normal -0.707107 0.707107 0.000000
    outer loop
      vertex -17.957499 -2.537912 -0.800000
      vertex -18.320698 -2.901112 -0.800000
      vertex -18.320698 -2.901112 0.800000
    endloop
  endfacet
  facet normal -0.707107 0.707107 0.000000
    outer loop
      vertex -17.957499 -2.537912 -0.800000
      vertex -18.320698 -2.901112 0.800000
      vertex -17.957499 -2.537912 0.800000
    endloop
  endfacet
  facet normal 0.707107 -0.707107 0.000000
    outer loop
      vertex -16.484062 -4.238349 -0.800000
      vertex -16.620262 -4.374548 0.800000
      vertex -16.620262 -4.374548 -0.800000
    endloop
  endfacet
  facet normal 0.707107 -0.707107 0.000000
    outer loop
      vertex -16.484062 -4.238349 -0.800000
      vertex -16.484062 -4.238349 0.800000
      vertex -16.620262 -4.374548 0.800000
    endloop
  endfacet
  facet normal 0.000000 0.000000 1.000000
    outer loop
      vertex -18.320698 -2.901112 0.800000
      vertex -18.628513 -3.312304 0.800000
      vertex -16.735692 -4.528745 0.800000
    endloop
  endfacet
  facet normal 0.000000 0.000000 1.000000
    outer loop
      vertex -18.320698 -2.901112 0.800000
      vertex -16.735692 -4.528745 0.800000
      vertex -16.620262 -4.374548 0.800000
    endloop
  endfacet
  facet normal 0.000000 -0.000000 -1.000000
    outer loop
      vertex -18.320698 -2.901112 -0.800000
      vertex -16.735692 -4.528745 -0.800000
      vertex -18.628513 -3.312304 -0.800000
    endloop
  endfacet
  facet normal 0.000000 0.000000 -1.000000
    outer loop
      vertex -18.320698 -2.901112 -0.800000
      vertex -16.620262 -4.374548 -0.800000
      vertex -16.735692 -4.528745 -0.800000
    endloop
  endfacet
  facet normal -0.800541 0.599278 0.000000
    outer loop
      vertex -18.320698 -2.901112 -0.800000
      vertex -18.628513 -3.312304 -0.800000
      vertex -18.628513 -3.312304 0.800000
    endloop
  endfacet
  facet normal -0.800541 0.599278 0.000000
    outer loop
      vertex -18.320698 -2.901112 -0.800000
      vertex -18.628513 -3.312304 0.800000
      vertex -18.320698 -2.901112 0.800000
    endloop
  endfacet
  facet normal 0.800541 -0.599278 0.000000
    outer loop
      vertex -16.620262 -4.374548 -0.800000
      vertex -16.735692 -4.528745 0.800000
      vertex -16.735692 -4.528745 -0.800000
    endloop
  endfacet
  facet normal 0.800541 -0.599278 0.000000
    outer loop
      vertex -16.620262 -4.374548 -0.800000
      vertex -16.620262 -4.374548 0.800000
      vertex -16.735692 -4.528745 0.800000
    endloop
  endfacet
  facet normal 0.000000 0.000000 1.000000
    outer loop
      vertex -18.628513 -3.312304 0.800000
      vertex -18.874675 -3.763116 0.800000
      vertex -16.828003 -4.697800 0.800000
    endloop
  endfacet
  facet normal 0.000000 0.000000 1.000000
    outer loop
      vertex -18.628513 -3.312304 0.800000
      vertex -16.828003 -4.697800 0.800000
      vertex -16.735692 -4.528745 0.800000
    endloop
  endfacet
  facet normal 0.000000 -0.000000 -1.000000
    outer loop
      vertex -18.628513 -3.312304 -0.800000
      vertex -16.828003 -4.697800 -0.800000
      vertex -18.874675 -3.763116 -0.800000
    endloop
  endfacet
  facet normal 0.000000 0.000000 -1.000000
    outer loop
      vertex -18.628513 -3.312304 -0.800000
      vertex -16.735692 -4.528745 -0.800000
      vertex -16.828003 -4.697800 -0.800000
    endloop
  endfacet
  facet normal -0.877679 0.479249 0.000000
    outer loop
      vertex -18.628513 -3.312304 -0.800000
      vertex -18.874675 -3.763116 -0.800000
      vertex -18.874675 -3.763116 0.800000
    endloop
  endfacet
  facet normal -0.877679 0.479249 0.000000
    outer loop
      vertex -18.628513 -3.312304 -0.800000
      vertex -18.874675 -3.763116 0.800000
      vertex -18.628513 -3.312304 0.800000
    endloop
  endfacet
  facet normal 0.877679 -0.479249 0.000000
    outer loop
      vertex -16.735692 -4.528745 -0.800000
      vertex -16.828003 -4.697800 0.800000
      vertex -16.828003 -4.697800 -0.800000
    endloop
  endfacet
  facet normal 0.877679 -0.479249 0.000000
    outer loop
      vertex -16.735692 -4.528745 -0.800000
      vertex -16.735692 -4.528745 0.800000
      vertex -16.828003 -4.697800 0.800000
    endloop
  endfacet
  facet normal 0.000000 0.000000 1.000000
    outer loop
      vertex -18.874675 -3.763116 0.800000
      vertex -19.054175 -4.244373 0.800000
      vertex -16.895316 -4.878272 0.800000
    endloop
  endfacet
  facet normal 0.000000 0.000000 1.000000
    outer loop
      vertex -18.874675 -3.763116 0.800000
      vertex -16.895316 -4.878272 0.800000
      vertex -16.828003 -4.697800 0.800000
    endloop
  endfacet
  facet normal 0.000000 -0.000000 -1.000000
    outer loop
      vertex -18.874675 -3.763116 -0.800000
      vertex -16.895316 -4.878272 -0.800000
      vertex -19.054175 -4.244373 -0.800000
    endloop
  endfacet
  facet normal 0.000000 0.000000 -1.000000
    outer loop
      vertex -18.874675 -3.763116 -0.800000
      vertex -16.828003 -4.697800 -0.800000
      vertex -16.895316 -4.878272 -0.800000
    endloop
  endfacet
  facet normal -0.936950 0.349464 0.000000
    outer loop
      vertex -18.874675 -3.763116 -0.800000
      vertex -19.054175 -4.244373 -0.800000
      vertex -19.054175 -4.244373 0.800000
    endloop
  endfacet
  facet normal -0.936950 0.349464 0.000000
    outer loop
      vertex -18.874675 -3.763116 -0.800000
      vertex -19.054175 -4.244373 0.800000
      vertex -18.874675 -3.763116 0.800000
    endloop
  endfacet
  facet normal 0.936950 -0.349464 0.000000
    outer loop
      vertex -16.828003 -4.697800 -0.800000
      vertex -16.895316 -4.878272 0.800000
      vertex -16.895316 -4.878272 -0.800000
    endloop
  endfacet
  facet normal 0.936950 -0.349464 0.000000
    outer loop
      vertex -16.828003 -4.697800 -0.800000
      vertex -16.828003 -4.697800 0.800000
      vertex -16.895316 -4.878272 0.800000
    endloop
  endfacet
  facet normal 0.000000 0.000000 1.000000
    outer loop
      vertex -19.054175 -4.244373 0.800000
      vertex -19.163357 -4.746277 0.800000
      vertex -16.936259 -5.066485 0.800000
    endloop
  endfacet
  facet normal 0.000000 0.000000 1.000000
    outer loop
      vertex -19.054175 -4.244373 0.800000
      vertex -16.936259 -5.066485 0.800000
      vertex -16.895316 -4.878272 0.800000
    endloop
  endfacet
  facet normal 0.000000 -0.000000 -1.000000
    outer loop
      vertex -19.054175 -4.244373 -0.800000
      vertex -16.936259 -5.066485 -0.800000
      vertex -19.163357 -4.746277 -0.800000
    endloop
  endfacet
  facet normal 0.000000 0.000000 -1.000000
    outer loop
      vertex -19.054175 -4.244373 -0.800000
      vertex -16.895316 -4.878272 -0.800000
      vertex -16.936259 -5.066485 -0.800000
    endloop
  endfacet
  facet normal -0.977147 0.212565 0.000000
    outer loop
      vertex -19.054175 -4.244373 -0.800000
      vertex -19.163357 -4.746277 -0.800000
      vertex -19.163357 -4.746277 0.800000
    endloop
  endfacet
  facet normal -0.977147 0.212565 0.000000
    outer loop
      vertex -19.054175 -4.244373 -0.800000
      vertex -19.163357 -4.746277 0.800000
      vertex -19.054175 -4.244373 0.800000
    endloop
  endfacet
  facet normal 0.977147 -0.212565 0.000000
    outer loop
      vertex -16.895316 -4.878272 -0.800000
      vertex -16.936259 -5.066485 0.800000
      vertex -16.936259 -5.066485 -0.800000
    endloop
  endfacet
  facet normal 0.977147 -0.212565 0.000000
    outer loop
      vertex -16.895316 -4.878272 -0.800000
      vertex -16.895316 -4.878272 0.800000
      vertex -16.936259 -5.066485 0.800000
    endloop
  endfacet
  facet normal 0.000000 0.000000 1.000000
    outer loop
      vertex -19.163357 -4.746277 0.800000
      vertex -19.200000 -5.258610 0.800000
      vertex -16.950000 -5.258610 0.800000
    endloop
  endfacet
  facet normal 0.000000 0.000000 1.000000
    outer loop
      vertex -19.163357 -4.746277 0.800000
      vertex -16.950000 -5.258610 0.800000
      vertex -16.936259 -5.066485 0.800000
    endloop
  endfacet
  facet normal 0.000000 -0.000000 -1.000000
    outer loop
      vertex -19.163357 -4.746277 -0.800000
      vertex -16.950000 -5.258610 -0.800000
      vertex -19.200000 -5.258610 -0.800000
    endloop
  endfacet
  facet normal 0.000000 0.000000 -1.000000
    outer loop
      vertex -19.163357 -4.746277 -0.800000
      vertex -16.936259 -5.066485 -0.800000
      vertex -16.950000 -5.258610 -0.800000
    endloop
  endfacet
  facet normal -0.997452 0.071339 0.000000
    outer loop
      vertex -19.163357 -4.746277 -0.800000
      vertex -19.200000 -5.258610 -0.800000
      vertex -19.200000 -5.258610 0.800000
    endloop
  endfacet
  facet normal -0.997452 0.071339 0.000000
    outer loop
      vertex -19.163357 -4.746277 -0.800000
      vertex -19.200000 -5.258610 0.800000
      vertex -19.163357 -4.746277 0.800000
    endloop
  endfacet
  facet normal 0.997452 -0.071339 0.000000
    outer loop
      vertex -16.936259 -5.066485 -0.800000
      vertex -16.950000 -5.258610 0.800000
      vertex -16.950000 -5.258610 -0.800000
    endloop
  endfacet
  facet normal 0.997452 -0.071339 0.000000
    outer loop
      vertex -16.936259 -5.066485 -0.800000
      vertex -16.936259 -5.066485 0.800000
      vertex -16.950000 -5.258610 0.800000
    endloop
  endfacet
  facet normal 0.000000 0.000000 1.000000
    outer loop
      vertex -19.200000 -5.258610 0.800000
      vertex -19.163357 -5.770944 0.800000
      vertex -16.936259 -5.450735 0.800000
    endloop
  endfacet
  facet normal 0.000000 0.000000 1.000000
    outer loop
      vertex -19.200000 -5.258610 0.800000
      vertex -16.936259 -5.450735 0.800000
      vertex -16.950000 -5.258610 0.800000
    endloop
  endfacet
  facet normal 0.000000 0.000000 -1.000000
    outer loop
      vertex -19.200000 -5.258610 -0.800000
      vertex -16.936259 -5.450735 -0.800000
      vertex -19.163357 -5.770944 -0.800000
    endloop
  endfacet
  facet normal 0.000000 0.000000 -1.000000
    outer loop
      vertex -19.200000 -5.258610 -0.800000
      vertex -16.950000 -5.258610 -0.800000
      vertex -16.936259 -5.450735 -0.800000
    endloop
  endfacet
  facet normal -0.997452 -0.071339 0.000000
    outer loop
      vertex -19.200000 -5.258610 -0.800000
      vertex -19.163357 -5.770944 -0.800000
      vertex -19.163357 -5.770944 0.800000
    endloop
  endfacet
  facet normal -0.997452 -0.071339 0.000000
    outer loop
      vertex -19.200000 -5.258610 -0.800000
      vertex -19.163357 -5.770944 0.800000
      vertex -19.200000 -5.258610 0.800000
    endloop
  endfacet
  facet normal 0.997452 0.071339 0.000000
    outer loop
      vertex -16.950000 -5.258610 -0.800000
      vertex -16.936259 -5.450735 0.800000
      vertex -16.936259 -5.450735 -0.800000
    endloop
  endfacet
  facet normal 0.997452 0.071339 -0.000000
    outer loop
      vertex -16.950000 -5.258610 -0.800000
      vertex -16.950000 -5.258610 0.800000
      vertex -16.936259 -5.450735 0.800000
    endloop
  endfacet
  facet normal -0.000000 0.000000 1.000000
    outer loop
      vertex -19.163357 -5.770944 0.800000
      vertex -19.054175 -6.272848 0.800000
      vertex -16.895316 -5.638949 0.800000
    endloop
  endfacet
  facet normal 0.000000 0.000000 1.000000
    outer loop
      vertex -19.163357 -5.770944 0.800000
      vertex -16.895316 -5.638949 0.800000
      vertex -16.936259 -5.450735 0.800000
    endloop
  endfacet
  facet normal 0.000000 0.000000 -1.000000
    outer loop
      vertex -19.163357 -5.770944 -0.800000
      vertex -16.895316 -5.638949 -0.800000
      vertex -19.054175 -6.272848 -0.800000
    endloop
  endfacet
  facet normal 0.000000 0.000000 -1.000000
    outer loop
      vertex -19.163357 -5.770944 -0.800000
      vertex -16.936259 -5.450735 -0.800000
      vertex -16.895316 -5.638949 -0.800000
    endloop
  endfacet
  facet normal -0.977147 -0.212565 0.000000
    outer loop
      vertex -19.163357 -5.770944 -0.800000
      vertex -19.054175 -6.272848 -0.800000
      vertex -19.054175 -6.272848 0.800000
    endloop
  endfacet
  facet normal -0.977147 -0.212565 0.000000
    outer loop
      vertex -19.163357 -5.770944 -0.800000
      vertex -19.054175 -6.272848 0.800000
      vertex -19.163357 -5.770944 0.800000
    endloop
  endfacet
  facet normal 0.977147 0.212565 0.000000
    outer loop
      vertex -16.936259 -5.450735 -0.800000
      vertex -16.895316 -5.638949 0.800000
      vertex -16.895316 -5.638949 -0.800000
    endloop
  endfacet
  facet normal 0.977147 0.212565 -0.000000
    outer loop
      vertex -16.936259 -5.450735 -0.800000
      vertex -16.936259 -5.450735 0.800000
      vertex -16.895316 -5.638949 0.800000
    endloop
  endfacet
  facet normal -0.000000 0.000000 1.000000
    outer loop
      vertex -19.054175 -6.272848 0.800000
      vertex -18.874675 -6.754105 0.800000
      vertex -16.828003 -5.819421 0.800000
    endloop
  endfacet
  facet normal 0.000000 0.000000 1.000000
    outer loop
      vertex -19.054175 -6.272848 0.800000
      vertex -16.828003 -5.819421 0.800000
      vertex -16.895316 -5.638949 0.800000
    endloop
  endfacet
  facet normal 0.000000 0.000000 -1.000000
    outer loop
      vertex -19.054175 -6.272848 -0.800000
      vertex -16.828003 -5.819421 -0.800000
      vertex -18.874675 -6.754105 -0.800000
    endloop
  endfacet
  facet normal 0.000000 0.000000 -1.000000
    outer loop
      vertex -19.054175 -6.272848 -0.800000
      vertex -16.895316 -5.638949 -0.800000
      vertex -16.828003 -5.819421 -0.800000
    endloop
  endfacet
  facet normal -0.936950 -0.349464 0.000000
    outer loop
      vertex -19.054175 -6.272848 -0.800000
      vertex -18.874675 -6.754105 -0.800000
      vertex -18.874675 -6.754105 0.800000
    endloop
  endfacet
  facet normal -0.936950 -0.349464 0.000000
    outer loop
      vertex -19.054175 -6.272848 -0.800000
      vertex -18.874675 -6.754105 0.800000
      vertex -19.054175 -6.272848 0.800000
    endloop
  endfacet
  facet normal 0.936950 0.349464 0.000000
    outer loop
      vertex -16.895316 -5.638949 -0.800000
      vertex -16.828003 -5.819421 0.800000
      vertex -16.828003 -5.819421 -0.800000
    endloop
  endfacet
  facet normal 0.936950 0.349464 -0.000000
    outer loop
      vertex -16.895316 -5.638949 -0.800000
      vertex -16.895316 -5.638949 0.800000
      vertex -16.828003 -5.819421 0.800000
    endloop
  endfacet
  facet normal -0.000000 0.000000 1.000000
    outer loop
      vertex -18.874675 -6.754105 0.800000
      vertex -18.628513 -7.204917 0.800000
      vertex -16.735692 -5.988476 0.800000
    endloop
  endfacet
  facet normal 0.000000 0.000000 1.000000
    outer loop
      vertex -18.874675 -6.754105 0.800000
      vertex -16.735692 -5.988476 0.800000
      vertex -16.828003 -5.819421 0.800000
    endloop
  endfacet
  facet normal 0.000000 0.000000 -1.000000
    outer loop
      vertex -18.874675 -6.754105 -0.800000
      vertex -16.735692 -5.988476 -0.800000
      vertex -18.628513 -7.204917 -0.800000
    endloop
  endfacet
  facet normal 0.000000 0.000000 -1.000000
    outer loop
      vertex -18.874675 -6.754105 -0.800000
      vertex -16.828003 -5.819421 -0.800000
      vertex -16.735692 -5.988476 -0.800000
    endloop
  endfacet
  facet normal -0.877679 -0.479249 0.000000
    outer loop
      vertex -18.874675 -6.754105 -0.800000
      vertex -18.628513 -7.204917 -0.800000
      vertex -18.628513 -7.204917 0.800000
    endloop
  endfacet
  facet normal -0.877679 -0.479249 0.000000
    outer loop
      vertex -18.874675 -6.754105 -0.800000
      vertex -18.628513 -7.204917 0.800000
      vertex -18.874675 -6.754105 0.800000
    endloop
  endfacet
  facet normal 0.877679 0.479249 0.000000
    outer loop
      vertex -16.828003 -5.819421 -0.800000
      vertex -16.735692 -5.988476 0.800000
      vertex -16.735692 -5.988476 -0.800000
    endloop
  endfacet
  facet normal 0.877679 0.479249 -0.000000
    outer loop
      vertex -16.828003 -5.819421 -0.800000
      vertex -16.828003 -5.819421 0.800000
      vertex -16.735692 -5.988476 0.800000
    endloop
  endfacet
  facet normal -0.000000 0.000000 1.000000
    outer loop
      vertex -18.628513 -7.204917 0.800000
      vertex -18.320698 -7.616109 0.800000
      vertex -16.620262 -6.142672 0.800000
    endloop
  endfacet
  facet normal 0.000000 0.000000 1.000000
    outer loop
      vertex -18.628513 -7.204917 0.800000
      vertex -16.620262 -6.142672 0.800000
      vertex -16.735692 -5.988476 0.800000
    endloop
  endfacet
  facet normal 0.000000 0.000000 -1.000000
    outer loop
      vertex -18.628513 -7.204917 -0.800000
      vertex -16.620262 -6.142672 -0.800000
      vertex -18.320698 -7.616109 -0.800000
    endloop
  endfacet
  facet normal 0.000000 0.000000 -1.000000
    outer loop
      vertex -18.628513 -7.204917 -0.800000
      vertex -16.735692 -5.988476 -0.800000
      vertex -16.620262 -6.142672 -0.800000
    endloop
  endfacet
  facet normal -0.800541 -0.599278 0.000000
    outer loop
      vertex -18.628513 -7.204917 -0.800000
      vertex -18.320698 -7.616109 -0.800000
      vertex -18.320698 -7.616109 0.800000
    endloop
  endfacet
  facet normal -0.800541 -0.599278 0.000000
    outer loop
      vertex -18.628513 -7.204917 -0.800000
      vertex -18.320698 -7.616109 0.800000
      vertex -18.628513 -7.204917 0.800000
    endloop
  endfacet
  facet normal 0.800541 0.599278 0.000000
    outer loop
      vertex -16.735692 -5.988476 -0.800000
      vertex -16.620262 -6.142672 0.800000
      vertex -16.620262 -6.142672 -0.800000
    endloop
  endfacet
  facet normal 0.800541 0.599278 -0.000000
    outer loop
      vertex -16.735692 -5.988476 -0.800000
      vertex -16.735692 -5.988476 0.800000
      vertex -16.620262 -6.142672 0.800000
    endloop
  endfacet
  facet normal -0.000000 0.000000 1.000000
    outer loop
      vertex -18.320698 -7.616109 0.800000
      vertex -17.957499 -7.979309 0.800000
      vertex -16.484062 -6.278872 0.800000
    endloop
  endfacet
  facet normal 0.000000 0.000000 1.000000
    outer loop
      vertex -18.320698 -7.616109 0.800000
      vertex -16.484062 -6.278872 0.800000
      vertex -16.620262 -6.142672 0.800000
    endloop
  endfacet
  facet normal 0.000000 0.000000 -1.000000
    outer loop
      vertex -18.320698 -7.616109 -0.800000
      vertex -16.484062 -6.278872 -0.800000
      vertex -17.957499 -7.979309 -0.800000
    endloop
  endfacet
  facet normal 0.000000 0.000000 -1.000000
    outer loop
      vertex -18.320698 -7.616109 -0.800000
      vertex -16.620262 -6.142672 -0.800000
      vertex -16.484062 -6.278872 -0.800000
    endloop
  endfacet
  facet normal -0.707107 -0.707107 0.000000
    outer loop
      vertex -18.320698 -7.616109 -0.800000
      vertex -17.957499 -7.979309 -0.800000
      vertex -17.957499 -7.979309 0.800000
    endloop
  endfacet
  facet normal -0.707107 -0.707107 0.000000
    outer loop
      vertex -18.320698 -7.616109 -0.800000
      vertex -17.957499 -7.979309 0.800000
      vertex -18.320698 -7.616109 0.800000
    endloop
  endfacet
  facet normal 0.707107 0.707107 0.000000
    outer loop
      vertex -16.620262 -6.142672 -0.800000
      vertex -16.484062 -6.278872 0.800000
      vertex -16.484062 -6.278872 -0.800000
    endloop
  endfacet
  facet normal 0.707107 0.707107 -0.000000
    outer loop
      vertex -16.620262 -6.142672 -0.800000
      vertex -16.620262 -6.142672 0.800000
      vertex -16.484062 -6.278872 0.800000
    endloop
  endfacet
  facet normal -0.000000 0.000000 1.000000
    outer loop
      vertex -17.957499 -7.979309 0.800000
      vertex -17.546307 -8.287123 0.800000
      vertex -16.329865 -6.394303 0.800000
    endloop
  endfacet
  facet normal 0.000000 0.000000 1.000000
    outer loop
      vertex -17.957499 -7.979309 0.800000
      vertex -16.329865 -6.394303 0.800000
      vertex -16.484062 -6.278872 0.800000
    endloop
  endfacet
  facet normal 0.000000 0.000000 -1.000000
    outer loop
      vertex -17.957499 -7.979309 -0.800000
      vertex -16.329865 -6.394303 -0.800000
      vertex -17.546307 -8.287123 -0.800000
    endloop
  endfacet
  facet normal 0.000000 0.000000 -1.000000
    outer loop
      vertex -17.957499 -7.979309 -0.800000
      vertex -16.484062 -6.278872 -0.800000
      vertex -16.329865 -6.394303 -0.800000
    endloop
  endfacet
  facet normal -0.599278 -0.800541 0.000000
    outer loop
      vertex -17.957499 -7.979309 -0.800000
      vertex -17.546307 -8.287123 -0.800000
      vertex -17.546307 -8.287123 0.800000
    endloop
  endfacet
  facet normal -0.599278 -0.800541 0.000000
    outer loop
      vertex -17.957499 -7.979309 -0.800000
      vertex -17.546307 -8.287123 0.800000
      vertex -17.957499 -7.979309 0.800000
    endloop
  endfacet
  facet normal 0.599278 0.800541 0.000000
    outer loop
      vertex -16.484062 -6.278872 -0.800000
      vertex -16.329865 -6.394303 0.800000
      vertex -16.329865 -6.394303 -0.800000
    endloop
  endfacet
  facet normal 0.599278 0.800541 -0.000000
    outer loop
      vertex -16.484062 -6.278872 -0.800000
      vertex -16.484062 -6.278872 0.800000
      vertex -16.329865 -6.394303 0.800000
    endloop
  endfacet
  facet normal -0.000000 0.000000 1.000000
    outer loop
      vertex -17.546307 -8.287123 0.800000
      vertex -17.095494 -8.533286 0.800000
      vertex -16.160810 -6.486614 0.800000
    endloop
  endfacet
  facet normal 0.000000 0.000000 1.000000
    outer loop
      vertex -17.546307 -8.287123 0.800000
      vertex -16.160810 -6.486614 0.800000
      vertex -16.329865 -6.394303 0.800000
    endloop
  endfacet
  facet normal 0.000000 0.000000 -1.000000
    outer loop
      vertex -17.546307 -8.287123 -0.800000
      vertex -16.160810 -6.486614 -0.800000
      vertex -17.095494 -8.533286 -0.800000
    endloop
  endfacet
  facet normal 0.000000 0.000000 -1.000000
    outer loop
      vertex -17.546307 -8.287123 -0.800000
      vertex -16.329865 -6.394303 -0.800000
      vertex -16.160810 -6.486614 -0.800000
    endloop
  endfacet
  facet normal -0.479249 -0.877679 0.000000
    outer loop
      vertex -17.546307 -8.287123 -0.800000
      vertex -17.095494 -8.533286 -0.800000
      vertex -17.095494 -8.533286 0.800000
    endloop
  endfacet
  facet normal -0.479249 -0.877679 0.000000
    outer loop
      vertex -17.546307 -8.287123 -0.800000
      vertex -17.095494 -8.533286 0.800000
      vertex -17.546307 -8.287123 0.800000
    endloop
  endfacet
  facet normal 0.479249 0.877679 0.000000
    outer loop
      vertex -16.329865 -6.394303 -0.800000
      vertex -16.160810 -6.486614 0.800000
      vertex -16.160810 -6.486614 -0.800000
    endloop
  endfacet
  facet normal 0.479249 0.877679 -0.000000
    outer loop
      vertex -16.329865 -6.394303 -0.800000
      vertex -16.329865 -6.394303 0.800000
      vertex -16.160810 -6.486614 0.800000
    endloop
  endfacet
  facet normal -0.000000 0.000000 1.000000
    outer loop
      vertex -17.095494 -8.533286 0.800000
      vertex -16.614237 -8.712785 0.800000
      vertex -15.980339 -6.553926 0.800000
    endloop
  endfacet
  facet normal 0.000000 0.000000 1.000000
    outer loop
      vertex -17.095494 -8.533286 0.800000
      vertex -15.980339 -6.553926 0.800000
      vertex -16.160810 -6.486614 0.800000
    endloop
  endfacet
  facet normal 0.000000 0.000000 -1.000000
    outer loop
      vertex -17.095494 -8.533286 -0.800000
      vertex -15.980339 -6.553926 -0.800000
      vertex -16.614237 -8.712785 -0.800000
    endloop
  endfacet
  facet normal 0.000000 0.000000 -1.000000
    outer loop
      vertex -17.095494 -8.533286 -0.800000
      vertex -16.160810 -6.486614 -0.800000
      vertex -15.980339 -6.553926 -0.800000
    endloop
  endfacet
  facet normal -0.349464 -0.936950 0.000000
    outer loop
      vertex -17.095494 -8.533286 -0.800000
      vertex -16.614237 -8.712785 -0.800000
      vertex -16.614237 -8.712785 0.800000
    endloop
  endfacet
  facet normal -0.349464 -0.936950 0.000000
    outer loop
      vertex -17.095494 -8.533286 -0.800000
      vertex -16.614237 -8.712785 0.800000
      vertex -17.095494 -8.533286 0.800000
    endloop
  endfacet
  facet normal 0.349464 0.936950 0.000000
    outer loop
      vertex -16.160810 -6.486614 -0.800000
      vertex -15.980339 -6.553926 0.800000
      vertex -15.980339 -6.553926 -0.800000
    endloop
  endfacet
  facet normal 0.349464 0.936950 -0.000000
    outer loop
      vertex -16.160810 -6.486614 -0.800000
      vertex -16.160810 -6.486614 0.800000
      vertex -15.980339 -6.553926 0.800000
    endloop
  endfacet
  facet normal -0.000000 0.000000 1.000000
    outer loop
      vertex -16.614237 -8.712785 0.800000
      vertex -16.112333 -8.821968 0.800000
      vertex -15.792125 -6.594869 0.800000
    endloop
  endfacet
  facet normal 0.000000 0.000000 1.000000
    outer loop
      vertex -16.614237 -8.712785 0.800000
      vertex -15.792125 -6.594869 0.800000
      vertex -15.980339 -6.553926 0.800000
    endloop
  endfacet
  facet normal 0.000000 0.000000 -1.000000
    outer loop
      vertex -16.614237 -8.712785 -0.800000
      vertex -15.792125 -6.594869 -0.800000
      vertex -16.112333 -8.821968 -0.800000
    endloop
  endfacet
  facet normal 0.000000 0.000000 -1.000000
    outer loop
      vertex -16.614237 -8.712785 -0.800000
      vertex -15.980339 -6.553926 -0.800000
      vertex -15.792125 -6.594869 -0.800000
    endloop
  endfacet
  facet normal -0.212565 -0.977147 0.000000
    outer loop
      vertex -16.614237 -8.712785 -0.800000
      vertex -16.112333 -8.821968 -0.800000
      vertex -16.112333 -8.821968 0.800000
    endloop
  endfacet
  facet normal -0.212565 -0.977147 0.000000
    outer loop
      vertex -16.614237 -8.712785 -0.800000
      vertex -16.112333 -8.821968 0.800000
      vertex -16.614237 -8.712785 0.800000
    endloop
  endfacet
  facet normal 0.212565 0.977147 0.000000
    outer loop
      vertex -15.980339 -6.553926 -0.800000
      vertex -15.792125 -6.594869 0.800000
      vertex -15.792125 -6.594869 -0.800000
    endloop
  endfacet
  facet normal 0.212565 0.977147 -0.000000
    outer loop
      vertex -15.980339 -6.553926 -0.800000
      vertex -15.980339 -6.553926 0.800000
      vertex -15.792125 -6.594869 0.800000
    endloop
  endfacet
  facet normal -0.000000 0.000000 1.000000
    outer loop
      vertex -16.112333 -8.821968 0.800000
      vertex -15.600000 -8.858610 0.800000
      vertex -15.600000 -6.608610 0.800000
    endloop
  endfacet
  facet normal 0.000000 0.000000 1.000000
    outer loop
      vertex -16.112333 -8.821968 0.800000
      vertex -15.600000 -6.608610 0.800000
      vertex -15.792125 -6.594869 0.800000
    endloop
  endfacet
  facet normal 0.000000 0.000000 -1.000000
    outer loop
      vertex -16.112333 -8.821968 -0.800000
      vertex -15.600000 -6.608610 -0.800000
      vertex -15.600000 -8.858610 -0.800000
    endloop
  endfacet
  facet normal 0.000000 0.000000 -1.000000
    outer loop
      vertex -16.112333 -8.821968 -0.800000
      vertex -15.792125 -6.594869 -0.800000
      vertex -15.600000 -6.608610 -0.800000
    endloop
  endfacet
  facet normal -0.071339 -0.997452 0.000000
    outer loop
      vertex -16.112333 -8.821968 -0.800000
      vertex -15.600000 -8.858610 -0.800000
      vertex -15.600000 -8.858610 0.800000
    endloop
  endfacet
  facet normal -0.071339 -0.997452 0.000000
    outer loop
      vertex -16.112333 -8.821968 -0.800000
      vertex -15.600000 -8.858610 0.800000
      vertex -16.112333 -8.821968 0.800000
    endloop
  endfacet
  facet normal 0.071339 0.997452 0.000000
    outer loop
      vertex -15.792125 -6.594869 -0.800000
      vertex -15.600000 -6.608610 0.800000
      vertex -15.600000 -6.608610 -0.800000
    endloop
  endfacet
  facet normal 0.071339 0.997452 -0.000000
    outer loop
      vertex -15.792125 -6.594869 -0.800000
      vertex -15.792125 -6.594869 0.800000
      vertex -15.600000 -6.608610 0.800000
    endloop
  endfacet
  facet normal 0.000000 0.000000 1.000000
    outer loop
      vertex -15.600000 -8.858610 0.800000
      vertex -15.087667 -8.821968 0.800000
      vertex -15.407875 -6.594869 0.800000
    endloop
  endfacet
  facet normal 0.000000 0.000000 1.000000
    outer loop
      vertex -15.600000 -8.858610 0.800000
      vertex -15.407875 -6.594869 0.800000
      vertex -15.600000 -6.608610 0.800000
    endloop
  endfacet
  facet normal 0.000000 0.000000 -1.000000
    outer loop
      vertex -15.600000 -8.858610 -0.800000
      vertex -15.407875 -6.594869 -0.800000
      vertex -15.087667 -8.821968 -0.800000
    endloop
  endfacet
  facet normal 0.000000 0.000000 -1.000000
    outer loop
      vertex -15.600000 -8.858610 -0.800000
      vertex -15.600000 -6.608610 -0.800000
      vertex -15.407875 -6.594869 -0.800000
    endloop
  endfacet
  facet normal 0.071339 -0.997452 0.000000
    outer loop
      vertex -15.600000 -8.858610 -0.800000
      vertex -15.087667 -8.821968 -0.800000
      vertex -15.087667 -8.821968 0.800000
    endloop
  endfacet
  facet normal 0.071339 -0.997452 0.000000
    outer loop
      vertex -15.600000 -8.858610 -0.800000
      vertex -15.087667 -8.821968 0.800000
      vertex -15.600000 -8.858610 0.800000
    endloop
  endfacet
  facet normal -0.071339 0.997452 0.000000
    outer loop
      vertex -15.600000 -6.608610 -0.800000
      vertex -15.407875 -6.594869 0.800000
      vertex -15.407875 -6.594869 -0.800000
    endloop
  endfacet
  facet normal -0.071339 0.997452 0.000000
    outer loop
      vertex -15.600000 -6.608610 -0.800000
      vertex -15.600000 -6.608610 0.800000
      vertex -15.407875 -6.594869 0.800000
    endloop
  endfacet
  facet normal 0.000000 -0.000000 1.000000
    outer loop
      vertex -15.087667 -8.821968 0.800000
      vertex -14.585763 -8.712785 0.800000
      vertex -15.219661 -6.553926 0.800000
    endloop
  endfacet
  facet normal 0.000000 0.000000 1.000000
    outer loop
      vertex -15.087667 -8.821968 0.800000
      vertex -15.219661 -6.553926 0.800000
      vertex -15.407875 -6.594869 0.800000
    endloop
  endfacet
  facet normal 0.000000 0.000000 -1.000000
    outer loop
      vertex -15.087667 -8.821968 -0.800000
      vertex -15.219661 -6.553926 -0.800000
      vertex -14.585763 -8.712785 -0.800000
    endloop
  endfacet
  facet normal 0.000000 0.000000 -1.000000
    outer loop
      vertex -15.087667 -8.821968 -0.800000
      vertex -15.407875 -6.594869 -0.800000
      vertex -15.219661 -6.553926 -0.800000
    endloop
  endfacet
  facet normal 0.212565 -0.977147 0.000000
    outer loop
      vertex -15.087667 -8.821968 -0.800000
      vertex -14.585763 -8.712785 -0.800000
      vertex -14.585763 -8.712785 0.800000
    endloop
  endfacet
  facet normal 0.212565 -0.977147 0.000000
    outer loop
      vertex -15.087667 -8.821968 -0.800000
      vertex -14.585763 -8.712785 0.800000
      vertex -15.087667 -8.821968 0.800000
    endloop
  endfacet
  facet normal -0.212565 0.977147 0.000000
    outer loop
      vertex -15.407875 -6.594869 -0.800000
      vertex -15.219661 -6.553926 0.800000
      vertex -15.219661 -6.553926 -0.800000
    endloop
  endfacet
  facet normal -0.212565 0.977147 0.000000
    outer loop
      vertex -15.407875 -6.594869 -0.800000
      vertex -15.407875 -6.594869 0.800000
      vertex -15.219661 -6.553926 0.800000
    endloop
  endfacet
  facet normal 0.000000 -0.000000 1.000000
    outer loop
      vertex -14.585763 -8.712785 0.800000
      vertex -14.104506 -8.533286 0.800000
      vertex -15.039190 -6.486614 0.800000
    endloop
  endfacet
  facet normal 0.000000 0.000000 1.000000
    outer loop
      vertex -14.585763 -8.712785 0.800000
      vertex -15.039190 -6.486614 0.800000
      vertex -15.219661 -6.553926 0.800000
    endloop
  endfacet
  facet normal 0.000000 0.000000 -1.000000
    outer loop
      vertex -14.585763 -8.712785 -0.800000
      vertex -15.039190 -6.486614 -0.800000
      vertex -14.104506 -8.533286 -0.800000
    endloop
  endfacet
  facet normal 0.000000 0.000000 -1.000000
    outer loop
      vertex -14.585763 -8.712785 -0.800000
      vertex -15.219661 -6.553926 -0.800000
      vertex -15.039190 -6.486614 -0.800000
    endloop
  endfacet
  facet normal 0.349464 -0.936950 0.000000
    outer loop
      vertex -14.585763 -8.712785 -0.800000
      vertex -14.104506 -8.533286 -0.800000
      vertex -14.104506 -8.533286 0.800000
    endloop
  endfacet
  facet normal 0.349464 -0.936950 0.000000
    outer loop
      vertex -14.585763 -8.712785 -0.800000
      vertex -14.104506 -8.533286 0.800000
      vertex -14.585763 -8.712785 0.800000
    endloop
  endfacet
  facet normal -0.349464 0.936950 0.000000
    outer loop
      vertex -15.219661 -6.553926 -0.800000
      vertex -15.039190 -6.486614 0.800000
      vertex -15.039190 -6.486614 -0.800000
    endloop
  endfacet
  facet normal -0.349464 0.936950 0.000000
    outer loop
      vertex -15.219661 -6.553926 -0.800000
      vertex -15.219661 -6.553926 0.800000
      vertex -15.039190 -6.486614 0.800000
    endloop
  endfacet
  facet normal 0.000000 -0.000000 1.000000
    outer loop
      vertex -14.104506 -8.533286 0.800000
      vertex -13.653693 -8.287123 0.800000
      vertex -14.870135 -6.394303 0.800000
    endloop
  endfacet
  facet normal 0.000000 0.000000 1.000000
    outer loop
      vertex -14.104506 -8.533286 0.800000
      vertex -14.870135 -6.394303 0.800000
      vertex -15.039190 -6.486614 0.800000
    endloop
  endfacet
  facet normal 0.000000 0.000000 -1.000000
    outer loop
      vertex -14.104506 -8.533286 -0.800000
      vertex -14.870135 -6.394303 -0.800000
      vertex -13.653693 -8.287123 -0.800000
    endloop
  endfacet
  facet normal 0.000000 0.000000 -1.000000
    outer loop
      vertex -14.104506 -8.533286 -0.800000
      vertex -15.039190 -6.486614 -0.800000
      vertex -14.870135 -6.394303 -0.800000
    endloop
  endfacet
  facet normal 0.479249 -0.877679 0.000000
    outer loop
      vertex -14.104506 -8.533286 -0.800000
      vertex -13.653693 -8.287123 -0.800000
      vertex -13.653693 -8.287123 0.800000
    endloop
  endfacet
  facet normal 0.479249 -0.877679 0.000000
    outer loop
      vertex -14.104506 -8.533286 -0.800000
      vertex -13.653693 -8.287123 0.800000
      vertex -14.104506 -8.533286 0.800000
    endloop
  endfacet
  facet normal -0.479249 0.877679 0.000000
    outer loop
      vertex -15.039190 -6.486614 -0.800000
      vertex -14.870135 -6.394303 0.800000
      vertex -14.870135 -6.394303 -0.800000
    endloop
  endfacet
  facet normal -0.479249 0.877679 0.000000
    outer loop
      vertex -15.039190 -6.486614 -0.800000
      vertex -15.039190 -6.486614 0.800000
      vertex -14.870135 -6.394303 0.800000
    endloop
  endfacet
  facet normal 0.000000 -0.000000 1.000000
    outer loop
      vertex -13.653693 -8.287123 0.800000
      vertex -13.242501 -7.979309 0.800000
      vertex -14.715938 -6.278872 0.800000
    endloop
  endfacet
  facet normal 0.000000 0.000000 1.000000
    outer loop
      vertex -13.653693 -8.287123 0.800000
      vertex -14.715938 -6.278872 0.800000
      vertex -14.870135 -6.394303 0.800000
    endloop
  endfacet
  facet normal 0.000000 0.000000 -1.000000
    outer loop
      vertex -13.653693 -8.287123 -0.800000
      vertex -14.715938 -6.278872 -0.800000
      vertex -13.242501 -7.979309 -0.800000
    endloop
  endfacet
  facet normal 0.000000 0.000000 -1.000000
    outer loop
      vertex -13.653693 -8.287123 -0.800000
      vertex -14.870135 -6.394303 -0.800000
      vertex -14.715938 -6.278872 -0.800000
    endloop
  endfacet
  facet normal 0.599278 -0.800541 0.000000
    outer loop
      vertex -13.653693 -8.287123 -0.800000
      vertex -13.242501 -7.979309 -0.800000
      vertex -13.242501 -7.979309 0.800000
    endloop
  endfacet
  facet normal 0.599278 -0.800541 0.000000
    outer loop
      vertex -13.653693 -8.287123 -0.800000
      vertex -13.242501 -7.979309 0.800000
      vertex -13.653693 -8.287123 0.800000
    endloop
  endfacet
  facet normal -0.599278 0.800541 0.000000
    outer loop
      vertex -14.870135 -6.394303 -0.800000
      vertex -14.715938 -6.278872 0.800000
      vertex -14.715938 -6.278872 -0.800000
    endloop
  endfacet
  facet normal -0.599278 0.800541 0.000000
    outer loop
      vertex -14.870135 -6.394303 -0.800000
      vertex -14.870135 -6.394303 0.800000
      vertex -14.715938 -6.278872 0.800000
    endloop
  endfacet
  facet normal 0.000000 -0.000000 1.000000
    outer loop
      vertex -13.242501 -7.979309 0.800000
      vertex -12.879302 -7.616109 0.800000
      vertex -14.579738 -6.142672 0.800000
    endloop
  endfacet
  facet normal 0.000000 0.000000 1.000000
    outer loop
      vertex -13.242501 -7.979309 0.800000
      vertex -14.579738 -6.142672 0.800000
      vertex -14.715938 -6.278872 0.800000
    endloop
  endfacet
  facet normal 0.000000 0.000000 -1.000000
    outer loop
      vertex -13.242501 -7.979309 -0.800000
      vertex -14.579738 -6.142672 -0.800000
      vertex -12.879302 -7.616109 -0.800000
    endloop
  endfacet
  facet normal 0.000000 0.000000 -1.000000
    outer loop
      vertex -13.242501 -7.979309 -0.800000
      vertex -14.715938 -6.278872 -0.800000
      vertex -14.579738 -6.142672 -0.800000
    endloop
  endfacet
  facet normal 0.707107 -0.707107 0.000000
    outer loop
      vertex -13.242501 -7.979309 -0.800000
      vertex -12.879302 -7.616109 -0.800000
      vertex -12.879302 -7.616109 0.800000
    endloop
  endfacet
  facet normal 0.707107 -0.707107 0.000000
    outer loop
      vertex -13.242501 -7.979309 -0.800000
      vertex -12.879302 -7.616109 0.800000
      vertex -13.242501 -7.979309 0.800000
    endloop
  endfacet
  facet normal -0.707107 0.707107 0.000000
    outer loop
      vertex -14.715938 -6.278872 -0.800000
      vertex -14.579738 -6.142672 0.800000
      vertex -14.579738 -6.142672 -0.800000
    endloop
  endfacet
  facet normal -0.707107 0.707107 0.000000
    outer loop
      vertex -14.715938 -6.278872 -0.800000
      vertex -14.715938 -6.278872 0.800000
      vertex -14.579738 -6.142672 0.800000
    endloop
  endfacet
  facet normal 0.000000 -0.000000 1.000000
    outer loop
      vertex -12.879302 -7.616109 0.800000
      vertex -12.571487 -7.204917 0.800000
      vertex -14.464308 -5.988476 0.800000
    endloop
  endfacet
  facet normal 0.000000 0.000000 1.000000
    outer loop
      vertex -12.879302 -7.616109 0.800000
      vertex -14.464308 -5.988476 0.800000
      vertex -14.579738 -6.142672 0.800000
    endloop
  endfacet
  facet normal 0.000000 0.000000 -1.000000
    outer loop
      vertex -12.879302 -7.616109 -0.800000
      vertex -14.464308 -5.988476 -0.800000
      vertex -12.571487 -7.204917 -0.800000
    endloop
  endfacet
  facet normal 0.000000 0.000000 -1.000000
    outer loop
      vertex -12.879302 -7.616109 -0.800000
      vertex -14.579738 -6.142672 -0.800000
      vertex -14.464308 -5.988476 -0.800000
    endloop
  endfacet
  facet normal 0.800541 -0.599278 0.000000
    outer loop
      vertex -12.879302 -7.616109 -0.800000
      vertex -12.571487 -7.204917 -0.800000
      vertex -12.571487 -7.204917 0.800000
    endloop
  endfacet
  facet normal 0.800541 -0.599278 0.000000
    outer loop
      vertex -12.879302 -7.616109 -0.800000
      vertex -12.571487 -7.204917 0.800000
      vertex -12.879302 -7.616109 0.800000
    endloop
  endfacet
  facet normal -0.800541 0.599278 0.000000
    outer loop
      vertex -14.579738 -6.142672 -0.800000
      vertex -14.464308 -5.988476 0.800000
      vertex -14.464308 -5.988476 -0.800000
    endloop
  endfacet
  facet normal -0.800541 0.599278 0.000000
    outer loop
      vertex -14.579738 -6.142672 -0.800000
      vertex -14.579738 -6.142672 0.800000
      vertex -14.464308 -5.988476 0.800000
    endloop
  endfacet
  facet normal 0.000000 -0.000000 1.000000
    outer loop
      vertex -12.571487 -7.204917 0.800000
      vertex -12.325325 -6.754105 0.800000
      vertex -14.371997 -5.819421 0.800000
    endloop
  endfacet
  facet normal 0.000000 0.000000 1.000000
    outer loop
      vertex -12.571487 -7.204917 0.800000
      vertex -14.371997 -5.819421 0.800000
      vertex -14.464308 -5.988476 0.800000
    endloop
  endfacet
  facet normal 0.000000 0.000000 -1.000000
    outer loop
      vertex -12.571487 -7.204917 -0.800000
      vertex -14.371997 -5.819421 -0.800000
      vertex -12.325325 -6.754105 -0.800000
    endloop
  endfacet
  facet normal 0.000000 0.000000 -1.000000
    outer loop
      vertex -12.571487 -7.204917 -0.800000
      vertex -14.464308 -5.988476 -0.800000
      vertex -14.371997 -5.819421 -0.800000
    endloop
  endfacet
  facet normal 0.877679 -0.479249 0.000000
    outer loop
      vertex -12.571487 -7.204917 -0.800000
      vertex -12.325325 -6.754105 -0.800000
      vertex -12.325325 -6.754105 0.800000
    endloop
  endfacet
  facet normal 0.877679 -0.479249 0.000000
    outer loop
      vertex -12.571487 -7.204917 -0.800000
      vertex -12.325325 -6.754105 0.800000
      vertex -12.571487 -7.204917 0.800000
    endloop
  endfacet
  facet normal -0.877679 0.479249 0.000000
    outer loop
      vertex -14.464308 -5.988476 -0.800000
      vertex -14.371997 -5.819421 0.800000
      vertex -14.371997 -5.819421 -0.800000
    endloop
  endfacet
  facet normal -0.877679 0.479249 0.000000
    outer loop
      vertex -14.464308 -5.988476 -0.800000
      vertex -14.464308 -5.988476 0.800000
      vertex -14.371997 -5.819421 0.800000
    endloop
  endfacet
  facet normal 0.000000 -0.000000 1.000000
    outer loop
      vertex -12.325325 -6.754105 0.800000
      vertex -12.145825 -6.272848 0.800000
      vertex -14.304684 -5.638949 0.800000
    endloop
  endfacet
  facet normal 0.000000 0.000000 1.000000
    outer loop
      vertex -12.325325 -6.754105 0.800000
      vertex -14.304684 -5.638949 0.800000
      vertex -14.371997 -5.819421 0.800000
    endloop
  endfacet
  facet normal 0.000000 0.000000 -1.000000
    outer loop
      vertex -12.325325 -6.754105 -0.800000
      vertex -14.304684 -5.638949 -0.800000
      vertex -12.145825 -6.272848 -0.800000
    endloop
  endfacet
  facet normal 0.000000 0.000000 -1.000000
    outer loop
      vertex -12.325325 -6.754105 -0.800000
      vertex -14.371997 -5.819421 -0.800000
      vertex -14.304684 -5.638949 -0.800000
    endloop
  endfacet
  facet normal 0.936950 -0.349464 0.000000
    outer loop
      vertex -12.325325 -6.754105 -0.800000
      vertex -12.145825 -6.272848 -0.800000
      vertex -12.145825 -6.272848 0.800000
    endloop
  endfacet
  facet normal 0.936950 -0.349464 0.000000
    outer loop
      vertex -12.325325 -6.754105 -0.800000
      vertex -12.145825 -6.272848 0.800000
      vertex -12.325325 -6.754105 0.800000
    endloop
  endfacet
  facet normal -0.936950 0.349464 0.000000
    outer loop
      vertex -14.371997 -5.819421 -0.800000
      vertex -14.304684 -5.638949 0.800000
      vertex -14.304684 -5.638949 -0.800000
    endloop
  endfacet
  facet normal -0.936950 0.349464 0.000000
    outer loop
      vertex -14.371997 -5.819421 -0.800000
      vertex -14.371997 -5.819421 0.800000
      vertex -14.304684 -5.638949 0.800000
    endloop
  endfacet
  facet normal 0.000000 -0.000000 1.000000
    outer loop
      vertex -12.145825 -6.272848 0.800000
      vertex -12.036643 -5.770944 0.800000
      vertex -14.263741 -5.450735 0.800000
    endloop
  endfacet
  facet normal 0.000000 0.000000 1.000000
    outer loop
      vertex -12.145825 -6.272848 0.800000
      vertex -14.263741 -5.450735 0.800000
      vertex -14.304684 -5.638949 0.800000
    endloop
  endfacet
  facet normal 0.000000 0.000000 -1.000000
    outer loop
      vertex -12.145825 -6.272848 -0.800000
      vertex -14.263741 -5.450735 -0.800000
      vertex -12.036643 -5.770944 -0.800000
    endloop
  endfacet
  facet normal 0.000000 0.000000 -1.000000
    outer loop
      vertex -12.145825 -6.272848 -0.800000
      vertex -14.304684 -5.638949 -0.800000
      vertex -14.263741 -5.450735 -0.800000
    endloop
  endfacet
  facet normal 0.977147 -0.212565 0.000000
    outer loop
      vertex -12.145825 -6.272848 -0.800000
      vertex -12.036643 -5.770944 -0.800000
      vertex -12.036643 -5.770944 0.800000
    endloop
  endfacet
  facet normal 0.977147 -0.212565 0.000000
    outer loop
      vertex -12.145825 -6.272848 -0.800000
      vertex -12.036643 -5.770944 0.800000
      vertex -12.145825 -6.272848 0.800000
    endloop
  endfacet
  facet normal -0.977147 0.212565 0.000000
    outer loop
      vertex -14.304684 -5.638949 -0.800000
      vertex -14.263741 -5.450735 0.800000
      vertex -14.263741 -5.450735 -0.800000
    endloop
  endfacet
  facet normal -0.977147 0.212565 0.000000
    outer loop
      vertex -14.304684 -5.638949 -0.800000
      vertex -14.304684 -5.638949 0.800000
      vertex -14.263741 -5.450735 0.800000
    endloop
  endfacet
  facet normal 0.000000 -0.000000 1.000000
    outer loop
      vertex -12.036643 -5.770944 0.800000
      vertex -12.000000 -5.258610 0.800000
      vertex -14.250000 -5.258610 0.800000
    endloop
  endfacet
  facet normal 0.000000 0.000000 1.000000
    outer loop
      vertex -12.036643 -5.770944 0.800000
      vertex -14.250000 -5.258610 0.800000
      vertex -14.263741 -5.450735 0.800000
    endloop
  endfacet
  facet normal 0.000000 0.000000 -1.000000
    outer loop
      vertex -12.036643 -5.770944 -0.800000
      vertex -14.250000 -5.258610 -0.800000
      vertex -12.000000 -5.258610 -0.800000
    endloop
  endfacet
  facet normal 0.000000 0.000000 -1.000000
    outer loop
      vertex -12.036643 -5.770944 -0.800000
      vertex -14.263741 -5.450735 -0.800000
      vertex -14.250000 -5.258610 -0.800000
    endloop
  endfacet
  facet normal 0.997452 -0.071339 0.000000
    outer loop
      vertex -12.036643 -5.770944 -0.800000
      vertex -12.000000 -5.258610 -0.800000
      vertex -12.000000 -5.258610 0.800000
    endloop
  endfacet
  facet normal 0.997452 -0.071339 0.000000
    outer loop
      vertex -12.036643 -5.770944 -0.800000
      vertex -12.000000 -5.258610 0.800000
      vertex -12.036643 -5.770944 0.800000
    endloop
  endfacet
  facet normal -0.997452 0.071339 0.000000
    outer loop
      vertex -14.263741 -5.450735 -0.800000
      vertex -14.250000 -5.258610 0.800000
      vertex -14.250000 -5.258610 -0.800000
    endloop
  endfacet
  facet normal -0.997452 0.071339 0.000000
    outer loop
      vertex -14.263741 -5.450735 -0.800000
      vertex -14.263741 -5.450735 0.800000
      vertex -14.250000 -5.258610 0.800000
    endloop
  endfacet
  facet normal 0.000000 0.000000 1.000000
    outer loop
      vertex -1.600000 -2.008610 0.800000
      vertex -1.636643 -1.496277 0.800000
      vertex -3.863741 -1.816485 0.800000
    endloop
  endfacet
  facet normal 0.000000 0.000000 1.000000
    outer loop
      vertex -1.600000 -2.008610 0.800000
      vertex -3.863741 -1.816485 0.800000
      vertex -3.850000 -2.008610 0.800000
    endloop
  endfacet
  facet normal 0.000000 0.000000 -1.000000
    outer loop
      vertex -1.600000 -2.008610 -0.800000
      vertex -3.863741 -1.816485 -0.800000
      vertex -1.636643 -1.496277 -0.800000
    endloop
  endfacet
  facet normal 0.000000 0.000000 -1.000000
    outer loop
      vertex -1.600000 -2.008610 -0.800000
      vertex -3.850000 -2.008610 -0.800000
      vertex -3.863741 -1.816485 -0.800000
    endloop
  endfacet
  facet normal 0.997452 0.071339 0.000000
    outer loop
      vertex -1.600000 -2.008610 -0.800000
      vertex -1.636643 -1.496277 -0.800000
      vertex -1.636643 -1.496277 0.800000
    endloop
  endfacet
  facet normal 0.997452 0.071339 -0.000000
    outer loop
      vertex -1.600000 -2.008610 -0.800000
      vertex -1.636643 -1.496277 0.800000
      vertex -1.600000 -2.008610 0.800000
    endloop
  endfacet
  facet normal -0.997452 -0.071339 0.000000
    outer loop
      vertex -3.850000 -2.008610 -0.800000
      vertex -3.863741 -1.816485 0.800000
      vertex -3.863741 -1.816485 -0.800000
    endloop
  endfacet
  facet normal -0.997452 -0.071339 0.000000
    outer loop
      vertex -3.850000 -2.008610 -0.800000
      vertex -3.850000 -2.008610 0.800000
      vertex -3.863741 -1.816485 0.800000
    endloop
  endfacet
  facet normal 0.000000 0.000000 1.000000
    outer loop
      vertex -1.636643 -1.496277 0.800000
      vertex -1.745825 -0.994373 0.800000
      vertex -3.904684 -1.628272 0.800000
    endloop
  endfacet
  facet normal 0.000000 0.000000 1.000000
    outer loop
      vertex -1.636643 -1.496277 0.800000
      vertex -3.904684 -1.628272 0.800000
      vertex -3.863741 -1.816485 0.800000
    endloop
  endfacet
  facet normal -0.000000 0.000000 -1.000000
    outer loop
      vertex -1.636643 -1.496277 -0.800000
      vertex -3.904684 -1.628272 -0.800000
      vertex -1.745825 -0.994373 -0.800000
    endloop
  endfacet
  facet normal 0.000000 0.000000 -1.000000
    outer loop
      vertex -1.636643 -1.496277 -0.800000
      vertex -3.863741 -1.816485 -0.800000
      vertex -3.904684 -1.628272 -0.800000
    endloop
  endfacet
  facet normal 0.977147 0.212565 0.000000
    outer loop
      vertex -1.636643 -1.496277 -0.800000
      vertex -1.745825 -0.994373 -0.800000
      vertex -1.745825 -0.994373 0.800000
    endloop
  endfacet
  facet normal 0.977147 0.212565 -0.000000
    outer loop
      vertex -1.636643 -1.496277 -0.800000
      vertex -1.745825 -0.994373 0.800000
      vertex -1.636643 -1.496277 0.800000
    endloop
  endfacet
  facet normal -0.977147 -0.212565 0.000000
    outer loop
      vertex -3.863741 -1.816485 -0.800000
      vertex -3.904684 -1.628272 0.800000
      vertex -3.904684 -1.628272 -0.800000
    endloop
  endfacet
  facet normal -0.977147 -0.212565 0.000000
    outer loop
      vertex -3.863741 -1.816485 -0.800000
      vertex -3.863741 -1.816485 0.800000
      vertex -3.904684 -1.628272 0.800000
    endloop
  endfacet
  facet normal 0.000000 0.000000 1.000000
    outer loop
      vertex -1.745825 -0.994373 0.800000
      vertex -1.925325 -0.513116 0.800000
      vertex -3.971997 -1.447800 0.800000
    endloop
  endfacet
  facet normal 0.000000 0.000000 1.000000
    outer loop
      vertex -1.745825 -0.994373 0.800000
      vertex -3.971997 -1.447800 0.800000
      vertex -3.904684 -1.628272 0.800000
    endloop
  endfacet
  facet normal -0.000000 0.000000 -1.000000
    outer loop
      vertex -1.745825 -0.994373 -0.800000
      vertex -3.971997 -1.447800 -0.800000
      vertex -1.925325 -0.513116 -0.800000
    endloop
  endfacet
  facet normal 0.000000 0.000000 -1.000000
    outer loop
      vertex -1.745825 -0.994373 -0.800000
      vertex -3.904684 -1.628272 -0.800000
      vertex -3.971997 -1.447800 -0.800000
    endloop
  endfacet
  facet normal 0.936950 0.349464 0.000000
    outer loop
      vertex -1.745825 -0.994373 -0.800000
      vertex -1.925325 -0.513116 -0.800000
      vertex -1.925325 -0.513116 0.800000
    endloop
  endfacet
  facet normal 0.936950 0.349464 -0.000000
    outer loop
      vertex -1.745825 -0.994373 -0.800000
      vertex -1.925325 -0.513116 0.800000
      vertex -1.745825 -0.994373 0.800000
    endloop
  endfacet
  facet normal -0.936950 -0.349464 0.000000
    outer loop
      vertex -3.904684 -1.628272 -0.800000
      vertex -3.971997 -1.447800 0.800000
      vertex -3.971997 -1.447800 -0.800000
    endloop
  endfacet
  facet normal -0.936950 -0.349464 0.000000
    outer loop
      vertex -3.904684 -1.628272 -0.800000
      vertex -3.904684 -1.628272 0.800000
      vertex -3.971997 -1.447800 0.800000
    endloop
  endfacet
  facet normal 0.000000 0.000000 1.000000
    outer loop
      vertex -1.925325 -0.513116 0.800000
      vertex -2.171487 -0.062304 0.800000
      vertex -4.064308 -1.278745 0.800000
    endloop
  endfacet
  facet normal 0.000000 0.000000 1.000000
    outer loop
      vertex -1.925325 -0.513116 0.800000
      vertex -4.064308 -1.278745 0.800000
      vertex -3.971997 -1.447800 0.800000
    endloop
  endfacet
  facet normal -0.000000 0.000000 -1.000000
    outer loop
      vertex -1.925325 -0.513116 -0.800000
      vertex -4.064308 -1.278745 -0.800000
      vertex -2.171487 -0.062304 -0.800000
    endloop
  endfacet
  facet normal 0.000000 0.000000 -1.000000
    outer loop
      vertex -1.925325 -0.513116 -0.800000
      vertex -3.971997 -1.447800 -0.800000
      vertex -4.064308 -1.278745 -0.800000
    endloop
  endfacet
  facet normal 0.877679 0.479249 0.000000
    outer loop
      vertex -1.925325 -0.513116 -0.800000
      vertex -2.171487 -0.062304 -0.800000
      vertex -2.171487 -0.062304 0.800000
    endloop
  endfacet
  facet normal 0.877679 0.479249 -0.000000
    outer loop
      vertex -1.925325 -0.513116 -0.800000
      vertex -2.171487 -0.062304 0.800000
      vertex -1.925325 -0.513116 0.800000
    endloop
  endfacet
  facet normal -0.877679 -0.479249 0.000000
    outer loop
      vertex -3.971997 -1.447800 -0.800000
      vertex -4.064308 -1.278745 0.800000
      vertex -4.064308 -1.278745 -0.800000
    endloop
  endfacet
  facet normal -0.877679 -0.479249 0.000000
    outer loop
      vertex -3.971997 -1.447800 -0.800000
      vertex -3.971997 -1.447800 0.800000
      vertex -4.064308 -1.278745 0.800000
    endloop
  endfacet
  facet normal 0.000000 0.000000 1.000000
    outer loop
      vertex -2.171487 -0.062304 0.800000
      vertex -2.479302 0.348888 0.800000
      vertex -4.179738 -1.124548 0.800000
    endloop
  endfacet
  facet normal 0.000000 0.000000 1.000000
    outer loop
      vertex -2.171487 -0.062304 0.800000
      vertex -4.179738 -1.124548 0.800000
      vertex -4.064308 -1.278745 0.800000
    endloop
  endfacet
  facet normal -0.000000 0.000000 -1.000000
    outer loop
      vertex -2.171487 -0.062304 -0.800000
      vertex -4.179738 -1.124548 -0.800000
      vertex -2.479302 0.348888 -0.800000
    endloop
  endfacet
  facet normal 0.000000 0.000000 -1.000000
    outer loop
      vertex -2.171487 -0.062304 -0.800000
      vertex -4.064308 -1.278745 -0.800000
      vertex -4.179738 -1.124548 -0.800000
    endloop
  endfacet
  facet normal 0.800541 0.599278 0.000000
    outer loop
      vertex -2.171487 -0.062304 -0.800000
      vertex -2.479302 0.348888 -0.800000
      vertex -2.479302 0.348888 0.800000
    endloop
  endfacet
  facet normal 0.800541 0.599278 -0.000000
    outer loop
      vertex -2.171487 -0.062304 -0.800000
      vertex -2.479302 0.348888 0.800000
      vertex -2.171487 -0.062304 0.800000
    endloop
  endfacet
  facet normal -0.800541 -0.599278 0.000000
    outer loop
      vertex -4.064308 -1.278745 -0.800000
      vertex -4.179738 -1.124548 0.800000
      vertex -4.179738 -1.124548 -0.800000
    endloop
  endfacet
  facet normal -0.800541 -0.599278 0.000000
    outer loop
      vertex -4.064308 -1.278745 -0.800000
      vertex -4.064308 -1.278745 0.800000
      vertex -4.179738 -1.124548 0.800000
    endloop
  endfacet
  facet normal 0.000000 0.000000 1.000000
    outer loop
      vertex -2.479302 0.348888 0.800000
      vertex -2.842501 0.712088 0.800000
      vertex -4.315938 -0.988349 0.800000
    endloop
  endfacet
  facet normal 0.000000 0.000000 1.000000
    outer loop
      vertex -2.479302 0.348888 0.800000
      vertex -4.315938 -0.988349 0.800000
      vertex -4.179738 -1.124548 0.800000
    endloop
  endfacet
  facet normal -0.000000 0.000000 -1.000000
    outer loop
      vertex -2.479302 0.348888 -0.800000
      vertex -4.315938 -0.988349 -0.800000
      vertex -2.842501 0.712088 -0.800000
    endloop
  endfacet
  facet normal 0.000000 0.000000 -1.000000
    outer loop
      vertex -2.479302 0.348888 -0.800000
      vertex -4.179738 -1.124548 -0.800000
      vertex -4.315938 -0.988349 -0.800000
    endloop
  endfacet
  facet normal 0.707107 0.707107 0.000000
    outer loop
      vertex -2.479302 0.348888 -0.800000
      vertex -2.842501 0.712088 -0.800000
      vertex -2.842501 0.712088 0.800000
    endloop
  endfacet
  facet normal 0.707107 0.707107 -0.000000
    outer loop
      vertex -2.479302 0.348888 -0.800000
      vertex -2.842501 0.712088 0.800000
      vertex -2.479302 0.348888 0.800000
    endloop
  endfacet
  facet normal -0.707107 -0.707107 0.000000
    outer loop
      vertex -4.179738 -1.124548 -0.800000
      vertex -4.315938 -0.988349 0.800000
      vertex -4.315938 -0.988349 -0.800000
    endloop
  endfacet
  facet normal -0.707107 -0.707107 0.000000
    outer loop
      vertex -4.179738 -1.124548 -0.800000
      vertex -4.179738 -1.124548 0.800000
      vertex -4.315938 -0.988349 0.800000
    endloop
  endfacet
  facet normal 0.000000 0.000000 1.000000
    outer loop
      vertex -2.842501 0.712088 0.800000
      vertex -3.253693 1.019902 0.800000
      vertex -4.470135 -0.872918 0.800000
    endloop
  endfacet
  facet normal 0.000000 0.000000 1.000000
    outer loop
      vertex -2.842501 0.712088 0.800000
      vertex -4.470135 -0.872918 0.800000
      vertex -4.315938 -0.988349 0.800000
    endloop
  endfacet
  facet normal -0.000000 0.000000 -1.000000
    outer loop
      vertex -2.842501 0.712088 -0.800000
      vertex -4.470135 -0.872918 -0.800000
      vertex -3.253693 1.019902 -0.800000
    endloop
  endfacet
  facet normal 0.000000 0.000000 -1.000000
    outer loop
      vertex -2.842501 0.712088 -0.800000
      vertex -4.315938 -0.988349 -0.800000
      vertex -4.470135 -0.872918 -0.800000
    endloop
  endfacet
  facet normal 0.599278 0.800541 0.000000
    outer loop
      vertex -2.842501 0.712088 -0.800000
      vertex -3.253693 1.019902 -0.800000
      vertex -3.253693 1.019902 0.800000
    endloop
  endfacet
  facet normal 0.599278 0.800541 -0.000000
    outer loop
      vertex -2.842501 0.712088 -0.800000
      vertex -3.253693 1.019902 0.800000
      vertex -2.842501 0.712088 0.800000
    endloop
  endfacet
  facet normal -0.599278 -0.800541 0.000000
    outer loop
      vertex -4.315938 -0.988349 -0.800000
      vertex -4.470135 -0.872918 0.800000
      vertex -4.470135 -0.872918 -0.800000
    endloop
  endfacet
  facet normal -0.599278 -0.800541 0.000000
    outer loop
      vertex -4.315938 -0.988349 -0.800000
      vertex -4.315938 -0.988349 0.800000
      vertex -4.470135 -0.872918 0.800000
    endloop
  endfacet
  facet normal 0.000000 0.000000 1.000000
    outer loop
      vertex -3.253693 1.019902 0.800000
      vertex -3.704506 1.266065 0.800000
      vertex -4.639190 -0.780607 0.800000
    endloop
  endfacet
  facet normal 0.000000 0.000000 1.000000
    outer loop
      vertex -3.253693 1.019902 0.800000
      vertex -4.639190 -0.780607 0.800000
      vertex -4.470135 -0.872918 0.800000
    endloop
  endfacet
  facet normal -0.000000 0.000000 -1.000000
    outer loop
      vertex -3.253693 1.019902 -0.800000
      vertex -4.639190 -0.780607 -0.800000
      vertex -3.704506 1.266065 -0.800000
    endloop
  endfacet
  facet normal 0.000000 0.000000 -1.000000
    outer loop
      vertex -3.253693 1.019902 -0.800000
      vertex -4.470135 -0.872918 -0.800000
      vertex -4.639190 -0.780607 -0.800000
    endloop
  endfacet
  facet normal 0.479249 0.877679 0.000000
    outer loop
      vertex -3.253693 1.019902 -0.800000
      vertex -3.704506 1.266065 -0.800000
      vertex -3.704506 1.266065 0.800000
    endloop
  endfacet
  facet normal 0.479249 0.877679 -0.000000
    outer loop
      vertex -3.253693 1.019902 -0.800000
      vertex -3.704506 1.266065 0.800000
      vertex -3.253693 1.019902 0.800000
    endloop
  endfacet
  facet normal -0.479249 -0.877679 0.000000
    outer loop
      vertex -4.470135 -0.872918 -0.800000
      vertex -4.639190 -0.780607 0.800000
      vertex -4.639190 -0.780607 -0.800000
    endloop
  endfacet
  facet normal -0.479249 -0.877679 0.000000
    outer loop
      vertex -4.470135 -0.872918 -0.800000
      vertex -4.470135 -0.872918 0.800000
      vertex -4.639190 -0.780607 0.800000
    endloop
  endfacet
  facet normal 0.000000 0.000000 1.000000
    outer loop
      vertex -3.704506 1.266065 0.800000
      vertex -4.185763 1.445564 0.800000
      vertex -4.819661 -0.713295 0.800000
    endloop
  endfacet
  facet normal 0.000000 0.000000 1.000000
    outer loop
      vertex -3.704506 1.266065 0.800000
      vertex -4.819661 -0.713295 0.800000
      vertex -4.639190 -0.780607 0.800000
    endloop
  endfacet
  facet normal -0.000000 0.000000 -1.000000
    outer loop
      vertex -3.704506 1.266065 -0.800000
      vertex -4.819661 -0.713295 -0.800000
      vertex -4.185763 1.445564 -0.800000
    endloop
  endfacet
  facet normal 0.000000 0.000000 -1.000000
    outer loop
      vertex -3.704506 1.266065 -0.800000
      vertex -4.639190 -0.780607 -0.800000
      vertex -4.819661 -0.713295 -0.800000
    endloop
  endfacet
  facet normal 0.349464 0.936950 0.000000
    outer loop
      vertex -3.704506 1.266065 -0.800000
      vertex -4.185763 1.445564 -0.800000
      vertex -4.185763 1.445564 0.800000
    endloop
  endfacet
  facet normal 0.349464 0.936950 -0.000000
    outer loop
      vertex -3.704506 1.266065 -0.800000
      vertex -4.185763 1.445564 0.800000
      vertex -3.704506 1.266065 0.800000
    endloop
  endfacet
  facet normal -0.349464 -0.936950 0.000000
    outer loop
      vertex -4.639190 -0.780607 -0.800000
      vertex -4.819661 -0.713295 0.800000
      vertex -4.819661 -0.713295 -0.800000
    endloop
  endfacet
  facet normal -0.349464 -0.936950 0.000000
    outer loop
      vertex -4.639190 -0.780607 -0.800000
      vertex -4.639190 -0.780607 0.800000
      vertex -4.819661 -0.713295 0.800000
    endloop
  endfacet
  facet normal 0.000000 0.000000 1.000000
    outer loop
      vertex -4.185763 1.445564 0.800000
      vertex -4.687667 1.554747 0.800000
      vertex -5.007875 -0.672352 0.800000
    endloop
  endfacet
  facet normal 0.000000 0.000000 1.000000
    outer loop
      vertex -4.185763 1.445564 0.800000
      vertex -5.007875 -0.672352 0.800000
      vertex -4.819661 -0.713295 0.800000
    endloop
  endfacet
  facet normal -0.000000 0.000000 -1.000000
    outer loop
      vertex -4.185763 1.445564 -0.800000
      vertex -5.007875 -0.672352 -0.800000
      vertex -4.687667 1.554747 -0.800000
    endloop
  endfacet
  facet normal 0.000000 0.000000 -1.000000
    outer loop
      vertex -4.185763 1.445564 -0.800000
      vertex -4.819661 -0.713295 -0.800000
      vertex -5.007875 -0.672352 -0.800000
    endloop
  endfacet
  facet normal 0.212565 0.977147 0.000000
    outer loop
      vertex -4.185763 1.445564 -0.800000
      vertex -4.687667 1.554747 -0.800000
      vertex -4.687667 1.554747 0.800000
    endloop
  endfacet
  facet normal 0.212565 0.977147 -0.000000
    outer loop
      vertex -4.185763 1.445564 -0.800000
      vertex -4.687667 1.554747 0.800000
      vertex -4.185763 1.445564 0.800000
    endloop
  endfacet
  facet normal -0.212565 -0.977147 0.000000
    outer loop
      vertex -4.819661 -0.713295 -0.800000
      vertex -5.007875 -0.672352 0.800000
      vertex -5.007875 -0.672352 -0.800000
    endloop
  endfacet
  facet normal -0.212565 -0.977147 0.000000
    outer loop
      vertex -4.819661 -0.713295 -0.800000
      vertex -4.819661 -0.713295 0.800000
      vertex -5.007875 -0.672352 0.800000
    endloop
  endfacet
  facet normal 0.000000 0.000000 1.000000
    outer loop
      vertex -4.687667 1.554747 0.800000
      vertex -5.200000 1.591390 0.800000
      vertex -5.200000 -0.658610 0.800000
    endloop
  endfacet
  facet normal 0.000000 0.000000 1.000000
    outer loop
      vertex -4.687667 1.554747 0.800000
      vertex -5.200000 -0.658610 0.800000
      vertex -5.007875 -0.672352 0.800000
    endloop
  endfacet
  facet normal -0.000000 0.000000 -1.000000
    outer loop
      vertex -4.687667 1.554747 -0.800000
      vertex -5.200000 -0.658610 -0.800000
      vertex -5.200000 1.591390 -0.800000
    endloop
  endfacet
  facet normal 0.000000 0.000000 -1.000000
    outer loop
      vertex -4.687667 1.554747 -0.800000
      vertex -5.007875 -0.672352 -0.800000
      vertex -5.200000 -0.658610 -0.800000
    endloop
  endfacet
  facet normal 0.071339 0.997452 0.000000
    outer loop
      vertex -4.687667 1.554747 -0.800000
      vertex -5.200000 1.591390 -0.800000
      vertex -5.200000 1.591390 0.800000
    endloop
  endfacet
  facet normal 0.071339 0.997452 -0.000000
    outer loop
      vertex -4.687667 1.554747 -0.800000
      vertex -5.200000 1.591390 0.800000
      vertex -4.687667 1.554747 0.800000
    endloop
  endfacet
  facet normal -0.071339 -0.997452 0.000000
    outer loop
      vertex -5.007875 -0.672352 -0.800000
      vertex -5.200000 -0.658610 0.800000
      vertex -5.200000 -0.658610 -0.800000
    endloop
  endfacet
  facet normal -0.071339 -0.997452 0.000000
    outer loop
      vertex -5.007875 -0.672352 -0.800000
      vertex -5.007875 -0.672352 0.800000
      vertex -5.200000 -0.658610 0.800000
    endloop
  endfacet
  facet normal 0.000000 0.000000 1.000000
    outer loop
      vertex -5.200000 1.591390 0.800000
      vertex -5.712333 1.554747 0.800000
      vertex -5.392125 -0.672352 0.800000
    endloop
  endfacet
  facet normal 0.000000 0.000000 1.000000
    outer loop
      vertex -5.200000 1.591390 0.800000
      vertex -5.392125 -0.672352 0.800000
      vertex -5.200000 -0.658610 0.800000
    endloop
  endfacet
  facet normal 0.000000 0.000000 -1.000000
    outer loop
      vertex -5.200000 1.591390 -0.800000
      vertex -5.392125 -0.672352 -0.800000
      vertex -5.712333 1.554747 -0.800000
    endloop
  endfacet
  facet normal 0.000000 0.000000 -1.000000
    outer loop
      vertex -5.200000 1.591390 -0.800000
      vertex -5.200000 -0.658610 -0.800000
      vertex -5.392125 -0.672352 -0.800000
    endloop
  endfacet
  facet normal -0.071339 0.997452 0.000000
    outer loop
      vertex -5.200000 1.591390 -0.800000
      vertex -5.712333 1.554747 -0.800000
      vertex -5.712333 1.554747 0.800000
    endloop
  endfacet
  facet normal -0.071339 0.997452 0.000000
    outer loop
      vertex -5.200000 1.591390 -0.800000
      vertex -5.712333 1.554747 0.800000
      vertex -5.200000 1.591390 0.800000
    endloop
  endfacet
  facet normal 0.071339 -0.997452 0.000000
    outer loop
      vertex -5.200000 -0.658610 -0.800000
      vertex -5.392125 -0.672352 0.800000
      vertex -5.392125 -0.672352 -0.800000
    endloop
  endfacet
  facet normal 0.071339 -0.997452 0.000000
    outer loop
      vertex -5.200000 -0.658610 -0.800000
      vertex -5.200000 -0.658610 0.800000
      vertex -5.392125 -0.672352 0.800000
    endloop
  endfacet
  facet normal 0.000000 0.000000 1.000000
    outer loop
      vertex -5.712333 1.554747 0.800000
      vertex -6.214237 1.445564 0.800000
      vertex -5.580339 -0.713295 0.800000
    endloop
  endfacet
  facet normal 0.000000 0.000000 1.000000
    outer loop
      vertex -5.712333 1.554747 0.800000
      vertex -5.580339 -0.713295 0.800000
      vertex -5.392125 -0.672352 0.800000
    endloop
  endfacet
  facet normal 0.000000 -0.000000 -1.000000
    outer loop
      vertex -5.712333 1.554747 -0.800000
      vertex -5.580339 -0.713295 -0.800000
      vertex -6.214237 1.445564 -0.800000
    endloop
  endfacet
  facet normal 0.000000 0.000000 -1.000000
    outer loop
      vertex -5.712333 1.554747 -0.800000
      vertex -5.392125 -0.672352 -0.800000
      vertex -5.580339 -0.713295 -0.800000
    endloop
  endfacet
  facet normal -0.212565 0.977147 0.000000
    outer loop
      vertex -5.712333 1.554747 -0.800000
      vertex -6.214237 1.445564 -0.800000
      vertex -6.214237 1.445564 0.800000
    endloop
  endfacet
  facet normal -0.212565 0.977147 0.000000
    outer loop
      vertex -5.712333 1.554747 -0.800000
      vertex -6.214237 1.445564 0.800000
      vertex -5.712333 1.554747 0.800000
    endloop
  endfacet
  facet normal 0.212565 -0.977147 0.000000
    outer loop
      vertex -5.392125 -0.672352 -0.800000
      vertex -5.580339 -0.713295 0.800000
      vertex -5.580339 -0.713295 -0.800000
    endloop
  endfacet
  facet normal 0.212565 -0.977147 0.000000
    outer loop
      vertex -5.392125 -0.672352 -0.800000
      vertex -5.392125 -0.672352 0.800000
      vertex -5.580339 -0.713295 0.800000
    endloop
  endfacet
  facet normal 0.000000 0.000000 1.000000
    outer loop
      vertex -6.214237 1.445564 0.800000
      vertex -6.695494 1.266065 0.800000
      vertex -5.760810 -0.780607 0.800000
    endloop
  endfacet
  facet normal 0.000000 0.000000 1.000000
    outer loop
      vertex -6.214237 1.445564 0.800000
      vertex -5.760810 -0.780607 0.800000
      vertex -5.580339 -0.713295 0.800000
    endloop
  endfacet
  facet normal 0.000000 -0.000000 -1.000000
    outer loop
      vertex -6.214237 1.445564 -0.800000
      vertex -5.760810 -0.780607 -0.800000
      vertex -6.695494 1.266065 -0.800000
    endloop
  endfacet
  facet normal 0.000000 0.000000 -1.000000
    outer loop
      vertex -6.214237 1.445564 -0.800000
      vertex -5.580339 -0.713295 -0.800000
      vertex -5.760810 -0.780607 -0.800000
    endloop
  endfacet
  facet normal -0.349464 0.936950 0.000000
    outer loop
      vertex -6.214237 1.445564 -0.800000
      vertex -6.695494 1.266065 -0.800000
      vertex -6.695494 1.266065 0.800000
    endloop
  endfacet
  facet normal -0.349464 0.936950 0.000000
    outer loop
      vertex -6.214237 1.445564 -0.800000
      vertex -6.695494 1.266065 0.800000
      vertex -6.214237 1.445564 0.800000
    endloop
  endfacet
  facet normal 0.349464 -0.936950 0.000000
    outer loop
      vertex -5.580339 -0.713295 -0.800000
      vertex -5.760810 -0.780607 0.800000
      vertex -5.760810 -0.780607 -0.800000
    endloop
  endfacet
  facet normal 0.349464 -0.936950 0.000000
    outer loop
      vertex -5.580339 -0.713295 -0.800000
      vertex -5.580339 -0.713295 0.800000
      vertex -5.760810 -0.780607 0.800000
    endloop
  endfacet
  facet normal 0.000000 0.000000 1.000000
    outer loop
      vertex -6.695494 1.266065 0.800000
      vertex -7.146307 1.019902 0.800000
      vertex -5.929865 -0.872918 0.800000
    endloop
  endfacet
  facet normal 0.000000 0.000000 1.000000
    outer loop
      vertex -6.695494 1.266065 0.800000
      vertex -5.929865 -0.872918 0.800000
      vertex -5.760810 -0.780607 0.800000
    endloop
  endfacet
  facet normal 0.000000 -0.000000 -1.000000
    outer loop
      vertex -6.695494 1.266065 -0.800000
      vertex -5.929865 -0.872918 -0.800000
      vertex -7.146307 1.019902 -0.800000
    endloop
  endfacet
  facet normal 0.000000 0.000000 -1.000000
    outer loop
      vertex -6.695494 1.266065 -0.800000
      vertex -5.760810 -0.780607 -0.800000
      vertex -5.929865 -0.872918 -0.800000
    endloop
  endfacet
  facet normal -0.479249 0.877679 0.000000
    outer loop
      vertex -6.695494 1.266065 -0.800000
      vertex -7.146307 1.019902 -0.800000
      vertex -7.146307 1.019902 0.800000
    endloop
  endfacet
  facet normal -0.479249 0.877679 0.000000
    outer loop
      vertex -6.695494 1.266065 -0.800000
      vertex -7.146307 1.019902 0.800000
      vertex -6.695494 1.266065 0.800000
    endloop
  endfacet
  facet normal 0.479249 -0.877679 0.000000
    outer loop
      vertex -5.760810 -0.780607 -0.800000
      vertex -5.929865 -0.872918 0.800000
      vertex -5.929865 -0.872918 -0.800000
    endloop
  endfacet
  facet normal 0.479249 -0.877679 0.000000
    outer loop
      vertex -5.760810 -0.780607 -0.800000
      vertex -5.760810 -0.780607 0.800000
      vertex -5.929865 -0.872918 0.800000
    endloop
  endfacet
  facet normal 0.000000 0.000000 1.000000
    outer loop
      vertex -7.146307 1.019902 0.800000
      vertex -7.557499 0.712088 0.800000
      vertex -6.084062 -0.988349 0.800000
    endloop
  endfacet
  facet normal 0.000000 0.000000 1.000000
    outer loop
      vertex -7.146307 1.019902 0.800000
      vertex -6.084062 -0.988349 0.800000
      vertex -5.929865 -0.872918 0.800000
    endloop
  endfacet
  facet normal 0.000000 -0.000000 -1.000000
    outer loop
      vertex -7.146307 1.019902 -0.800000
      vertex -6.084062 -0.988349 -0.800000
      vertex -7.557499 0.712088 -0.800000
    endloop
  endfacet
  facet normal 0.000000 0.000000 -1.000000
    outer loop
      vertex -7.146307 1.019902 -0.800000
      vertex -5.929865 -0.872918 -0.800000
      vertex -6.084062 -0.988349 -0.800000
    endloop
  endfacet
  facet normal -0.599278 0.800541 0.000000
    outer loop
      vertex -7.146307 1.019902 -0.800000
      vertex -7.557499 0.712088 -0.800000
      vertex -7.557499 0.712088 0.800000
    endloop
  endfacet
  facet normal -0.599278 0.800541 0.000000
    outer loop
      vertex -7.146307 1.019902 -0.800000
      vertex -7.557499 0.712088 0.800000
      vertex -7.146307 1.019902 0.800000
    endloop
  endfacet
  facet normal 0.599278 -0.800541 0.000000
    outer loop
      vertex -5.929865 -0.872918 -0.800000
      vertex -6.084062 -0.988349 0.800000
      vertex -6.084062 -0.988349 -0.800000
    endloop
  endfacet
  facet normal 0.599278 -0.800541 0.000000
    outer loop
      vertex -5.929865 -0.872918 -0.800000
      vertex -5.929865 -0.872918 0.800000
      vertex -6.084062 -0.988349 0.800000
    endloop
  endfacet
  facet normal 0.000000 0.000000 1.000000
    outer loop
      vertex -7.557499 0.712088 0.800000
      vertex -7.920698 0.348888 0.800000
      vertex -6.220262 -1.124548 0.800000
    endloop
  endfacet
  facet normal 0.000000 0.000000 1.000000
    outer loop
      vertex -7.557499 0.712088 0.800000
      vertex -6.220262 -1.124548 0.800000
      vertex -6.084062 -0.988349 0.800000
    endloop
  endfacet
  facet normal 0.000000 -0.000000 -1.000000
    outer loop
      vertex -7.557499 0.712088 -0.800000
      vertex -6.220262 -1.124548 -0.800000
      vertex -7.920698 0.348888 -0.800000
    endloop
  endfacet
  facet normal 0.000000 0.000000 -1.000000
    outer loop
      vertex -7.557499 0.712088 -0.800000
      vertex -6.084062 -0.988349 -0.800000
      vertex -6.220262 -1.124548 -0.800000
    endloop
  endfacet
  facet normal -0.707107 0.707107 0.000000
    outer loop
      vertex -7.557499 0.712088 -0.800000
      vertex -7.920698 0.348888 -0.800000
      vertex -7.920698 0.348888 0.800000
    endloop
  endfacet
  facet normal -0.707107 0.707107 0.000000
    outer loop
      vertex -7.557499 0.712088 -0.800000
      vertex -7.920698 0.348888 0.800000
      vertex -7.557499 0.712088 0.800000
    endloop
  endfacet
  facet normal 0.707107 -0.707107 0.000000
    outer loop
      vertex -6.084062 -0.988349 -0.800000
      vertex -6.220262 -1.124548 0.800000
      vertex -6.220262 -1.124548 -0.800000
    endloop
  endfacet
  facet normal 0.707107 -0.707107 0.000000
    outer loop
      vertex -6.084062 -0.988349 -0.800000
      vertex -6.084062 -0.988349 0.800000
      vertex -6.220262 -1.124548 0.800000
    endloop
  endfacet
  facet normal 0.000000 0.000000 1.000000
    outer loop
      vertex -7.920698 0.348888 0.800000
      vertex -8.228513 -0.062304 0.800000
      vertex -6.335692 -1.278745 0.800000
    endloop
  endfacet
  facet normal 0.000000 0.000000 1.000000
    outer loop
      vertex -7.920698 0.348888 0.800000
      vertex -6.335692 -1.278745 0.800000
      vertex -6.220262 -1.124548 0.800000
    endloop
  endfacet
  facet normal 0.000000 -0.000000 -1.000000
    outer loop
      vertex -7.920698 0.348888 -0.800000
      vertex -6.335692 -1.278745 -0.800000
      vertex -8.228513 -0.062304 -0.800000
    endloop
  endfacet
  facet normal 0.000000 0.000000 -1.000000
    outer loop
      vertex -7.920698 0.348888 -0.800000
      vertex -6.220262 -1.124548 -0.800000
      vertex -6.335692 -1.278745 -0.800000
    endloop
  endfacet
  facet normal -0.800541 0.599278 0.000000
    outer loop
      vertex -7.920698 0.348888 -0.800000
      vertex -8.228513 -0.062304 -0.800000
      vertex -8.228513 -0.062304 0.800000
    endloop
  endfacet
  facet normal -0.800541 0.599278 0.000000
    outer loop
      vertex -7.920698 0.348888 -0.800000
      vertex -8.228513 -0.062304 0.800000
      vertex -7.920698 0.348888 0.800000
    endloop
  endfacet
  facet normal 0.800541 -0.599278 0.000000
    outer loop
      vertex -6.220262 -1.124548 -0.800000
      vertex -6.335692 -1.278745 0.800000
      vertex -6.335692 -1.278745 -0.800000
    endloop
  endfacet
  facet normal 0.800541 -0.599278 0.000000
    outer loop
      vertex -6.220262 -1.124548 -0.800000
      vertex -6.220262 -1.124548 0.800000
      vertex -6.335692 -1.278745 0.800000
    endloop
  endfacet
  facet normal 0.000000 0.000000 1.000000
    outer loop
      vertex -8.228513 -0.062304 0.800000
      vertex -8.474675 -0.513116 0.800000
      vertex -6.428003 -1.447800 0.800000
    endloop
  endfacet
  facet normal 0.000000 0.000000 1.000000
    outer loop
      vertex -8.228513 -0.062304 0.800000
      vertex -6.428003 -1.447800 0.800000
      vertex -6.335692 -1.278745 0.800000
    endloop
  endfacet
  facet normal 0.000000 -0.000000 -1.000000
    outer loop
      vertex -8.228513 -0.062304 -0.800000
      vertex -6.428003 -1.447800 -0.800000
      vertex -8.474675 -0.513116 -0.800000
    endloop
  endfacet
  facet normal 0.000000 0.000000 -1.000000
    outer loop
      vertex -8.228513 -0.062304 -0.800000
      vertex -6.335692 -1.278745 -0.800000
      vertex -6.428003 -1.447800 -0.800000
    endloop
  endfacet
  facet normal -0.877679 0.479249 0.000000
    outer loop
      vertex -8.228513 -0.062304 -0.800000
      vertex -8.474675 -0.513116 -0.800000
      vertex -8.474675 -0.513116 0.800000
    endloop
  endfacet
  facet normal -0.877679 0.479249 0.000000
    outer loop
      vertex -8.228513 -0.062304 -0.800000
      vertex -8.474675 -0.513116 0.800000
      vertex -8.228513 -0.062304 0.800000
    endloop
  endfacet
  facet normal 0.877679 -0.479249 0.000000
    outer loop
      vertex -6.335692 -1.278745 -0.800000
      vertex -6.428003 -1.447800 0.800000
      vertex -6.428003 -1.447800 -0.800000
    endloop
  endfacet
  facet normal 0.877679 -0.479249 0.000000
    outer loop
      vertex -6.335692 -1.278745 -0.800000
      vertex -6.335692 -1.278745 0.800000
      vertex -6.428003 -1.447800 0.800000
    endloop
  endfacet
  facet normal 0.000000 0.000000 1.000000
    outer loop
      vertex -8.474675 -0.513116 0.800000
      vertex -8.654175 -0.994373 0.800000
      vertex -6.495316 -1.628272 0.800000
    endloop
  endfacet
  facet normal 0.000000 0.000000 1.000000
    outer loop
      vertex -8.474675 -0.513116 0.800000
      vertex -6.495316 -1.628272 0.800000
      vertex -6.428003 -1.447800 0.800000
    endloop
  endfacet
  facet normal 0.000000 -0.000000 -1.000000
    outer loop
      vertex -8.474675 -0.513116 -0.800000
      vertex -6.495316 -1.628272 -0.800000
      vertex -8.654175 -0.994373 -0.800000
    endloop
  endfacet
  facet normal 0.000000 0.000000 -1.000000
    outer loop
      vertex -8.474675 -0.513116 -0.800000
      vertex -6.428003 -1.447800 -0.800000
      vertex -6.495316 -1.628272 -0.800000
    endloop
  endfacet
  facet normal -0.936950 0.349464 0.000000
    outer loop
      vertex -8.474675 -0.513116 -0.800000
      vertex -8.654175 -0.994373 -0.800000
      vertex -8.654175 -0.994373 0.800000
    endloop
  endfacet
  facet normal -0.936950 0.349464 0.000000
    outer loop
      vertex -8.474675 -0.513116 -0.800000
      vertex -8.654175 -0.994373 0.800000
      vertex -8.474675 -0.513116 0.800000
    endloop
  endfacet
  facet normal 0.936950 -0.349464 0.000000
    outer loop
      vertex -6.428003 -1.447800 -0.800000
      vertex -6.495316 -1.628272 0.800000
      vertex -6.495316 -1.628272 -0.800000
    endloop
  endfacet
  facet normal 0.936950 -0.349464 0.000000
    outer loop
      vertex -6.428003 -1.447800 -0.800000
      vertex -6.428003 -1.447800 0.800000
      vertex -6.495316 -1.628272 0.800000
    endloop
  endfacet
  facet normal 0.000000 0.000000 1.000000
    outer loop
      vertex -8.654175 -0.994373 0.800000
      vertex -8.763357 -1.496277 0.800000
      vertex -6.536259 -1.816485 0.800000
    endloop
  endfacet
  facet normal 0.000000 0.000000 1.000000
    outer loop
      vertex -8.654175 -0.994373 0.800000
      vertex -6.536259 -1.816485 0.800000
      vertex -6.495316 -1.628272 0.800000
    endloop
  endfacet
  facet normal 0.000000 -0.000000 -1.000000
    outer loop
      vertex -8.654175 -0.994373 -0.800000
      vertex -6.536259 -1.816485 -0.800000
      vertex -8.763357 -1.496277 -0.800000
    endloop
  endfacet
  facet normal 0.000000 0.000000 -1.000000
    outer loop
      vertex -8.654175 -0.994373 -0.800000
      vertex -6.495316 -1.628272 -0.800000
      vertex -6.536259 -1.816485 -0.800000
    endloop
  endfacet
  facet normal -0.977147 0.212565 0.000000
    outer loop
      vertex -8.654175 -0.994373 -0.800000
      vertex -8.763357 -1.496277 -0.800000
      vertex -8.763357 -1.496277 0.800000
    endloop
  endfacet
  facet normal -0.977147 0.212565 0.000000
    outer loop
      vertex -8.654175 -0.994373 -0.800000
      vertex -8.763357 -1.496277 0.800000
      vertex -8.654175 -0.994373 0.800000
    endloop
  endfacet
  facet normal 0.977147 -0.212565 0.000000
    outer loop
      vertex -6.495316 -1.628272 -0.800000
      vertex -6.536259 -1.816485 0.800000
      vertex -6.536259 -1.816485 -0.800000
    endloop
  endfacet
  facet normal 0.977147 -0.212565 0.000000
    outer loop
      vertex -6.495316 -1.628272 -0.800000
      vertex -6.495316 -1.628272 0.800000
      vertex -6.536259 -1.816485 0.800000
    endloop
  endfacet
  facet normal 0.000000 0.000000 1.000000
    outer loop
      vertex -8.763357 -1.496277 0.800000
      vertex -8.800000 -2.008610 0.800000
      vertex -6.550000 -2.008610 0.800000
    endloop
  endfacet
  facet normal 0.000000 0.000000 1.000000
    outer loop
      vertex -8.763357 -1.496277 0.800000
      vertex -6.550000 -2.008610 0.800000
      vertex -6.536259 -1.816485 0.800000
    endloop
  endfacet
  facet normal 0.000000 -0.000000 -1.000000
    outer loop
      vertex -8.763357 -1.496277 -0.800000
      vertex -6.550000 -2.008610 -0.800000
      vertex -8.800000 -2.008610 -0.800000
    endloop
  endfacet
  facet normal 0.000000 0.000000 -1.000000
    outer loop
      vertex -8.763357 -1.496277 -0.800000
      vertex -6.536259 -1.816485 -0.800000
      vertex -6.550000 -2.008610 -0.800000
    endloop
  endfacet
  facet normal -0.997452 0.071339 0.000000
    outer loop
      vertex -8.763357 -1.496277 -0.800000
      vertex -8.800000 -2.008610 -0.800000
      vertex -8.800000 -2.008610 0.800000
    endloop
  endfacet
  facet normal -0.997452 0.071339 0.000000
    outer loop
      vertex -8.763357 -1.496277 -0.800000
      vertex -8.800000 -2.008610 0.800000
      vertex -8.763357 -1.496277 0.800000
    endloop
  endfacet
  facet normal 0.997452 -0.071339 0.000000
    outer loop
      vertex -6.536259 -1.816485 -0.800000
      vertex -6.550000 -2.008610 0.800000
      vertex -6.550000 -2.008610 -0.800000
    endloop
  endfacet
  facet normal 0.997452 -0.071339 0.000000
    outer loop
      vertex -6.536259 -1.816485 -0.800000
      vertex -6.536259 -1.816485 0.800000
      vertex -6.550000 -2.008610 0.800000
    endloop
  endfacet
  facet normal 0.000000 0.000000 1.000000
    outer loop
      vertex -8.800000 -2.008610 0.800000
      vertex -8.763357 -2.520944 0.800000
      vertex -6.536259 -2.200735 0.800000
    endloop
  endfacet
  facet normal 0.000000 0.000000 1.000000
    outer loop
      vertex -8.800000 -2.008610 0.800000
      vertex -6.536259 -2.200735 0.800000
      vertex -6.550000 -2.008610 0.800000
    endloop
  endfacet
  facet normal 0.000000 0.000000 -1.000000
    outer loop
      vertex -8.800000 -2.008610 -0.800000
      vertex -6.536259 -2.200735 -0.800000
      vertex -8.763357 -2.520944 -0.800000
    endloop
  endfacet
  facet normal 0.000000 0.000000 -1.000000
    outer loop
      vertex -8.800000 -2.008610 -0.800000
      vertex -6.550000 -2.008610 -0.800000
      vertex -6.536259 -2.200735 -0.800000
    endloop
  endfacet
  facet normal -0.997452 -0.071339 0.000000
    outer loop
      vertex -8.800000 -2.008610 -0.800000
      vertex -8.763357 -2.520944 -0.800000
      vertex -8.763357 -2.520944 0.800000
    endloop
  endfacet
  facet normal -0.997452 -0.071339 0.000000
    outer loop
      vertex -8.800000 -2.008610 -0.800000
      vertex -8.763357 -2.520944 0.800000
      vertex -8.800000 -2.008610 0.800000
    endloop
  endfacet
  facet normal 0.997452 0.071339 0.000000
    outer loop
      vertex -6.550000 -2.008610 -0.800000
      vertex -6.536259 -2.200735 0.800000
      vertex -6.536259 -2.200735 -0.800000
    endloop
  endfacet
  facet normal 0.997452 0.071339 -0.000000
    outer loop
      vertex -6.550000 -2.008610 -0.800000
      vertex -6.550000 -2.008610 0.800000
      vertex -6.536259 -2.200735 0.800000
    endloop
  endfacet
  facet normal -0.000000 0.000000 1.000000
    outer loop
      vertex -8.763357 -2.520944 0.800000
      vertex -8.654175 -3.022848 0.800000
      vertex -6.495316 -2.388949 0.800000
    endloop
  endfacet
  facet normal 0.000000 0.000000 1.000000
    outer loop
      vertex -8.763357 -2.520944 0.800000
      vertex -6.495316 -2.388949 0.800000
      vertex -6.536259 -2.200735 0.800000
    endloop
  endfacet
  facet normal 0.000000 0.000000 -1.000000
    outer loop
      vertex -8.763357 -2.520944 -0.800000
      vertex -6.495316 -2.388949 -0.800000
      vertex -8.654175 -3.022848 -0.800000
    endloop
  endfacet
  facet normal 0.000000 0.000000 -1.000000
    outer loop
      vertex -8.763357 -2.520944 -0.800000
      vertex -6.536259 -2.200735 -0.800000
      vertex -6.495316 -2.388949 -0.800000
    endloop
  endfacet
  facet normal -0.977147 -0.212565 0.000000
    outer loop
      vertex -8.763357 -2.520944 -0.800000
      vertex -8.654175 -3.022848 -0.800000
      vertex -8.654175 -3.022848 0.800000
    endloop
  endfacet
  facet normal -0.977147 -0.212565 0.000000
    outer loop
      vertex -8.763357 -2.520944 -0.800000
      vertex -8.654175 -3.022848 0.800000
      vertex -8.763357 -2.520944 0.800000
    endloop
  endfacet
  facet normal 0.977147 0.212565 0.000000
    outer loop
      vertex -6.536259 -2.200735 -0.800000
      vertex -6.495316 -2.388949 0.800000
      vertex -6.495316 -2.388949 -0.800000
    endloop
  endfacet
  facet normal 0.977147 0.212565 -0.000000
    outer loop
      vertex -6.536259 -2.200735 -0.800000
      vertex -6.536259 -2.200735 0.800000
      vertex -6.495316 -2.388949 0.800000
    endloop
  endfacet
  facet normal -0.000000 0.000000 1.000000
    outer loop
      vertex -8.654175 -3.022848 0.800000
      vertex -8.474675 -3.504105 0.800000
      vertex -6.428003 -2.569421 0.800000
    endloop
  endfacet
  facet normal 0.000000 0.000000 1.000000
    outer loop
      vertex -8.654175 -3.022848 0.800000
      vertex -6.428003 -2.569421 0.800000
      vertex -6.495316 -2.388949 0.800000
    endloop
  endfacet
  facet normal 0.000000 0.000000 -1.000000
    outer loop
      vertex -8.654175 -3.022848 -0.800000
      vertex -6.428003 -2.569421 -0.800000
      vertex -8.474675 -3.504105 -0.800000
    endloop
  endfacet
  facet normal 0.000000 0.000000 -1.000000
    outer loop
      vertex -8.654175 -3.022848 -0.800000
      vertex -6.495316 -2.388949 -0.800000
      vertex -6.428003 -2.569421 -0.800000
    endloop
  endfacet
  facet normal -0.936950 -0.349464 0.000000
    outer loop
      vertex -8.654175 -3.022848 -0.800000
      vertex -8.474675 -3.504105 -0.800000
      vertex -8.474675 -3.504105 0.800000
    endloop
  endfacet
  facet normal -0.936950 -0.349464 0.000000
    outer loop
      vertex -8.654175 -3.022848 -0.800000
      vertex -8.474675 -3.504105 0.800000
      vertex -8.654175 -3.022848 0.800000
    endloop
  endfacet
  facet normal 0.936950 0.349464 0.000000
    outer loop
      vertex -6.495316 -2.388949 -0.800000
      vertex -6.428003 -2.569421 0.800000
      vertex -6.428003 -2.569421 -0.800000
    endloop
  endfacet
  facet normal 0.936950 0.349464 -0.000000
    outer loop
      vertex -6.495316 -2.388949 -0.800000
      vertex -6.495316 -2.388949 0.800000
      vertex -6.428003 -2.569421 0.800000
    endloop
  endfacet
  facet normal -0.000000 0.000000 1.000000
    outer loop
      vertex -8.474675 -3.504105 0.800000
      vertex -8.228513 -3.954917 0.800000
      vertex -6.335692 -2.738476 0.800000
    endloop
  endfacet
  facet normal 0.000000 0.000000 1.000000
    outer loop
      vertex -8.474675 -3.504105 0.800000
      vertex -6.335692 -2.738476 0.800000
      vertex -6.428003 -2.569421 0.800000
    endloop
  endfacet
  facet normal 0.000000 0.000000 -1.000000
    outer loop
      vertex -8.474675 -3.504105 -0.800000
      vertex -6.335692 -2.738476 -0.800000
      vertex -8.228513 -3.954917 -0.800000
    endloop
  endfacet
  facet normal 0.000000 0.000000 -1.000000
    outer loop
      vertex -8.474675 -3.504105 -0.800000
      vertex -6.428003 -2.569421 -0.800000
      vertex -6.335692 -2.738476 -0.800000
    endloop
  endfacet
  facet normal -0.877679 -0.479249 0.000000
    outer loop
      vertex -8.474675 -3.504105 -0.800000
      vertex -8.228513 -3.954917 -0.800000
      vertex -8.228513 -3.954917 0.800000
    endloop
  endfacet
  facet normal -0.877679 -0.479249 0.000000
    outer loop
      vertex -8.474675 -3.504105 -0.800000
      vertex -8.228513 -3.954917 0.800000
      vertex -8.474675 -3.504105 0.800000
    endloop
  endfacet
  facet normal 0.877679 0.479249 0.000000
    outer loop
      vertex -6.428003 -2.569421 -0.800000
      vertex -6.335692 -2.738476 0.800000
      vertex -6.335692 -2.738476 -0.800000
    endloop
  endfacet
  facet normal 0.877679 0.479249 -0.000000
    outer loop
      vertex -6.428003 -2.569421 -0.800000
      vertex -6.428003 -2.569421 0.800000
      vertex -6.335692 -2.738476 0.800000
    endloop
  endfacet
  facet normal -0.000000 0.000000 1.000000
    outer loop
      vertex -8.228513 -3.954917 0.800000
      vertex -7.920698 -4.366109 0.800000
      vertex -6.220262 -2.892672 0.800000
    endloop
  endfacet
  facet normal 0.000000 0.000000 1.000000
    outer loop
      vertex -8.228513 -3.954917 0.800000
      vertex -6.220262 -2.892672 0.800000
      vertex -6.335692 -2.738476 0.800000
    endloop
  endfacet
  facet normal 0.000000 0.000000 -1.000000
    outer loop
      vertex -8.228513 -3.954917 -0.800000
      vertex -6.220262 -2.892672 -0.800000
      vertex -7.920698 -4.366109 -0.800000
    endloop
  endfacet
  facet normal 0.000000 0.000000 -1.000000
    outer loop
      vertex -8.228513 -3.954917 -0.800000
      vertex -6.335692 -2.738476 -0.800000
      vertex -6.220262 -2.892672 -0.800000
    endloop
  endfacet
  facet normal -0.800541 -0.599278 0.000000
    outer loop
      vertex -8.228513 -3.954917 -0.800000
      vertex -7.920698 -4.366109 -0.800000
      vertex -7.920698 -4.366109 0.800000
    endloop
  endfacet
  facet normal -0.800541 -0.599278 0.000000
    outer loop
      vertex -8.228513 -3.954917 -0.800000
      vertex -7.920698 -4.366109 0.800000
      vertex -8.228513 -3.954917 0.800000
    endloop
  endfacet
  facet normal 0.800541 0.599278 0.000000
    outer loop
      vertex -6.335692 -2.738476 -0.800000
      vertex -6.220262 -2.892672 0.800000
      vertex -6.220262 -2.892672 -0.800000
    endloop
  endfacet
  facet normal 0.800541 0.599278 -0.000000
    outer loop
      vertex -6.335692 -2.738476 -0.800000
      vertex -6.335692 -2.738476 0.800000
      vertex -6.220262 -2.892672 0.800000
    endloop
  endfacet
  facet normal -0.000000 0.000000 1.000000
    outer loop
      vertex -7.920698 -4.366109 0.800000
      vertex -7.557499 -4.729309 0.800000
      vertex -6.084062 -3.028872 0.800000
    endloop
  endfacet
  facet normal 0.000000 0.000000 1.000000
    outer loop
      vertex -7.920698 -4.366109 0.800000
      vertex -6.084062 -3.028872 0.800000
      vertex -6.220262 -2.892672 0.800000
    endloop
  endfacet
  facet normal 0.000000 0.000000 -1.000000
    outer loop
      vertex -7.920698 -4.366109 -0.800000
      vertex -6.084062 -3.028872 -0.800000
      vertex -7.557499 -4.729309 -0.800000
    endloop
  endfacet
  facet normal 0.000000 0.000000 -1.000000
    outer loop
      vertex -7.920698 -4.366109 -0.800000
      vertex -6.220262 -2.892672 -0.800000
      vertex -6.084062 -3.028872 -0.800000
    endloop
  endfacet
  facet normal -0.707107 -0.707107 0.000000
    outer loop
      vertex -7.920698 -4.366109 -0.800000
      vertex -7.557499 -4.729309 -0.800000
      vertex -7.557499 -4.729309 0.800000
    endloop
  endfacet
  facet normal -0.707107 -0.707107 0.000000
    outer loop
      vertex -7.920698 -4.366109 -0.800000
      vertex -7.557499 -4.729309 0.800000
      vertex -7.920698 -4.366109 0.800000
    endloop
  endfacet
  facet normal 0.707107 0.707107 0.000000
    outer loop
      vertex -6.220262 -2.892672 -0.800000
      vertex -6.084062 -3.028872 0.800000
      vertex -6.084062 -3.028872 -0.800000
    endloop
  endfacet
  facet normal 0.707107 0.707107 -0.000000
    outer loop
      vertex -6.220262 -2.892672 -0.800000
      vertex -6.220262 -2.892672 0.800000
      vertex -6.084062 -3.028872 0.800000
    endloop
  endfacet
  facet normal -0.000000 0.000000 1.000000
    outer loop
      vertex -7.557499 -4.729309 0.800000
      vertex -7.146307 -5.037123 0.800000
      vertex -5.929865 -3.144303 0.800000
    endloop
  endfacet
  facet normal 0.000000 0.000000 1.000000
    outer loop
      vertex -7.557499 -4.729309 0.800000
      vertex -5.929865 -3.144303 0.800000
      vertex -6.084062 -3.028872 0.800000
    endloop
  endfacet
  facet normal 0.000000 0.000000 -1.000000
    outer loop
      vertex -7.557499 -4.729309 -0.800000
      vertex -5.929865 -3.144303 -0.800000
      vertex -7.146307 -5.037123 -0.800000
    endloop
  endfacet
  facet normal 0.000000 0.000000 -1.000000
    outer loop
      vertex -7.557499 -4.729309 -0.800000
      vertex -6.084062 -3.028872 -0.800000
      vertex -5.929865 -3.144303 -0.800000
    endloop
  endfacet
  facet normal -0.599278 -0.800541 0.000000
    outer loop
      vertex -7.557499 -4.729309 -0.800000
      vertex -7.146307 -5.037123 -0.800000
      vertex -7.146307 -5.037123 0.800000
    endloop
  endfacet
  facet normal -0.599278 -0.800541 0.000000
    outer loop
      vertex -7.557499 -4.729309 -0.800000
      vertex -7.146307 -5.037123 0.800000
      vertex -7.557499 -4.729309 0.800000
    endloop
  endfacet
  facet normal 0.599278 0.800541 0.000000
    outer loop
      vertex -6.084062 -3.028872 -0.800000
      vertex -5.929865 -3.144303 0.800000
      vertex -5.929865 -3.144303 -0.800000
    endloop
  endfacet
  facet normal 0.599278 0.800541 -0.000000
    outer loop
      vertex -6.084062 -3.028872 -0.800000
      vertex -6.084062 -3.028872 0.800000
      vertex -5.929865 -3.144303 0.800000
    endloop
  endfacet
  facet normal -0.000000 0.000000 1.000000
    outer loop
      vertex -7.146307 -5.037123 0.800000
      vertex -6.695494 -5.283286 0.800000
      vertex -5.760810 -3.236614 0.800000
    endloop
  endfacet
  facet normal 0.000000 0.000000 1.000000
    outer loop
      vertex -7.146307 -5.037123 0.800000
      vertex -5.760810 -3.236614 0.800000
      vertex -5.929865 -3.144303 0.800000
    endloop
  endfacet
  facet normal 0.000000 0.000000 -1.000000
    outer loop
      vertex -7.146307 -5.037123 -0.800000
      vertex -5.760810 -3.236614 -0.800000
      vertex -6.695494 -5.283286 -0.800000
    endloop
  endfacet
  facet normal 0.000000 0.000000 -1.000000
    outer loop
      vertex -7.146307 -5.037123 -0.800000
      vertex -5.929865 -3.144303 -0.800000
      vertex -5.760810 -3.236614 -0.800000
    endloop
  endfacet
  facet normal -0.479249 -0.877679 0.000000
    outer loop
      vertex -7.146307 -5.037123 -0.800000
      vertex -6.695494 -5.283286 -0.800000
      vertex -6.695494 -5.283286 0.800000
    endloop
  endfacet
  facet normal -0.479249 -0.877679 0.000000
    outer loop
      vertex -7.146307 -5.037123 -0.800000
      vertex -6.695494 -5.283286 0.800000
      vertex -7.146307 -5.037123 0.800000
    endloop
  endfacet
  facet normal 0.479249 0.877679 0.000000
    outer loop
      vertex -5.929865 -3.144303 -0.800000
      vertex -5.760810 -3.236614 0.800000
      vertex -5.760810 -3.236614 -0.800000
    endloop
  endfacet
  facet normal 0.479249 0.877679 -0.000000
    outer loop
      vertex -5.929865 -3.144303 -0.800000
      vertex -5.929865 -3.144303 0.800000
      vertex -5.760810 -3.236614 0.800000
    endloop
  endfacet
  facet normal -0.000000 0.000000 1.000000
    outer loop
      vertex -6.695494 -5.283286 0.800000
      vertex -6.214237 -5.462785 0.800000
      vertex -5.580339 -3.303926 0.800000
    endloop
  endfacet
  facet normal 0.000000 0.000000 1.000000
    outer loop
      vertex -6.695494 -5.283286 0.800000
      vertex -5.580339 -3.303926 0.800000
      vertex -5.760810 -3.236614 0.800000
    endloop
  endfacet
  facet normal 0.000000 0.000000 -1.000000
    outer loop
      vertex -6.695494 -5.283286 -0.800000
      vertex -5.580339 -3.303926 -0.800000
      vertex -6.214237 -5.462785 -0.800000
    endloop
  endfacet
  facet normal 0.000000 0.000000 -1.000000
    outer loop
      vertex -6.695494 -5.283286 -0.800000
      vertex -5.760810 -3.236614 -0.800000
      vertex -5.580339 -3.303926 -0.800000
    endloop
  endfacet
  facet normal -0.349464 -0.936950 0.000000
    outer loop
      vertex -6.695494 -5.283286 -0.800000
      vertex -6.214237 -5.462785 -0.800000
      vertex -6.214237 -5.462785 0.800000
    endloop
  endfacet
  facet normal -0.349464 -0.936950 0.000000
    outer loop
      vertex -6.695494 -5.283286 -0.800000
      vertex -6.214237 -5.462785 0.800000
      vertex -6.695494 -5.283286 0.800000
    endloop
  endfacet
  facet normal 0.349464 0.936950 0.000000
    outer loop
      vertex -5.760810 -3.236614 -0.800000
      vertex -5.580339 -3.303926 0.800000
      vertex -5.580339 -3.303926 -0.800000
    endloop
  endfacet
  facet normal 0.349464 0.936950 -0.000000
    outer loop
      vertex -5.760810 -3.236614 -0.800000
      vertex -5.760810 -3.236614 0.800000
      vertex -5.580339 -3.303926 0.800000
    endloop
  endfacet
  facet normal -0.000000 0.000000 1.000000
    outer loop
      vertex -6.214237 -5.462785 0.800000
      vertex -5.712333 -5.571968 0.800000
      vertex -5.392125 -3.344869 0.800000
    endloop
  endfacet
  facet normal 0.000000 0.000000 1.000000
    outer loop
      vertex -6.214237 -5.462785 0.800000
      vertex -5.392125 -3.344869 0.800000
      vertex -5.580339 -3.303926 0.800000
    endloop
  endfacet
  facet normal 0.000000 0.000000 -1.000000
    outer loop
      vertex -6.214237 -5.462785 -0.800000
      vertex -5.392125 -3.344869 -0.800000
      vertex -5.712333 -5.571968 -0.800000
    endloop
  endfacet
  facet normal 0.000000 0.000000 -1.000000
    outer loop
      vertex -6.214237 -5.462785 -0.800000
      vertex -5.580339 -3.303926 -0.800000
      vertex -5.392125 -3.344869 -0.800000
    endloop
  endfacet
  facet normal -0.212565 -0.977147 0.000000
    outer loop
      vertex -6.214237 -5.462785 -0.800000
      vertex -5.712333 -5.571968 -0.800000
      vertex -5.712333 -5.571968 0.800000
    endloop
  endfacet
  facet normal -0.212565 -0.977147 0.000000
    outer loop
      vertex -6.214237 -5.462785 -0.800000
      vertex -5.712333 -5.571968 0.800000
      vertex -6.214237 -5.462785 0.800000
    endloop
  endfacet
  facet normal 0.212565 0.977147 0.000000
    outer loop
      vertex -5.580339 -3.303926 -0.800000
      vertex -5.392125 -3.344869 0.800000
      vertex -5.392125 -3.344869 -0.800000
    endloop
  endfacet
  facet normal 0.212565 0.977147 -0.000000
    outer loop
      vertex -5.580339 -3.303926 -0.800000
      vertex -5.580339 -3.303926 0.800000
      vertex -5.392125 -3.344869 0.800000
    endloop
  endfacet
  facet normal -0.000000 0.000000 1.000000
    outer loop
      vertex -5.712333 -5.571968 0.800000
      vertex -5.200000 -5.608610 0.800000
      vertex -5.200000 -3.358610 0.800000
    endloop
  endfacet
  facet normal 0.000000 0.000000 1.000000
    outer loop
      vertex -5.712333 -5.571968 0.800000
      vertex -5.200000 -3.358610 0.800000
      vertex -5.392125 -3.344869 0.800000
    endloop
  endfacet
  facet normal 0.000000 0.000000 -1.000000
    outer loop
      vertex -5.712333 -5.571968 -0.800000
      vertex -5.200000 -3.358610 -0.800000
      vertex -5.200000 -5.608610 -0.800000
    endloop
  endfacet
  facet normal 0.000000 0.000000 -1.000000
    outer loop
      vertex -5.712333 -5.571968 -0.800000
      vertex -5.392125 -3.344869 -0.800000
      vertex -5.200000 -3.358610 -0.800000
    endloop
  endfacet
  facet normal -0.071339 -0.997452 0.000000
    outer loop
      vertex -5.712333 -5.571968 -0.800000
      vertex -5.200000 -5.608610 -0.800000
      vertex -5.200000 -5.608610 0.800000
    endloop
  endfacet
  facet normal -0.071339 -0.997452 0.000000
    outer loop
      vertex -5.712333 -5.571968 -0.800000
      vertex -5.200000 -5.608610 0.800000
      vertex -5.712333 -5.571968 0.800000
    endloop
  endfacet
  facet normal 0.071339 0.997452 0.000000
    outer loop
      vertex -5.392125 -3.344869 -0.800000
      vertex -5.200000 -3.358610 0.800000
      vertex -5.200000 -3.358610 -0.800000
    endloop
  endfacet
  facet normal 0.071339 0.997452 -0.000000
    outer loop
      vertex -5.392125 -3.344869 -0.800000
      vertex -5.392125 -3.344869 0.800000
      vertex -5.200000 -3.358610 0.800000
    endloop
  endfacet
  facet normal 0.000000 0.000000 1.000000
    outer loop
      vertex -5.200000 -5.608610 0.800000
      vertex -4.687667 -5.571968 0.800000
      vertex -5.007875 -3.344869 0.800000
    endloop
  endfacet
  facet normal 0.000000 0.000000 1.000000
    outer loop
      vertex -5.200000 -5.608610 0.800000
      vertex -5.007875 -3.344869 0.800000
      vertex -5.200000 -3.358610 0.800000
    endloop
  endfacet
  facet normal 0.000000 0.000000 -1.000000
    outer loop
      vertex -5.200000 -5.608610 -0.800000
      vertex -5.007875 -3.344869 -0.800000
      vertex -4.687667 -5.571968 -0.800000
    endloop
  endfacet
  facet normal 0.000000 0.000000 -1.000000
    outer loop
      vertex -5.200000 -5.608610 -0.800000
      vertex -5.200000 -3.358610 -0.800000
      vertex -5.007875 -3.344869 -0.800000
    endloop
  endfacet
  facet normal 0.071339 -0.997452 0.000000
    outer loop
      vertex -5.200000 -5.608610 -0.800000
      vertex -4.687667 -5.571968 -0.800000
      vertex -4.687667 -5.571968 0.800000
    endloop
  endfacet
  facet normal 0.071339 -0.997452 0.000000
    outer loop
      vertex -5.200000 -5.608610 -0.800000
      vertex -4.687667 -5.571968 0.800000
      vertex -5.200000 -5.608610 0.800000
    endloop
  endfacet
  facet normal -0.071339 0.997452 0.000000
    outer loop
      vertex -5.200000 -3.358610 -0.800000
      vertex -5.007875 -3.344869 0.800000
      vertex -5.007875 -3.344869 -0.800000
    endloop
  endfacet
  facet normal -0.071339 0.997452 0.000000
    outer loop
      vertex -5.200000 -3.358610 -0.800000
      vertex -5.200000 -3.358610 0.800000
      vertex -5.007875 -3.344869 0.800000
    endloop
  endfacet
  facet normal 0.000000 -0.000000 1.000000
    outer loop
      vertex -4.687667 -5.571968 0.800000
      vertex -4.185763 -5.462785 0.800000
      vertex -4.819661 -3.303926 0.800000
    endloop
  endfacet
  facet normal 0.000000 0.000000 1.000000
    outer loop
      vertex -4.687667 -5.571968 0.800000
      vertex -4.819661 -3.303926 0.800000
      vertex -5.007875 -3.344869 0.800000
    endloop
  endfacet
  facet normal 0.000000 0.000000 -1.000000
    outer loop
      vertex -4.687667 -5.571968 -0.800000
      vertex -4.819661 -3.303926 -0.800000
      vertex -4.185763 -5.462785 -0.800000
    endloop
  endfacet
  facet normal 0.000000 0.000000 -1.000000
    outer loop
      vertex -4.687667 -5.571968 -0.800000
      vertex -5.007875 -3.344869 -0.800000
      vertex -4.819661 -3.303926 -0.800000
    endloop
  endfacet
  facet normal 0.212565 -0.977147 0.000000
    outer loop
      vertex -4.687667 -5.571968 -0.800000
      vertex -4.185763 -5.462785 -0.800000
      vertex -4.185763 -5.462785 0.800000
    endloop
  endfacet
  facet normal 0.212565 -0.977147 0.000000
    outer loop
      vertex -4.687667 -5.571968 -0.800000
      vertex -4.185763 -5.462785 0.800000
      vertex -4.687667 -5.571968 0.800000
    endloop
  endfacet
  facet normal -0.212565 0.977147 0.000000
    outer loop
      vertex -5.007875 -3.344869 -0.800000
      vertex -4.819661 -3.303926 0.800000
      vertex -4.819661 -3.303926 -0.800000
    endloop
  endfacet
  facet normal -0.212565 0.977147 0.000000
    outer loop
      vertex -5.007875 -3.344869 -0.800000
      vertex -5.007875 -3.344869 0.800000
      vertex -4.819661 -3.303926 0.800000
    endloop
  endfacet
  facet normal 0.000000 -0.000000 1.000000
    outer loop
      vertex -4.185763 -5.462785 0.800000
      vertex -3.704506 -5.283286 0.800000
      vertex -4.639190 -3.236614 0.800000
    endloop
  endfacet
  facet normal 0.000000 0.000000 1.000000
    outer loop
      vertex -4.185763 -5.462785 0.800000
      vertex -4.639190 -3.236614 0.800000
      vertex -4.819661 -3.303926 0.800000
    endloop
  endfacet
  facet normal 0.000000 0.000000 -1.000000
    outer loop
      vertex -4.185763 -5.462785 -0.800000
      vertex -4.639190 -3.236614 -0.800000
      vertex -3.704506 -5.283286 -0.800000
    endloop
  endfacet
  facet normal 0.000000 0.000000 -1.000000
    outer loop
      vertex -4.185763 -5.462785 -0.800000
      vertex -4.819661 -3.303926 -0.800000
      vertex -4.639190 -3.236614 -0.800000
    endloop
  endfacet
  facet normal 0.349464 -0.936950 0.000000
    outer loop
      vertex -4.185763 -5.462785 -0.800000
      vertex -3.704506 -5.283286 -0.800000
      vertex -3.704506 -5.283286 0.800000
    endloop
  endfacet
  facet normal 0.349464 -0.936950 0.000000
    outer loop
      vertex -4.185763 -5.462785 -0.800000
      vertex -3.704506 -5.283286 0.800000
      vertex -4.185763 -5.462785 0.800000
    endloop
  endfacet
  facet normal -0.349464 0.936950 0.000000
    outer loop
      vertex -4.819661 -3.303926 -0.800000
      vertex -4.639190 -3.236614 0.800000
      vertex -4.639190 -3.236614 -0.800000
    endloop
  endfacet
  facet normal -0.349464 0.936950 0.000000
    outer loop
      vertex -4.819661 -3.303926 -0.800000
      vertex -4.819661 -3.303926 0.800000
      vertex -4.639190 -3.236614 0.800000
    endloop
  endfacet
  facet normal 0.000000 -0.000000 1.000000
    outer loop
      vertex -3.704506 -5.283286 0.800000
      vertex -3.253693 -5.037123 0.800000
      vertex -4.470135 -3.144303 0.800000
    endloop
  endfacet
  facet normal 0.000000 0.000000 1.000000
    outer loop
      vertex -3.704506 -5.283286 0.800000
      vertex -4.470135 -3.144303 0.800000
      vertex -4.639190 -3.236614 0.800000
    endloop
  endfacet
  facet normal 0.000000 0.000000 -1.000000
    outer loop
      vertex -3.704506 -5.283286 -0.800000
      vertex -4.470135 -3.144303 -0.800000
      vertex -3.253693 -5.037123 -0.800000
    endloop
  endfacet
  facet normal 0.000000 0.000000 -1.000000
    outer loop
      vertex -3.704506 -5.283286 -0.800000
      vertex -4.639190 -3.236614 -0.800000
      vertex -4.470135 -3.144303 -0.800000
    endloop
  endfacet
  facet normal 0.479249 -0.877679 0.000000
    outer loop
      vertex -3.704506 -5.283286 -0.800000
      vertex -3.253693 -5.037123 -0.800000
      vertex -3.253693 -5.037123 0.800000
    endloop
  endfacet
  facet normal 0.479249 -0.877679 0.000000
    outer loop
      vertex -3.704506 -5.283286 -0.800000
      vertex -3.253693 -5.037123 0.800000
      vertex -3.704506 -5.283286 0.800000
    endloop
  endfacet
  facet normal -0.479249 0.877679 0.000000
    outer loop
      vertex -4.639190 -3.236614 -0.800000
      vertex -4.470135 -3.144303 0.800000
      vertex -4.470135 -3.144303 -0.800000
    endloop
  endfacet
  facet normal -0.479249 0.877679 0.000000
    outer loop
      vertex -4.639190 -3.236614 -0.800000
      vertex -4.639190 -3.236614 0.800000
      vertex -4.470135 -3.144303 0.800000
    endloop
  endfacet
  facet normal 0.000000 -0.000000 1.000000
    outer loop
      vertex -3.253693 -5.037123 0.800000
      vertex -2.842501 -4.729309 0.800000
      vertex -4.315938 -3.028872 0.800000
    endloop
  endfacet
  facet normal 0.000000 0.000000 1.000000
    outer loop
      vertex -3.253693 -5.037123 0.800000
      vertex -4.315938 -3.028872 0.800000
      vertex -4.470135 -3.144303 0.800000
    endloop
  endfacet
  facet normal 0.000000 0.000000 -1.000000
    outer loop
      vertex -3.253693 -5.037123 -0.800000
      vertex -4.315938 -3.028872 -0.800000
      vertex -2.842501 -4.729309 -0.800000
    endloop
  endfacet
  facet normal 0.000000 0.000000 -1.000000
    outer loop
      vertex -3.253693 -5.037123 -0.800000
      vertex -4.470135 -3.144303 -0.800000
      vertex -4.315938 -3.028872 -0.800000
    endloop
  endfacet
  facet normal 0.599278 -0.800541 0.000000
    outer loop
      vertex -3.253693 -5.037123 -0.800000
      vertex -2.842501 -4.729309 -0.800000
      vertex -2.842501 -4.729309 0.800000
    endloop
  endfacet
  facet normal 0.599278 -0.800541 0.000000
    outer loop
      vertex -3.253693 -5.037123 -0.800000
      vertex -2.842501 -4.729309 0.800000
      vertex -3.253693 -5.037123 0.800000
    endloop
  endfacet
  facet normal -0.599278 0.800541 0.000000
    outer loop
      vertex -4.470135 -3.144303 -0.800000
      vertex -4.315938 -3.028872 0.800000
      vertex -4.315938 -3.028872 -0.800000
    endloop
  endfacet
  facet normal -0.599278 0.800541 0.000000
    outer loop
      vertex -4.470135 -3.144303 -0.800000
      vertex -4.470135 -3.144303 0.800000
      vertex -4.315938 -3.028872 0.800000
    endloop
  endfacet
  facet normal 0.000000 -0.000000 1.000000
    outer loop
      vertex -2.842501 -4.729309 0.800000
      vertex -2.479302 -4.366109 0.800000
      vertex -4.179738 -2.892672 0.800000
    endloop
  endfacet
  facet normal 0.000000 0.000000 1.000000
    outer loop
      vertex -2.842501 -4.729309 0.800000
      vertex -4.179738 -2.892672 0.800000
      vertex -4.315938 -3.028872 0.800000
    endloop
  endfacet
  facet normal 0.000000 0.000000 -1.000000
    outer loop
      vertex -2.842501 -4.729309 -0.800000
      vertex -4.179738 -2.892672 -0.800000
      vertex -2.479302 -4.366109 -0.800000
    endloop
  endfacet
  facet normal 0.000000 0.000000 -1.000000
    outer loop
      vertex -2.842501 -4.729309 -0.800000
      vertex -4.315938 -3.028872 -0.800000
      vertex -4.179738 -2.892672 -0.800000
    endloop
  endfacet
  facet normal 0.707107 -0.707107 0.000000
    outer loop
      vertex -2.842501 -4.729309 -0.800000
      vertex -2.479302 -4.366109 -0.800000
      vertex -2.479302 -4.366109 0.800000
    endloop
  endfacet
  facet normal 0.707107 -0.707107 0.000000
    outer loop
      vertex -2.842501 -4.729309 -0.800000
      vertex -2.479302 -4.366109 0.800000
      vertex -2.842501 -4.729309 0.800000
    endloop
  endfacet
  facet normal -0.707107 0.707107 0.000000
    outer loop
      vertex -4.315938 -3.028872 -0.800000
      vertex -4.179738 -2.892672 0.800000
      vertex -4.179738 -2.892672 -0.800000
    endloop
  endfacet
  facet normal -0.707107 0.707107 0.000000
    outer loop
      vertex -4.315938 -3.028872 -0.800000
      vertex -4.315938 -3.028872 0.800000
      vertex -4.179738 -2.892672 0.800000
    endloop
  endfacet
  facet normal 0.000000 -0.000000 1.000000
    outer loop
      vertex -2.479302 -4.366109 0.800000
      vertex -2.171487 -3.954917 0.800000
      vertex -4.064308 -2.738476 0.800000
    endloop
  endfacet
  facet normal 0.000000 0.000000 1.000000
    outer loop
      vertex -2.479302 -4.366109 0.800000
      vertex -4.064308 -2.738476 0.800000
      vertex -4.179738 -2.892672 0.800000
    endloop
  endfacet
  facet normal 0.000000 0.000000 -1.000000
    outer loop
      vertex -2.479302 -4.366109 -0.800000
      vertex -4.064308 -2.738476 -0.800000
      vertex -2.171487 -3.954917 -0.800000
    endloop
  endfacet
  facet normal 0.000000 0.000000 -1.000000
    outer loop
      vertex -2.479302 -4.366109 -0.800000
      vertex -4.179738 -2.892672 -0.800000
      vertex -4.064308 -2.738476 -0.800000
    endloop
  endfacet
  facet normal 0.800541 -0.599278 0.000000
    outer loop
      vertex -2.479302 -4.366109 -0.800000
      vertex -2.171487 -3.954917 -0.800000
      vertex -2.171487 -3.954917 0.800000
    endloop
  endfacet
  facet normal 0.800541 -0.599278 0.000000
    outer loop
      vertex -2.479302 -4.366109 -0.800000
      vertex -2.171487 -3.954917 0.800000
      vertex -2.479302 -4.366109 0.800000
    endloop
  endfacet
  facet normal -0.800541 0.599278 0.000000
    outer loop
      vertex -4.179738 -2.892672 -0.800000
      vertex -4.064308 -2.738476 0.800000
      vertex -4.064308 -2.738476 -0.800000
    endloop
  endfacet
  facet normal -0.800541 0.599278 0.000000
    outer loop
      vertex -4.179738 -2.892672 -0.800000
      vertex -4.179738 -2.892672 0.800000
      vertex -4.064308 -2.738476 0.800000
    endloop
  endfacet
  facet normal 0.000000 -0.000000 1.000000
    outer loop
      vertex -2.171487 -3.954917 0.800000
      vertex -1.925325 -3.504105 0.800000
      vertex -3.971997 -2.569421 0.800000
    endloop
  endfacet
  facet normal 0.000000 0.000000 1.000000
    outer loop
      vertex -2.171487 -3.954917 0.800000
      vertex -3.971997 -2.569421 0.800000
      vertex -4.064308 -2.738476 0.800000
    endloop
  endfacet
  facet normal 0.000000 0.000000 -1.000000
    outer loop
      vertex -2.171487 -3.954917 -0.800000
      vertex -3.971997 -2.569421 -0.800000
      vertex -1.925325 -3.504105 -0.800000
    endloop
  endfacet
  facet normal 0.000000 0.000000 -1.000000
    outer loop
      vertex -2.171487 -3.954917 -0.800000
      vertex -4.064308 -2.738476 -0.800000
      vertex -3.971997 -2.569421 -0.800000
    endloop
  endfacet
  facet normal 0.877679 -0.479249 0.000000
    outer loop
      vertex -2.171487 -3.954917 -0.800000
      vertex -1.925325 -3.504105 -0.800000
      vertex -1.925325 -3.504105 0.800000
    endloop
  endfacet
  facet normal 0.877679 -0.479249 0.000000
    outer loop
      vertex -2.171487 -3.954917 -0.800000
      vertex -1.925325 -3.504105 0.800000
      vertex -2.171487 -3.954917 0.800000
    endloop
  endfacet
  facet normal -0.877679 0.479249 0.000000
    outer loop
      vertex -4.064308 -2.738476 -0.800000
      vertex -3.971997 -2.569421 0.800000
      vertex -3.971997 -2.569421 -0.800000
    endloop
  endfacet
  facet normal -0.877679 0.479249 0.000000
    outer loop
      vertex -4.064308 -2.738476 -0.800000
      vertex -4.064308 -2.738476 0.800000
      vertex -3.971997 -2.569421 0.800000
    endloop
  endfacet
  facet normal 0.000000 -0.000000 1.000000
    outer loop
      vertex -1.925325 -3.504105 0.800000
      vertex -1.745825 -3.022848 0.800000
      vertex -3.904684 -2.388949 0.800000
    endloop
  endfacet
  facet normal 0.000000 0.000000 1.000000
    outer loop
      vertex -1.925325 -3.504105 0.800000
      vertex -3.904684 -2.388949 0.800000
      vertex -3.971997 -2.569421 0.800000
    endloop
  endfacet
  facet normal 0.000000 0.000000 -1.000000
    outer loop
      vertex -1.925325 -3.504105 -0.800000
      vertex -3.904684 -2.388949 -0.800000
      vertex -1.745825 -3.022848 -0.800000
    endloop
  endfacet
  facet normal 0.000000 0.000000 -1.000000
    outer loop
      vertex -1.925325 -3.504105 -0.800000
      vertex -3.971997 -2.569421 -0.800000
      vertex -3.904684 -2.388949 -0.800000
    endloop
  endfacet
  facet normal 0.936950 -0.349464 0.000000
    outer loop
      vertex -1.925325 -3.504105 -0.800000
      vertex -1.745825 -3.022848 -0.800000
      vertex -1.745825 -3.022848 0.800000
    endloop
  endfacet
  facet normal 0.936950 -0.349464 0.000000
    outer loop
      vertex -1.925325 -3.504105 -0.800000
      vertex -1.745825 -3.022848 0.800000
      vertex -1.925325 -3.504105 0.800000
    endloop
  endfacet
  facet normal -0.936950 0.349464 0.000000
    outer loop
      vertex -3.971997 -2.569421 -0.800000
      vertex -3.904684 -2.388949 0.800000
      vertex -3.904684 -2.388949 -0.800000
    endloop
  endfacet
  facet normal -0.936950 0.349464 0.000000
    outer loop
      vertex -3.971997 -2.569421 -0.800000
      vertex -3.971997 -2.569421 0.800000
      vertex -3.904684 -2.388949 0.800000
    endloop
  endfacet
  facet normal 0.000000 -0.000000 1.000000
    outer loop
      vertex -1.745825 -3.022848 0.800000
      vertex -1.636643 -2.520944 0.800000
      vertex -3.863741 -2.200735 0.800000
    endloop
  endfacet
  facet normal 0.000000 0.000000 1.000000
    outer loop
      vertex -1.745825 -3.022848 0.800000
      vertex -3.863741 -2.200735 0.800000
      vertex -3.904684 -2.388949 0.800000
    endloop
  endfacet
  facet normal 0.000000 0.000000 -1.000000
    outer loop
      vertex -1.745825 -3.022848 -0.800000
      vertex -3.863741 -2.200735 -0.800000
      vertex -1.636643 -2.520944 -0.800000
    endloop
  endfacet
  facet normal 0.000000 0.000000 -1.000000
    outer loop
      vertex -1.745825 -3.022848 -0.800000
      vertex -3.904684 -2.388949 -0.800000
      vertex -3.863741 -2.200735 -0.800000
    endloop
  endfacet
  facet normal 0.977147 -0.212565 0.000000
    outer loop
      vertex -1.745825 -3.022848 -0.800000
      vertex -1.636643 -2.520944 -0.800000
      vertex -1.636643 -2.520944 0.800000
    endloop
  endfacet
  facet normal 0.977147 -0.212565 0.000000
    outer loop
      vertex -1.745825 -3.022848 -0.800000
      vertex -1.636643 -2.520944 0.800000
      vertex -1.745825 -3.022848 0.800000
    endloop
  endfacet
  facet normal -0.977147 0.212565 0.000000
    outer loop
      vertex -3.904684 -2.388949 -0.800000
      vertex -3.863741 -2.200735 0.800000
      vertex -3.863741 -2.200735 -0.800000
    endloop
  endfacet
  facet normal -0.977147 0.212565 0.000000
    outer loop
      vertex -3.904684 -2.388949 -0.800000
      vertex -3.904684 -2.388949 0.800000
      vertex -3.863741 -2.200735 0.800000
    endloop
  endfacet
  facet normal 0.000000 -0.000000 1.000000
    outer loop
      vertex -1.636643 -2.520944 0.800000
      vertex -1.600000 -2.008610 0.800000
      vertex -3.850000 -2.008610 0.800000
    endloop
  endfacet
  facet normal 0.000000 0.000000 1.000000
    outer loop
      vertex -1.636643 -2.520944 0.800000
      vertex -3.850000 -2.008610 0.800000
      vertex -3.863741 -2.200735 0.800000
    endloop
  endfacet
  facet normal 0.000000 0.000000 -1.000000
    outer loop
      vertex -1.636643 -2.520944 -0.800000
      vertex -3.850000 -2.008610 -0.800000
      vertex -1.600000 -2.008610 -0.800000
    endloop
  endfacet
  facet normal 0.000000 0.000000 -1.000000
    outer loop
      vertex -1.636643 -2.520944 -0.800000
      vertex -3.863741 -2.200735 -0.800000
      vertex -3.850000 -2.008610 -0.800000
    endloop
  endfacet
  facet normal 0.997452 -0.071339 0.000000
    outer loop
      vertex -1.636643 -2.520944 -0.800000
      vertex -1.600000 -2.008610 -0.800000
      vertex -1.600000 -2.008610 0.800000
    endloop
  endfacet
  facet normal 0.997452 -0.071339 0.000000
    outer loop
      vertex -1.636643 -2.520944 -0.800000
      vertex -1.600000 -2.008610 0.800000
      vertex -1.636643 -2.520944 0.800000
    endloop
  endfacet
  facet normal -0.997452 0.071339 0.000000
    outer loop
      vertex -3.863741 -2.200735 -0.800000
      vertex -3.850000 -2.008610 0.800000
      vertex -3.850000 -2.008610 -0.800000
    endloop
  endfacet
  facet normal -0.997452 0.071339 0.000000
    outer loop
      vertex -3.863741 -2.200735 -0.800000
      vertex -3.863741 -2.200735 0.800000
      vertex -3.850000 -2.008610 0.800000
    endloop
  endfacet
  facet normal 0.000000 0.000000 1.000000
    outer loop
      vertex 8.800000 2.008610 0.800000
      vertex 8.763357 2.520944 0.800000
      vertex 6.536259 2.200735 0.800000
    endloop
  endfacet
  facet normal 0.000000 0.000000 1.000000
    outer loop
      vertex 8.800000 2.008610 0.800000
      vertex 6.536259 2.200735 0.800000
      vertex 6.550000 2.008610 0.800000
    endloop
  endfacet
  facet normal 0.000000 0.000000 -1.000000
    outer loop
      vertex 8.800000 2.008610 -0.800000
      vertex 6.536259 2.200735 -0.800000
      vertex 8.763357 2.520944 -0.800000
    endloop
  endfacet
  facet normal 0.000000 0.000000 -1.000000
    outer loop
      vertex 8.800000 2.008610 -0.800000
      vertex 6.550000 2.008610 -0.800000
      vertex 6.536259 2.200735 -0.800000
    endloop
  endfacet
  facet normal 0.997452 0.071339 0.000000
    outer loop
      vertex 8.800000 2.008610 -0.800000
      vertex 8.763357 2.520944 -0.800000
      vertex 8.763357 2.520944 0.800000
    endloop
  endfacet
  facet normal 0.997452 0.071339 -0.000000
    outer loop
      vertex 8.800000 2.008610 -0.800000
      vertex 8.763357 2.520944 0.800000
      vertex 8.800000 2.008610 0.800000
    endloop
  endfacet
  facet normal -0.997452 -0.071339 0.000000
    outer loop
      vertex 6.550000 2.008610 -0.800000
      vertex 6.536259 2.200735 0.800000
      vertex 6.536259 2.200735 -0.800000
    endloop
  endfacet
  facet normal -0.997452 -0.071339 0.000000
    outer loop
      vertex 6.550000 2.008610 -0.800000
      vertex 6.550000 2.008610 0.800000
      vertex 6.536259 2.200735 0.800000
    endloop
  endfacet
  facet normal 0.000000 0.000000 1.000000
    outer loop
      vertex 8.763357 2.520944 0.800000
      vertex 8.654175 3.022848 0.800000
      vertex 6.495316 2.388949 0.800000
    endloop
  endfacet
  facet normal 0.000000 0.000000 1.000000
    outer loop
      vertex 8.763357 2.520944 0.800000
      vertex 6.495316 2.388949 0.800000
      vertex 6.536259 2.200735 0.800000
    endloop
  endfacet
  facet normal -0.000000 0.000000 -1.000000
    outer loop
      vertex 8.763357 2.520944 -0.800000
      vertex 6.495316 2.388949 -0.800000
      vertex 8.654175 3.022848 -0.800000
    endloop
  endfacet
  facet normal 0.000000 0.000000 -1.000000
    outer loop
      vertex 8.763357 2.520944 -0.800000
      vertex 6.536259 2.200735 -0.800000
      vertex 6.495316 2.388949 -0.800000
    endloop
  endfacet
  facet normal 0.977147 0.212565 0.000000
    outer loop
      vertex 8.763357 2.520944 -0.800000
      vertex 8.654175 3.022848 -0.800000
      vertex 8.654175 3.022848 0.800000
    endloop
  endfacet
  facet normal 0.977147 0.212565 -0.000000
    outer loop
      vertex 8.763357 2.520944 -0.800000
      vertex 8.654175 3.022848 0.800000
      vertex 8.763357 2.520944 0.800000
    endloop
  endfacet
  facet normal -0.977147 -0.212565 0.000000
    outer loop
      vertex 6.536259 2.200735 -0.800000
      vertex 6.495316 2.388949 0.800000
      vertex 6.495316 2.388949 -0.800000
    endloop
  endfacet
  facet normal -0.977147 -0.212565 0.000000
    outer loop
      vertex 6.536259 2.200735 -0.800000
      vertex 6.536259 2.200735 0.800000
      vertex 6.495316 2.388949 0.800000
    endloop
  endfacet
  facet normal 0.000000 0.000000 1.000000
    outer loop
      vertex 8.654175 3.022848 0.800000
      vertex 8.474675 3.504105 0.800000
      vertex 6.428003 2.569421 0.800000
    endloop
  endfacet
  facet normal 0.000000 0.000000 1.000000
    outer loop
      vertex 8.654175 3.022848 0.800000
      vertex 6.428003 2.569421 0.800000
      vertex 6.495316 2.388949 0.800000
    endloop
  endfacet
  facet normal -0.000000 0.000000 -1.000000
    outer loop
      vertex 8.654175 3.022848 -0.800000
      vertex 6.428003 2.569421 -0.800000
      vertex 8.474675 3.504105 -0.800000
    endloop
  endfacet
  facet normal 0.000000 0.000000 -1.000000
    outer loop
      vertex 8.654175 3.022848 -0.800000
      vertex 6.495316 2.388949 -0.800000
      vertex 6.428003 2.569421 -0.800000
    endloop
  endfacet
  facet normal 0.936950 0.349464 0.000000
    outer loop
      vertex 8.654175 3.022848 -0.800000
      vertex 8.474675 3.504105 -0.800000
      vertex 8.474675 3.504105 0.800000
    endloop
  endfacet
  facet normal 0.936950 0.349464 -0.000000
    outer loop
      vertex 8.654175 3.022848 -0.800000
      vertex 8.474675 3.504105 0.800000
      vertex 8.654175 3.022848 0.800000
    endloop
  endfacet
  facet normal -0.936950 -0.349464 0.000000
    outer loop
      vertex 6.495316 2.388949 -0.800000
      vertex 6.428003 2.569421 0.800000
      vertex 6.428003 2.569421 -0.800000
    endloop
  endfacet
  facet normal -0.936950 -0.349464 0.000000
    outer loop
      vertex 6.495316 2.388949 -0.800000
      vertex 6.495316 2.388949 0.800000
      vertex 6.428003 2.569421 0.800000
    endloop
  endfacet
  facet normal 0.000000 0.000000 1.000000
    outer loop
      vertex 8.474675 3.504105 0.800000
      vertex 8.228513 3.954917 0.800000
      vertex 6.335692 2.738476 0.800000
    endloop
  endfacet
  facet normal 0.000000 0.000000 1.000000
    outer loop
      vertex 8.474675 3.504105 0.800000
      vertex 6.335692 2.738476 0.800000
      vertex 6.428003 2.569421 0.800000
    endloop
  endfacet
  facet normal -0.000000 0.000000 -1.000000
    outer loop
      vertex 8.474675 3.504105 -0.800000
      vertex 6.335692 2.738476 -0.800000
      vertex 8.228513 3.954917 -0.800000
    endloop
  endfacet
  facet normal 0.000000 0.000000 -1.000000
    outer loop
      vertex 8.474675 3.504105 -0.800000
      vertex 6.428003 2.569421 -0.800000
      vertex 6.335692 2.738476 -0.800000
    endloop
  endfacet
  facet normal 0.877679 0.479249 0.000000
    outer loop
      vertex 8.474675 3.504105 -0.800000
      vertex 8.228513 3.954917 -0.800000
      vertex 8.228513 3.954917 0.800000
    endloop
  endfacet
  facet normal 0.877679 0.479249 -0.000000
    outer loop
      vertex 8.474675 3.504105 -0.800000
      vertex 8.228513 3.954917 0.800000
      vertex 8.474675 3.504105 0.800000
    endloop
  endfacet
  facet normal -0.877679 -0.479249 0.000000
    outer loop
      vertex 6.428003 2.569421 -0.800000
      vertex 6.335692 2.738476 0.800000
      vertex 6.335692 2.738476 -0.800000
    endloop
  endfacet
  facet normal -0.877679 -0.479249 0.000000
    outer loop
      vertex 6.428003 2.569421 -0.800000
      vertex 6.428003 2.569421 0.800000
      vertex 6.335692 2.738476 0.800000
    endloop
  endfacet
  facet normal 0.000000 0.000000 1.000000
    outer loop
      vertex 8.228513 3.954917 0.800000
      vertex 7.920698 4.366109 0.800000
      vertex 6.220262 2.892672 0.800000
    endloop
  endfacet
  facet normal 0.000000 0.000000 1.000000
    outer loop
      vertex 8.228513 3.954917 0.800000
      vertex 6.220262 2.892672 0.800000
      vertex 6.335692 2.738476 0.800000
    endloop
  endfacet
  facet normal -0.000000 0.000000 -1.000000
    outer loop
      vertex 8.228513 3.954917 -0.800000
      vertex 6.220262 2.892672 -0.800000
      vertex 7.920698 4.366109 -0.800000
    endloop
  endfacet
  facet normal 0.000000 0.000000 -1.000000
    outer loop
      vertex 8.228513 3.954917 -0.800000
      vertex 6.335692 2.738476 -0.800000
      vertex 6.220262 2.892672 -0.800000
    endloop
  endfacet
  facet normal 0.800541 0.599278 0.000000
    outer loop
      vertex 8.228513 3.954917 -0.800000
      vertex 7.920698 4.366109 -0.800000
      vertex 7.920698 4.366109 0.800000
    endloop
  endfacet
  facet normal 0.800541 0.599278 -0.000000
    outer loop
      vertex 8.228513 3.954917 -0.800000
      vertex 7.920698 4.366109 0.800000
      vertex 8.228513 3.954917 0.800000
    endloop
  endfacet
  facet normal -0.800541 -0.599278 0.000000
    outer loop
      vertex 6.335692 2.738476 -0.800000
      vertex 6.220262 2.892672 0.800000
      vertex 6.220262 2.892672 -0.800000
    endloop
  endfacet
  facet normal -0.800541 -0.599278 0.000000
    outer loop
      vertex 6.335692 2.738476 -0.800000
      vertex 6.335692 2.738476 0.800000
      vertex 6.220262 2.892672 0.800000
    endloop
  endfacet
  facet normal 0.000000 0.000000 1.000000
    outer loop
      vertex 7.920698 4.366109 0.800000
      vertex 7.557499 4.729309 0.800000
      vertex 6.084062 3.028872 0.800000
    endloop
  endfacet
  facet normal 0.000000 0.000000 1.000000
    outer loop
      vertex 7.920698 4.366109 0.800000
      vertex 6.084062 3.028872 0.800000
      vertex 6.220262 2.892672 0.800000
    endloop
  endfacet
  facet normal -0.000000 0.000000 -1.000000
    outer loop
      vertex 7.920698 4.366109 -0.800000
      vertex 6.084062 3.028872 -0.800000
      vertex 7.557499 4.729309 -0.800000
    endloop
  endfacet
  facet normal 0.000000 0.000000 -1.000000
    outer loop
      vertex 7.920698 4.366109 -0.800000
      vertex 6.220262 2.892672 -0.800000
      vertex 6.084062 3.028872 -0.800000
    endloop
  endfacet
  facet normal 0.707107 0.707107 0.000000
    outer loop
      vertex 7.920698 4.366109 -0.800000
      vertex 7.557499 4.729309 -0.800000
      vertex 7.557499 4.729309 0.800000
    endloop
  endfacet
  facet normal 0.707107 0.707107 -0.000000
    outer loop
      vertex 7.920698 4.366109 -0.800000
      vertex 7.557499 4.729309 0.800000
      vertex 7.920698 4.366109 0.800000
    endloop
  endfacet
  facet normal -0.707107 -0.707107 0.000000
    outer loop
      vertex 6.220262 2.892672 -0.800000
      vertex 6.084062 3.028872 0.800000
      vertex 6.084062 3.028872 -0.800000
    endloop
  endfacet
  facet normal -0.707107 -0.707107 0.000000
    outer loop
      vertex 6.220262 2.892672 -0.800000
      vertex 6.220262 2.892672 0.800000
      vertex 6.084062 3.028872 0.800000
    endloop
  endfacet
  facet normal 0.000000 0.000000 1.000000
    outer loop
      vertex 7.557499 4.729309 0.800000
      vertex 7.146307 5.037123 0.800000
      vertex 5.929865 3.144303 0.800000
    endloop
  endfacet
  facet normal 0.000000 0.000000 1.000000
    outer loop
      vertex 7.557499 4.729309 0.800000
      vertex 5.929865 3.144303 0.800000
      vertex 6.084062 3.028872 0.800000
    endloop
  endfacet
  facet normal -0.000000 0.000000 -1.000000
    outer loop
      vertex 7.557499 4.729309 -0.800000
      vertex 5.929865 3.144303 -0.800000
      vertex 7.146307 5.037123 -0.800000
    endloop
  endfacet
  facet normal 0.000000 0.000000 -1.000000
    outer loop
      vertex 7.557499 4.729309 -0.800000
      vertex 6.084062 3.028872 -0.800000
      vertex 5.929865 3.144303 -0.800000
    endloop
  endfacet
  facet normal 0.599278 0.800541 0.000000
    outer loop
      vertex 7.557499 4.729309 -0.800000
      vertex 7.146307 5.037123 -0.800000
      vertex 7.146307 5.037123 0.800000
    endloop
  endfacet
  facet normal 0.599278 0.800541 -0.000000
    outer loop
      vertex 7.557499 4.729309 -0.800000
      vertex 7.146307 5.037123 0.800000
      vertex 7.557499 4.729309 0.800000
    endloop
  endfacet
  facet normal -0.599278 -0.800541 0.000000
    outer loop
      vertex 6.084062 3.028872 -0.800000
      vertex 5.929865 3.144303 0.800000
      vertex 5.929865 3.144303 -0.800000
    endloop
  endfacet
  facet normal -0.599278 -0.800541 0.000000
    outer loop
      vertex 6.084062 3.028872 -0.800000
      vertex 6.084062 3.028872 0.800000
      vertex 5.929865 3.144303 0.800000
    endloop
  endfacet
  facet normal 0.000000 0.000000 1.000000
    outer loop
      vertex 7.146307 5.037123 0.800000
      vertex 6.695494 5.283286 0.800000
      vertex 5.760810 3.236614 0.800000
    endloop
  endfacet
  facet normal 0.000000 0.000000 1.000000
    outer loop
      vertex 7.146307 5.037123 0.800000
      vertex 5.760810 3.236614 0.800000
      vertex 5.929865 3.144303 0.800000
    endloop
  endfacet
  facet normal -0.000000 0.000000 -1.000000
    outer loop
      vertex 7.146307 5.037123 -0.800000
      vertex 5.760810 3.236614 -0.800000
      vertex 6.695494 5.283286 -0.800000
    endloop
  endfacet
  facet normal 0.000000 0.000000 -1.000000
    outer loop
      vertex 7.146307 5.037123 -0.800000
      vertex 5.929865 3.144303 -0.800000
      vertex 5.760810 3.236614 -0.800000
    endloop
  endfacet
  facet normal 0.479249 0.877679 0.000000
    outer loop
      vertex 7.146307 5.037123 -0.800000
      vertex 6.695494 5.283286 -0.800000
      vertex 6.695494 5.283286 0.800000
    endloop
  endfacet
  facet normal 0.479249 0.877679 -0.000000
    outer loop
      vertex 7.146307 5.037123 -0.800000
      vertex 6.695494 5.283286 0.800000
      vertex 7.146307 5.037123 0.800000
    endloop
  endfacet
  facet normal -0.479249 -0.877679 0.000000
    outer loop
      vertex 5.929865 3.144303 -0.800000
      vertex 5.760810 3.236614 0.800000
      vertex 5.760810 3.236614 -0.800000
    endloop
  endfacet
  facet normal -0.479249 -0.877679 0.000000
    outer loop
      vertex 5.929865 3.144303 -0.800000
      vertex 5.929865 3.144303 0.800000
      vertex 5.760810 3.236614 0.800000
    endloop
  endfacet
  facet normal 0.000000 0.000000 1.000000
    outer loop
      vertex 6.695494 5.283286 0.800000
      vertex 6.214237 5.462785 0.800000
      vertex 5.580339 3.303926 0.800000
    endloop
  endfacet
  facet normal 0.000000 0.000000 1.000000
    outer loop
      vertex 6.695494 5.283286 0.800000
      vertex 5.580339 3.303926 0.800000
      vertex 5.760810 3.236614 0.800000
    endloop
  endfacet
  facet normal -0.000000 0.000000 -1.000000
    outer loop
      vertex 6.695494 5.283286 -0.800000
      vertex 5.580339 3.303926 -0.800000
      vertex 6.214237 5.462785 -0.800000
    endloop
  endfacet
  facet normal 0.000000 0.000000 -1.000000
    outer loop
      vertex 6.695494 5.283286 -0.800000
      vertex 5.760810 3.236614 -0.800000
      vertex 5.580339 3.303926 -0.800000
    endloop
  endfacet
  facet normal 0.349464 0.936950 0.000000
    outer loop
      vertex 6.695494 5.283286 -0.800000
      vertex 6.214237 5.462785 -0.800000
      vertex 6.214237 5.462785 0.800000
    endloop
  endfacet
  facet normal 0.349464 0.936950 -0.000000
    outer loop
      vertex 6.695494 5.283286 -0.800000
      vertex 6.214237 5.462785 0.800000
      vertex 6.695494 5.283286 0.800000
    endloop
  endfacet
  facet normal -0.349464 -0.936950 0.000000
    outer loop
      vertex 5.760810 3.236614 -0.800000
      vertex 5.580339 3.303926 0.800000
      vertex 5.580339 3.303926 -0.800000
    endloop
  endfacet
  facet normal -0.349464 -0.936950 0.000000
    outer loop
      vertex 5.760810 3.236614 -0.800000
      vertex 5.760810 3.236614 0.800000
      vertex 5.580339 3.303926 0.800000
    endloop
  endfacet
  facet normal 0.000000 0.000000 1.000000
    outer loop
      vertex 6.214237 5.462785 0.800000
      vertex 5.712333 5.571968 0.800000
      vertex 5.392125 3.344869 0.800000
    endloop
  endfacet
  facet normal 0.000000 0.000000 1.000000
    outer loop
      vertex 6.214237 5.462785 0.800000
      vertex 5.392125 3.344869 0.800000
      vertex 5.580339 3.303926 0.800000
    endloop
  endfacet
  facet normal -0.000000 0.000000 -1.000000
    outer loop
      vertex 6.214237 5.462785 -0.800000
      vertex 5.392125 3.344869 -0.800000
      vertex 5.712333 5.571968 -0.800000
    endloop
  endfacet
  facet normal 0.000000 0.000000 -1.000000
    outer loop
      vertex 6.214237 5.462785 -0.800000
      vertex 5.580339 3.303926 -0.800000
      vertex 5.392125 3.344869 -0.800000
    endloop
  endfacet
  facet normal 0.212565 0.977147 0.000000
    outer loop
      vertex 6.214237 5.462785 -0.800000
      vertex 5.712333 5.571968 -0.800000
      vertex 5.712333 5.571968 0.800000
    endloop
  endfacet
  facet normal 0.212565 0.977147 -0.000000
    outer loop
      vertex 6.214237 5.462785 -0.800000
      vertex 5.712333 5.571968 0.800000
      vertex 6.214237 5.462785 0.800000
    endloop
  endfacet
  facet normal -0.212565 -0.977147 0.000000
    outer loop
      vertex 5.580339 3.303926 -0.800000
      vertex 5.392125 3.344869 0.800000
      vertex 5.392125 3.344869 -0.800000
    endloop
  endfacet
  facet normal -0.212565 -0.977147 0.000000
    outer loop
      vertex 5.580339 3.303926 -0.800000
      vertex 5.580339 3.303926 0.800000
      vertex 5.392125 3.344869 0.800000
    endloop
  endfacet
  facet normal 0.000000 0.000000 1.000000
    outer loop
      vertex 5.712333 5.571968 0.800000
      vertex 5.200000 5.608610 0.800000
      vertex 5.200000 3.358610 0.800000
    endloop
  endfacet
  facet normal 0.000000 0.000000 1.000000
    outer loop
      vertex 5.712333 5.571968 0.800000
      vertex 5.200000 3.358610 0.800000
      vertex 5.392125 3.344869 0.800000
    endloop
  endfacet
  facet normal -0.000000 0.000000 -1.000000
    outer loop
      vertex 5.712333 5.571968 -0.800000
      vertex 5.200000 3.358610 -0.800000
      vertex 5.200000 5.608610 -0.800000
    endloop
  endfacet
  facet normal 0.000000 0.000000 -1.000000
    outer loop
      vertex 5.712333 5.571968 -0.800000
      vertex 5.392125 3.344869 -0.800000
      vertex 5.200000 3.358610 -0.800000
    endloop
  endfacet
  facet normal 0.071339 0.997452 0.000000
    outer loop
      vertex 5.712333 5.571968 -0.800000
      vertex 5.200000 5.608610 -0.800000
      vertex 5.200000 5.608610 0.800000
    endloop
  endfacet
  facet normal 0.071339 0.997452 -0.000000
    outer loop
      vertex 5.712333 5.571968 -0.800000
      vertex 5.200000 5.608610 0.800000
      vertex 5.712333 5.571968 0.800000
    endloop
  endfacet
  facet normal -0.071339 -0.997452 0.000000
    outer loop
      vertex 5.392125 3.344869 -0.800000
      vertex 5.200000 3.358610 0.800000
      vertex 5.200000 3.358610 -0.800000
    endloop
  endfacet
  facet normal -0.071339 -0.997452 0.000000
    outer loop
      vertex 5.392125 3.344869 -0.800000
      vertex 5.392125 3.344869 0.800000
      vertex 5.200000 3.358610 0.800000
    endloop
  endfacet
  facet normal 0.000000 0.000000 1.000000
    outer loop
      vertex 5.200000 5.608610 0.800000
      vertex 4.687667 5.571968 0.800000
      vertex 5.007875 3.344869 0.800000
    endloop
  endfacet
  facet normal 0.000000 0.000000 1.000000
    outer loop
      vertex 5.200000 5.608610 0.800000
      vertex 5.007875 3.344869 0.800000
      vertex 5.200000 3.358610 0.800000
    endloop
  endfacet
  facet normal 0.000000 0.000000 -1.000000
    outer loop
      vertex 5.200000 5.608610 -0.800000
      vertex 5.007875 3.344869 -0.800000
      vertex 4.687667 5.571968 -0.800000
    endloop
  endfacet
  facet normal 0.000000 0.000000 -1.000000
    outer loop
      vertex 5.200000 5.608610 -0.800000
      vertex 5.200000 3.358610 -0.800000
      vertex 5.007875 3.344869 -0.800000
    endloop
  endfacet
  facet normal -0.071339 0.997452 0.000000
    outer loop
      vertex 5.200000 5.608610 -0.800000
      vertex 4.687667 5.571968 -0.800000
      vertex 4.687667 5.571968 0.800000
    endloop
  endfacet
  facet normal -0.071339 0.997452 0.000000
    outer loop
      vertex 5.200000 5.608610 -0.800000
      vertex 4.687667 5.571968 0.800000
      vertex 5.200000 5.608610 0.800000
    endloop
  endfacet
  facet normal 0.071339 -0.997452 0.000000
    outer loop
      vertex 5.200000 3.358610 -0.800000
      vertex 5.007875 3.344869 0.800000
      vertex 5.007875 3.344869 -0.800000
    endloop
  endfacet
  facet normal 0.071339 -0.997452 0.000000
    outer loop
      vertex 5.200000 3.358610 -0.800000
      vertex 5.200000 3.358610 0.800000
      vertex 5.007875 3.344869 0.800000
    endloop
  endfacet
  facet normal 0.000000 0.000000 1.000000
    outer loop
      vertex 4.687667 5.571968 0.800000
      vertex 4.185763 5.462785 0.800000
      vertex 4.819661 3.303926 0.800000
    endloop
  endfacet
  facet normal 0.000000 0.000000 1.000000
    outer loop
      vertex 4.687667 5.571968 0.800000
      vertex 4.819661 3.303926 0.800000
      vertex 5.007875 3.344869 0.800000
    endloop
  endfacet
  facet normal 0.000000 -0.000000 -1.000000
    outer loop
      vertex 4.687667 5.571968 -0.800000
      vertex 4.819661 3.303926 -0.800000
      vertex 4.185763 5.462785 -0.800000
    endloop
  endfacet
  facet normal 0.000000 0.000000 -1.000000
    outer loop
      vertex 4.687667 5.571968 -0.800000
      vertex 5.007875 3.344869 -0.800000
      vertex 4.819661 3.303926 -0.800000
    endloop
  endfacet
  facet normal -0.212565 0.977147 0.000000
    outer loop
      vertex 4.687667 5.571968 -0.800000
      vertex 4.185763 5.462785 -0.800000
      vertex 4.185763 5.462785 0.800000
    endloop
  endfacet
  facet normal -0.212565 0.977147 0.000000
    outer loop
      vertex 4.687667 5.571968 -0.800000
      vertex 4.185763 5.462785 0.800000
      vertex 4.687667 5.571968 0.800000
    endloop
  endfacet
  facet normal 0.212565 -0.977147 0.000000
    outer loop
      vertex 5.007875 3.344869 -0.800000
      vertex 4.819661 3.303926 0.800000
      vertex 4.819661 3.303926 -0.800000
    endloop
  endfacet
  facet normal 0.212565 -0.977147 0.000000
    outer loop
      vertex 5.007875 3.344869 -0.800000
      vertex 5.007875 3.344869 0.800000
      vertex 4.819661 3.303926 0.800000
    endloop
  endfacet
  facet normal 0.000000 0.000000 1.000000
    outer loop
      vertex 4.185763 5.462785 0.800000
      vertex 3.704506 5.283286 0.800000
      vertex 4.639190 3.236614 0.800000
    endloop
  endfacet
  facet normal 0.000000 0.000000 1.000000
    outer loop
      vertex 4.185763 5.462785 0.800000
      vertex 4.639190 3.236614 0.800000
      vertex 4.819661 3.303926 0.800000
    endloop
  endfacet
  facet normal 0.000000 -0.000000 -1.000000
    outer loop
      vertex 4.185763 5.462785 -0.800000
      vertex 4.639190 3.236614 -0.800000
      vertex 3.704506 5.283286 -0.800000
    endloop
  endfacet
  facet normal 0.000000 0.000000 -1.000000
    outer loop
      vertex 4.185763 5.462785 -0.800000
      vertex 4.819661 3.303926 -0.800000
      vertex 4.639190 3.236614 -0.800000
    endloop
  endfacet
  facet normal -0.349464 0.936950 0.000000
    outer loop
      vertex 4.185763 5.462785 -0.800000
      vertex 3.704506 5.283286 -0.800000
      vertex 3.704506 5.283286 0.800000
    endloop
  endfacet
  facet normal -0.349464 0.936950 0.000000
    outer loop
      vertex 4.185763 5.462785 -0.800000
      vertex 3.704506 5.283286 0.800000
      vertex 4.185763 5.462785 0.800000
    endloop
  endfacet
  facet normal 0.349464 -0.936950 0.000000
    outer loop
      vertex 4.819661 3.303926 -0.800000
      vertex 4.639190 3.236614 0.800000
      vertex 4.639190 3.236614 -0.800000
    endloop
  endfacet
  facet normal 0.349464 -0.936950 0.000000
    outer loop
      vertex 4.819661 3.303926 -0.800000
      vertex 4.819661 3.303926 0.800000
      vertex 4.639190 3.236614 0.800000
    endloop
  endfacet
  facet normal 0.000000 0.000000 1.000000
    outer loop
      vertex 3.704506 5.283286 0.800000
      vertex 3.253693 5.037123 0.800000
      vertex 4.470135 3.144303 0.800000
    endloop
  endfacet
  facet normal 0.000000 0.000000 1.000000
    outer loop
      vertex 3.704506 5.283286 0.800000
      vertex 4.470135 3.144303 0.800000
      vertex 4.639190 3.236614 0.800000
    endloop
  endfacet
  facet normal 0.000000 -0.000000 -1.000000
    outer loop
      vertex 3.704506 5.283286 -0.800000
      vertex 4.470135 3.144303 -0.800000
      vertex 3.253693 5.037123 -0.800000
    endloop
  endfacet
  facet normal 0.000000 0.000000 -1.000000
    outer loop
      vertex 3.704506 5.283286 -0.800000
      vertex 4.639190 3.236614 -0.800000
      vertex 4.470135 3.144303 -0.800000
    endloop
  endfacet
  facet normal -0.479249 0.877679 0.000000
    outer loop
      vertex 3.704506 5.283286 -0.800000
      vertex 3.253693 5.037123 -0.800000
      vertex 3.253693 5.037123 0.800000
    endloop
  endfacet
  facet normal -0.479249 0.877679 0.000000
    outer loop
      vertex 3.704506 5.283286 -0.800000
      vertex 3.253693 5.037123 0.800000
      vertex 3.704506 5.283286 0.800000
    endloop
  endfacet
  facet normal 0.479249 -0.877679 0.000000
    outer loop
      vertex 4.639190 3.236614 -0.800000
      vertex 4.470135 3.144303 0.800000
      vertex 4.470135 3.144303 -0.800000
    endloop
  endfacet
  facet normal 0.479249 -0.877679 0.000000
    outer loop
      vertex 4.639190 3.236614 -0.800000
      vertex 4.639190 3.236614 0.800000
      vertex 4.470135 3.144303 0.800000
    endloop
  endfacet
  facet normal 0.000000 0.000000 1.000000
    outer loop
      vertex 3.253693 5.037123 0.800000
      vertex 2.842501 4.729309 0.800000
      vertex 4.315938 3.028872 0.800000
    endloop
  endfacet
  facet normal 0.000000 0.000000 1.000000
    outer loop
      vertex 3.253693 5.037123 0.800000
      vertex 4.315938 3.028872 0.800000
      vertex 4.470135 3.144303 0.800000
    endloop
  endfacet
  facet normal 0.000000 -0.000000 -1.000000
    outer loop
      vertex 3.253693 5.037123 -0.800000
      vertex 4.315938 3.028872 -0.800000
      vertex 2.842501 4.729309 -0.800000
    endloop
  endfacet
  facet normal 0.000000 0.000000 -1.000000
    outer loop
      vertex 3.253693 5.037123 -0.800000
      vertex 4.470135 3.144303 -0.800000
      vertex 4.315938 3.028872 -0.800000
    endloop
  endfacet
  facet normal -0.599278 0.800541 0.000000
    outer loop
      vertex 3.253693 5.037123 -0.800000
      vertex 2.842501 4.729309 -0.800000
      vertex 2.842501 4.729309 0.800000
    endloop
  endfacet
  facet normal -0.599278 0.800541 0.000000
    outer loop
      vertex 3.253693 5.037123 -0.800000
      vertex 2.842501 4.729309 0.800000
      vertex 3.253693 5.037123 0.800000
    endloop
  endfacet
  facet normal 0.599278 -0.800541 0.000000
    outer loop
      vertex 4.470135 3.144303 -0.800000
      vertex 4.315938 3.028872 0.800000
      vertex 4.315938 3.028872 -0.800000
    endloop
  endfacet
  facet normal 0.599278 -0.800541 0.000000
    outer loop
      vertex 4.470135 3.144303 -0.800000
      vertex 4.470135 3.144303 0.800000
      vertex 4.315938 3.028872 0.800000
    endloop
  endfacet
  facet normal 0.000000 0.000000 1.000000
    outer loop
      vertex 2.842501 4.729309 0.800000
      vertex 2.479302 4.366109 0.800000
      vertex 4.179738 2.892672 0.800000
    endloop
  endfacet
  facet normal 0.000000 0.000000 1.000000
    outer loop
      vertex 2.842501 4.729309 0.800000
      vertex 4.179738 2.892672 0.800000
      vertex 4.315938 3.028872 0.800000
    endloop
  endfacet
  facet normal 0.000000 -0.000000 -1.000000
    outer loop
      vertex 2.842501 4.729309 -0.800000
      vertex 4.179738 2.892672 -0.800000
      vertex 2.479302 4.366109 -0.800000
    endloop
  endfacet
  facet normal 0.000000 0.000000 -1.000000
    outer loop
      vertex 2.842501 4.729309 -0.800000
      vertex 4.315938 3.028872 -0.800000
      vertex 4.179738 2.892672 -0.800000
    endloop
  endfacet
  facet normal -0.707107 0.707107 0.000000
    outer loop
      vertex 2.842501 4.729309 -0.800000
      vertex 2.479302 4.366109 -0.800000
      vertex 2.479302 4.366109 0.800000
    endloop
  endfacet
  facet normal -0.707107 0.707107 0.000000
    outer loop
      vertex 2.842501 4.729309 -0.800000
      vertex 2.479302 4.366109 0.800000
      vertex 2.842501 4.729309 0.800000
    endloop
  endfacet
  facet normal 0.707107 -0.707107 0.000000
    outer loop
      vertex 4.315938 3.028872 -0.800000
      vertex 4.179738 2.892672 0.800000
      vertex 4.179738 2.892672 -0.800000
    endloop
  endfacet
  facet normal 0.707107 -0.707107 0.000000
    outer loop
      vertex 4.315938 3.028872 -0.800000
      vertex 4.315938 3.028872 0.800000
      vertex 4.179738 2.892672 0.800000
    endloop
  endfacet
  facet normal 0.000000 0.000000 1.000000
    outer loop
      vertex 2.479302 4.366109 0.800000
      vertex 2.171487 3.954917 0.800000
      vertex 4.064308 2.738476 0.800000
    endloop
  endfacet
  facet normal 0.000000 0.000000 1.000000
    outer loop
      vertex 2.479302 4.366109 0.800000
      vertex 4.064308 2.738476 0.800000
      vertex 4.179738 2.892672 0.800000
    endloop
  endfacet
  facet normal 0.000000 -0.000000 -1.000000
    outer loop
      vertex 2.479302 4.366109 -0.800000
      vertex 4.064308 2.738476 -0.800000
      vertex 2.171487 3.954917 -0.800000
    endloop
  endfacet
  facet normal 0.000000 0.000000 -1.000000
    outer loop
      vertex 2.479302 4.366109 -0.800000
      vertex 4.179738 2.892672 -0.800000
      vertex 4.064308 2.738476 -0.800000
    endloop
  endfacet
  facet normal -0.800541 0.599278 0.000000
    outer loop
      vertex 2.479302 4.366109 -0.800000
      vertex 2.171487 3.954917 -0.800000
      vertex 2.171487 3.954917 0.800000
    endloop
  endfacet
  facet normal -0.800541 0.599278 0.000000
    outer loop
      vertex 2.479302 4.366109 -0.800000
      vertex 2.171487 3.954917 0.800000
      vertex 2.479302 4.366109 0.800000
    endloop
  endfacet
  facet normal 0.800541 -0.599278 0.000000
    outer loop
      vertex 4.179738 2.892672 -0.800000
      vertex 4.064308 2.738476 0.800000
      vertex 4.064308 2.738476 -0.800000
    endloop
  endfacet
  facet normal 0.800541 -0.599278 0.000000
    outer loop
      vertex 4.179738 2.892672 -0.800000
      vertex 4.179738 2.892672 0.800000
      vertex 4.064308 2.738476 0.800000
    endloop
  endfacet
  facet normal 0.000000 0.000000 1.000000
    outer loop
      vertex 2.171487 3.954917 0.800000
      vertex 1.925325 3.504105 0.800000
      vertex 3.971997 2.569421 0.800000
    endloop
  endfacet
  facet normal 0.000000 0.000000 1.000000
    outer loop
      vertex 2.171487 3.954917 0.800000
      vertex 3.971997 2.569421 0.800000
      vertex 4.064308 2.738476 0.800000
    endloop
  endfacet
  facet normal 0.000000 -0.000000 -1.000000
    outer loop
      vertex 2.171487 3.954917 -0.800000
      vertex 3.971997 2.569421 -0.800000
      vertex 1.925325 3.504105 -0.800000
    endloop
  endfacet
  facet normal 0.000000 0.000000 -1.000000
    outer loop
      vertex 2.171487 3.954917 -0.800000
      vertex 4.064308 2.738476 -0.800000
      vertex 3.971997 2.569421 -0.800000
    endloop
  endfacet
  facet normal -0.877679 0.479249 0.000000
    outer loop
      vertex 2.171487 3.954917 -0.800000
      vertex 1.925325 3.504105 -0.800000
      vertex 1.925325 3.504105 0.800000
    endloop
  endfacet
  facet normal -0.877679 0.479249 0.000000
    outer loop
      vertex 2.171487 3.954917 -0.800000
      vertex 1.925325 3.504105 0.800000
      vertex 2.171487 3.954917 0.800000
    endloop
  endfacet
  facet normal 0.877679 -0.479249 0.000000
    outer loop
      vertex 4.064308 2.738476 -0.800000
      vertex 3.971997 2.569421 0.800000
      vertex 3.971997 2.569421 -0.800000
    endloop
  endfacet
  facet normal 0.877679 -0.479249 0.000000
    outer loop
      vertex 4.064308 2.738476 -0.800000
      vertex 4.064308 2.738476 0.800000
      vertex 3.971997 2.569421 0.800000
    endloop
  endfacet
  facet normal 0.000000 0.000000 1.000000
    outer loop
      vertex 1.925325 3.504105 0.800000
      vertex 1.745825 3.022848 0.800000
      vertex 3.904684 2.388949 0.800000
    endloop
  endfacet
  facet normal 0.000000 0.000000 1.000000
    outer loop
      vertex 1.925325 3.504105 0.800000
      vertex 3.904684 2.388949 0.800000
      vertex 3.971997 2.569421 0.800000
    endloop
  endfacet
  facet normal 0.000000 -0.000000 -1.000000
    outer loop
      vertex 1.925325 3.504105 -0.800000
      vertex 3.904684 2.388949 -0.800000
      vertex 1.745825 3.022848 -0.800000
    endloop
  endfacet
  facet normal 0.000000 0.000000 -1.000000
    outer loop
      vertex 1.925325 3.504105 -0.800000
      vertex 3.971997 2.569421 -0.800000
      vertex 3.904684 2.388949 -0.800000
    endloop
  endfacet
  facet normal -0.936950 0.349464 0.000000
    outer loop
      vertex 1.925325 3.504105 -0.800000
      vertex 1.745825 3.022848 -0.800000
      vertex 1.745825 3.022848 0.800000
    endloop
  endfacet
  facet normal -0.936950 0.349464 0.000000
    outer loop
      vertex 1.925325 3.504105 -0.800000
      vertex 1.745825 3.022848 0.800000
      vertex 1.925325 3.504105 0.800000
    endloop
  endfacet
  facet normal 0.936950 -0.349464 0.000000
    outer loop
      vertex 3.971997 2.569421 -0.800000
      vertex 3.904684 2.388949 0.800000
      vertex 3.904684 2.388949 -0.800000
    endloop
  endfacet
  facet normal 0.936950 -0.349464 0.000000
    outer loop
      vertex 3.971997 2.569421 -0.800000
      vertex 3.971997 2.569421 0.800000
      vertex 3.904684 2.388949 0.800000
    endloop
  endfacet
  facet normal 0.000000 0.000000 1.000000
    outer loop
      vertex 1.745825 3.022848 0.800000
      vertex 1.636643 2.520944 0.800000
      vertex 3.863741 2.200735 0.800000
    endloop
  endfacet
  facet normal 0.000000 0.000000 1.000000
    outer loop
      vertex 1.745825 3.022848 0.800000
      vertex 3.863741 2.200735 0.800000
      vertex 3.904684 2.388949 0.800000
    endloop
  endfacet
  facet normal 0.000000 -0.000000 -1.000000
    outer loop
      vertex 1.745825 3.022848 -0.800000
      vertex 3.863741 2.200735 -0.800000
      vertex 1.636643 2.520944 -0.800000
    endloop
  endfacet
  facet normal 0.000000 0.000000 -1.000000
    outer loop
      vertex 1.745825 3.022848 -0.800000
      vertex 3.904684 2.388949 -0.800000
      vertex 3.863741 2.200735 -0.800000
    endloop
  endfacet
  facet normal -0.977147 0.212565 0.000000
    outer loop
      vertex 1.745825 3.022848 -0.800000
      vertex 1.636643 2.520944 -0.800000
      vertex 1.636643 2.520944 0.800000
    endloop
  endfacet
  facet normal -0.977147 0.212565 0.000000
    outer loop
      vertex 1.745825 3.022848 -0.800000
      vertex 1.636643 2.520944 0.800000
      vertex 1.745825 3.022848 0.800000
    endloop
  endfacet
  facet normal 0.977147 -0.212565 0.000000
    outer loop
      vertex 3.904684 2.388949 -0.800000
      vertex 3.863741 2.200735 0.800000
      vertex 3.863741 2.200735 -0.800000
    endloop
  endfacet
  facet normal 0.977147 -0.212565 0.000000
    outer loop
      vertex 3.904684 2.388949 -0.800000
      vertex 3.904684 2.388949 0.800000
      vertex 3.863741 2.200735 0.800000
    endloop
  endfacet
  facet normal 0.000000 0.000000 1.000000
    outer loop
      vertex 1.636643 2.520944 0.800000
      vertex 1.600000 2.008610 0.800000
      vertex 3.850000 2.008610 0.800000
    endloop
  endfacet
  facet normal 0.000000 0.000000 1.000000
    outer loop
      vertex 1.636643 2.520944 0.800000
      vertex 3.850000 2.008610 0.800000
      vertex 3.863741 2.200735 0.800000
    endloop
  endfacet
  facet normal 0.000000 -0.000000 -1.000000
    outer loop
      vertex 1.636643 2.520944 -0.800000
      vertex 3.850000 2.008610 -0.800000
      vertex 1.600000 2.008610 -0.800000
    endloop
  endfacet
  facet normal 0.000000 0.000000 -1.000000
    outer loop
      vertex 1.636643 2.520944 -0.800000
      vertex 3.863741 2.200735 -0.800000
      vertex 3.850000 2.008610 -0.800000
    endloop
  endfacet
  facet normal -0.997452 0.071339 0.000000
    outer loop
      vertex 1.636643 2.520944 -0.800000
      vertex 1.600000 2.008610 -0.800000
      vertex 1.600000 2.008610 0.800000
    endloop
  endfacet
  facet normal -0.997452 0.071339 0.000000
    outer loop
      vertex 1.636643 2.520944 -0.800000
      vertex 1.600000 2.008610 0.800000
      vertex 1.636643 2.520944 0.800000
    endloop
  endfacet
  facet normal 0.997452 -0.071339 0.000000
    outer loop
      vertex 3.863741 2.200735 -0.800000
      vertex 3.850000 2.008610 0.800000
      vertex 3.850000 2.008610 -0.800000
    endloop
  endfacet
  facet normal 0.997452 -0.071339 0.000000
    outer loop
      vertex 3.863741 2.200735 -0.800000
      vertex 3.863741 2.200735 0.800000
      vertex 3.850000 2.008610 0.800000
    endloop
  endfacet
  facet normal 0.000000 0.000000 1.000000
    outer loop
      vertex 1.600000 2.008610 0.800000
      vertex 1.636643 1.496277 0.800000
      vertex 3.863741 1.816485 0.800000
    endloop
  endfacet
  facet normal 0.000000 0.000000 1.000000
    outer loop
      vertex 1.600000 2.008610 0.800000
      vertex 3.863741 1.816485 0.800000
      vertex 3.850000 2.008610 0.800000
    endloop
  endfacet
  facet normal 0.000000 0.000000 -1.000000
    outer loop
      vertex 1.600000 2.008610 -0.800000
      vertex 3.863741 1.816485 -0.800000
      vertex 1.636643 1.496277 -0.800000
    endloop
  endfacet
  facet normal 0.000000 0.000000 -1.000000
    outer loop
      vertex 1.600000 2.008610 -0.800000
      vertex 3.850000 2.008610 -0.800000
      vertex 3.863741 1.816485 -0.800000
    endloop
  endfacet
  facet normal -0.997452 -0.071339 0.000000
    outer loop
      vertex 1.600000 2.008610 -0.800000
      vertex 1.636643 1.496277 -0.800000
      vertex 1.636643 1.496277 0.800000
    endloop
  endfacet
  facet normal -0.997452 -0.071339 0.000000
    outer loop
      vertex 1.600000 2.008610 -0.800000
      vertex 1.636643 1.496277 0.800000
      vertex 1.600000 2.008610 0.800000
    endloop
  endfacet
  facet normal 0.997452 0.071339 0.000000
    outer loop
      vertex 3.850000 2.008610 -0.800000
      vertex 3.863741 1.816485 0.800000
      vertex 3.863741 1.816485 -0.800000
    endloop
  endfacet
  facet normal 0.997452 0.071339 -0.000000
    outer loop
      vertex 3.850000 2.008610 -0.800000
      vertex 3.850000 2.008610 0.800000
      vertex 3.863741 1.816485 0.800000
    endloop
  endfacet
  facet normal -0.000000 0.000000 1.000000
    outer loop
      vertex 1.636643 1.496277 0.800000
      vertex 1.745825 0.994373 0.800000
      vertex 3.904684 1.628272 0.800000
    endloop
  endfacet
  facet normal 0.000000 0.000000 1.000000
    outer loop
      vertex 1.636643 1.496277 0.800000
      vertex 3.904684 1.628272 0.800000
      vertex 3.863741 1.816485 0.800000
    endloop
  endfacet
  facet normal 0.000000 0.000000 -1.000000
    outer loop
      vertex 1.636643 1.496277 -0.800000
      vertex 3.904684 1.628272 -0.800000
      vertex 1.745825 0.994373 -0.800000
    endloop
  endfacet
  facet normal 0.000000 0.000000 -1.000000
    outer loop
      vertex 1.636643 1.496277 -0.800000
      vertex 3.863741 1.816485 -0.800000
      vertex 3.904684 1.628272 -0.800000
    endloop
  endfacet
  facet normal -0.977147 -0.212565 0.000000
    outer loop
      vertex 1.636643 1.496277 -0.800000
      vertex 1.745825 0.994373 -0.800000
      vertex 1.745825 0.994373 0.800000
    endloop
  endfacet
  facet normal -0.977147 -0.212565 0.000000
    outer loop
      vertex 1.636643 1.496277 -0.800000
      vertex 1.745825 0.994373 0.800000
      vertex 1.636643 1.496277 0.800000
    endloop
  endfacet
  facet normal 0.977147 0.212565 0.000000
    outer loop
      vertex 3.863741 1.816485 -0.800000
      vertex 3.904684 1.628272 0.800000
      vertex 3.904684 1.628272 -0.800000
    endloop
  endfacet
  facet normal 0.977147 0.212565 -0.000000
    outer loop
      vertex 3.863741 1.816485 -0.800000
      vertex 3.863741 1.816485 0.800000
      vertex 3.904684 1.628272 0.800000
    endloop
  endfacet
  facet normal -0.000000 0.000000 1.000000
    outer loop
      vertex 1.745825 0.994373 0.800000
      vertex 1.925325 0.513116 0.800000
      vertex 3.971997 1.447800 0.800000
    endloop
  endfacet
  facet normal 0.000000 0.000000 1.000000
    outer loop
      vertex 1.745825 0.994373 0.800000
      vertex 3.971997 1.447800 0.800000
      vertex 3.904684 1.628272 0.800000
    endloop
  endfacet
  facet normal 0.000000 0.000000 -1.000000
    outer loop
      vertex 1.745825 0.994373 -0.800000
      vertex 3.971997 1.447800 -0.800000
      vertex 1.925325 0.513116 -0.800000
    endloop
  endfacet
  facet normal 0.000000 0.000000 -1.000000
    outer loop
      vertex 1.745825 0.994373 -0.800000
      vertex 3.904684 1.628272 -0.800000
      vertex 3.971997 1.447800 -0.800000
    endloop
  endfacet
  facet normal -0.936950 -0.349464 0.000000
    outer loop
      vertex 1.745825 0.994373 -0.800000
      vertex 1.925325 0.513116 -0.800000
      vertex 1.925325 0.513116 0.800000
    endloop
  endfacet
  facet normal -0.936950 -0.349464 0.000000
    outer loop
      vertex 1.745825 0.994373 -0.800000
      vertex 1.925325 0.513116 0.800000
      vertex 1.745825 0.994373 0.800000
    endloop
  endfacet
  facet normal 0.936950 0.349464 0.000000
    outer loop
      vertex 3.904684 1.628272 -0.800000
      vertex 3.971997 1.447800 0.800000
      vertex 3.971997 1.447800 -0.800000
    endloop
  endfacet
  facet normal 0.936950 0.349464 -0.000000
    outer loop
      vertex 3.904684 1.628272 -0.800000
      vertex 3.904684 1.628272 0.800000
      vertex 3.971997 1.447800 0.800000
    endloop
  endfacet
  facet normal -0.000000 0.000000 1.000000
    outer loop
      vertex 1.925325 0.513116 0.800000
      vertex 2.171487 0.062304 0.800000
      vertex 4.064308 1.278745 0.800000
    endloop
  endfacet
  facet normal 0.000000 0.000000 1.000000
    outer loop
      vertex 1.925325 0.513116 0.800000
      vertex 4.064308 1.278745 0.800000
      vertex 3.971997 1.447800 0.800000
    endloop
  endfacet
  facet normal 0.000000 0.000000 -1.000000
    outer loop
      vertex 1.925325 0.513116 -0.800000
      vertex 4.064308 1.278745 -0.800000
      vertex 2.171487 0.062304 -0.800000
    endloop
  endfacet
  facet normal 0.000000 0.000000 -1.000000
    outer loop
      vertex 1.925325 0.513116 -0.800000
      vertex 3.971997 1.447800 -0.800000
      vertex 4.064308 1.278745 -0.800000
    endloop
  endfacet
  facet normal -0.877679 -0.479249 0.000000
    outer loop
      vertex 1.925325 0.513116 -0.800000
      vertex 2.171487 0.062304 -0.800000
      vertex 2.171487 0.062304 0.800000
    endloop
  endfacet
  facet normal -0.877679 -0.479249 0.000000
    outer loop
      vertex 1.925325 0.513116 -0.800000
      vertex 2.171487 0.062304 0.800000
      vertex 1.925325 0.513116 0.800000
    endloop
  endfacet
  facet normal 0.877679 0.479249 0.000000
    outer loop
      vertex 3.971997 1.447800 -0.800000
      vertex 4.064308 1.278745 0.800000
      vertex 4.064308 1.278745 -0.800000
    endloop
  endfacet
  facet normal 0.877679 0.479249 -0.000000
    outer loop
      vertex 3.971997 1.447800 -0.800000
      vertex 3.971997 1.447800 0.800000
      vertex 4.064308 1.278745 0.800000
    endloop
  endfacet
  facet normal -0.000000 0.000000 1.000000
    outer loop
      vertex 2.171487 0.062304 0.800000
      vertex 2.479302 -0.348888 0.800000
      vertex 4.179738 1.124548 0.800000
    endloop
  endfacet
  facet normal 0.000000 0.000000 1.000000
    outer loop
      vertex 2.171487 0.062304 0.800000
      vertex 4.179738 1.124548 0.800000
      vertex 4.064308 1.278745 0.800000
    endloop
  endfacet
  facet normal 0.000000 0.000000 -1.000000
    outer loop
      vertex 2.171487 0.062304 -0.800000
      vertex 4.179738 1.124548 -0.800000
      vertex 2.479302 -0.348888 -0.800000
    endloop
  endfacet
  facet normal 0.000000 0.000000 -1.000000
    outer loop
      vertex 2.171487 0.062304 -0.800000
      vertex 4.064308 1.278745 -0.800000
      vertex 4.179738 1.124548 -0.800000
    endloop
  endfacet
  facet normal -0.800541 -0.599278 0.000000
    outer loop
      vertex 2.171487 0.062304 -0.800000
      vertex 2.479302 -0.348888 -0.800000
      vertex 2.479302 -0.348888 0.800000
    endloop
  endfacet
  facet normal -0.800541 -0.599278 0.000000
    outer loop
      vertex 2.171487 0.062304 -0.800000
      vertex 2.479302 -0.348888 0.800000
      vertex 2.171487 0.062304 0.800000
    endloop
  endfacet
  facet normal 0.800541 0.599278 0.000000
    outer loop
      vertex 4.064308 1.278745 -0.800000
      vertex 4.179738 1.124548 0.800000
      vertex 4.179738 1.124548 -0.800000
    endloop
  endfacet
  facet normal 0.800541 0.599278 -0.000000
    outer loop
      vertex 4.064308 1.278745 -0.800000
      vertex 4.064308 1.278745 0.800000
      vertex 4.179738 1.124548 0.800000
    endloop
  endfacet
  facet normal -0.000000 0.000000 1.000000
    outer loop
      vertex 2.479302 -0.348888 0.800000
      vertex 2.842501 -0.712088 0.800000
      vertex 4.315938 0.988349 0.800000
    endloop
  endfacet
  facet normal 0.000000 0.000000 1.000000
    outer loop
      vertex 2.479302 -0.348888 0.800000
      vertex 4.315938 0.988349 0.800000
      vertex 4.179738 1.124548 0.800000
    endloop
  endfacet
  facet normal 0.000000 0.000000 -1.000000
    outer loop
      vertex 2.479302 -0.348888 -0.800000
      vertex 4.315938 0.988349 -0.800000
      vertex 2.842501 -0.712088 -0.800000
    endloop
  endfacet
  facet normal 0.000000 0.000000 -1.000000
    outer loop
      vertex 2.479302 -0.348888 -0.800000
      vertex 4.179738 1.124548 -0.800000
      vertex 4.315938 0.988349 -0.800000
    endloop
  endfacet
  facet normal -0.707107 -0.707107 0.000000
    outer loop
      vertex 2.479302 -0.348888 -0.800000
      vertex 2.842501 -0.712088 -0.800000
      vertex 2.842501 -0.712088 0.800000
    endloop
  endfacet
  facet normal -0.707107 -0.707107 0.000000
    outer loop
      vertex 2.479302 -0.348888 -0.800000
      vertex 2.842501 -0.712088 0.800000
      vertex 2.479302 -0.348888 0.800000
    endloop
  endfacet
  facet normal 0.707107 0.707107 0.000000
    outer loop
      vertex 4.179738 1.124548 -0.800000
      vertex 4.315938 0.988349 0.800000
      vertex 4.315938 0.988349 -0.800000
    endloop
  endfacet
  facet normal 0.707107 0.707107 -0.000000
    outer loop
      vertex 4.179738 1.124548 -0.800000
      vertex 4.179738 1.124548 0.800000
      vertex 4.315938 0.988349 0.800000
    endloop
  endfacet
  facet normal -0.000000 0.000000 1.000000
    outer loop
      vertex 2.842501 -0.712088 0.800000
      vertex 3.253693 -1.019902 0.800000
      vertex 4.470135 0.872918 0.800000
    endloop
  endfacet
  facet normal 0.000000 0.000000 1.000000
    outer loop
      vertex 2.842501 -0.712088 0.800000
      vertex 4.470135 0.872918 0.800000
      vertex 4.315938 0.988349 0.800000
    endloop
  endfacet
  facet normal 0.000000 0.000000 -1.000000
    outer loop
      vertex 2.842501 -0.712088 -0.800000
      vertex 4.470135 0.872918 -0.800000
      vertex 3.253693 -1.019902 -0.800000
    endloop
  endfacet
  facet normal 0.000000 0.000000 -1.000000
    outer loop
      vertex 2.842501 -0.712088 -0.800000
      vertex 4.315938 0.988349 -0.800000
      vertex 4.470135 0.872918 -0.800000
    endloop
  endfacet
  facet normal -0.599278 -0.800541 0.000000
    outer loop
      vertex 2.842501 -0.712088 -0.800000
      vertex 3.253693 -1.019902 -0.800000
      vertex 3.253693 -1.019902 0.800000
    endloop
  endfacet
  facet normal -0.599278 -0.800541 0.000000
    outer loop
      vertex 2.842501 -0.712088 -0.800000
      vertex 3.253693 -1.019902 0.800000
      vertex 2.842501 -0.712088 0.800000
    endloop
  endfacet
  facet normal 0.599278 0.800541 0.000000
    outer loop
      vertex 4.315938 0.988349 -0.800000
      vertex 4.470135 0.872918 0.800000
      vertex 4.470135 0.872918 -0.800000
    endloop
  endfacet
  facet normal 0.599278 0.800541 -0.000000
    outer loop
      vertex 4.315938 0.988349 -0.800000
      vertex 4.315938 0.988349 0.800000
      vertex 4.470135 0.872918 0.800000
    endloop
  endfacet
  facet normal -0.000000 0.000000 1.000000
    outer loop
      vertex 3.253693 -1.019902 0.800000
      vertex 3.704506 -1.266065 0.800000
      vertex 4.639190 0.780607 0.800000
    endloop
  endfacet
  facet normal 0.000000 0.000000 1.000000
    outer loop
      vertex 3.253693 -1.019902 0.800000
      vertex 4.639190 0.780607 0.800000
      vertex 4.470135 0.872918 0.800000
    endloop
  endfacet
  facet normal 0.000000 0.000000 -1.000000
    outer loop
      vertex 3.253693 -1.019902 -0.800000
      vertex 4.639190 0.780607 -0.800000
      vertex 3.704506 -1.266065 -0.800000
    endloop
  endfacet
  facet normal 0.000000 0.000000 -1.000000
    outer loop
      vertex 3.253693 -1.019902 -0.800000
      vertex 4.470135 0.872918 -0.800000
      vertex 4.639190 0.780607 -0.800000
    endloop
  endfacet
  facet normal -0.479249 -0.877679 0.000000
    outer loop
      vertex 3.253693 -1.019902 -0.800000
      vertex 3.704506 -1.266065 -0.800000
      vertex 3.704506 -1.266065 0.800000
    endloop
  endfacet
  facet normal -0.479249 -0.877679 0.000000
    outer loop
      vertex 3.253693 -1.019902 -0.800000
      vertex 3.704506 -1.266065 0.800000
      vertex 3.253693 -1.019902 0.800000
    endloop
  endfacet
  facet normal 0.479249 0.877679 0.000000
    outer loop
      vertex 4.470135 0.872918 -0.800000
      vertex 4.639190 0.780607 0.800000
      vertex 4.639190 0.780607 -0.800000
    endloop
  endfacet
  facet normal 0.479249 0.877679 -0.000000
    outer loop
      vertex 4.470135 0.872918 -0.800000
      vertex 4.470135 0.872918 0.800000
      vertex 4.639190 0.780607 0.800000
    endloop
  endfacet
  facet normal -0.000000 0.000000 1.000000
    outer loop
      vertex 3.704506 -1.266065 0.800000
      vertex 4.185763 -1.445564 0.800000
      vertex 4.819661 0.713295 0.800000
    endloop
  endfacet
  facet normal 0.000000 0.000000 1.000000
    outer loop
      vertex 3.704506 -1.266065 0.800000
      vertex 4.819661 0.713295 0.800000
      vertex 4.639190 0.780607 0.800000
    endloop
  endfacet
  facet normal 0.000000 0.000000 -1.000000
    outer loop
      vertex 3.704506 -1.266065 -0.800000
      vertex 4.819661 0.713295 -0.800000
      vertex 4.185763 -1.445564 -0.800000
    endloop
  endfacet
  facet normal 0.000000 0.000000 -1.000000
    outer loop
      vertex 3.704506 -1.266065 -0.800000
      vertex 4.639190 0.780607 -0.800000
      vertex 4.819661 0.713295 -0.800000
    endloop
  endfacet
  facet normal -0.349464 -0.936950 0.000000
    outer loop
      vertex 3.704506 -1.266065 -0.800000
      vertex 4.185763 -1.445564 -0.800000
      vertex 4.185763 -1.445564 0.800000
    endloop
  endfacet
  facet normal -0.349464 -0.936950 0.000000
    outer loop
      vertex 3.704506 -1.266065 -0.800000
      vertex 4.185763 -1.445564 0.800000
      vertex 3.704506 -1.266065 0.800000
    endloop
  endfacet
  facet normal 0.349464 0.936950 0.000000
    outer loop
      vertex 4.639190 0.780607 -0.800000
      vertex 4.819661 0.713295 0.800000
      vertex 4.819661 0.713295 -0.800000
    endloop
  endfacet
  facet normal 0.349464 0.936950 -0.000000
    outer loop
      vertex 4.639190 0.780607 -0.800000
      vertex 4.639190 0.780607 0.800000
      vertex 4.819661 0.713295 0.800000
    endloop
  endfacet
  facet normal -0.000000 0.000000 1.000000
    outer loop
      vertex 4.185763 -1.445564 0.800000
      vertex 4.687667 -1.554747 0.800000
      vertex 5.007875 0.672352 0.800000
    endloop
  endfacet
  facet normal 0.000000 0.000000 1.000000
    outer loop
      vertex 4.185763 -1.445564 0.800000
      vertex 5.007875 0.672352 0.800000
      vertex 4.819661 0.713295 0.800000
    endloop
  endfacet
  facet normal 0.000000 0.000000 -1.000000
    outer loop
      vertex 4.185763 -1.445564 -0.800000
      vertex 5.007875 0.672352 -0.800000
      vertex 4.687667 -1.554747 -0.800000
    endloop
  endfacet
  facet normal 0.000000 0.000000 -1.000000
    outer loop
      vertex 4.185763 -1.445564 -0.800000
      vertex 4.819661 0.713295 -0.800000
      vertex 5.007875 0.672352 -0.800000
    endloop
  endfacet
  facet normal -0.212565 -0.977147 0.000000
    outer loop
      vertex 4.185763 -1.445564 -0.800000
      vertex 4.687667 -1.554747 -0.800000
      vertex 4.687667 -1.554747 0.800000
    endloop
  endfacet
  facet normal -0.212565 -0.977147 0.000000
    outer loop
      vertex 4.185763 -1.445564 -0.800000
      vertex 4.687667 -1.554747 0.800000
      vertex 4.185763 -1.445564 0.800000
    endloop
  endfacet
  facet normal 0.212565 0.977147 0.000000
    outer loop
      vertex 4.819661 0.713295 -0.800000
      vertex 5.007875 0.672352 0.800000
      vertex 5.007875 0.672352 -0.800000
    endloop
  endfacet
  facet normal 0.212565 0.977147 -0.000000
    outer loop
      vertex 4.819661 0.713295 -0.800000
      vertex 4.819661 0.713295 0.800000
      vertex 5.007875 0.672352 0.800000
    endloop
  endfacet
  facet normal -0.000000 0.000000 1.000000
    outer loop
      vertex 4.687667 -1.554747 0.800000
      vertex 5.200000 -1.591390 0.800000
      vertex 5.200000 0.658610 0.800000
    endloop
  endfacet
  facet normal 0.000000 0.000000 1.000000
    outer loop
      vertex 4.687667 -1.554747 0.800000
      vertex 5.200000 0.658610 0.800000
      vertex 5.007875 0.672352 0.800000
    endloop
  endfacet
  facet normal 0.000000 0.000000 -1.000000
    outer loop
      vertex 4.687667 -1.554747 -0.800000
      vertex 5.200000 0.658610 -0.800000
      vertex 5.200000 -1.591390 -0.800000
    endloop
  endfacet
  facet normal 0.000000 0.000000 -1.000000
    outer loop
      vertex 4.687667 -1.554747 -0.800000
      vertex 5.007875 0.672352 -0.800000
      vertex 5.200000 0.658610 -0.800000
    endloop
  endfacet
  facet normal -0.071339 -0.997452 0.000000
    outer loop
      vertex 4.687667 -1.554747 -0.800000
      vertex 5.200000 -1.591390 -0.800000
      vertex 5.200000 -1.591390 0.800000
    endloop
  endfacet
  facet normal -0.071339 -0.997452 0.000000
    outer loop
      vertex 4.687667 -1.554747 -0.800000
      vertex 5.200000 -1.591390 0.800000
      vertex 4.687667 -1.554747 0.800000
    endloop
  endfacet
  facet normal 0.071339 0.997452 0.000000
    outer loop
      vertex 5.007875 0.672352 -0.800000
      vertex 5.200000 0.658610 0.800000
      vertex 5.200000 0.658610 -0.800000
    endloop
  endfacet
  facet normal 0.071339 0.997452 -0.000000
    outer loop
      vertex 5.007875 0.672352 -0.800000
      vertex 5.007875 0.672352 0.800000
      vertex 5.200000 0.658610 0.800000
    endloop
  endfacet
  facet normal 0.000000 0.000000 1.000000
    outer loop
      vertex 5.200000 -1.591390 0.800000
      vertex 5.712333 -1.554747 0.800000
      vertex 5.392125 0.672352 0.800000
    endloop
  endfacet
  facet normal 0.000000 0.000000 1.000000
    outer loop
      vertex 5.200000 -1.591390 0.800000
      vertex 5.392125 0.672352 0.800000
      vertex 5.200000 0.658610 0.800000
    endloop
  endfacet
  facet normal 0.000000 0.000000 -1.000000
    outer loop
      vertex 5.200000 -1.591390 -0.800000
      vertex 5.392125 0.672352 -0.800000
      vertex 5.712333 -1.554747 -0.800000
    endloop
  endfacet
  facet normal 0.000000 0.000000 -1.000000
    outer loop
      vertex 5.200000 -1.591390 -0.800000
      vertex 5.200000 0.658610 -0.800000
      vertex 5.392125 0.672352 -0.800000
    endloop
  endfacet
  facet normal 0.071339 -0.997452 0.000000
    outer loop
      vertex 5.200000 -1.591390 -0.800000
      vertex 5.712333 -1.554747 -0.800000
      vertex 5.712333 -1.554747 0.800000
    endloop
  endfacet
  facet normal 0.071339 -0.997452 0.000000
    outer loop
      vertex 5.200000 -1.591390 -0.800000
      vertex 5.712333 -1.554747 0.800000
      vertex 5.200000 -1.591390 0.800000
    endloop
  endfacet
  facet normal -0.071339 0.997452 0.000000
    outer loop
      vertex 5.200000 0.658610 -0.800000
      vertex 5.392125 0.672352 0.800000
      vertex 5.392125 0.672352 -0.800000
    endloop
  endfacet
  facet normal -0.071339 0.997452 0.000000
    outer loop
      vertex 5.200000 0.658610 -0.800000
      vertex 5.200000 0.658610 0.800000
      vertex 5.392125 0.672352 0.800000
    endloop
  endfacet
  facet normal 0.000000 -0.000000 1.000000
    outer loop
      vertex 5.712333 -1.554747 0.800000
      vertex 6.214237 -1.445564 0.800000
      vertex 5.580339 0.713295 0.800000
    endloop
  endfacet
  facet normal 0.000000 0.000000 1.000000
    outer loop
      vertex 5.712333 -1.554747 0.800000
      vertex 5.580339 0.713295 0.800000
      vertex 5.392125 0.672352 0.800000
    endloop
  endfacet
  facet normal 0.000000 0.000000 -1.000000
    outer loop
      vertex 5.712333 -1.554747 -0.800000
      vertex 5.580339 0.713295 -0.800000
      vertex 6.214237 -1.445564 -0.800000
    endloop
  endfacet
  facet normal 0.000000 0.000000 -1.000000
    outer loop
      vertex 5.712333 -1.554747 -0.800000
      vertex 5.392125 0.672352 -0.800000
      vertex 5.580339 0.713295 -0.800000
    endloop
  endfacet
  facet normal 0.212565 -0.977147 0.000000
    outer loop
      vertex 5.712333 -1.554747 -0.800000
      vertex 6.214237 -1.445564 -0.800000
      vertex 6.214237 -1.445564 0.800000
    endloop
  endfacet
  facet normal 0.212565 -0.977147 0.000000
    outer loop
      vertex 5.712333 -1.554747 -0.800000
      vertex 6.214237 -1.445564 0.800000
      vertex 5.712333 -1.554747 0.800000
    endloop
  endfacet
  facet normal -0.212565 0.977147 0.000000
    outer loop
      vertex 5.392125 0.672352 -0.800000
      vertex 5.580339 0.713295 0.800000
      vertex 5.580339 0.713295 -0.800000
    endloop
  endfacet
  facet normal -0.212565 0.977147 0.000000
    outer loop
      vertex 5.392125 0.672352 -0.800000
      vertex 5.392125 0.672352 0.800000
      vertex 5.580339 0.713295 0.800000
    endloop
  endfacet
  facet normal 0.000000 -0.000000 1.000000
    outer loop
      vertex 6.214237 -1.445564 0.800000
      vertex 6.695494 -1.266065 0.800000
      vertex 5.760810 0.780607 0.800000
    endloop
  endfacet
  facet normal 0.000000 0.000000 1.000000
    outer loop
      vertex 6.214237 -1.445564 0.800000
      vertex 5.760810 0.780607 0.800000
      vertex 5.580339 0.713295 0.800000
    endloop
  endfacet
  facet normal 0.000000 0.000000 -1.000000
    outer loop
      vertex 6.214237 -1.445564 -0.800000
      vertex 5.760810 0.780607 -0.800000
      vertex 6.695494 -1.266065 -0.800000
    endloop
  endfacet
  facet normal 0.000000 0.000000 -1.000000
    outer loop
      vertex 6.214237 -1.445564 -0.800000
      vertex 5.580339 0.713295 -0.800000
      vertex 5.760810 0.780607 -0.800000
    endloop
  endfacet
  facet normal 0.349464 -0.936950 0.000000
    outer loop
      vertex 6.214237 -1.445564 -0.800000
      vertex 6.695494 -1.266065 -0.800000
      vertex 6.695494 -1.266065 0.800000
    endloop
  endfacet
  facet normal 0.349464 -0.936950 0.000000
    outer loop
      vertex 6.214237 -1.445564 -0.800000
      vertex 6.695494 -1.266065 0.800000
      vertex 6.214237 -1.445564 0.800000
    endloop
  endfacet
  facet normal -0.349464 0.936950 0.000000
    outer loop
      vertex 5.580339 0.713295 -0.800000
      vertex 5.760810 0.780607 0.800000
      vertex 5.760810 0.780607 -0.800000
    endloop
  endfacet
  facet normal -0.349464 0.936950 0.000000
    outer loop
      vertex 5.580339 0.713295 -0.800000
      vertex 5.580339 0.713295 0.800000
      vertex 5.760810 0.780607 0.800000
    endloop
  endfacet
  facet normal 0.000000 -0.000000 1.000000
    outer loop
      vertex 6.695494 -1.266065 0.800000
      vertex 7.146307 -1.019902 0.800000
      vertex 5.929865 0.872918 0.800000
    endloop
  endfacet
  facet normal 0.000000 0.000000 1.000000
    outer loop
      vertex 6.695494 -1.266065 0.800000
      vertex 5.929865 0.872918 0.800000
      vertex 5.760810 0.780607 0.800000
    endloop
  endfacet
  facet normal 0.000000 0.000000 -1.000000
    outer loop
      vertex 6.695494 -1.266065 -0.800000
      vertex 5.929865 0.872918 -0.800000
      vertex 7.146307 -1.019902 -0.800000
    endloop
  endfacet
  facet normal 0.000000 0.000000 -1.000000
    outer loop
      vertex 6.695494 -1.266065 -0.800000
      vertex 5.760810 0.780607 -0.800000
      vertex 5.929865 0.872918 -0.800000
    endloop
  endfacet
  facet normal 0.479249 -0.877679 0.000000
    outer loop
      vertex 6.695494 -1.266065 -0.800000
      vertex 7.146307 -1.019902 -0.800000
      vertex 7.146307 -1.019902 0.800000
    endloop
  endfacet
  facet normal 0.479249 -0.877679 0.000000
    outer loop
      vertex 6.695494 -1.266065 -0.800000
      vertex 7.146307 -1.019902 0.800000
      vertex 6.695494 -1.266065 0.800000
    endloop
  endfacet
  facet normal -0.479249 0.877679 0.000000
    outer loop
      vertex 5.760810 0.780607 -0.800000
      vertex 5.929865 0.872918 0.800000
      vertex 5.929865 0.872918 -0.800000
    endloop
  endfacet
  facet normal -0.479249 0.877679 0.000000
    outer loop
      vertex 5.760810 0.780607 -0.800000
      vertex 5.760810 0.780607 0.800000
      vertex 5.929865 0.872918 0.800000
    endloop
  endfacet
  facet normal 0.000000 -0.000000 1.000000
    outer loop
      vertex 7.146307 -1.019902 0.800000
      vertex 7.557499 -0.712088 0.800000
      vertex 6.084062 0.988349 0.800000
    endloop
  endfacet
  facet normal 0.000000 0.000000 1.000000
    outer loop
      vertex 7.146307 -1.019902 0.800000
      vertex 6.084062 0.988349 0.800000
      vertex 5.929865 0.872918 0.800000
    endloop
  endfacet
  facet normal 0.000000 0.000000 -1.000000
    outer loop
      vertex 7.146307 -1.019902 -0.800000
      vertex 6.084062 0.988349 -0.800000
      vertex 7.557499 -0.712088 -0.800000
    endloop
  endfacet
  facet normal 0.000000 0.000000 -1.000000
    outer loop
      vertex 7.146307 -1.019902 -0.800000
      vertex 5.929865 0.872918 -0.800000
      vertex 6.084062 0.988349 -0.800000
    endloop
  endfacet
  facet normal 0.599278 -0.800541 0.000000
    outer loop
      vertex 7.146307 -1.019902 -0.800000
      vertex 7.557499 -0.712088 -0.800000
      vertex 7.557499 -0.712088 0.800000
    endloop
  endfacet
  facet normal 0.599278 -0.800541 0.000000
    outer loop
      vertex 7.146307 -1.019902 -0.800000
      vertex 7.557499 -0.712088 0.800000
      vertex 7.146307 -1.019902 0.800000
    endloop
  endfacet
  facet normal -0.599278 0.800541 0.000000
    outer loop
      vertex 5.929865 0.872918 -0.800000
      vertex 6.084062 0.988349 0.800000
      vertex 6.084062 0.988349 -0.800000
    endloop
  endfacet
  facet normal -0.599278 0.800541 0.000000
    outer loop
      vertex 5.929865 0.872918 -0.800000
      vertex 5.929865 0.872918 0.800000
      vertex 6.084062 0.988349 0.800000
    endloop
  endfacet
  facet normal 0.000000 -0.000000 1.000000
    outer loop
      vertex 7.557499 -0.712088 0.800000
      vertex 7.920698 -0.348888 0.800000
      vertex 6.220262 1.124548 0.800000
    endloop
  endfacet
  facet normal 0.000000 0.000000 1.000000
    outer loop
      vertex 7.557499 -0.712088 0.800000
      vertex 6.220262 1.124548 0.800000
      vertex 6.084062 0.988349 0.800000
    endloop
  endfacet
  facet normal 0.000000 0.000000 -1.000000
    outer loop
      vertex 7.557499 -0.712088 -0.800000
      vertex 6.220262 1.124548 -0.800000
      vertex 7.920698 -0.348888 -0.800000
    endloop
  endfacet
  facet normal 0.000000 0.000000 -1.000000
    outer loop
      vertex 7.557499 -0.712088 -0.800000
      vertex 6.084062 0.988349 -0.800000
      vertex 6.220262 1.124548 -0.800000
    endloop
  endfacet
  facet normal 0.707107 -0.707107 0.000000
    outer loop
      vertex 7.557499 -0.712088 -0.800000
      vertex 7.920698 -0.348888 -0.800000
      vertex 7.920698 -0.348888 0.800000
    endloop
  endfacet
  facet normal 0.707107 -0.707107 0.000000
    outer loop
      vertex 7.557499 -0.712088 -0.800000
      vertex 7.920698 -0.348888 0.800000
      vertex 7.557499 -0.712088 0.800000
    endloop
  endfacet
  facet normal -0.707107 0.707107 0.000000
    outer loop
      vertex 6.084062 0.988349 -0.800000
      vertex 6.220262 1.124548 0.800000
      vertex 6.220262 1.124548 -0.800000
    endloop
  endfacet
  facet normal -0.707107 0.707107 0.000000
    outer loop
      vertex 6.084062 0.988349 -0.800000
      vertex 6.084062 0.988349 0.800000
      vertex 6.220262 1.124548 0.800000
    endloop
  endfacet
  facet normal 0.000000 -0.000000 1.000000
    outer loop
      vertex 7.920698 -0.348888 0.800000
      vertex 8.228513 0.062304 0.800000
      vertex 6.335692 1.278745 0.800000
    endloop
  endfacet
  facet normal 0.000000 0.000000 1.000000
    outer loop
      vertex 7.920698 -0.348888 0.800000
      vertex 6.335692 1.278745 0.800000
      vertex 6.220262 1.124548 0.800000
    endloop
  endfacet
  facet normal 0.000000 0.000000 -1.000000
    outer loop
      vertex 7.920698 -0.348888 -0.800000
      vertex 6.335692 1.278745 -0.800000
      vertex 8.228513 0.062304 -0.800000
    endloop
  endfacet
  facet normal 0.000000 0.000000 -1.000000
    outer loop
      vertex 7.920698 -0.348888 -0.800000
      vertex 6.220262 1.124548 -0.800000
      vertex 6.335692 1.278745 -0.800000
    endloop
  endfacet
  facet normal 0.800541 -0.599278 0.000000
    outer loop
      vertex 7.920698 -0.348888 -0.800000
      vertex 8.228513 0.062304 -0.800000
      vertex 8.228513 0.062304 0.800000
    endloop
  endfacet
  facet normal 0.800541 -0.599278 0.000000
    outer loop
      vertex 7.920698 -0.348888 -0.800000
      vertex 8.228513 0.062304 0.800000
      vertex 7.920698 -0.348888 0.800000
    endloop
  endfacet
  facet normal -0.800541 0.599278 0.000000
    outer loop
      vertex 6.220262 1.124548 -0.800000
      vertex 6.335692 1.278745 0.800000
      vertex 6.335692 1.278745 -0.800000
    endloop
  endfacet
  facet normal -0.800541 0.599278 0.000000
    outer loop
      vertex 6.220262 1.124548 -0.800000
      vertex 6.220262 1.124548 0.800000
      vertex 6.335692 1.278745 0.800000
    endloop
  endfacet
  facet normal 0.000000 -0.000000 1.000000
    outer loop
      vertex 8.228513 0.062304 0.800000
      vertex 8.474675 0.513116 0.800000
      vertex 6.428003 1.447800 0.800000
    endloop
  endfacet
  facet normal 0.000000 0.000000 1.000000
    outer loop
      vertex 8.228513 0.062304 0.800000
      vertex 6.428003 1.447800 0.800000
      vertex 6.335692 1.278745 0.800000
    endloop
  endfacet
  facet normal 0.000000 0.000000 -1.000000
    outer loop
      vertex 8.228513 0.062304 -0.800000
      vertex 6.428003 1.447800 -0.800000
      vertex 8.474675 0.513116 -0.800000
    endloop
  endfacet
  facet normal 0.000000 0.000000 -1.000000
    outer loop
      vertex 8.228513 0.062304 -0.800000
      vertex 6.335692 1.278745 -0.800000
      vertex 6.428003 1.447800 -0.800000
    endloop
  endfacet
  facet normal 0.877679 -0.479249 0.000000
    outer loop
      vertex 8.228513 0.062304 -0.800000
      vertex 8.474675 0.513116 -0.800000
      vertex 8.474675 0.513116 0.800000
    endloop
  endfacet
  facet normal 0.877679 -0.479249 0.000000
    outer loop
      vertex 8.228513 0.062304 -0.800000
      vertex 8.474675 0.513116 0.800000
      vertex 8.228513 0.062304 0.800000
    endloop
  endfacet
  facet normal -0.877679 0.479249 0.000000
    outer loop
      vertex 6.335692 1.278745 -0.800000
      vertex 6.428003 1.447800 0.800000
      vertex 6.428003 1.447800 -0.800000
    endloop
  endfacet
  facet normal -0.877679 0.479249 0.000000
    outer loop
      vertex 6.335692 1.278745 -0.800000
      vertex 6.335692 1.278745 0.800000
      vertex 6.428003 1.447800 0.800000
    endloop
  endfacet
  facet normal 0.000000 -0.000000 1.000000
    outer loop
      vertex 8.474675 0.513116 0.800000
      vertex 8.654175 0.994373 0.800000
      vertex 6.495316 1.628272 0.800000
    endloop
  endfacet
  facet normal 0.000000 0.000000 1.000000
    outer loop
      vertex 8.474675 0.513116 0.800000
      vertex 6.495316 1.628272 0.800000
      vertex 6.428003 1.447800 0.800000
    endloop
  endfacet
  facet normal 0.000000 0.000000 -1.000000
    outer loop
      vertex 8.474675 0.513116 -0.800000
      vertex 6.495316 1.628272 -0.800000
      vertex 8.654175 0.994373 -0.800000
    endloop
  endfacet
  facet normal 0.000000 0.000000 -1.000000
    outer loop
      vertex 8.474675 0.513116 -0.800000
      vertex 6.428003 1.447800 -0.800000
      vertex 6.495316 1.628272 -0.800000
    endloop
  endfacet
  facet normal 0.936950 -0.349464 0.000000
    outer loop
      vertex 8.474675 0.513116 -0.800000
      vertex 8.654175 0.994373 -0.800000
      vertex 8.654175 0.994373 0.800000
    endloop
  endfacet
  facet normal 0.936950 -0.349464 0.000000
    outer loop
      vertex 8.474675 0.513116 -0.800000
      vertex 8.654175 0.994373 0.800000
      vertex 8.474675 0.513116 0.800000
    endloop
  endfacet
  facet normal -0.936950 0.349464 0.000000
    outer loop
      vertex 6.428003 1.447800 -0.800000
      vertex 6.495316 1.628272 0.800000
      vertex 6.495316 1.628272 -0.800000
    endloop
  endfacet
  facet normal -0.936950 0.349464 0.000000
    outer loop
      vertex 6.428003 1.447800 -0.800000
      vertex 6.428003 1.447800 0.800000
      vertex 6.495316 1.628272 0.800000
    endloop
  endfacet
  facet normal 0.000000 -0.000000 1.000000
    outer loop
      vertex 8.654175 0.994373 0.800000
      vertex 8.763357 1.496277 0.800000
      vertex 6.536259 1.816485 0.800000
    endloop
  endfacet
  facet normal 0.000000 0.000000 1.000000
    outer loop
      vertex 8.654175 0.994373 0.800000
      vertex 6.536259 1.816485 0.800000
      vertex 6.495316 1.628272 0.800000
    endloop
  endfacet
  facet normal 0.000000 0.000000 -1.000000
    outer loop
      vertex 8.654175 0.994373 -0.800000
      vertex 6.536259 1.816485 -0.800000
      vertex 8.763357 1.496277 -0.800000
    endloop
  endfacet
  facet normal 0.000000 0.000000 -1.000000
    outer loop
      vertex 8.654175 0.994373 -0.800000
      vertex 6.495316 1.628272 -0.800000
      vertex 6.536259 1.816485 -0.800000
    endloop
  endfacet
  facet normal 0.977147 -0.212565 0.000000
    outer loop
      vertex 8.654175 0.994373 -0.800000
      vertex 8.763357 1.496277 -0.800000
      vertex 8.763357 1.496277 0.800000
    endloop
  endfacet
  facet normal 0.977147 -0.212565 0.000000
    outer loop
      vertex 8.654175 0.994373 -0.800000
      vertex 8.763357 1.496277 0.800000
      vertex 8.654175 0.994373 0.800000
    endloop
  endfacet
  facet normal -0.977147 0.212565 0.000000
    outer loop
      vertex 6.495316 1.628272 -0.800000
      vertex 6.536259 1.816485 0.800000
      vertex 6.536259 1.816485 -0.800000
    endloop
  endfacet
  facet normal -0.977147 0.212565 0.000000
    outer loop
      vertex 6.495316 1.628272 -0.800000
      vertex 6.495316 1.628272 0.800000
      vertex 6.536259 1.816485 0.800000
    endloop
  endfacet
  facet normal 0.000000 -0.000000 1.000000
    outer loop
      vertex 8.763357 1.496277 0.800000
      vertex 8.800000 2.008610 0.800000
      vertex 6.550000 2.008610 0.800000
    endloop
  endfacet
  facet normal 0.000000 0.000000 1.000000
    outer loop
      vertex 8.763357 1.496277 0.800000
      vertex 6.550000 2.008610 0.800000
      vertex 6.536259 1.816485 0.800000
    endloop
  endfacet
  facet normal 0.000000 0.000000 -1.000000
    outer loop
      vertex 8.763357 1.496277 -0.800000
      vertex 6.550000 2.008610 -0.800000
      vertex 8.800000 2.008610 -0.800000
    endloop
  endfacet
  facet normal 0.000000 0.000000 -1.000000
    outer loop
      vertex 8.763357 1.496277 -0.800000
      vertex 6.536259 1.816485 -0.800000
      vertex 6.550000 2.008610 -0.800000
    endloop
  endfacet
  facet normal 0.997452 -0.071339 0.000000
    outer loop
      vertex 8.763357 1.496277 -0.800000
      vertex 8.800000 2.008610 -0.800000
      vertex 8.800000 2.008610 0.800000
    endloop
  endfacet
  facet normal 0.997452 -0.071339 0.000000
    outer loop
      vertex 8.763357 1.496277 -0.800000
      vertex 8.800000 2.008610 0.800000
      vertex 8.763357 1.496277 0.800000
    endloop
  endfacet
  facet normal -0.997452 0.071339 0.000000
    outer loop
      vertex 6.536259 1.816485 -0.800000
      vertex 6.550000 2.008610 0.800000
      vertex 6.550000 2.008610 -0.800000
    endloop
  endfacet
  facet normal -0.997452 0.071339 0.000000
    outer loop
      vertex 6.536259 1.816485 -0.800000
      vertex 6.536259 1.816485 0.800000
      vertex 6.550000 2.008610 0.800000
    endloop
  endfacet
  facet normal 0.000000 0.000000 1.000000
    outer loop
      vertex 19.200000 5.258610 0.800000
      vertex 19.163357 5.770944 0.800000
      vertex 16.936259 5.450735 0.800000
    endloop
  endfacet
  facet normal 0.000000 0.000000 1.000000
    outer loop
      vertex 19.200000 5.258610 0.800000
      vertex 16.936259 5.450735 0.800000
      vertex 16.950000 5.258610 0.800000
    endloop
  endfacet
  facet normal 0.000000 0.000000 -1.000000
    outer loop
      vertex 19.200000 5.258610 -0.800000
      vertex 16.936259 5.450735 -0.800000
      vertex 19.163357 5.770944 -0.800000
    endloop
  endfacet
  facet normal 0.000000 0.000000 -1.000000
    outer loop
      vertex 19.200000 5.258610 -0.800000
      vertex 16.950000 5.258610 -0.800000
      vertex 16.936259 5.450735 -0.800000
    endloop
  endfacet
  facet normal 0.997452 0.071339 0.000000
    outer loop
      vertex 19.200000 5.258610 -0.800000
      vertex 19.163357 5.770944 -0.800000
      vertex 19.163357 5.770944 0.800000
    endloop
  endfacet
  facet normal 0.997452 0.071339 -0.000000
    outer loop
      vertex 19.200000 5.258610 -0.800000
      vertex 19.163357 5.770944 0.800000
      vertex 19.200000 5.258610 0.800000
    endloop
  endfacet
  facet normal -0.997452 -0.071339 0.000000
    outer loop
      vertex 16.950000 5.258610 -0.800000
      vertex 16.936259 5.450735 0.800000
      vertex 16.936259 5.450735 -0.800000
    endloop
  endfacet
  facet normal -0.997452 -0.071339 0.000000
    outer loop
      vertex 16.950000 5.258610 -0.800000
      vertex 16.950000 5.258610 0.800000
      vertex 16.936259 5.450735 0.800000
    endloop
  endfacet
  facet normal 0.000000 0.000000 1.000000
    outer loop
      vertex 19.163357 5.770944 0.800000
      vertex 19.054175 6.272848 0.800000
      vertex 16.895316 5.638949 0.800000
    endloop
  endfacet
  facet normal 0.000000 0.000000 1.000000
    outer loop
      vertex 19.163357 5.770944 0.800000
      vertex 16.895316 5.638949 0.800000
      vertex 16.936259 5.450735 0.800000
    endloop
  endfacet
  facet normal -0.000000 0.000000 -1.000000
    outer loop
      vertex 19.163357 5.770944 -0.800000
      vertex 16.895316 5.638949 -0.800000
      vertex 19.054175 6.272848 -0.800000
    endloop
  endfacet
  facet normal 0.000000 0.000000 -1.000000
    outer loop
      vertex 19.163357 5.770944 -0.800000
      vertex 16.936259 5.450735 -0.800000
      vertex 16.895316 5.638949 -0.800000
    endloop
  endfacet
  facet normal 0.977147 0.212565 0.000000
    outer loop
      vertex 19.163357 5.770944 -0.800000
      vertex 19.054175 6.272848 -0.800000
      vertex 19.054175 6.272848 0.800000
    endloop
  endfacet
  facet normal 0.977147 0.212565 -0.000000
    outer loop
      vertex 19.163357 5.770944 -0.800000
      vertex 19.054175 6.272848 0.800000
      vertex 19.163357 5.770944 0.800000
    endloop
  endfacet
  facet normal -0.977147 -0.212565 0.000000
    outer loop
      vertex 16.936259 5.450735 -0.800000
      vertex 16.895316 5.638949 0.800000
      vertex 16.895316 5.638949 -0.800000
    endloop
  endfacet
  facet normal -0.977147 -0.212565 0.000000
    outer loop
      vertex 16.936259 5.450735 -0.800000
      vertex 16.936259 5.450735 0.800000
      vertex 16.895316 5.638949 0.800000
    endloop
  endfacet
  facet normal 0.000000 0.000000 1.000000
    outer loop
      vertex 19.054175 6.272848 0.800000
      vertex 18.874675 6.754105 0.800000
      vertex 16.828003 5.819421 0.800000
    endloop
  endfacet
  facet normal 0.000000 0.000000 1.000000
    outer loop
      vertex 19.054175 6.272848 0.800000
      vertex 16.828003 5.819421 0.800000
      vertex 16.895316 5.638949 0.800000
    endloop
  endfacet
  facet normal -0.000000 0.000000 -1.000000
    outer loop
      vertex 19.054175 6.272848 -0.800000
      vertex 16.828003 5.819421 -0.800000
      vertex 18.874675 6.754105 -0.800000
    endloop
  endfacet
  facet normal 0.000000 0.000000 -1.000000
    outer loop
      vertex 19.054175 6.272848 -0.800000
      vertex 16.895316 5.638949 -0.800000
      vertex 16.828003 5.819421 -0.800000
    endloop
  endfacet
  facet normal 0.936950 0.349464 0.000000
    outer loop
      vertex 19.054175 6.272848 -0.800000
      vertex 18.874675 6.754105 -0.800000
      vertex 18.874675 6.754105 0.800000
    endloop
  endfacet
  facet normal 0.936950 0.349464 -0.000000
    outer loop
      vertex 19.054175 6.272848 -0.800000
      vertex 18.874675 6.754105 0.800000
      vertex 19.054175 6.272848 0.800000
    endloop
  endfacet
  facet normal -0.936950 -0.349464 0.000000
    outer loop
      vertex 16.895316 5.638949 -0.800000
      vertex 16.828003 5.819421 0.800000
      vertex 16.828003 5.819421 -0.800000
    endloop
  endfacet
  facet normal -0.936950 -0.349464 0.000000
    outer loop
      vertex 16.895316 5.638949 -0.800000
      vertex 16.895316 5.638949 0.800000
      vertex 16.828003 5.819421 0.800000
    endloop
  endfacet
  facet normal 0.000000 0.000000 1.000000
    outer loop
      vertex 18.874675 6.754105 0.800000
      vertex 18.628513 7.204917 0.800000
      vertex 16.735692 5.988476 0.800000
    endloop
  endfacet
  facet normal 0.000000 0.000000 1.000000
    outer loop
      vertex 18.874675 6.754105 0.800000
      vertex 16.735692 5.988476 0.800000
      vertex 16.828003 5.819421 0.800000
    endloop
  endfacet
  facet normal -0.000000 0.000000 -1.000000
    outer loop
      vertex 18.874675 6.754105 -0.800000
      vertex 16.735692 5.988476 -0.800000
      vertex 18.628513 7.204917 -0.800000
    endloop
  endfacet
  facet normal 0.000000 0.000000 -1.000000
    outer loop
      vertex 18.874675 6.754105 -0.800000
      vertex 16.828003 5.819421 -0.800000
      vertex 16.735692 5.988476 -0.800000
    endloop
  endfacet
  facet normal 0.877679 0.479249 0.000000
    outer loop
      vertex 18.874675 6.754105 -0.800000
      vertex 18.628513 7.204917 -0.800000
      vertex 18.628513 7.204917 0.800000
    endloop
  endfacet
  facet normal 0.877679 0.479249 -0.000000
    outer loop
      vertex 18.874675 6.754105 -0.800000
      vertex 18.628513 7.204917 0.800000
      vertex 18.874675 6.754105 0.800000
    endloop
  endfacet
  facet normal -0.877679 -0.479249 0.000000
    outer loop
      vertex 16.828003 5.819421 -0.800000
      vertex 16.735692 5.988476 0.800000
      vertex 16.735692 5.988476 -0.800000
    endloop
  endfacet
  facet normal -0.877679 -0.479249 0.000000
    outer loop
      vertex 16.828003 5.819421 -0.800000
      vertex 16.828003 5.819421 0.800000
      vertex 16.735692 5.988476 0.800000
    endloop
  endfacet
  facet normal 0.000000 0.000000 1.000000
    outer loop
      vertex 18.628513 7.204917 0.800000
      vertex 18.320698 7.616109 0.800000
      vertex 16.620262 6.142672 0.800000
    endloop
  endfacet
  facet normal 0.000000 0.000000 1.000000
    outer loop
      vertex 18.628513 7.204917 0.800000
      vertex 16.620262 6.142672 0.800000
      vertex 16.735692 5.988476 0.800000
    endloop
  endfacet
  facet normal -0.000000 0.000000 -1.000000
    outer loop
      vertex 18.628513 7.204917 -0.800000
      vertex 16.620262 6.142672 -0.800000
      vertex 18.320698 7.616109 -0.800000
    endloop
  endfacet
  facet normal 0.000000 0.000000 -1.000000
    outer loop
      vertex 18.628513 7.204917 -0.800000
      vertex 16.735692 5.988476 -0.800000
      vertex 16.620262 6.142672 -0.800000
    endloop
  endfacet
  facet normal 0.800541 0.599278 0.000000
    outer loop
      vertex 18.628513 7.204917 -0.800000
      vertex 18.320698 7.616109 -0.800000
      vertex 18.320698 7.616109 0.800000
    endloop
  endfacet
  facet normal 0.800541 0.599278 -0.000000
    outer loop
      vertex 18.628513 7.204917 -0.800000
      vertex 18.320698 7.616109 0.800000
      vertex 18.628513 7.204917 0.800000
    endloop
  endfacet
  facet normal -0.800541 -0.599278 0.000000
    outer loop
      vertex 16.735692 5.988476 -0.800000
      vertex 16.620262 6.142672 0.800000
      vertex 16.620262 6.142672 -0.800000
    endloop
  endfacet
  facet normal -0.800541 -0.599278 0.000000
    outer loop
      vertex 16.735692 5.988476 -0.800000
      vertex 16.735692 5.988476 0.800000
      vertex 16.620262 6.142672 0.800000
    endloop
  endfacet
  facet normal 0.000000 0.000000 1.000000
    outer loop
      vertex 18.320698 7.616109 0.800000
      vertex 17.957499 7.979309 0.800000
      vertex 16.484062 6.278872 0.800000
    endloop
  endfacet
  facet normal 0.000000 0.000000 1.000000
    outer loop
      vertex 18.320698 7.616109 0.800000
      vertex 16.484062 6.278872 0.800000
      vertex 16.620262 6.142672 0.800000
    endloop
  endfacet
  facet normal -0.000000 0.000000 -1.000000
    outer loop
      vertex 18.320698 7.616109 -0.800000
      vertex 16.484062 6.278872 -0.800000
      vertex 17.957499 7.979309 -0.800000
    endloop
  endfacet
  facet normal 0.000000 0.000000 -1.000000
    outer loop
      vertex 18.320698 7.616109 -0.800000
      vertex 16.620262 6.142672 -0.800000
      vertex 16.484062 6.278872 -0.800000
    endloop
  endfacet
  facet normal 0.707107 0.707107 0.000000
    outer loop
      vertex 18.320698 7.616109 -0.800000
      vertex 17.957499 7.979309 -0.800000
      vertex 17.957499 7.979309 0.800000
    endloop
  endfacet
  facet normal 0.707107 0.707107 -0.000000
    outer loop
      vertex 18.320698 7.616109 -0.800000
      vertex 17.957499 7.979309 0.800000
      vertex 18.320698 7.616109 0.800000
    endloop
  endfacet
  facet normal -0.707107 -0.707107 0.000000
    outer loop
      vertex 16.620262 6.142672 -0.800000
      vertex 16.484062 6.278872 0.800000
      vertex 16.484062 6.278872 -0.800000
    endloop
  endfacet
  facet normal -0.707107 -0.707107 0.000000
    outer loop
      vertex 16.620262 6.142672 -0.800000
      vertex 16.620262 6.142672 0.800000
      vertex 16.484062 6.278872 0.800000
    endloop
  endfacet
  facet normal 0.000000 0.000000 1.000000
    outer loop
      vertex 17.957499 7.979309 0.800000
      vertex 17.546307 8.287123 0.800000
      vertex 16.329865 6.394303 0.800000
    endloop
  endfacet
  facet normal 0.000000 0.000000 1.000000
    outer loop
      vertex 17.957499 7.979309 0.800000
      vertex 16.329865 6.394303 0.800000
      vertex 16.484062 6.278872 0.800000
    endloop
  endfacet
  facet normal -0.000000 0.000000 -1.000000
    outer loop
      vertex 17.957499 7.979309 -0.800000
      vertex 16.329865 6.394303 -0.800000
      vertex 17.546307 8.287123 -0.800000
    endloop
  endfacet
  facet normal 0.000000 0.000000 -1.000000
    outer loop
      vertex 17.957499 7.979309 -0.800000
      vertex 16.484062 6.278872 -0.800000
      vertex 16.329865 6.394303 -0.800000
    endloop
  endfacet
  facet normal 0.599278 0.800541 0.000000
    outer loop
      vertex 17.957499 7.979309 -0.800000
      vertex 17.546307 8.287123 -0.800000
      vertex 17.546307 8.287123 0.800000
    endloop
  endfacet
  facet normal 0.599278 0.800541 -0.000000
    outer loop
      vertex 17.957499 7.979309 -0.800000
      vertex 17.546307 8.287123 0.800000
      vertex 17.957499 7.979309 0.800000
    endloop
  endfacet
  facet normal -0.599278 -0.800541 0.000000
    outer loop
      vertex 16.484062 6.278872 -0.800000
      vertex 16.329865 6.394303 0.800000
      vertex 16.329865 6.394303 -0.800000
    endloop
  endfacet
  facet normal -0.599278 -0.800541 0.000000
    outer loop
      vertex 16.484062 6.278872 -0.800000
      vertex 16.484062 6.278872 0.800000
      vertex 16.329865 6.394303 0.800000
    endloop
  endfacet
  facet normal 0.000000 0.000000 1.000000
    outer loop
      vertex 17.546307 8.287123 0.800000
      vertex 17.095494 8.533286 0.800000
      vertex 16.160810 6.486614 0.800000
    endloop
  endfacet
  facet normal 0.000000 0.000000 1.000000
    outer loop
      vertex 17.546307 8.287123 0.800000
      vertex 16.160810 6.486614 0.800000
      vertex 16.329865 6.394303 0.800000
    endloop
  endfacet
  facet normal -0.000000 0.000000 -1.000000
    outer loop
      vertex 17.546307 8.287123 -0.800000
      vertex 16.160810 6.486614 -0.800000
      vertex 17.095494 8.533286 -0.800000
    endloop
  endfacet
  facet normal 0.000000 0.000000 -1.000000
    outer loop
      vertex 17.546307 8.287123 -0.800000
      vertex 16.329865 6.394303 -0.800000
      vertex 16.160810 6.486614 -0.800000
    endloop
  endfacet
  facet normal 0.479249 0.877679 0.000000
    outer loop
      vertex 17.546307 8.287123 -0.800000
      vertex 17.095494 8.533286 -0.800000
      vertex 17.095494 8.533286 0.800000
    endloop
  endfacet
  facet normal 0.479249 0.877679 -0.000000
    outer loop
      vertex 17.546307 8.287123 -0.800000
      vertex 17.095494 8.533286 0.800000
      vertex 17.546307 8.287123 0.800000
    endloop
  endfacet
  facet normal -0.479249 -0.877679 0.000000
    outer loop
      vertex 16.329865 6.394303 -0.800000
      vertex 16.160810 6.486614 0.800000
      vertex 16.160810 6.486614 -0.800000
    endloop
  endfacet
  facet normal -0.479249 -0.877679 0.000000
    outer loop
      vertex 16.329865 6.394303 -0.800000
      vertex 16.329865 6.394303 0.800000
      vertex 16.160810 6.486614 0.800000
    endloop
  endfacet
  facet normal 0.000000 0.000000 1.000000
    outer loop
      vertex 17.095494 8.533286 0.800000
      vertex 16.614237 8.712785 0.800000
      vertex 15.980339 6.553926 0.800000
    endloop
  endfacet
  facet normal 0.000000 0.000000 1.000000
    outer loop
      vertex 17.095494 8.533286 0.800000
      vertex 15.980339 6.553926 0.800000
      vertex 16.160810 6.486614 0.800000
    endloop
  endfacet
  facet normal -0.000000 0.000000 -1.000000
    outer loop
      vertex 17.095494 8.533286 -0.800000
      vertex 15.980339 6.553926 -0.800000
      vertex 16.614237 8.712785 -0.800000
    endloop
  endfacet
  facet normal 0.000000 0.000000 -1.000000
    outer loop
      vertex 17.095494 8.533286 -0.800000
      vertex 16.160810 6.486614 -0.800000
      vertex 15.980339 6.553926 -0.800000
    endloop
  endfacet
  facet normal 0.349464 0.936950 0.000000
    outer loop
      vertex 17.095494 8.533286 -0.800000
      vertex 16.614237 8.712785 -0.800000
      vertex 16.614237 8.712785 0.800000
    endloop
  endfacet
  facet normal 0.349464 0.936950 -0.000000
    outer loop
      vertex 17.095494 8.533286 -0.800000
      vertex 16.614237 8.712785 0.800000
      vertex 17.095494 8.533286 0.800000
    endloop
  endfacet
  facet normal -0.349464 -0.936950 0.000000
    outer loop
      vertex 16.160810 6.486614 -0.800000
      vertex 15.980339 6.553926 0.800000
      vertex 15.980339 6.553926 -0.800000
    endloop
  endfacet
  facet normal -0.349464 -0.936950 0.000000
    outer loop
      vertex 16.160810 6.486614 -0.800000
      vertex 16.160810 6.486614 0.800000
      vertex 15.980339 6.553926 0.800000
    endloop
  endfacet
  facet normal 0.000000 0.000000 1.000000
    outer loop
      vertex 16.614237 8.712785 0.800000
      vertex 16.112333 8.821968 0.800000
      vertex 15.792125 6.594869 0.800000
    endloop
  endfacet
  facet normal 0.000000 0.000000 1.000000
    outer loop
      vertex 16.614237 8.712785 0.800000
      vertex 15.792125 6.594869 0.800000
      vertex 15.980339 6.553926 0.800000
    endloop
  endfacet
  facet normal -0.000000 0.000000 -1.000000
    outer loop
      vertex 16.614237 8.712785 -0.800000
      vertex 15.792125 6.594869 -0.800000
      vertex 16.112333 8.821968 -0.800000
    endloop
  endfacet
  facet normal 0.000000 0.000000 -1.000000
    outer loop
      vertex 16.614237 8.712785 -0.800000
      vertex 15.980339 6.553926 -0.800000
      vertex 15.792125 6.594869 -0.800000
    endloop
  endfacet
  facet normal 0.212565 0.977147 0.000000
    outer loop
      vertex 16.614237 8.712785 -0.800000
      vertex 16.112333 8.821968 -0.800000
      vertex 16.112333 8.821968 0.800000
    endloop
  endfacet
  facet normal 0.212565 0.977147 -0.000000
    outer loop
      vertex 16.614237 8.712785 -0.800000
      vertex 16.112333 8.821968 0.800000
      vertex 16.614237 8.712785 0.800000
    endloop
  endfacet
  facet normal -0.212565 -0.977147 0.000000
    outer loop
      vertex 15.980339 6.553926 -0.800000
      vertex 15.792125 6.594869 0.800000
      vertex 15.792125 6.594869 -0.800000
    endloop
  endfacet
  facet normal -0.212565 -0.977147 0.000000
    outer loop
      vertex 15.980339 6.553926 -0.800000
      vertex 15.980339 6.553926 0.800000
      vertex 15.792125 6.594869 0.800000
    endloop
  endfacet
  facet normal 0.000000 0.000000 1.000000
    outer loop
      vertex 16.112333 8.821968 0.800000
      vertex 15.600000 8.858610 0.800000
      vertex 15.600000 6.608610 0.800000
    endloop
  endfacet
  facet normal 0.000000 0.000000 1.000000
    outer loop
      vertex 16.112333 8.821968 0.800000
      vertex 15.600000 6.608610 0.800000
      vertex 15.792125 6.594869 0.800000
    endloop
  endfacet
  facet normal -0.000000 0.000000 -1.000000
    outer loop
      vertex 16.112333 8.821968 -0.800000
      vertex 15.600000 6.608610 -0.800000
      vertex 15.600000 8.858610 -0.800000
    endloop
  endfacet
  facet normal 0.000000 0.000000 -1.000000
    outer loop
      vertex 16.112333 8.821968 -0.800000
      vertex 15.792125 6.594869 -0.800000
      vertex 15.600000 6.608610 -0.800000
    endloop
  endfacet
  facet normal 0.071339 0.997452 0.000000
    outer loop
      vertex 16.112333 8.821968 -0.800000
      vertex 15.600000 8.858610 -0.800000
      vertex 15.600000 8.858610 0.800000
    endloop
  endfacet
  facet normal 0.071339 0.997452 -0.000000
    outer loop
      vertex 16.112333 8.821968 -0.800000
      vertex 15.600000 8.858610 0.800000
      vertex 16.112333 8.821968 0.800000
    endloop
  endfacet
  facet normal -0.071339 -0.997452 0.000000
    outer loop
      vertex 15.792125 6.594869 -0.800000
      vertex 15.600000 6.608610 0.800000
      vertex 15.600000 6.608610 -0.800000
    endloop
  endfacet
  facet normal -0.071339 -0.997452 0.000000
    outer loop
      vertex 15.792125 6.594869 -0.800000
      vertex 15.792125 6.594869 0.800000
      vertex 15.600000 6.608610 0.800000
    endloop
  endfacet
  facet normal 0.000000 0.000000 1.000000
    outer loop
      vertex 15.600000 8.858610 0.800000
      vertex 15.087667 8.821968 0.800000
      vertex 15.407875 6.594869 0.800000
    endloop
  endfacet
  facet normal 0.000000 0.000000 1.000000
    outer loop
      vertex 15.600000 8.858610 0.800000
      vertex 15.407875 6.594869 0.800000
      vertex 15.600000 6.608610 0.800000
    endloop
  endfacet
  facet normal 0.000000 0.000000 -1.000000
    outer loop
      vertex 15.600000 8.858610 -0.800000
      vertex 15.407875 6.594869 -0.800000
      vertex 15.087667 8.821968 -0.800000
    endloop
  endfacet
  facet normal 0.000000 0.000000 -1.000000
    outer loop
      vertex 15.600000 8.858610 -0.800000
      vertex 15.600000 6.608610 -0.800000
      vertex 15.407875 6.594869 -0.800000
    endloop
  endfacet
  facet normal -0.071339 0.997452 0.000000
    outer loop
      vertex 15.600000 8.858610 -0.800000
      vertex 15.087667 8.821968 -0.800000
      vertex 15.087667 8.821968 0.800000
    endloop
  endfacet
  facet normal -0.071339 0.997452 0.000000
    outer loop
      vertex 15.600000 8.858610 -0.800000
      vertex 15.087667 8.821968 0.800000
      vertex 15.600000 8.858610 0.800000
    endloop
  endfacet
  facet normal 0.071339 -0.997452 0.000000
    outer loop
      vertex 15.600000 6.608610 -0.800000
      vertex 15.407875 6.594869 0.800000
      vertex 15.407875 6.594869 -0.800000
    endloop
  endfacet
  facet normal 0.071339 -0.997452 0.000000
    outer loop
      vertex 15.600000 6.608610 -0.800000
      vertex 15.600000 6.608610 0.800000
      vertex 15.407875 6.594869 0.800000
    endloop
  endfacet
  facet normal 0.000000 0.000000 1.000000
    outer loop
      vertex 15.087667 8.821968 0.800000
      vertex 14.585763 8.712785 0.800000
      vertex 15.219661 6.553926 0.800000
    endloop
  endfacet
  facet normal 0.000000 0.000000 1.000000
    outer loop
      vertex 15.087667 8.821968 0.800000
      vertex 15.219661 6.553926 0.800000
      vertex 15.407875 6.594869 0.800000
    endloop
  endfacet
  facet normal 0.000000 -0.000000 -1.000000
    outer loop
      vertex 15.087667 8.821968 -0.800000
      vertex 15.219661 6.553926 -0.800000
      vertex 14.585763 8.712785 -0.800000
    endloop
  endfacet
  facet normal 0.000000 0.000000 -1.000000
    outer loop
      vertex 15.087667 8.821968 -0.800000
      vertex 15.407875 6.594869 -0.800000
      vertex 15.219661 6.553926 -0.800000
    endloop
  endfacet
  facet normal -0.212565 0.977147 0.000000
    outer loop
      vertex 15.087667 8.821968 -0.800000
      vertex 14.585763 8.712785 -0.800000
      vertex 14.585763 8.712785 0.800000
    endloop
  endfacet
  facet normal -0.212565 0.977147 0.000000
    outer loop
      vertex 15.087667 8.821968 -0.800000
      vertex 14.585763 8.712785 0.800000
      vertex 15.087667 8.821968 0.800000
    endloop
  endfacet
  facet normal 0.212565 -0.977147 0.000000
    outer loop
      vertex 15.407875 6.594869 -0.800000
      vertex 15.219661 6.553926 0.800000
      vertex 15.219661 6.553926 -0.800000
    endloop
  endfacet
  facet normal 0.212565 -0.977147 0.000000
    outer loop
      vertex 15.407875 6.594869 -0.800000
      vertex 15.407875 6.594869 0.800000
      vertex 15.219661 6.553926 0.800000
    endloop
  endfacet
  facet normal 0.000000 0.000000 1.000000
    outer loop
      vertex 14.585763 8.712785 0.800000
      vertex 14.104506 8.533286 0.800000
      vertex 15.039190 6.486614 0.800000
    endloop
  endfacet
  facet normal 0.000000 0.000000 1.000000
    outer loop
      vertex 14.585763 8.712785 0.800000
      vertex 15.039190 6.486614 0.800000
      vertex 15.219661 6.553926 0.800000
    endloop
  endfacet
  facet normal 0.000000 -0.000000 -1.000000
    outer loop
      vertex 14.585763 8.712785 -0.800000
      vertex 15.039190 6.486614 -0.800000
      vertex 14.104506 8.533286 -0.800000
    endloop
  endfacet
  facet normal 0.000000 0.000000 -1.000000
    outer loop
      vertex 14.585763 8.712785 -0.800000
      vertex 15.219661 6.553926 -0.800000
      vertex 15.039190 6.486614 -0.800000
    endloop
  endfacet
  facet normal -0.349464 0.936950 0.000000
    outer loop
      vertex 14.585763 8.712785 -0.800000
      vertex 14.104506 8.533286 -0.800000
      vertex 14.104506 8.533286 0.800000
    endloop
  endfacet
  facet normal -0.349464 0.936950 0.000000
    outer loop
      vertex 14.585763 8.712785 -0.800000
      vertex 14.104506 8.533286 0.800000
      vertex 14.585763 8.712785 0.800000
    endloop
  endfacet
  facet normal 0.349464 -0.936950 0.000000
    outer loop
      vertex 15.219661 6.553926 -0.800000
      vertex 15.039190 6.486614 0.800000
      vertex 15.039190 6.486614 -0.800000
    endloop
  endfacet
  facet normal 0.349464 -0.936950 0.000000
    outer loop
      vertex 15.219661 6.553926 -0.800000
      vertex 15.219661 6.553926 0.800000
      vertex 15.039190 6.486614 0.800000
    endloop
  endfacet
  facet normal 0.000000 0.000000 1.000000
    outer loop
      vertex 14.104506 8.533286 0.800000
      vertex 13.653693 8.287123 0.800000
      vertex 14.870135 6.394303 0.800000
    endloop
  endfacet
  facet normal 0.000000 0.000000 1.000000
    outer loop
      vertex 14.104506 8.533286 0.800000
      vertex 14.870135 6.394303 0.800000
      vertex 15.039190 6.486614 0.800000
    endloop
  endfacet
  facet normal 0.000000 -0.000000 -1.000000
    outer loop
      vertex 14.104506 8.533286 -0.800000
      vertex 14.870135 6.394303 -0.800000
      vertex 13.653693 8.287123 -0.800000
    endloop
  endfacet
  facet normal 0.000000 0.000000 -1.000000
    outer loop
      vertex 14.104506 8.533286 -0.800000
      vertex 15.039190 6.486614 -0.800000
      vertex 14.870135 6.394303 -0.800000
    endloop
  endfacet
  facet normal -0.479249 0.877679 0.000000
    outer loop
      vertex 14.104506 8.533286 -0.800000
      vertex 13.653693 8.287123 -0.800000
      vertex 13.653693 8.287123 0.800000
    endloop
  endfacet
  facet normal -0.479249 0.877679 0.000000
    outer loop
      vertex 14.104506 8.533286 -0.800000
      vertex 13.653693 8.287123 0.800000
      vertex 14.104506 8.533286 0.800000
    endloop
  endfacet
  facet normal 0.479249 -0.877679 0.000000
    outer loop
      vertex 15.039190 6.486614 -0.800000
      vertex 14.870135 6.394303 0.800000
      vertex 14.870135 6.394303 -0.800000
    endloop
  endfacet
  facet normal 0.479249 -0.877679 0.000000
    outer loop
      vertex 15.039190 6.486614 -0.800000
      vertex 15.039190 6.486614 0.800000
      vertex 14.870135 6.394303 0.800000
    endloop
  endfacet
  facet normal 0.000000 0.000000 1.000000
    outer loop
      vertex 13.653693 8.287123 0.800000
      vertex 13.242501 7.979309 0.800000
      vertex 14.715938 6.278872 0.800000
    endloop
  endfacet
  facet normal 0.000000 0.000000 1.000000
    outer loop
      vertex 13.653693 8.287123 0.800000
      vertex 14.715938 6.278872 0.800000
      vertex 14.870135 6.394303 0.800000
    endloop
  endfacet
  facet normal 0.000000 -0.000000 -1.000000
    outer loop
      vertex 13.653693 8.287123 -0.800000
      vertex 14.715938 6.278872 -0.800000
      vertex 13.242501 7.979309 -0.800000
    endloop
  endfacet
  facet normal 0.000000 0.000000 -1.000000
    outer loop
      vertex 13.653693 8.287123 -0.800000
      vertex 14.870135 6.394303 -0.800000
      vertex 14.715938 6.278872 -0.800000
    endloop
  endfacet
  facet normal -0.599278 0.800541 0.000000
    outer loop
      vertex 13.653693 8.287123 -0.800000
      vertex 13.242501 7.979309 -0.800000
      vertex 13.242501 7.979309 0.800000
    endloop
  endfacet
  facet normal -0.599278 0.800541 0.000000
    outer loop
      vertex 13.653693 8.287123 -0.800000
      vertex 13.242501 7.979309 0.800000
      vertex 13.653693 8.287123 0.800000
    endloop
  endfacet
  facet normal 0.599278 -0.800541 0.000000
    outer loop
      vertex 14.870135 6.394303 -0.800000
      vertex 14.715938 6.278872 0.800000
      vertex 14.715938 6.278872 -0.800000
    endloop
  endfacet
  facet normal 0.599278 -0.800541 0.000000
    outer loop
      vertex 14.870135 6.394303 -0.800000
      vertex 14.870135 6.394303 0.800000
      vertex 14.715938 6.278872 0.800000
    endloop
  endfacet
  facet normal 0.000000 0.000000 1.000000
    outer loop
      vertex 13.242501 7.979309 0.800000
      vertex 12.879302 7.616109 0.800000
      vertex 14.579738 6.142672 0.800000
    endloop
  endfacet
  facet normal 0.000000 0.000000 1.000000
    outer loop
      vertex 13.242501 7.979309 0.800000
      vertex 14.579738 6.142672 0.800000
      vertex 14.715938 6.278872 0.800000
    endloop
  endfacet
  facet normal 0.000000 -0.000000 -1.000000
    outer loop
      vertex 13.242501 7.979309 -0.800000
      vertex 14.579738 6.142672 -0.800000
      vertex 12.879302 7.616109 -0.800000
    endloop
  endfacet
  facet normal 0.000000 0.000000 -1.000000
    outer loop
      vertex 13.242501 7.979309 -0.800000
      vertex 14.715938 6.278872 -0.800000
      vertex 14.579738 6.142672 -0.800000
    endloop
  endfacet
  facet normal -0.707107 0.707107 0.000000
    outer loop
      vertex 13.242501 7.979309 -0.800000
      vertex 12.879302 7.616109 -0.800000
      vertex 12.879302 7.616109 0.800000
    endloop
  endfacet
  facet normal -0.707107 0.707107 0.000000
    outer loop
      vertex 13.242501 7.979309 -0.800000
      vertex 12.879302 7.616109 0.800000
      vertex 13.242501 7.979309 0.800000
    endloop
  endfacet
  facet normal 0.707107 -0.707107 0.000000
    outer loop
      vertex 14.715938 6.278872 -0.800000
      vertex 14.579738 6.142672 0.800000
      vertex 14.579738 6.142672 -0.800000
    endloop
  endfacet
  facet normal 0.707107 -0.707107 0.000000
    outer loop
      vertex 14.715938 6.278872 -0.800000
      vertex 14.715938 6.278872 0.800000
      vertex 14.579738 6.142672 0.800000
    endloop
  endfacet
  facet normal 0.000000 0.000000 1.000000
    outer loop
      vertex 12.879302 7.616109 0.800000
      vertex 12.571487 7.204917 0.800000
      vertex 14.464308 5.988476 0.800000
    endloop
  endfacet
  facet normal 0.000000 0.000000 1.000000
    outer loop
      vertex 12.879302 7.616109 0.800000
      vertex 14.464308 5.988476 0.800000
      vertex 14.579738 6.142672 0.800000
    endloop
  endfacet
  facet normal 0.000000 -0.000000 -1.000000
    outer loop
      vertex 12.879302 7.616109 -0.800000
      vertex 14.464308 5.988476 -0.800000
      vertex 12.571487 7.204917 -0.800000
    endloop
  endfacet
  facet normal 0.000000 0.000000 -1.000000
    outer loop
      vertex 12.879302 7.616109 -0.800000
      vertex 14.579738 6.142672 -0.800000
      vertex 14.464308 5.988476 -0.800000
    endloop
  endfacet
  facet normal -0.800541 0.599278 0.000000
    outer loop
      vertex 12.879302 7.616109 -0.800000
      vertex 12.571487 7.204917 -0.800000
      vertex 12.571487 7.204917 0.800000
    endloop
  endfacet
  facet normal -0.800541 0.599278 0.000000
    outer loop
      vertex 12.879302 7.616109 -0.800000
      vertex 12.571487 7.204917 0.800000
      vertex 12.879302 7.616109 0.800000
    endloop
  endfacet
  facet normal 0.800541 -0.599278 0.000000
    outer loop
      vertex 14.579738 6.142672 -0.800000
      vertex 14.464308 5.988476 0.800000
      vertex 14.464308 5.988476 -0.800000
    endloop
  endfacet
  facet normal 0.800541 -0.599278 0.000000
    outer loop
      vertex 14.579738 6.142672 -0.800000
      vertex 14.579738 6.142672 0.800000
      vertex 14.464308 5.988476 0.800000
    endloop
  endfacet
  facet normal 0.000000 0.000000 1.000000
    outer loop
      vertex 12.571487 7.204917 0.800000
      vertex 12.325325 6.754105 0.800000
      vertex 14.371997 5.819421 0.800000
    endloop
  endfacet
  facet normal 0.000000 0.000000 1.000000
    outer loop
      vertex 12.571487 7.204917 0.800000
      vertex 14.371997 5.819421 0.800000
      vertex 14.464308 5.988476 0.800000
    endloop
  endfacet
  facet normal 0.000000 -0.000000 -1.000000
    outer loop
      vertex 12.571487 7.204917 -0.800000
      vertex 14.371997 5.819421 -0.800000
      vertex 12.325325 6.754105 -0.800000
    endloop
  endfacet
  facet normal 0.000000 0.000000 -1.000000
    outer loop
      vertex 12.571487 7.204917 -0.800000
      vertex 14.464308 5.988476 -0.800000
      vertex 14.371997 5.819421 -0.800000
    endloop
  endfacet
  facet normal -0.877679 0.479249 0.000000
    outer loop
      vertex 12.571487 7.204917 -0.800000
      vertex 12.325325 6.754105 -0.800000
      vertex 12.325325 6.754105 0.800000
    endloop
  endfacet
  facet normal -0.877679 0.479249 0.000000
    outer loop
      vertex 12.571487 7.204917 -0.800000
      vertex 12.325325 6.754105 0.800000
      vertex 12.571487 7.204917 0.800000
    endloop
  endfacet
  facet normal 0.877679 -0.479249 0.000000
    outer loop
      vertex 14.464308 5.988476 -0.800000
      vertex 14.371997 5.819421 0.800000
      vertex 14.371997 5.819421 -0.800000
    endloop
  endfacet
  facet normal 0.877679 -0.479249 0.000000
    outer loop
      vertex 14.464308 5.988476 -0.800000
      vertex 14.464308 5.988476 0.800000
      vertex 14.371997 5.819421 0.800000
    endloop
  endfacet
  facet normal 0.000000 0.000000 1.000000
    outer loop
      vertex 12.325325 6.754105 0.800000
      vertex 12.145825 6.272848 0.800000
      vertex 14.304684 5.638949 0.800000
    endloop
  endfacet
  facet normal 0.000000 0.000000 1.000000
    outer loop
      vertex 12.325325 6.754105 0.800000
      vertex 14.304684 5.638949 0.800000
      vertex 14.371997 5.819421 0.800000
    endloop
  endfacet
  facet normal 0.000000 -0.000000 -1.000000
    outer loop
      vertex 12.325325 6.754105 -0.800000
      vertex 14.304684 5.638949 -0.800000
      vertex 12.145825 6.272848 -0.800000
    endloop
  endfacet
  facet normal 0.000000 0.000000 -1.000000
    outer loop
      vertex 12.325325 6.754105 -0.800000
      vertex 14.371997 5.819421 -0.800000
      vertex 14.304684 5.638949 -0.800000
    endloop
  endfacet
  facet normal -0.936950 0.349464 0.000000
    outer loop
      vertex 12.325325 6.754105 -0.800000
      vertex 12.145825 6.272848 -0.800000
      vertex 12.145825 6.272848 0.800000
    endloop
  endfacet
  facet normal -0.936950 0.349464 0.000000
    outer loop
      vertex 12.325325 6.754105 -0.800000
      vertex 12.145825 6.272848 0.800000
      vertex 12.325325 6.754105 0.800000
    endloop
  endfacet
  facet normal 0.936950 -0.349464 0.000000
    outer loop
      vertex 14.371997 5.819421 -0.800000
      vertex 14.304684 5.638949 0.800000
      vertex 14.304684 5.638949 -0.800000
    endloop
  endfacet
  facet normal 0.936950 -0.349464 0.000000
    outer loop
      vertex 14.371997 5.819421 -0.800000
      vertex 14.371997 5.819421 0.800000
      vertex 14.304684 5.638949 0.800000
    endloop
  endfacet
  facet normal 0.000000 0.000000 1.000000
    outer loop
      vertex 12.145825 6.272848 0.800000
      vertex 12.036643 5.770944 0.800000
      vertex 14.263741 5.450735 0.800000
    endloop
  endfacet
  facet normal 0.000000 0.000000 1.000000
    outer loop
      vertex 12.145825 6.272848 0.800000
      vertex 14.263741 5.450735 0.800000
      vertex 14.304684 5.638949 0.800000
    endloop
  endfacet
  facet normal 0.000000 -0.000000 -1.000000
    outer loop
      vertex 12.145825 6.272848 -0.800000
      vertex 14.263741 5.450735 -0.800000
      vertex 12.036643 5.770944 -0.800000
    endloop
  endfacet
  facet normal 0.000000 0.000000 -1.000000
    outer loop
      vertex 12.145825 6.272848 -0.800000
      vertex 14.304684 5.638949 -0.800000
      vertex 14.263741 5.450735 -0.800000
    endloop
  endfacet
  facet normal -0.977147 0.212565 0.000000
    outer loop
      vertex 12.145825 6.272848 -0.800000
      vertex 12.036643 5.770944 -0.800000
      vertex 12.036643 5.770944 0.800000
    endloop
  endfacet
  facet normal -0.977147 0.212565 0.000000
    outer loop
      vertex 12.145825 6.272848 -0.800000
      vertex 12.036643 5.770944 0.800000
      vertex 12.145825 6.272848 0.800000
    endloop
  endfacet
  facet normal 0.977147 -0.212565 0.000000
    outer loop
      vertex 14.304684 5.638949 -0.800000
      vertex 14.263741 5.450735 0.800000
      vertex 14.263741 5.450735 -0.800000
    endloop
  endfacet
  facet normal 0.977147 -0.212565 0.000000
    outer loop
      vertex 14.304684 5.638949 -0.800000
      vertex 14.304684 5.638949 0.800000
      vertex 14.263741 5.450735 0.800000
    endloop
  endfacet
  facet normal 0.000000 0.000000 1.000000
    outer loop
      vertex 12.036643 5.770944 0.800000
      vertex 12.000000 5.258610 0.800000
      vertex 14.250000 5.258610 0.800000
    endloop
  endfacet
  facet normal 0.000000 0.000000 1.000000
    outer loop
      vertex 12.036643 5.770944 0.800000
      vertex 14.250000 5.258610 0.800000
      vertex 14.263741 5.450735 0.800000
    endloop
  endfacet
  facet normal 0.000000 -0.000000 -1.000000
    outer loop
      vertex 12.036643 5.770944 -0.800000
      vertex 14.250000 5.258610 -0.800000
      vertex 12.000000 5.258610 -0.800000
    endloop
  endfacet
  facet normal 0.000000 0.000000 -1.000000
    outer loop
      vertex 12.036643 5.770944 -0.800000
      vertex 14.263741 5.450735 -0.800000
      vertex 14.250000 5.258610 -0.800000
    endloop
  endfacet
  facet normal -0.997452 0.071339 0.000000
    outer loop
      vertex 12.036643 5.770944 -0.800000
      vertex 12.000000 5.258610 -0.800000
      vertex 12.000000 5.258610 0.800000
    endloop
  endfacet
  facet normal -0.997452 0.071339 0.000000
    outer loop
      vertex 12.036643 5.770944 -0.800000
      vertex 12.000000 5.258610 0.800000
      vertex 12.036643 5.770944 0.800000
    endloop
  endfacet
  facet normal 0.997452 -0.071339 0.000000
    outer loop
      vertex 14.263741 5.450735 -0.800000
      vertex 14.250000 5.258610 0.800000
      vertex 14.250000 5.258610 -0.800000
    endloop
  endfacet
  facet normal 0.997452 -0.071339 0.000000
    outer loop
      vertex 14.263741 5.450735 -0.800000
      vertex 14.263741 5.450735 0.800000
      vertex 14.250000 5.258610 0.800000
    endloop
  endfacet
  facet normal 0.000000 0.000000 1.000000
    outer loop
      vertex 12.000000 5.258610 0.800000
      vertex 12.036643 4.746277 0.800000
      vertex 14.263741 5.066485 0.800000
    endloop
  endfacet
  facet normal 0.000000 0.000000 1.000000
    outer loop
      vertex 12.000000 5.258610 0.800000
      vertex 14.263741 5.066485 0.800000
      vertex 14.250000 5.258610 0.800000
    endloop
  endfacet
  facet normal 0.000000 0.000000 -1.000000
    outer loop
      vertex 12.000000 5.258610 -0.800000
      vertex 14.263741 5.066485 -0.800000
      vertex 12.036643 4.746277 -0.800000
    endloop
  endfacet
  facet normal 0.000000 0.000000 -1.000000
    outer loop
      vertex 12.000000 5.258610 -0.800000
      vertex 14.250000 5.258610 -0.800000
      vertex 14.263741 5.066485 -0.800000
    endloop
  endfacet
  facet normal -0.997452 -0.071339 0.000000
    outer loop
      vertex 12.000000 5.258610 -0.800000
      vertex 12.036643 4.746277 -0.800000
      vertex 12.036643 4.746277 0.800000
    endloop
  endfacet
  facet normal -0.997452 -0.071339 0.000000
    outer loop
      vertex 12.000000 5.258610 -0.800000
      vertex 12.036643 4.746277 0.800000
      vertex 12.000000 5.258610 0.800000
    endloop
  endfacet
  facet normal 0.997452 0.071339 0.000000
    outer loop
      vertex 14.250000 5.258610 -0.800000
      vertex 14.263741 5.066485 0.800000
      vertex 14.263741 5.066485 -0.800000
    endloop
  endfacet
  facet normal 0.997452 0.071339 -0.000000
    outer loop
      vertex 14.250000 5.258610 -0.800000
      vertex 14.250000 5.258610 0.800000
      vertex 14.263741 5.066485 0.800000
    endloop
  endfacet
  facet normal -0.000000 0.000000 1.000000
    outer loop
      vertex 12.036643 4.746277 0.800000
      vertex 12.145825 4.244373 0.800000
      vertex 14.304684 4.878272 0.800000
    endloop
  endfacet
  facet normal 0.000000 0.000000 1.000000
    outer loop
      vertex 12.036643 4.746277 0.800000
      vertex 14.304684 4.878272 0.800000
      vertex 14.263741 5.066485 0.800000
    endloop
  endfacet
  facet normal 0.000000 0.000000 -1.000000
    outer loop
      vertex 12.036643 4.746277 -0.800000
      vertex 14.304684 4.878272 -0.800000
      vertex 12.145825 4.244373 -0.800000
    endloop
  endfacet
  facet normal 0.000000 0.000000 -1.000000
    outer loop
      vertex 12.036643 4.746277 -0.800000
      vertex 14.263741 5.066485 -0.800000
      vertex 14.304684 4.878272 -0.800000
    endloop
  endfacet
  facet normal -0.977147 -0.212565 0.000000
    outer loop
      vertex 12.036643 4.746277 -0.800000
      vertex 12.145825 4.244373 -0.800000
      vertex 12.145825 4.244373 0.800000
    endloop
  endfacet
  facet normal -0.977147 -0.212565 0.000000
    outer loop
      vertex 12.036643 4.746277 -0.800000
      vertex 12.145825 4.244373 0.800000
      vertex 12.036643 4.746277 0.800000
    endloop
  endfacet
  facet normal 0.977147 0.212565 0.000000
    outer loop
      vertex 14.263741 5.066485 -0.800000
      vertex 14.304684 4.878272 0.800000
      vertex 14.304684 4.878272 -0.800000
    endloop
  endfacet
  facet normal 0.977147 0.212565 -0.000000
    outer loop
      vertex 14.263741 5.066485 -0.800000
      vertex 14.263741 5.066485 0.800000
      vertex 14.304684 4.878272 0.800000
    endloop
  endfacet
  facet normal -0.000000 0.000000 1.000000
    outer loop
      vertex 12.145825 4.244373 0.800000
      vertex 12.325325 3.763116 0.800000
      vertex 14.371997 4.697800 0.800000
    endloop
  endfacet
  facet normal 0.000000 0.000000 1.000000
    outer loop
      vertex 12.145825 4.244373 0.800000
      vertex 14.371997 4.697800 0.800000
      vertex 14.304684 4.878272 0.800000
    endloop
  endfacet
  facet normal 0.000000 0.000000 -1.000000
    outer loop
      vertex 12.145825 4.244373 -0.800000
      vertex 14.371997 4.697800 -0.800000
      vertex 12.325325 3.763116 -0.800000
    endloop
  endfacet
  facet normal 0.000000 0.000000 -1.000000
    outer loop
      vertex 12.145825 4.244373 -0.800000
      vertex 14.304684 4.878272 -0.800000
      vertex 14.371997 4.697800 -0.800000
    endloop
  endfacet
  facet normal -0.936950 -0.349464 0.000000
    outer loop
      vertex 12.145825 4.244373 -0.800000
      vertex 12.325325 3.763116 -0.800000
      vertex 12.325325 3.763116 0.800000
    endloop
  endfacet
  facet normal -0.936950 -0.349464 0.000000
    outer loop
      vertex 12.145825 4.244373 -0.800000
      vertex 12.325325 3.763116 0.800000
      vertex 12.145825 4.244373 0.800000
    endloop
  endfacet
  facet normal 0.936950 0.349464 0.000000
    outer loop
      vertex 14.304684 4.878272 -0.800000
      vertex 14.371997 4.697800 0.800000
      vertex 14.371997 4.697800 -0.800000
    endloop
  endfacet
  facet normal 0.936950 0.349464 -0.000000
    outer loop
      vertex 14.304684 4.878272 -0.800000
      vertex 14.304684 4.878272 0.800000
      vertex 14.371997 4.697800 0.800000
    endloop
  endfacet
  facet normal -0.000000 0.000000 1.000000
    outer loop
      vertex 12.325325 3.763116 0.800000
      vertex 12.571487 3.312304 0.800000
      vertex 14.464308 4.528745 0.800000
    endloop
  endfacet
  facet normal 0.000000 0.000000 1.000000
    outer loop
      vertex 12.325325 3.763116 0.800000
      vertex 14.464308 4.528745 0.800000
      vertex 14.371997 4.697800 0.800000
    endloop
  endfacet
  facet normal 0.000000 0.000000 -1.000000
    outer loop
      vertex 12.325325 3.763116 -0.800000
      vertex 14.464308 4.528745 -0.800000
      vertex 12.571487 3.312304 -0.800000
    endloop
  endfacet
  facet normal 0.000000 0.000000 -1.000000
    outer loop
      vertex 12.325325 3.763116 -0.800000
      vertex 14.371997 4.697800 -0.800000
      vertex 14.464308 4.528745 -0.800000
    endloop
  endfacet
  facet normal -0.877679 -0.479249 0.000000
    outer loop
      vertex 12.325325 3.763116 -0.800000
      vertex 12.571487 3.312304 -0.800000
      vertex 12.571487 3.312304 0.800000
    endloop
  endfacet
  facet normal -0.877679 -0.479249 0.000000
    outer loop
      vertex 12.325325 3.763116 -0.800000
      vertex 12.571487 3.312304 0.800000
      vertex 12.325325 3.763116 0.800000
    endloop
  endfacet
  facet normal 0.877679 0.479249 0.000000
    outer loop
      vertex 14.371997 4.697800 -0.800000
      vertex 14.464308 4.528745 0.800000
      vertex 14.464308 4.528745 -0.800000
    endloop
  endfacet
  facet normal 0.877679 0.479249 -0.000000
    outer loop
      vertex 14.371997 4.697800 -0.800000
      vertex 14.371997 4.697800 0.800000
      vertex 14.464308 4.528745 0.800000
    endloop
  endfacet
  facet normal -0.000000 0.000000 1.000000
    outer loop
      vertex 12.571487 3.312304 0.800000
      vertex 12.879302 2.901112 0.800000
      vertex 14.579738 4.374548 0.800000
    endloop
  endfacet
  facet normal 0.000000 0.000000 1.000000
    outer loop
      vertex 12.571487 3.312304 0.800000
      vertex 14.579738 4.374548 0.800000
      vertex 14.464308 4.528745 0.800000
    endloop
  endfacet
  facet normal 0.000000 0.000000 -1.000000
    outer loop
      vertex 12.571487 3.312304 -0.800000
      vertex 14.579738 4.374548 -0.800000
      vertex 12.879302 2.901112 -0.800000
    endloop
  endfacet
  facet normal 0.000000 0.000000 -1.000000
    outer loop
      vertex 12.571487 3.312304 -0.800000
      vertex 14.464308 4.528745 -0.800000
      vertex 14.579738 4.374548 -0.800000
    endloop
  endfacet
  facet normal -0.800541 -0.599278 0.000000
    outer loop
      vertex 12.571487 3.312304 -0.800000
      vertex 12.879302 2.901112 -0.800000
      vertex 12.879302 2.901112 0.800000
    endloop
  endfacet
  facet normal -0.800541 -0.599278 0.000000
    outer loop
      vertex 12.571487 3.312304 -0.800000
      vertex 12.879302 2.901112 0.800000
      vertex 12.571487 3.312304 0.800000
    endloop
  endfacet
  facet normal 0.800541 0.599278 0.000000
    outer loop
      vertex 14.464308 4.528745 -0.800000
      vertex 14.579738 4.374548 0.800000
      vertex 14.579738 4.374548 -0.800000
    endloop
  endfacet
  facet normal 0.800541 0.599278 -0.000000
    outer loop
      vertex 14.464308 4.528745 -0.800000
      vertex 14.464308 4.528745 0.800000
      vertex 14.579738 4.374548 0.800000
    endloop
  endfacet
  facet normal -0.000000 0.000000 1.000000
    outer loop
      vertex 12.879302 2.901112 0.800000
      vertex 13.242501 2.537912 0.800000
      vertex 14.715938 4.238349 0.800000
    endloop
  endfacet
  facet normal 0.000000 0.000000 1.000000
    outer loop
      vertex 12.879302 2.901112 0.800000
      vertex 14.715938 4.238349 0.800000
      vertex 14.579738 4.374548 0.800000
    endloop
  endfacet
  facet normal 0.000000 0.000000 -1.000000
    outer loop
      vertex 12.879302 2.901112 -0.800000
      vertex 14.715938 4.238349 -0.800000
      vertex 13.242501 2.537912 -0.800000
    endloop
  endfacet
  facet normal 0.000000 0.000000 -1.000000
    outer loop
      vertex 12.879302 2.901112 -0.800000
      vertex 14.579738 4.374548 -0.800000
      vertex 14.715938 4.238349 -0.800000
    endloop
  endfacet
  facet normal -0.707107 -0.707107 0.000000
    outer loop
      vertex 12.879302 2.901112 -0.800000
      vertex 13.242501 2.537912 -0.800000
      vertex 13.242501 2.537912 0.800000
    endloop
  endfacet
  facet normal -0.707107 -0.707107 0.000000
    outer loop
      vertex 12.879302 2.901112 -0.800000
      vertex 13.242501 2.537912 0.800000
      vertex 12.879302 2.901112 0.800000
    endloop
  endfacet
  facet normal 0.707107 0.707107 0.000000
    outer loop
      vertex 14.579738 4.374548 -0.800000
      vertex 14.715938 4.238349 0.800000
      vertex 14.715938 4.238349 -0.800000
    endloop
  endfacet
  facet normal 0.707107 0.707107 -0.000000
    outer loop
      vertex 14.579738 4.374548 -0.800000
      vertex 14.579738 4.374548 0.800000
      vertex 14.715938 4.238349 0.800000
    endloop
  endfacet
  facet normal -0.000000 0.000000 1.000000
    outer loop
      vertex 13.242501 2.537912 0.800000
      vertex 13.653693 2.230098 0.800000
      vertex 14.870135 4.122918 0.800000
    endloop
  endfacet
  facet normal 0.000000 0.000000 1.000000
    outer loop
      vertex 13.242501 2.537912 0.800000
      vertex 14.870135 4.122918 0.800000
      vertex 14.715938 4.238349 0.800000
    endloop
  endfacet
  facet normal 0.000000 0.000000 -1.000000
    outer loop
      vertex 13.242501 2.537912 -0.800000
      vertex 14.870135 4.122918 -0.800000
      vertex 13.653693 2.230098 -0.800000
    endloop
  endfacet
  facet normal 0.000000 0.000000 -1.000000
    outer loop
      vertex 13.242501 2.537912 -0.800000
      vertex 14.715938 4.238349 -0.800000
      vertex 14.870135 4.122918 -0.800000
    endloop
  endfacet
  facet normal -0.599278 -0.800541 0.000000
    outer loop
      vertex 13.242501 2.537912 -0.800000
      vertex 13.653693 2.230098 -0.800000
      vertex 13.653693 2.230098 0.800000
    endloop
  endfacet
  facet normal -0.599278 -0.800541 0.000000
    outer loop
      vertex 13.242501 2.537912 -0.800000
      vertex 13.653693 2.230098 0.800000
      vertex 13.242501 2.537912 0.800000
    endloop
  endfacet
  facet normal 0.599278 0.800541 0.000000
    outer loop
      vertex 14.715938 4.238349 -0.800000
      vertex 14.870135 4.122918 0.800000
      vertex 14.870135 4.122918 -0.800000
    endloop
  endfacet
  facet normal 0.599278 0.800541 -0.000000
    outer loop
      vertex 14.715938 4.238349 -0.800000
      vertex 14.715938 4.238349 0.800000
      vertex 14.870135 4.122918 0.800000
    endloop
  endfacet
  facet normal -0.000000 0.000000 1.000000
    outer loop
      vertex 13.653693 2.230098 0.800000
      vertex 14.104506 1.983935 0.800000
      vertex 15.039190 4.030607 0.800000
    endloop
  endfacet
  facet normal 0.000000 0.000000 1.000000
    outer loop
      vertex 13.653693 2.230098 0.800000
      vertex 15.039190 4.030607 0.800000
      vertex 14.870135 4.122918 0.800000
    endloop
  endfacet
  facet normal 0.000000 0.000000 -1.000000
    outer loop
      vertex 13.653693 2.230098 -0.800000
      vertex 15.039190 4.030607 -0.800000
      vertex 14.104506 1.983935 -0.800000
    endloop
  endfacet
  facet normal 0.000000 0.000000 -1.000000
    outer loop
      vertex 13.653693 2.230098 -0.800000
      vertex 14.870135 4.122918 -0.800000
      vertex 15.039190 4.030607 -0.800000
    endloop
  endfacet
  facet normal -0.479249 -0.877679 0.000000
    outer loop
      vertex 13.653693 2.230098 -0.800000
      vertex 14.104506 1.983935 -0.800000
      vertex 14.104506 1.983935 0.800000
    endloop
  endfacet
  facet normal -0.479249 -0.877679 0.000000
    outer loop
      vertex 13.653693 2.230098 -0.800000
      vertex 14.104506 1.983935 0.800000
      vertex 13.653693 2.230098 0.800000
    endloop
  endfacet
  facet normal 0.479249 0.877679 0.000000
    outer loop
      vertex 14.870135 4.122918 -0.800000
      vertex 15.039190 4.030607 0.800000
      vertex 15.039190 4.030607 -0.800000
    endloop
  endfacet
  facet normal 0.479249 0.877679 -0.000000
    outer loop
      vertex 14.870135 4.122918 -0.800000
      vertex 14.870135 4.122918 0.800000
      vertex 15.039190 4.030607 0.800000
    endloop
  endfacet
  facet normal -0.000000 0.000000 1.000000
    outer loop
      vertex 14.104506 1.983935 0.800000
      vertex 14.585763 1.804436 0.800000
      vertex 15.219661 3.963295 0.800000
    endloop
  endfacet
  facet normal 0.000000 0.000000 1.000000
    outer loop
      vertex 14.104506 1.983935 0.800000
      vertex 15.219661 3.963295 0.800000
      vertex 15.039190 4.030607 0.800000
    endloop
  endfacet
  facet normal 0.000000 0.000000 -1.000000
    outer loop
      vertex 14.104506 1.983935 -0.800000
      vertex 15.219661 3.963295 -0.800000
      vertex 14.585763 1.804436 -0.800000
    endloop
  endfacet
  facet normal 0.000000 0.000000 -1.000000
    outer loop
      vertex 14.104506 1.983935 -0.800000
      vertex 15.039190 4.030607 -0.800000
      vertex 15.219661 3.963295 -0.800000
    endloop
  endfacet
  facet normal -0.349464 -0.936950 0.000000
    outer loop
      vertex 14.104506 1.983935 -0.800000
      vertex 14.585763 1.804436 -0.800000
      vertex 14.585763 1.804436 0.800000
    endloop
  endfacet
  facet normal -0.349464 -0.936950 0.000000
    outer loop
      vertex 14.104506 1.983935 -0.800000
      vertex 14.585763 1.804436 0.800000
      vertex 14.104506 1.983935 0.800000
    endloop
  endfacet
  facet normal 0.349464 0.936950 0.000000
    outer loop
      vertex 15.039190 4.030607 -0.800000
      vertex 15.219661 3.963295 0.800000
      vertex 15.219661 3.963295 -0.800000
    endloop
  endfacet
  facet normal 0.349464 0.936950 -0.000000
    outer loop
      vertex 15.039190 4.030607 -0.800000
      vertex 15.039190 4.030607 0.800000
      vertex 15.219661 3.963295 0.800000
    endloop
  endfacet
  facet normal -0.000000 0.000000 1.000000
    outer loop
      vertex 14.585763 1.804436 0.800000
      vertex 15.087667 1.695253 0.800000
      vertex 15.407875 3.922352 0.800000
    endloop
  endfacet
  facet normal 0.000000 0.000000 1.000000
    outer loop
      vertex 14.585763 1.804436 0.800000
      vertex 15.407875 3.922352 0.800000
      vertex 15.219661 3.963295 0.800000
    endloop
  endfacet
  facet normal 0.000000 0.000000 -1.000000
    outer loop
      vertex 14.585763 1.804436 -0.800000
      vertex 15.407875 3.922352 -0.800000
      vertex 15.087667 1.695253 -0.800000
    endloop
  endfacet
  facet normal 0.000000 0.000000 -1.000000
    outer loop
      vertex 14.585763 1.804436 -0.800000
      vertex 15.219661 3.963295 -0.800000
      vertex 15.407875 3.922352 -0.800000
    endloop
  endfacet
  facet normal -0.212565 -0.977147 0.000000
    outer loop
      vertex 14.585763 1.804436 -0.800000
      vertex 15.087667 1.695253 -0.800000
      vertex 15.087667 1.695253 0.800000
    endloop
  endfacet
  facet normal -0.212565 -0.977147 0.000000
    outer loop
      vertex 14.585763 1.804436 -0.800000
      vertex 15.087667 1.695253 0.800000
      vertex 14.585763 1.804436 0.800000
    endloop
  endfacet
  facet normal 0.212565 0.977147 0.000000
    outer loop
      vertex 15.219661 3.963295 -0.800000
      vertex 15.407875 3.922352 0.800000
      vertex 15.407875 3.922352 -0.800000
    endloop
  endfacet
  facet normal 0.212565 0.977147 -0.000000
    outer loop
      vertex 15.219661 3.963295 -0.800000
      vertex 15.219661 3.963295 0.800000
      vertex 15.407875 3.922352 0.800000
    endloop
  endfacet
  facet normal -0.000000 0.000000 1.000000
    outer loop
      vertex 15.087667 1.695253 0.800000
      vertex 15.600000 1.658610 0.800000
      vertex 15.600000 3.908610 0.800000
    endloop
  endfacet
  facet normal 0.000000 0.000000 1.000000
    outer loop
      vertex 15.087667 1.695253 0.800000
      vertex 15.600000 3.908610 0.800000
      vertex 15.407875 3.922352 0.800000
    endloop
  endfacet
  facet normal 0.000000 0.000000 -1.000000
    outer loop
      vertex 15.087667 1.695253 -0.800000
      vertex 15.600000 3.908610 -0.800000
      vertex 15.600000 1.658610 -0.800000
    endloop
  endfacet
  facet normal 0.000000 0.000000 -1.000000
    outer loop
      vertex 15.087667 1.695253 -0.800000
      vertex 15.407875 3.922352 -0.800000
      vertex 15.600000 3.908610 -0.800000
    endloop
  endfacet
  facet normal -0.071339 -0.997452 0.000000
    outer loop
      vertex 15.087667 1.695253 -0.800000
      vertex 15.600000 1.658610 -0.800000
      vertex 15.600000 1.658610 0.800000
    endloop
  endfacet
  facet normal -0.071339 -0.997452 0.000000
    outer loop
      vertex 15.087667 1.695253 -0.800000
      vertex 15.600000 1.658610 0.800000
      vertex 15.087667 1.695253 0.800000
    endloop
  endfacet
  facet normal 0.071339 0.997452 0.000000
    outer loop
      vertex 15.407875 3.922352 -0.800000
      vertex 15.600000 3.908610 0.800000
      vertex 15.600000 3.908610 -0.800000
    endloop
  endfacet
  facet normal 0.071339 0.997452 -0.000000
    outer loop
      vertex 15.407875 3.922352 -0.800000
      vertex 15.407875 3.922352 0.800000
      vertex 15.600000 3.908610 0.800000
    endloop
  endfacet
  facet normal 0.000000 0.000000 1.000000
    outer loop
      vertex 15.600000 1.658610 0.800000
      vertex 16.112333 1.695253 0.800000
      vertex 15.792125 3.922352 0.800000
    endloop
  endfacet
  facet normal 0.000000 0.000000 1.000000
    outer loop
      vertex 15.600000 1.658610 0.800000
      vertex 15.792125 3.922352 0.800000
      vertex 15.600000 3.908610 0.800000
    endloop
  endfacet
  facet normal 0.000000 0.000000 -1.000000
    outer loop
      vertex 15.600000 1.658610 -0.800000
      vertex 15.792125 3.922352 -0.800000
      vertex 16.112333 1.695253 -0.800000
    endloop
  endfacet
  facet normal 0.000000 0.000000 -1.000000
    outer loop
      vertex 15.600000 1.658610 -0.800000
      vertex 15.600000 3.908610 -0.800000
      vertex 15.792125 3.922352 -0.800000
    endloop
  endfacet
  facet normal 0.071339 -0.997452 0.000000
    outer loop
      vertex 15.600000 1.658610 -0.800000
      vertex 16.112333 1.695253 -0.800000
      vertex 16.112333 1.695253 0.800000
    endloop
  endfacet
  facet normal 0.071339 -0.997452 0.000000
    outer loop
      vertex 15.600000 1.658610 -0.800000
      vertex 16.112333 1.695253 0.800000
      vertex 15.600000 1.658610 0.800000
    endloop
  endfacet
  facet normal -0.071339 0.997452 0.000000
    outer loop
      vertex 15.600000 3.908610 -0.800000
      vertex 15.792125 3.922352 0.800000
      vertex 15.792125 3.922352 -0.800000
    endloop
  endfacet
  facet normal -0.071339 0.997452 0.000000
    outer loop
      vertex 15.600000 3.908610 -0.800000
      vertex 15.600000 3.908610 0.800000
      vertex 15.792125 3.922352 0.800000
    endloop
  endfacet
  facet normal 0.000000 -0.000000 1.000000
    outer loop
      vertex 16.112333 1.695253 0.800000
      vertex 16.614237 1.804436 0.800000
      vertex 15.980339 3.963295 0.800000
    endloop
  endfacet
  facet normal 0.000000 0.000000 1.000000
    outer loop
      vertex 16.112333 1.695253 0.800000
      vertex 15.980339 3.963295 0.800000
      vertex 15.792125 3.922352 0.800000
    endloop
  endfacet
  facet normal 0.000000 0.000000 -1.000000
    outer loop
      vertex 16.112333 1.695253 -0.800000
      vertex 15.980339 3.963295 -0.800000
      vertex 16.614237 1.804436 -0.800000
    endloop
  endfacet
  facet normal 0.000000 0.000000 -1.000000
    outer loop
      vertex 16.112333 1.695253 -0.800000
      vertex 15.792125 3.922352 -0.800000
      vertex 15.980339 3.963295 -0.800000
    endloop
  endfacet
  facet normal 0.212565 -0.977147 0.000000
    outer loop
      vertex 16.112333 1.695253 -0.800000
      vertex 16.614237 1.804436 -0.800000
      vertex 16.614237 1.804436 0.800000
    endloop
  endfacet
  facet normal 0.212565 -0.977147 0.000000
    outer loop
      vertex 16.112333 1.695253 -0.800000
      vertex 16.614237 1.804436 0.800000
      vertex 16.112333 1.695253 0.800000
    endloop
  endfacet
  facet normal -0.212565 0.977147 0.000000
    outer loop
      vertex 15.792125 3.922352 -0.800000
      vertex 15.980339 3.963295 0.800000
      vertex 15.980339 3.963295 -0.800000
    endloop
  endfacet
  facet normal -0.212565 0.977147 0.000000
    outer loop
      vertex 15.792125 3.922352 -0.800000
      vertex 15.792125 3.922352 0.800000
      vertex 15.980339 3.963295 0.800000
    endloop
  endfacet
  facet normal 0.000000 -0.000000 1.000000
    outer loop
      vertex 16.614237 1.804436 0.800000
      vertex 17.095494 1.983935 0.800000
      vertex 16.160810 4.030607 0.800000
    endloop
  endfacet
  facet normal 0.000000 0.000000 1.000000
    outer loop
      vertex 16.614237 1.804436 0.800000
      vertex 16.160810 4.030607 0.800000
      vertex 15.980339 3.963295 0.800000
    endloop
  endfacet
  facet normal 0.000000 0.000000 -1.000000
    outer loop
      vertex 16.614237 1.804436 -0.800000
      vertex 16.160810 4.030607 -0.800000
      vertex 17.095494 1.983935 -0.800000
    endloop
  endfacet
  facet normal 0.000000 0.000000 -1.000000
    outer loop
      vertex 16.614237 1.804436 -0.800000
      vertex 15.980339 3.963295 -0.800000
      vertex 16.160810 4.030607 -0.800000
    endloop
  endfacet
  facet normal 0.349464 -0.936950 0.000000
    outer loop
      vertex 16.614237 1.804436 -0.800000
      vertex 17.095494 1.983935 -0.800000
      vertex 17.095494 1.983935 0.800000
    endloop
  endfacet
  facet normal 0.349464 -0.936950 0.000000
    outer loop
      vertex 16.614237 1.804436 -0.800000
      vertex 17.095494 1.983935 0.800000
      vertex 16.614237 1.804436 0.800000
    endloop
  endfacet
  facet normal -0.349464 0.936950 0.000000
    outer loop
      vertex 15.980339 3.963295 -0.800000
      vertex 16.160810 4.030607 0.800000
      vertex 16.160810 4.030607 -0.800000
    endloop
  endfacet
  facet normal -0.349464 0.936950 0.000000
    outer loop
      vertex 15.980339 3.963295 -0.800000
      vertex 15.980339 3.963295 0.800000
      vertex 16.160810 4.030607 0.800000
    endloop
  endfacet
  facet normal 0.000000 -0.000000 1.000000
    outer loop
      vertex 17.095494 1.983935 0.800000
      vertex 17.546307 2.230098 0.800000
      vertex 16.329865 4.122918 0.800000
    endloop
  endfacet
  facet normal 0.000000 0.000000 1.000000
    outer loop
      vertex 17.095494 1.983935 0.800000
      vertex 16.329865 4.122918 0.800000
      vertex 16.160810 4.030607 0.800000
    endloop
  endfacet
  facet normal 0.000000 0.000000 -1.000000
    outer loop
      vertex 17.095494 1.983935 -0.800000
      vertex 16.329865 4.122918 -0.800000
      vertex 17.546307 2.230098 -0.800000
    endloop
  endfacet
  facet normal 0.000000 0.000000 -1.000000
    outer loop
      vertex 17.095494 1.983935 -0.800000
      vertex 16.160810 4.030607 -0.800000
      vertex 16.329865 4.122918 -0.800000
    endloop
  endfacet
  facet normal 0.479249 -0.877679 0.000000
    outer loop
      vertex 17.095494 1.983935 -0.800000
      vertex 17.546307 2.230098 -0.800000
      vertex 17.546307 2.230098 0.800000
    endloop
  endfacet
  facet normal 0.479249 -0.877679 0.000000
    outer loop
      vertex 17.095494 1.983935 -0.800000
      vertex 17.546307 2.230098 0.800000
      vertex 17.095494 1.983935 0.800000
    endloop
  endfacet
  facet normal -0.479249 0.877679 0.000000
    outer loop
      vertex 16.160810 4.030607 -0.800000
      vertex 16.329865 4.122918 0.800000
      vertex 16.329865 4.122918 -0.800000
    endloop
  endfacet
  facet normal -0.479249 0.877679 0.000000
    outer loop
      vertex 16.160810 4.030607 -0.800000
      vertex 16.160810 4.030607 0.800000
      vertex 16.329865 4.122918 0.800000
    endloop
  endfacet
  facet normal 0.000000 -0.000000 1.000000
    outer loop
      vertex 17.546307 2.230098 0.800000
      vertex 17.957499 2.537912 0.800000
      vertex 16.484062 4.238349 0.800000
    endloop
  endfacet
  facet normal 0.000000 0.000000 1.000000
    outer loop
      vertex 17.546307 2.230098 0.800000
      vertex 16.484062 4.238349 0.800000
      vertex 16.329865 4.122918 0.800000
    endloop
  endfacet
  facet normal 0.000000 0.000000 -1.000000
    outer loop
      vertex 17.546307 2.230098 -0.800000
      vertex 16.484062 4.238349 -0.800000
      vertex 17.957499 2.537912 -0.800000
    endloop
  endfacet
  facet normal 0.000000 0.000000 -1.000000
    outer loop
      vertex 17.546307 2.230098 -0.800000
      vertex 16.329865 4.122918 -0.800000
      vertex 16.484062 4.238349 -0.800000
    endloop
  endfacet
  facet normal 0.599278 -0.800541 0.000000
    outer loop
      vertex 17.546307 2.230098 -0.800000
      vertex 17.957499 2.537912 -0.800000
      vertex 17.957499 2.537912 0.800000
    endloop
  endfacet
  facet normal 0.599278 -0.800541 0.000000
    outer loop
      vertex 17.546307 2.230098 -0.800000
      vertex 17.957499 2.537912 0.800000
      vertex 17.546307 2.230098 0.800000
    endloop
  endfacet
  facet normal -0.599278 0.800541 0.000000
    outer loop
      vertex 16.329865 4.122918 -0.800000
      vertex 16.484062 4.238349 0.800000
      vertex 16.484062 4.238349 -0.800000
    endloop
  endfacet
  facet normal -0.599278 0.800541 0.000000
    outer loop
      vertex 16.329865 4.122918 -0.800000
      vertex 16.329865 4.122918 0.800000
      vertex 16.484062 4.238349 0.800000
    endloop
  endfacet
  facet normal 0.000000 -0.000000 1.000000
    outer loop
      vertex 17.957499 2.537912 0.800000
      vertex 18.320698 2.901112 0.800000
      vertex 16.620262 4.374548 0.800000
    endloop
  endfacet
  facet normal 0.000000 0.000000 1.000000
    outer loop
      vertex 17.957499 2.537912 0.800000
      vertex 16.620262 4.374548 0.800000
      vertex 16.484062 4.238349 0.800000
    endloop
  endfacet
  facet normal 0.000000 0.000000 -1.000000
    outer loop
      vertex 17.957499 2.537912 -0.800000
      vertex 16.620262 4.374548 -0.800000
      vertex 18.320698 2.901112 -0.800000
    endloop
  endfacet
  facet normal 0.000000 0.000000 -1.000000
    outer loop
      vertex 17.957499 2.537912 -0.800000
      vertex 16.484062 4.238349 -0.800000
      vertex 16.620262 4.374548 -0.800000
    endloop
  endfacet
  facet normal 0.707107 -0.707107 0.000000
    outer loop
      vertex 17.957499 2.537912 -0.800000
      vertex 18.320698 2.901112 -0.800000
      vertex 18.320698 2.901112 0.800000
    endloop
  endfacet
  facet normal 0.707107 -0.707107 0.000000
    outer loop
      vertex 17.957499 2.537912 -0.800000
      vertex 18.320698 2.901112 0.800000
      vertex 17.957499 2.537912 0.800000
    endloop
  endfacet
  facet normal -0.707107 0.707107 0.000000
    outer loop
      vertex 16.484062 4.238349 -0.800000
      vertex 16.620262 4.374548 0.800000
      vertex 16.620262 4.374548 -0.800000
    endloop
  endfacet
  facet normal -0.707107 0.707107 0.000000
    outer loop
      vertex 16.484062 4.238349 -0.800000
      vertex 16.484062 4.238349 0.800000
      vertex 16.620262 4.374548 0.800000
    endloop
  endfacet
  facet normal 0.000000 -0.000000 1.000000
    outer loop
      vertex 18.320698 2.901112 0.800000
      vertex 18.628513 3.312304 0.800000
      vertex 16.735692 4.528745 0.800000
    endloop
  endfacet
  facet normal 0.000000 0.000000 1.000000
    outer loop
      vertex 18.320698 2.901112 0.800000
      vertex 16.735692 4.528745 0.800000
      vertex 16.620262 4.374548 0.800000
    endloop
  endfacet
  facet normal 0.000000 0.000000 -1.000000
    outer loop
      vertex 18.320698 2.901112 -0.800000
      vertex 16.735692 4.528745 -0.800000
      vertex 18.628513 3.312304 -0.800000
    endloop
  endfacet
  facet normal 0.000000 0.000000 -1.000000
    outer loop
      vertex 18.320698 2.901112 -0.800000
      vertex 16.620262 4.374548 -0.800000
      vertex 16.735692 4.528745 -0.800000
    endloop
  endfacet
  facet normal 0.800541 -0.599278 0.000000
    outer loop
      vertex 18.320698 2.901112 -0.800000
      vertex 18.628513 3.312304 -0.800000
      vertex 18.628513 3.312304 0.800000
    endloop
  endfacet
  facet normal 0.800541 -0.599278 0.000000
    outer loop
      vertex 18.320698 2.901112 -0.800000
      vertex 18.628513 3.312304 0.800000
      vertex 18.320698 2.901112 0.800000
    endloop
  endfacet
  facet normal -0.800541 0.599278 0.000000
    outer loop
      vertex 16.620262 4.374548 -0.800000
      vertex 16.735692 4.528745 0.800000
      vertex 16.735692 4.528745 -0.800000
    endloop
  endfacet
  facet normal -0.800541 0.599278 0.000000
    outer loop
      vertex 16.620262 4.374548 -0.800000
      vertex 16.620262 4.374548 0.800000
      vertex 16.735692 4.528745 0.800000
    endloop
  endfacet
  facet normal 0.000000 -0.000000 1.000000
    outer loop
      vertex 18.628513 3.312304 0.800000
      vertex 18.874675 3.763116 0.800000
      vertex 16.828003 4.697800 0.800000
    endloop
  endfacet
  facet normal 0.000000 0.000000 1.000000
    outer loop
      vertex 18.628513 3.312304 0.800000
      vertex 16.828003 4.697800 0.800000
      vertex 16.735692 4.528745 0.800000
    endloop
  endfacet
  facet normal 0.000000 0.000000 -1.000000
    outer loop
      vertex 18.628513 3.312304 -0.800000
      vertex 16.828003 4.697800 -0.800000
      vertex 18.874675 3.763116 -0.800000
    endloop
  endfacet
  facet normal 0.000000 0.000000 -1.000000
    outer loop
      vertex 18.628513 3.312304 -0.800000
      vertex 16.735692 4.528745 -0.800000
      vertex 16.828003 4.697800 -0.800000
    endloop
  endfacet
  facet normal 0.877679 -0.479249 0.000000
    outer loop
      vertex 18.628513 3.312304 -0.800000
      vertex 18.874675 3.763116 -0.800000
      vertex 18.874675 3.763116 0.800000
    endloop
  endfacet
  facet normal 0.877679 -0.479249 0.000000
    outer loop
      vertex 18.628513 3.312304 -0.800000
      vertex 18.874675 3.763116 0.800000
      vertex 18.628513 3.312304 0.800000
    endloop
  endfacet
  facet normal -0.877679 0.479249 0.000000
    outer loop
      vertex 16.735692 4.528745 -0.800000
      vertex 16.828003 4.697800 0.800000
      vertex 16.828003 4.697800 -0.800000
    endloop
  endfacet
  facet normal -0.877679 0.479249 0.000000
    outer loop
      vertex 16.735692 4.528745 -0.800000
      vertex 16.735692 4.528745 0.800000
      vertex 16.828003 4.697800 0.800000
    endloop
  endfacet
  facet normal 0.000000 -0.000000 1.000000
    outer loop
      vertex 18.874675 3.763116 0.800000
      vertex 19.054175 4.244373 0.800000
      vertex 16.895316 4.878272 0.800000
    endloop
  endfacet
  facet normal 0.000000 0.000000 1.000000
    outer loop
      vertex 18.874675 3.763116 0.800000
      vertex 16.895316 4.878272 0.800000
      vertex 16.828003 4.697800 0.800000
    endloop
  endfacet
  facet normal 0.000000 0.000000 -1.000000
    outer loop
      vertex 18.874675 3.763116 -0.800000
      vertex 16.895316 4.878272 -0.800000
      vertex 19.054175 4.244373 -0.800000
    endloop
  endfacet
  facet normal 0.000000 0.000000 -1.000000
    outer loop
      vertex 18.874675 3.763116 -0.800000
      vertex 16.828003 4.697800 -0.800000
      vertex 16.895316 4.878272 -0.800000
    endloop
  endfacet
  facet normal 0.936950 -0.349464 0.000000
    outer loop
      vertex 18.874675 3.763116 -0.800000
      vertex 19.054175 4.244373 -0.800000
      vertex 19.054175 4.244373 0.800000
    endloop
  endfacet
  facet normal 0.936950 -0.349464 0.000000
    outer loop
      vertex 18.874675 3.763116 -0.800000
      vertex 19.054175 4.244373 0.800000
      vertex 18.874675 3.763116 0.800000
    endloop
  endfacet
  facet normal -0.936950 0.349464 0.000000
    outer loop
      vertex 16.828003 4.697800 -0.800000
      vertex 16.895316 4.878272 0.800000
      vertex 16.895316 4.878272 -0.800000
    endloop
  endfacet
  facet normal -0.936950 0.349464 0.000000
    outer loop
      vertex 16.828003 4.697800 -0.800000
      vertex 16.828003 4.697800 0.800000
      vertex 16.895316 4.878272 0.800000
    endloop
  endfacet
  facet normal 0.000000 -0.000000 1.000000
    outer loop
      vertex 19.054175 4.244373 0.800000
      vertex 19.163357 4.746277 0.800000
      vertex 16.936259 5.066485 0.800000
    endloop
  endfacet
  facet normal 0.000000 0.000000 1.000000
    outer loop
      vertex 19.054175 4.244373 0.800000
      vertex 16.936259 5.066485 0.800000
      vertex 16.895316 4.878272 0.800000
    endloop
  endfacet
  facet normal 0.000000 0.000000 -1.000000
    outer loop
      vertex 19.054175 4.244373 -0.800000
      vertex 16.936259 5.066485 -0.800000
      vertex 19.163357 4.746277 -0.800000
    endloop
  endfacet
  facet normal 0.000000 0.000000 -1.000000
    outer loop
      vertex 19.054175 4.244373 -0.800000
      vertex 16.895316 4.878272 -0.800000
      vertex 16.936259 5.066485 -0.800000
    endloop
  endfacet
  facet normal 0.977147 -0.212565 0.000000
    outer loop
      vertex 19.054175 4.244373 -0.800000
      vertex 19.163357 4.746277 -0.800000
      vertex 19.163357 4.746277 0.800000
    endloop
  endfacet
  facet normal 0.977147 -0.212565 0.000000
    outer loop
      vertex 19.054175 4.244373 -0.800000
      vertex 19.163357 4.746277 0.800000
      vertex 19.054175 4.244373 0.800000
    endloop
  endfacet
  facet normal -0.977147 0.212565 0.000000
    outer loop
      vertex 16.895316 4.878272 -0.800000
      vertex 16.936259 5.066485 0.800000
      vertex 16.936259 5.066485 -0.800000
    endloop
  endfacet
  facet normal -0.977147 0.212565 0.000000
    outer loop
      vertex 16.895316 4.878272 -0.800000
      vertex 16.895316 4.878272 0.800000
      vertex 16.936259 5.066485 0.800000
    endloop
  endfacet
  facet normal 0.000000 -0.000000 1.000000
    outer loop
      vertex 19.163357 4.746277 0.800000
      vertex 19.200000 5.258610 0.800000
      vertex 16.950000 5.258610 0.800000
    endloop
  endfacet
  facet normal 0.000000 0.000000 1.000000
    outer loop
      vertex 19.163357 4.746277 0.800000
      vertex 16.950000 5.258610 0.800000
      vertex 16.936259 5.066485 0.800000
    endloop
  endfacet
  facet normal 0.000000 0.000000 -1.000000
    outer loop
      vertex 19.163357 4.746277 -0.800000
      vertex 16.950000 5.258610 -0.800000
      vertex 19.200000 5.258610 -0.800000
    endloop
  endfacet
  facet normal 0.000000 0.000000 -1.000000
    outer loop
      vertex 19.163357 4.746277 -0.800000
      vertex 16.936259 5.066485 -0.800000
      vertex 16.950000 5.258610 -0.800000
    endloop
  endfacet
  facet normal 0.997452 -0.071339 0.000000
    outer loop
      vertex 19.163357 4.746277 -0.800000
      vertex 19.200000 5.258610 -0.800000
      vertex 19.200000 5.258610 0.800000
    endloop
  endfacet
  facet normal 0.997452 -0.071339 0.000000
    outer loop
      vertex 19.163357 4.746277 -0.800000
      vertex 19.200000 5.258610 0.800000
      vertex 19.163357 4.746277 0.800000
    endloop
  endfacet
  facet normal -0.997452 0.071339 0.000000
    outer loop
      vertex 16.936259 5.066485 -0.800000
      vertex 16.950000 5.258610 0.800000
      vertex 16.950000 5.258610 -0.800000
    endloop
  endfacet
  facet normal -0.997452 0.071339 0.000000
    outer loop
      vertex 16.936259 5.066485 -0.800000
      vertex 16.936259 5.066485 0.800000
      vertex 16.950000 5.258610 0.800000
    endloop
  endfacet
  facet normal 0.000000 0.000000 1.000000
    outer loop
      vertex 29.600000 6.500000 0.800000
      vertex 29.563357 7.012333 0.800000
      vertex 27.336259 6.692125 0.800000
    endloop
  endfacet
  facet normal 0.000000 0.000000 1.000000
    outer loop
      vertex 29.600000 6.500000 0.800000
      vertex 27.336259 6.692125 0.800000
      vertex 27.350000 6.500000 0.800000
    endloop
  endfacet
  facet normal 0.000000 0.000000 -1.000000
    outer loop
      vertex 29.600000 6.500000 -0.800000
      vertex 27.336259 6.692125 -0.800000
      vertex 29.563357 7.012333 -0.800000
    endloop
  endfacet
  facet normal 0.000000 0.000000 -1.000000
    outer loop
      vertex 29.600000 6.500000 -0.800000
      vertex 27.350000 6.500000 -0.800000
      vertex 27.336259 6.692125 -0.800000
    endloop
  endfacet
  facet normal 0.997452 0.071339 0.000000
    outer loop
      vertex 29.600000 6.500000 -0.800000
      vertex 29.563357 7.012333 -0.800000
      vertex 29.563357 7.012333 0.800000
    endloop
  endfacet
  facet normal 0.997452 0.071339 -0.000000
    outer loop
      vertex 29.600000 6.500000 -0.800000
      vertex 29.563357 7.012333 0.800000
      vertex 29.600000 6.500000 0.800000
    endloop
  endfacet
  facet normal -0.997452 -0.071339 0.000000
    outer loop
      vertex 27.350000 6.500000 -0.800000
      vertex 27.336259 6.692125 0.800000
      vertex 27.336259 6.692125 -0.800000
    endloop
  endfacet
  facet normal -0.997452 -0.071339 0.000000
    outer loop
      vertex 27.350000 6.500000 -0.800000
      vertex 27.350000 6.500000 0.800000
      vertex 27.336259 6.692125 0.800000
    endloop
  endfacet
  facet normal 0.000000 0.000000 1.000000
    outer loop
      vertex 29.563357 7.012333 0.800000
      vertex 29.454175 7.514237 0.800000
      vertex 27.295316 6.880339 0.800000
    endloop
  endfacet
  facet normal 0.000000 0.000000 1.000000
    outer loop
      vertex 29.563357 7.012333 0.800000
      vertex 27.295316 6.880339 0.800000
      vertex 27.336259 6.692125 0.800000
    endloop
  endfacet
  facet normal -0.000000 0.000000 -1.000000
    outer loop
      vertex 29.563357 7.012333 -0.800000
      vertex 27.295316 6.880339 -0.800000
      vertex 29.454175 7.514237 -0.800000
    endloop
  endfacet
  facet normal 0.000000 0.000000 -1.000000
    outer loop
      vertex 29.563357 7.012333 -0.800000
      vertex 27.336259 6.692125 -0.800000
      vertex 27.295316 6.880339 -0.800000
    endloop
  endfacet
  facet normal 0.977147 0.212565 0.000000
    outer loop
      vertex 29.563357 7.012333 -0.800000
      vertex 29.454175 7.514237 -0.800000
      vertex 29.454175 7.514237 0.800000
    endloop
  endfacet
  facet normal 0.977147 0.212565 -0.000000
    outer loop
      vertex 29.563357 7.012333 -0.800000
      vertex 29.454175 7.514237 0.800000
      vertex 29.563357 7.012333 0.800000
    endloop
  endfacet
  facet normal -0.977147 -0.212565 0.000000
    outer loop
      vertex 27.336259 6.692125 -0.800000
      vertex 27.295316 6.880339 0.800000
      vertex 27.295316 6.880339 -0.800000
    endloop
  endfacet
  facet normal -0.977147 -0.212565 0.000000
    outer loop
      vertex 27.336259 6.692125 -0.800000
      vertex 27.336259 6.692125 0.800000
      vertex 27.295316 6.880339 0.800000
    endloop
  endfacet
  facet normal 0.000000 0.000000 1.000000
    outer loop
      vertex 29.454175 7.514237 0.800000
      vertex 29.274675 7.995494 0.800000
      vertex 27.228003 7.060810 0.800000
    endloop
  endfacet
  facet normal 0.000000 0.000000 1.000000
    outer loop
      vertex 29.454175 7.514237 0.800000
      vertex 27.228003 7.060810 0.800000
      vertex 27.295316 6.880339 0.800000
    endloop
  endfacet
  facet normal -0.000000 0.000000 -1.000000
    outer loop
      vertex 29.454175 7.514237 -0.800000
      vertex 27.228003 7.060810 -0.800000
      vertex 29.274675 7.995494 -0.800000
    endloop
  endfacet
  facet normal 0.000000 0.000000 -1.000000
    outer loop
      vertex 29.454175 7.514237 -0.800000
      vertex 27.295316 6.880339 -0.800000
      vertex 27.228003 7.060810 -0.800000
    endloop
  endfacet
  facet normal 0.936950 0.349464 0.000000
    outer loop
      vertex 29.454175 7.514237 -0.800000
      vertex 29.274675 7.995494 -0.800000
      vertex 29.274675 7.995494 0.800000
    endloop
  endfacet
  facet normal 0.936950 0.349464 -0.000000
    outer loop
      vertex 29.454175 7.514237 -0.800000
      vertex 29.274675 7.995494 0.800000
      vertex 29.454175 7.514237 0.800000
    endloop
  endfacet
  facet normal -0.936950 -0.349464 0.000000
    outer loop
      vertex 27.295316 6.880339 -0.800000
      vertex 27.228003 7.060810 0.800000
      vertex 27.228003 7.060810 -0.800000
    endloop
  endfacet
  facet normal -0.936950 -0.349464 0.000000
    outer loop
      vertex 27.295316 6.880339 -0.800000
      vertex 27.295316 6.880339 0.800000
      vertex 27.228003 7.060810 0.800000
    endloop
  endfacet
  facet normal 0.000000 0.000000 1.000000
    outer loop
      vertex 29.274675 7.995494 0.800000
      vertex 29.028513 8.446307 0.800000
      vertex 27.135692 7.229865 0.800000
    endloop
  endfacet
  facet normal 0.000000 0.000000 1.000000
    outer loop
      vertex 29.274675 7.995494 0.800000
      vertex 27.135692 7.229865 0.800000
      vertex 27.228003 7.060810 0.800000
    endloop
  endfacet
  facet normal -0.000000 0.000000 -1.000000
    outer loop
      vertex 29.274675 7.995494 -0.800000
      vertex 27.135692 7.229865 -0.800000
      vertex 29.028513 8.446307 -0.800000
    endloop
  endfacet
  facet normal 0.000000 0.000000 -1.000000
    outer loop
      vertex 29.274675 7.995494 -0.800000
      vertex 27.228003 7.060810 -0.800000
      vertex 27.135692 7.229865 -0.800000
    endloop
  endfacet
  facet normal 0.877679 0.479249 0.000000
    outer loop
      vertex 29.274675 7.995494 -0.800000
      vertex 29.028513 8.446307 -0.800000
      vertex 29.028513 8.446307 0.800000
    endloop
  endfacet
  facet normal 0.877679 0.479249 -0.000000
    outer loop
      vertex 29.274675 7.995494 -0.800000
      vertex 29.028513 8.446307 0.800000
      vertex 29.274675 7.995494 0.800000
    endloop
  endfacet
  facet normal -0.877679 -0.479249 0.000000
    outer loop
      vertex 27.228003 7.060810 -0.800000
      vertex 27.135692 7.229865 0.800000
      vertex 27.135692 7.229865 -0.800000
    endloop
  endfacet
  facet normal -0.877679 -0.479249 0.000000
    outer loop
      vertex 27.228003 7.060810 -0.800000
      vertex 27.228003 7.060810 0.800000
      vertex 27.135692 7.229865 0.800000
    endloop
  endfacet
  facet normal 0.000000 0.000000 1.000000
    outer loop
      vertex 29.028513 8.446307 0.800000
      vertex 28.720698 8.857499 0.800000
      vertex 27.020262 7.384062 0.800000
    endloop
  endfacet
  facet normal 0.000000 0.000000 1.000000
    outer loop
      vertex 29.028513 8.446307 0.800000
      vertex 27.020262 7.384062 0.800000
      vertex 27.135692 7.229865 0.800000
    endloop
  endfacet
  facet normal -0.000000 0.000000 -1.000000
    outer loop
      vertex 29.028513 8.446307 -0.800000
      vertex 27.020262 7.384062 -0.800000
      vertex 28.720698 8.857499 -0.800000
    endloop
  endfacet
  facet normal 0.000000 0.000000 -1.000000
    outer loop
      vertex 29.028513 8.446307 -0.800000
      vertex 27.135692 7.229865 -0.800000
      vertex 27.020262 7.384062 -0.800000
    endloop
  endfacet
  facet normal 0.800541 0.599278 0.000000
    outer loop
      vertex 29.028513 8.446307 -0.800000
      vertex 28.720698 8.857499 -0.800000
      vertex 28.720698 8.857499 0.800000
    endloop
  endfacet
  facet normal 0.800541 0.599278 -0.000000
    outer loop
      vertex 29.028513 8.446307 -0.800000
      vertex 28.720698 8.857499 0.800000
      vertex 29.028513 8.446307 0.800000
    endloop
  endfacet
  facet normal -0.800541 -0.599278 0.000000
    outer loop
      vertex 27.135692 7.229865 -0.800000
      vertex 27.020262 7.384062 0.800000
      vertex 27.020262 7.384062 -0.800000
    endloop
  endfacet
  facet normal -0.800541 -0.599278 0.000000
    outer loop
      vertex 27.135692 7.229865 -0.800000
      vertex 27.135692 7.229865 0.800000
      vertex 27.020262 7.384062 0.800000
    endloop
  endfacet
  facet normal 0.000000 0.000000 1.000000
    outer loop
      vertex 28.720698 8.857499 0.800000
      vertex 28.357499 9.220698 0.800000
      vertex 26.884062 7.520262 0.800000
    endloop
  endfacet
  facet normal 0.000000 0.000000 1.000000
    outer loop
      vertex 28.720698 8.857499 0.800000
      vertex 26.884062 7.520262 0.800000
      vertex 27.020262 7.384062 0.800000
    endloop
  endfacet
  facet normal -0.000000 0.000000 -1.000000
    outer loop
      vertex 28.720698 8.857499 -0.800000
      vertex 26.884062 7.520262 -0.800000
      vertex 28.357499 9.220698 -0.800000
    endloop
  endfacet
  facet normal 0.000000 0.000000 -1.000000
    outer loop
      vertex 28.720698 8.857499 -0.800000
      vertex 27.020262 7.384062 -0.800000
      vertex 26.884062 7.520262 -0.800000
    endloop
  endfacet
  facet normal 0.707107 0.707107 0.000000
    outer loop
      vertex 28.720698 8.857499 -0.800000
      vertex 28.357499 9.220698 -0.800000
      vertex 28.357499 9.220698 0.800000
    endloop
  endfacet
  facet normal 0.707107 0.707107 -0.000000
    outer loop
      vertex 28.720698 8.857499 -0.800000
      vertex 28.357499 9.220698 0.800000
      vertex 28.720698 8.857499 0.800000
    endloop
  endfacet
  facet normal -0.707107 -0.707107 0.000000
    outer loop
      vertex 27.020262 7.384062 -0.800000
      vertex 26.884062 7.520262 0.800000
      vertex 26.884062 7.520262 -0.800000
    endloop
  endfacet
  facet normal -0.707107 -0.707107 0.000000
    outer loop
      vertex 27.020262 7.384062 -0.800000
      vertex 27.020262 7.384062 0.800000
      vertex 26.884062 7.520262 0.800000
    endloop
  endfacet
  facet normal 0.000000 0.000000 1.000000
    outer loop
      vertex 28.357499 9.220698 0.800000
      vertex 27.946307 9.528513 0.800000
      vertex 26.729865 7.635692 0.800000
    endloop
  endfacet
  facet normal 0.000000 0.000000 1.000000
    outer loop
      vertex 28.357499 9.220698 0.800000
      vertex 26.729865 7.635692 0.800000
      vertex 26.884062 7.520262 0.800000
    endloop
  endfacet
  facet normal -0.000000 0.000000 -1.000000
    outer loop
      vertex 28.357499 9.220698 -0.800000
      vertex 26.729865 7.635692 -0.800000
      vertex 27.946307 9.528513 -0.800000
    endloop
  endfacet
  facet normal 0.000000 0.000000 -1.000000
    outer loop
      vertex 28.357499 9.220698 -0.800000
      vertex 26.884062 7.520262 -0.800000
      vertex 26.729865 7.635692 -0.800000
    endloop
  endfacet
  facet normal 0.599278 0.800541 0.000000
    outer loop
      vertex 28.357499 9.220698 -0.800000
      vertex 27.946307 9.528513 -0.800000
      vertex 27.946307 9.528513 0.800000
    endloop
  endfacet
  facet normal 0.599278 0.800541 -0.000000
    outer loop
      vertex 28.357499 9.220698 -0.800000
      vertex 27.946307 9.528513 0.800000
      vertex 28.357499 9.220698 0.800000
    endloop
  endfacet
  facet normal -0.599278 -0.800541 0.000000
    outer loop
      vertex 26.884062 7.520262 -0.800000
      vertex 26.729865 7.635692 0.800000
      vertex 26.729865 7.635692 -0.800000
    endloop
  endfacet
  facet normal -0.599278 -0.800541 0.000000
    outer loop
      vertex 26.884062 7.520262 -0.800000
      vertex 26.884062 7.520262 0.800000
      vertex 26.729865 7.635692 0.800000
    endloop
  endfacet
  facet normal 0.000000 0.000000 1.000000
    outer loop
      vertex 27.946307 9.528513 0.800000
      vertex 27.495494 9.774675 0.800000
      vertex 26.560810 7.728003 0.800000
    endloop
  endfacet
  facet normal 0.000000 0.000000 1.000000
    outer loop
      vertex 27.946307 9.528513 0.800000
      vertex 26.560810 7.728003 0.800000
      vertex 26.729865 7.635692 0.800000
    endloop
  endfacet
  facet normal -0.000000 0.000000 -1.000000
    outer loop
      vertex 27.946307 9.528513 -0.800000
      vertex 26.560810 7.728003 -0.800000
      vertex 27.495494 9.774675 -0.800000
    endloop
  endfacet
  facet normal 0.000000 0.000000 -1.000000
    outer loop
      vertex 27.946307 9.528513 -0.800000
      vertex 26.729865 7.635692 -0.800000
      vertex 26.560810 7.728003 -0.800000
    endloop
  endfacet
  facet normal 0.479249 0.877679 0.000000
    outer loop
      vertex 27.946307 9.528513 -0.800000
      vertex 27.495494 9.774675 -0.800000
      vertex 27.495494 9.774675 0.800000
    endloop
  endfacet
  facet normal 0.479249 0.877679 -0.000000
    outer loop
      vertex 27.946307 9.528513 -0.800000
      vertex 27.495494 9.774675 0.800000
      vertex 27.946307 9.528513 0.800000
    endloop
  endfacet
  facet normal -0.479249 -0.877679 0.000000
    outer loop
      vertex 26.729865 7.635692 -0.800000
      vertex 26.560810 7.728003 0.800000
      vertex 26.560810 7.728003 -0.800000
    endloop
  endfacet
  facet normal -0.479249 -0.877679 0.000000
    outer loop
      vertex 26.729865 7.635692 -0.800000
      vertex 26.729865 7.635692 0.800000
      vertex 26.560810 7.728003 0.800000
    endloop
  endfacet
  facet normal 0.000000 0.000000 1.000000
    outer loop
      vertex 27.495494 9.774675 0.800000
      vertex 27.014237 9.954175 0.800000
      vertex 26.380339 7.795316 0.800000
    endloop
  endfacet
  facet normal 0.000000 0.000000 1.000000
    outer loop
      vertex 27.495494 9.774675 0.800000
      vertex 26.380339 7.795316 0.800000
      vertex 26.560810 7.728003 0.800000
    endloop
  endfacet
  facet normal -0.000000 0.000000 -1.000000
    outer loop
      vertex 27.495494 9.774675 -0.800000
      vertex 26.380339 7.795316 -0.800000
      vertex 27.014237 9.954175 -0.800000
    endloop
  endfacet
  facet normal 0.000000 0.000000 -1.000000
    outer loop
      vertex 27.495494 9.774675 -0.800000
      vertex 26.560810 7.728003 -0.800000
      vertex 26.380339 7.795316 -0.800000
    endloop
  endfacet
  facet normal 0.349464 0.936950 0.000000
    outer loop
      vertex 27.495494 9.774675 -0.800000
      vertex 27.014237 9.954175 -0.800000
      vertex 27.014237 9.954175 0.800000
    endloop
  endfacet
  facet normal 0.349464 0.936950 -0.000000
    outer loop
      vertex 27.495494 9.774675 -0.800000
      vertex 27.014237 9.954175 0.800000
      vertex 27.495494 9.774675 0.800000
    endloop
  endfacet
  facet normal -0.349464 -0.936950 0.000000
    outer loop
      vertex 26.560810 7.728003 -0.800000
      vertex 26.380339 7.795316 0.800000
      vertex 26.380339 7.795316 -0.800000
    endloop
  endfacet
  facet normal -0.349464 -0.936950 0.000000
    outer loop
      vertex 26.560810 7.728003 -0.800000
      vertex 26.560810 7.728003 0.800000
      vertex 26.380339 7.795316 0.800000
    endloop
  endfacet
  facet normal 0.000000 0.000000 1.000000
    outer loop
      vertex 27.014237 9.954175 0.800000
      vertex 26.512333 10.063357 0.800000
      vertex 26.192125 7.836259 0.800000
    endloop
  endfacet
  facet normal 0.000000 0.000000 1.000000
    outer loop
      vertex 27.014237 9.954175 0.800000
      vertex 26.192125 7.836259 0.800000
      vertex 26.380339 7.795316 0.800000
    endloop
  endfacet
  facet normal -0.000000 0.000000 -1.000000
    outer loop
      vertex 27.014237 9.954175 -0.800000
      vertex 26.192125 7.836259 -0.800000
      vertex 26.512333 10.063357 -0.800000
    endloop
  endfacet
  facet normal 0.000000 0.000000 -1.000000
    outer loop
      vertex 27.014237 9.954175 -0.800000
      vertex 26.380339 7.795316 -0.800000
      vertex 26.192125 7.836259 -0.800000
    endloop
  endfacet
  facet normal 0.212565 0.977147 0.000000
    outer loop
      vertex 27.014237 9.954175 -0.800000
      vertex 26.512333 10.063357 -0.800000
      vertex 26.512333 10.063357 0.800000
    endloop
  endfacet
  facet normal 0.212565 0.977147 -0.000000
    outer loop
      vertex 27.014237 9.954175 -0.800000
      vertex 26.512333 10.063357 0.800000
      vertex 27.014237 9.954175 0.800000
    endloop
  endfacet
  facet normal -0.212565 -0.977147 0.000000
    outer loop
      vertex 26.380339 7.795316 -0.800000
      vertex 26.192125 7.836259 0.800000
      vertex 26.192125 7.836259 -0.800000
    endloop
  endfacet
  facet normal -0.212565 -0.977147 0.000000
    outer loop
      vertex 26.380339 7.795316 -0.800000
      vertex 26.380339 7.795316 0.800000
      vertex 26.192125 7.836259 0.800000
    endloop
  endfacet
  facet normal 0.000000 0.000000 1.000000
    outer loop
      vertex 26.512333 10.063357 0.800000
      vertex 26.000000 10.100000 0.800000
      vertex 26.000000 7.850000 0.800000
    endloop
  endfacet
  facet normal 0.000000 0.000000 1.000000
    outer loop
      vertex 26.512333 10.063357 0.800000
      vertex 26.000000 7.850000 0.800000
      vertex 26.192125 7.836259 0.800000
    endloop
  endfacet
  facet normal -0.000000 0.000000 -1.000000
    outer loop
      vertex 26.512333 10.063357 -0.800000
      vertex 26.000000 7.850000 -0.800000
      vertex 26.000000 10.100000 -0.800000
    endloop
  endfacet
  facet normal 0.000000 0.000000 -1.000000
    outer loop
      vertex 26.512333 10.063357 -0.800000
      vertex 26.192125 7.836259 -0.800000
      vertex 26.000000 7.850000 -0.800000
    endloop
  endfacet
  facet normal 0.071339 0.997452 0.000000
    outer loop
      vertex 26.512333 10.063357 -0.800000
      vertex 26.000000 10.100000 -0.800000
      vertex 26.000000 10.100000 0.800000
    endloop
  endfacet
  facet normal 0.071339 0.997452 -0.000000
    outer loop
      vertex 26.512333 10.063357 -0.800000
      vertex 26.000000 10.100000 0.800000
      vertex 26.512333 10.063357 0.800000
    endloop
  endfacet
  facet normal -0.071339 -0.997452 0.000000
    outer loop
      vertex 26.192125 7.836259 -0.800000
      vertex 26.000000 7.850000 0.800000
      vertex 26.000000 7.850000 -0.800000
    endloop
  endfacet
  facet normal -0.071339 -0.997452 0.000000
    outer loop
      vertex 26.192125 7.836259 -0.800000
      vertex 26.192125 7.836259 0.800000
      vertex 26.000000 7.850000 0.800000
    endloop
  endfacet
  facet normal 0.000000 0.000000 1.000000
    outer loop
      vertex 26.000000 10.100000 0.800000
      vertex 25.487667 10.063357 0.800000
      vertex 25.807875 7.836259 0.800000
    endloop
  endfacet
  facet normal 0.000000 0.000000 1.000000
    outer loop
      vertex 26.000000 10.100000 0.800000
      vertex 25.807875 7.836259 0.800000
      vertex 26.000000 7.850000 0.800000
    endloop
  endfacet
  facet normal 0.000000 0.000000 -1.000000
    outer loop
      vertex 26.000000 10.100000 -0.800000
      vertex 25.807875 7.836259 -0.800000
      vertex 25.487667 10.063357 -0.800000
    endloop
  endfacet
  facet normal 0.000000 -0.000000 -1.000000
    outer loop
      vertex 26.000000 10.100000 -0.800000
      vertex 26.000000 7.850000 -0.800000
      vertex 25.807875 7.836259 -0.800000
    endloop
  endfacet
  facet normal -0.071339 0.997452 0.000000
    outer loop
      vertex 26.000000 10.100000 -0.800000
      vertex 25.487667 10.063357 -0.800000
      vertex 25.487667 10.063357 0.800000
    endloop
  endfacet
  facet normal -0.071339 0.997452 0.000000
    outer loop
      vertex 26.000000 10.100000 -0.800000
      vertex 25.487667 10.063357 0.800000
      vertex 26.000000 10.100000 0.800000
    endloop
  endfacet
  facet normal 0.071339 -0.997452 0.000000
    outer loop
      vertex 26.000000 7.850000 -0.800000
      vertex 25.807875 7.836259 0.800000
      vertex 25.807875 7.836259 -0.800000
    endloop
  endfacet
  facet normal 0.071339 -0.997452 0.000000
    outer loop
      vertex 26.000000 7.850000 -0.800000
      vertex 26.000000 7.850000 0.800000
      vertex 25.807875 7.836259 0.800000
    endloop
  endfacet
  facet normal 0.000000 0.000000 1.000000
    outer loop
      vertex 25.487667 10.063357 0.800000
      vertex 24.985763 9.954175 0.800000
      vertex 25.619661 7.795316 0.800000
    endloop
  endfacet
  facet normal 0.000000 0.000000 1.000000
    outer loop
      vertex 25.487667 10.063357 0.800000
      vertex 25.619661 7.795316 0.800000
      vertex 25.807875 7.836259 0.800000
    endloop
  endfacet
  facet normal 0.000000 -0.000000 -1.000000
    outer loop
      vertex 25.487667 10.063357 -0.800000
      vertex 25.619661 7.795316 -0.800000
      vertex 24.985763 9.954175 -0.800000
    endloop
  endfacet
  facet normal 0.000000 0.000000 -1.000000
    outer loop
      vertex 25.487667 10.063357 -0.800000
      vertex 25.807875 7.836259 -0.800000
      vertex 25.619661 7.795316 -0.800000
    endloop
  endfacet
  facet normal -0.212565 0.977147 0.000000
    outer loop
      vertex 25.487667 10.063357 -0.800000
      vertex 24.985763 9.954175 -0.800000
      vertex 24.985763 9.954175 0.800000
    endloop
  endfacet
  facet normal -0.212565 0.977147 0.000000
    outer loop
      vertex 25.487667 10.063357 -0.800000
      vertex 24.985763 9.954175 0.800000
      vertex 25.487667 10.063357 0.800000
    endloop
  endfacet
  facet normal 0.212565 -0.977147 0.000000
    outer loop
      vertex 25.807875 7.836259 -0.800000
      vertex 25.619661 7.795316 0.800000
      vertex 25.619661 7.795316 -0.800000
    endloop
  endfacet
  facet normal 0.212565 -0.977147 0.000000
    outer loop
      vertex 25.807875 7.836259 -0.800000
      vertex 25.807875 7.836259 0.800000
      vertex 25.619661 7.795316 0.800000
    endloop
  endfacet
  facet normal 0.000000 0.000000 1.000000
    outer loop
      vertex 24.985763 9.954175 0.800000
      vertex 24.504506 9.774675 0.800000
      vertex 25.439190 7.728003 0.800000
    endloop
  endfacet
  facet normal 0.000000 0.000000 1.000000
    outer loop
      vertex 24.985763 9.954175 0.800000
      vertex 25.439190 7.728003 0.800000
      vertex 25.619661 7.795316 0.800000
    endloop
  endfacet
  facet normal 0.000000 -0.000000 -1.000000
    outer loop
      vertex 24.985763 9.954175 -0.800000
      vertex 25.439190 7.728003 -0.800000
      vertex 24.504506 9.774675 -0.800000
    endloop
  endfacet
  facet normal 0.000000 0.000000 -1.000000
    outer loop
      vertex 24.985763 9.954175 -0.800000
      vertex 25.619661 7.795316 -0.800000
      vertex 25.439190 7.728003 -0.800000
    endloop
  endfacet
  facet normal -0.349464 0.936950 0.000000
    outer loop
      vertex 24.985763 9.954175 -0.800000
      vertex 24.504506 9.774675 -0.800000
      vertex 24.504506 9.774675 0.800000
    endloop
  endfacet
  facet normal -0.349464 0.936950 0.000000
    outer loop
      vertex 24.985763 9.954175 -0.800000
      vertex 24.504506 9.774675 0.800000
      vertex 24.985763 9.954175 0.800000
    endloop
  endfacet
  facet normal 0.349464 -0.936950 0.000000
    outer loop
      vertex 25.619661 7.795316 -0.800000
      vertex 25.439190 7.728003 0.800000
      vertex 25.439190 7.728003 -0.800000
    endloop
  endfacet
  facet normal 0.349464 -0.936950 0.000000
    outer loop
      vertex 25.619661 7.795316 -0.800000
      vertex 25.619661 7.795316 0.800000
      vertex 25.439190 7.728003 0.800000
    endloop
  endfacet
  facet normal 0.000000 0.000000 1.000000
    outer loop
      vertex 24.504506 9.774675 0.800000
      vertex 24.053693 9.528513 0.800000
      vertex 25.270135 7.635692 0.800000
    endloop
  endfacet
  facet normal 0.000000 0.000000 1.000000
    outer loop
      vertex 24.504506 9.774675 0.800000
      vertex 25.270135 7.635692 0.800000
      vertex 25.439190 7.728003 0.800000
    endloop
  endfacet
  facet normal 0.000000 -0.000000 -1.000000
    outer loop
      vertex 24.504506 9.774675 -0.800000
      vertex 25.270135 7.635692 -0.800000
      vertex 24.053693 9.528513 -0.800000
    endloop
  endfacet
  facet normal 0.000000 0.000000 -1.000000
    outer loop
      vertex 24.504506 9.774675 -0.800000
      vertex 25.439190 7.728003 -0.800000
      vertex 25.270135 7.635692 -0.800000
    endloop
  endfacet
  facet normal -0.479249 0.877679 0.000000
    outer loop
      vertex 24.504506 9.774675 -0.800000
      vertex 24.053693 9.528513 -0.800000
      vertex 24.053693 9.528513 0.800000
    endloop
  endfacet
  facet normal -0.479249 0.877679 0.000000
    outer loop
      vertex 24.504506 9.774675 -0.800000
      vertex 24.053693 9.528513 0.800000
      vertex 24.504506 9.774675 0.800000
    endloop
  endfacet
  facet normal 0.479249 -0.877679 0.000000
    outer loop
      vertex 25.439190 7.728003 -0.800000
      vertex 25.270135 7.635692 0.800000
      vertex 25.270135 7.635692 -0.800000
    endloop
  endfacet
  facet normal 0.479249 -0.877679 0.000000
    outer loop
      vertex 25.439190 7.728003 -0.800000
      vertex 25.439190 7.728003 0.800000
      vertex 25.270135 7.635692 0.800000
    endloop
  endfacet
  facet normal 0.000000 0.000000 1.000000
    outer loop
      vertex 24.053693 9.528513 0.800000
      vertex 23.642501 9.220698 0.800000
      vertex 25.115938 7.520262 0.800000
    endloop
  endfacet
  facet normal 0.000000 0.000000 1.000000
    outer loop
      vertex 24.053693 9.528513 0.800000
      vertex 25.115938 7.520262 0.800000
      vertex 25.270135 7.635692 0.800000
    endloop
  endfacet
  facet normal 0.000000 -0.000000 -1.000000
    outer loop
      vertex 24.053693 9.528513 -0.800000
      vertex 25.115938 7.520262 -0.800000
      vertex 23.642501 9.220698 -0.800000
    endloop
  endfacet
  facet normal 0.000000 0.000000 -1.000000
    outer loop
      vertex 24.053693 9.528513 -0.800000
      vertex 25.270135 7.635692 -0.800000
      vertex 25.115938 7.520262 -0.800000
    endloop
  endfacet
  facet normal -0.599278 0.800541 0.000000
    outer loop
      vertex 24.053693 9.528513 -0.800000
      vertex 23.642501 9.220698 -0.800000
      vertex 23.642501 9.220698 0.800000
    endloop
  endfacet
  facet normal -0.599278 0.800541 0.000000
    outer loop
      vertex 24.053693 9.528513 -0.800000
      vertex 23.642501 9.220698 0.800000
      vertex 24.053693 9.528513 0.800000
    endloop
  endfacet
  facet normal 0.599278 -0.800541 0.000000
    outer loop
      vertex 25.270135 7.635692 -0.800000
      vertex 25.115938 7.520262 0.800000
      vertex 25.115938 7.520262 -0.800000
    endloop
  endfacet
  facet normal 0.599278 -0.800541 0.000000
    outer loop
      vertex 25.270135 7.635692 -0.800000
      vertex 25.270135 7.635692 0.800000
      vertex 25.115938 7.520262 0.800000
    endloop
  endfacet
  facet normal 0.000000 0.000000 1.000000
    outer loop
      vertex 23.642501 9.220698 0.800000
      vertex 23.279302 8.857499 0.800000
      vertex 24.979738 7.384062 0.800000
    endloop
  endfacet
  facet normal 0.000000 0.000000 1.000000
    outer loop
      vertex 23.642501 9.220698 0.800000
      vertex 24.979738 7.384062 0.800000
      vertex 25.115938 7.520262 0.800000
    endloop
  endfacet
  facet normal 0.000000 -0.000000 -1.000000
    outer loop
      vertex 23.642501 9.220698 -0.800000
      vertex 24.979738 7.384062 -0.800000
      vertex 23.279302 8.857499 -0.800000
    endloop
  endfacet
  facet normal 0.000000 0.000000 -1.000000
    outer loop
      vertex 23.642501 9.220698 -0.800000
      vertex 25.115938 7.520262 -0.800000
      vertex 24.979738 7.384062 -0.800000
    endloop
  endfacet
  facet normal -0.707107 0.707107 0.000000
    outer loop
      vertex 23.642501 9.220698 -0.800000
      vertex 23.279302 8.857499 -0.800000
      vertex 23.279302 8.857499 0.800000
    endloop
  endfacet
  facet normal -0.707107 0.707107 0.000000
    outer loop
      vertex 23.642501 9.220698 -0.800000
      vertex 23.279302 8.857499 0.800000
      vertex 23.642501 9.220698 0.800000
    endloop
  endfacet
  facet normal 0.707107 -0.707107 0.000000
    outer loop
      vertex 25.115938 7.520262 -0.800000
      vertex 24.979738 7.384062 0.800000
      vertex 24.979738 7.384062 -0.800000
    endloop
  endfacet
  facet normal 0.707107 -0.707107 0.000000
    outer loop
      vertex 25.115938 7.520262 -0.800000
      vertex 25.115938 7.520262 0.800000
      vertex 24.979738 7.384062 0.800000
    endloop
  endfacet
  facet normal 0.000000 0.000000 1.000000
    outer loop
      vertex 23.279302 8.857499 0.800000
      vertex 22.971487 8.446307 0.800000
      vertex 24.864308 7.229865 0.800000
    endloop
  endfacet
  facet normal 0.000000 0.000000 1.000000
    outer loop
      vertex 23.279302 8.857499 0.800000
      vertex 24.864308 7.229865 0.800000
      vertex 24.979738 7.384062 0.800000
    endloop
  endfacet
  facet normal 0.000000 -0.000000 -1.000000
    outer loop
      vertex 23.279302 8.857499 -0.800000
      vertex 24.864308 7.229865 -0.800000
      vertex 22.971487 8.446307 -0.800000
    endloop
  endfacet
  facet normal 0.000000 0.000000 -1.000000
    outer loop
      vertex 23.279302 8.857499 -0.800000
      vertex 24.979738 7.384062 -0.800000
      vertex 24.864308 7.229865 -0.800000
    endloop
  endfacet
  facet normal -0.800541 0.599278 0.000000
    outer loop
      vertex 23.279302 8.857499 -0.800000
      vertex 22.971487 8.446307 -0.800000
      vertex 22.971487 8.446307 0.800000
    endloop
  endfacet
  facet normal -0.800541 0.599278 0.000000
    outer loop
      vertex 23.279302 8.857499 -0.800000
      vertex 22.971487 8.446307 0.800000
      vertex 23.279302 8.857499 0.800000
    endloop
  endfacet
  facet normal 0.800541 -0.599278 0.000000
    outer loop
      vertex 24.979738 7.384062 -0.800000
      vertex 24.864308 7.229865 0.800000
      vertex 24.864308 7.229865 -0.800000
    endloop
  endfacet
  facet normal 0.800541 -0.599278 0.000000
    outer loop
      vertex 24.979738 7.384062 -0.800000
      vertex 24.979738 7.384062 0.800000
      vertex 24.864308 7.229865 0.800000
    endloop
  endfacet
  facet normal 0.000000 0.000000 1.000000
    outer loop
      vertex 22.971487 8.446307 0.800000
      vertex 22.725325 7.995494 0.800000
      vertex 24.771997 7.060810 0.800000
    endloop
  endfacet
  facet normal 0.000000 0.000000 1.000000
    outer loop
      vertex 22.971487 8.446307 0.800000
      vertex 24.771997 7.060810 0.800000
      vertex 24.864308 7.229865 0.800000
    endloop
  endfacet
  facet normal 0.000000 -0.000000 -1.000000
    outer loop
      vertex 22.971487 8.446307 -0.800000
      vertex 24.771997 7.060810 -0.800000
      vertex 22.725325 7.995494 -0.800000
    endloop
  endfacet
  facet normal 0.000000 0.000000 -1.000000
    outer loop
      vertex 22.971487 8.446307 -0.800000
      vertex 24.864308 7.229865 -0.800000
      vertex 24.771997 7.060810 -0.800000
    endloop
  endfacet
  facet normal -0.877679 0.479249 0.000000
    outer loop
      vertex 22.971487 8.446307 -0.800000
      vertex 22.725325 7.995494 -0.800000
      vertex 22.725325 7.995494 0.800000
    endloop
  endfacet
  facet normal -0.877679 0.479249 0.000000
    outer loop
      vertex 22.971487 8.446307 -0.800000
      vertex 22.725325 7.995494 0.800000
      vertex 22.971487 8.446307 0.800000
    endloop
  endfacet
  facet normal 0.877679 -0.479249 0.000000
    outer loop
      vertex 24.864308 7.229865 -0.800000
      vertex 24.771997 7.060810 0.800000
      vertex 24.771997 7.060810 -0.800000
    endloop
  endfacet
  facet normal 0.877679 -0.479249 0.000000
    outer loop
      vertex 24.864308 7.229865 -0.800000
      vertex 24.864308 7.229865 0.800000
      vertex 24.771997 7.060810 0.800000
    endloop
  endfacet
  facet normal 0.000000 0.000000 1.000000
    outer loop
      vertex 22.725325 7.995494 0.800000
      vertex 22.545825 7.514237 0.800000
      vertex 24.704684 6.880339 0.800000
    endloop
  endfacet
  facet normal 0.000000 0.000000 1.000000
    outer loop
      vertex 22.725325 7.995494 0.800000
      vertex 24.704684 6.880339 0.800000
      vertex 24.771997 7.060810 0.800000
    endloop
  endfacet
  facet normal 0.000000 -0.000000 -1.000000
    outer loop
      vertex 22.725325 7.995494 -0.800000
      vertex 24.704684 6.880339 -0.800000
      vertex 22.545825 7.514237 -0.800000
    endloop
  endfacet
  facet normal 0.000000 0.000000 -1.000000
    outer loop
      vertex 22.725325 7.995494 -0.800000
      vertex 24.771997 7.060810 -0.800000
      vertex 24.704684 6.880339 -0.800000
    endloop
  endfacet
  facet normal -0.936950 0.349464 0.000000
    outer loop
      vertex 22.725325 7.995494 -0.800000
      vertex 22.545825 7.514237 -0.800000
      vertex 22.545825 7.514237 0.800000
    endloop
  endfacet
  facet normal -0.936950 0.349464 0.000000
    outer loop
      vertex 22.725325 7.995494 -0.800000
      vertex 22.545825 7.514237 0.800000
      vertex 22.725325 7.995494 0.800000
    endloop
  endfacet
  facet normal 0.936950 -0.349464 0.000000
    outer loop
      vertex 24.771997 7.060810 -0.800000
      vertex 24.704684 6.880339 0.800000
      vertex 24.704684 6.880339 -0.800000
    endloop
  endfacet
  facet normal 0.936950 -0.349464 0.000000
    outer loop
      vertex 24.771997 7.060810 -0.800000
      vertex 24.771997 7.060810 0.800000
      vertex 24.704684 6.880339 0.800000
    endloop
  endfacet
  facet normal 0.000000 0.000000 1.000000
    outer loop
      vertex 22.545825 7.514237 0.800000
      vertex 22.436643 7.012333 0.800000
      vertex 24.663741 6.692125 0.800000
    endloop
  endfacet
  facet normal 0.000000 0.000000 1.000000
    outer loop
      vertex 22.545825 7.514237 0.800000
      vertex 24.663741 6.692125 0.800000
      vertex 24.704684 6.880339 0.800000
    endloop
  endfacet
  facet normal 0.000000 -0.000000 -1.000000
    outer loop
      vertex 22.545825 7.514237 -0.800000
      vertex 24.663741 6.692125 -0.800000
      vertex 22.436643 7.012333 -0.800000
    endloop
  endfacet
  facet normal 0.000000 0.000000 -1.000000
    outer loop
      vertex 22.545825 7.514237 -0.800000
      vertex 24.704684 6.880339 -0.800000
      vertex 24.663741 6.692125 -0.800000
    endloop
  endfacet
  facet normal -0.977147 0.212565 0.000000
    outer loop
      vertex 22.545825 7.514237 -0.800000
      vertex 22.436643 7.012333 -0.800000
      vertex 22.436643 7.012333 0.800000
    endloop
  endfacet
  facet normal -0.977147 0.212565 0.000000
    outer loop
      vertex 22.545825 7.514237 -0.800000
      vertex 22.436643 7.012333 0.800000
      vertex 22.545825 7.514237 0.800000
    endloop
  endfacet
  facet normal 0.977147 -0.212565 0.000000
    outer loop
      vertex 24.704684 6.880339 -0.800000
      vertex 24.663741 6.692125 0.800000
      vertex 24.663741 6.692125 -0.800000
    endloop
  endfacet
  facet normal 0.977147 -0.212565 0.000000
    outer loop
      vertex 24.704684 6.880339 -0.800000
      vertex 24.704684 6.880339 0.800000
      vertex 24.663741 6.692125 0.800000
    endloop
  endfacet
  facet normal 0.000000 0.000000 1.000000
    outer loop
      vertex 22.436643 7.012333 0.800000
      vertex 22.400000 6.500000 0.800000
      vertex 24.650000 6.500000 0.800000
    endloop
  endfacet
  facet normal 0.000000 0.000000 1.000000
    outer loop
      vertex 22.436643 7.012333 0.800000
      vertex 24.650000 6.500000 0.800000
      vertex 24.663741 6.692125 0.800000
    endloop
  endfacet
  facet normal 0.000000 -0.000000 -1.000000
    outer loop
      vertex 22.436643 7.012333 -0.800000
      vertex 24.650000 6.500000 -0.800000
      vertex 22.400000 6.500000 -0.800000
    endloop
  endfacet
  facet normal 0.000000 0.000000 -1.000000
    outer loop
      vertex 22.436643 7.012333 -0.800000
      vertex 24.663741 6.692125 -0.800000
      vertex 24.650000 6.500000 -0.800000
    endloop
  endfacet
  facet normal -0.997452 0.071339 0.000000
    outer loop
      vertex 22.436643 7.012333 -0.800000
      vertex 22.400000 6.500000 -0.800000
      vertex 22.400000 6.500000 0.800000
    endloop
  endfacet
  facet normal -0.997452 0.071339 0.000000
    outer loop
      vertex 22.436643 7.012333 -0.800000
      vertex 22.400000 6.500000 0.800000
      vertex 22.436643 7.012333 0.800000
    endloop
  endfacet
  facet normal 0.997452 -0.071339 0.000000
    outer loop
      vertex 24.663741 6.692125 -0.800000
      vertex 24.650000 6.500000 0.800000
      vertex 24.650000 6.500000 -0.800000
    endloop
  endfacet
  facet normal 0.997452 -0.071339 0.000000
    outer loop
      vertex 24.663741 6.692125 -0.800000
      vertex 24.663741 6.692125 0.800000
      vertex 24.650000 6.500000 0.800000
    endloop
  endfacet
  facet normal 0.000000 0.000000 1.000000
    outer loop
      vertex 22.400000 6.500000 0.800000
      vertex 22.436643 5.987667 0.800000
      vertex 24.663741 6.307875 0.800000
    endloop
  endfacet
  facet normal 0.000000 0.000000 1.000000
    outer loop
      vertex 22.400000 6.500000 0.800000
      vertex 24.663741 6.307875 0.800000
      vertex 24.650000 6.500000 0.800000
    endloop
  endfacet
  facet normal 0.000000 0.000000 -1.000000
    outer loop
      vertex 22.400000 6.500000 -0.800000
      vertex 24.663741 6.307875 -0.800000
      vertex 22.436643 5.987667 -0.800000
    endloop
  endfacet
  facet normal 0.000000 0.000000 -1.000000
    outer loop
      vertex 22.400000 6.500000 -0.800000
      vertex 24.650000 6.500000 -0.800000
      vertex 24.663741 6.307875 -0.800000
    endloop
  endfacet
  facet normal -0.997452 -0.071339 0.000000
    outer loop
      vertex 22.400000 6.500000 -0.800000
      vertex 22.436643 5.987667 -0.800000
      vertex 22.436643 5.987667 0.800000
    endloop
  endfacet
  facet normal -0.997452 -0.071339 0.000000
    outer loop
      vertex 22.400000 6.500000 -0.800000
      vertex 22.436643 5.987667 0.800000
      vertex 22.400000 6.500000 0.800000
    endloop
  endfacet
  facet normal 0.997452 0.071339 0.000000
    outer loop
      vertex 24.650000 6.500000 -0.800000
      vertex 24.663741 6.307875 0.800000
      vertex 24.663741 6.307875 -0.800000
    endloop
  endfacet
  facet normal 0.997452 0.071339 -0.000000
    outer loop
      vertex 24.650000 6.500000 -0.800000
      vertex 24.650000 6.500000 0.800000
      vertex 24.663741 6.307875 0.800000
    endloop
  endfacet
  facet normal -0.000000 0.000000 1.000000
    outer loop
      vertex 22.436643 5.987667 0.800000
      vertex 22.545825 5.485763 0.800000
      vertex 24.704684 6.119661 0.800000
    endloop
  endfacet
  facet normal 0.000000 0.000000 1.000000
    outer loop
      vertex 22.436643 5.987667 0.800000
      vertex 24.704684 6.119661 0.800000
      vertex 24.663741 6.307875 0.800000
    endloop
  endfacet
  facet normal 0.000000 0.000000 -1.000000
    outer loop
      vertex 22.436643 5.987667 -0.800000
      vertex 24.704684 6.119661 -0.800000
      vertex 22.545825 5.485763 -0.800000
    endloop
  endfacet
  facet normal 0.000000 0.000000 -1.000000
    outer loop
      vertex 22.436643 5.987667 -0.800000
      vertex 24.663741 6.307875 -0.800000
      vertex 24.704684 6.119661 -0.800000
    endloop
  endfacet
  facet normal -0.977147 -0.212565 0.000000
    outer loop
      vertex 22.436643 5.987667 -0.800000
      vertex 22.545825 5.485763 -0.800000
      vertex 22.545825 5.485763 0.800000
    endloop
  endfacet
  facet normal -0.977147 -0.212565 0.000000
    outer loop
      vertex 22.436643 5.987667 -0.800000
      vertex 22.545825 5.485763 0.800000
      vertex 22.436643 5.987667 0.800000
    endloop
  endfacet
  facet normal 0.977147 0.212565 0.000000
    outer loop
      vertex 24.663741 6.307875 -0.800000
      vertex 24.704684 6.119661 0.800000
      vertex 24.704684 6.119661 -0.800000
    endloop
  endfacet
  facet normal 0.977147 0.212565 -0.000000
    outer loop
      vertex 24.663741 6.307875 -0.800000
      vertex 24.663741 6.307875 0.800000
      vertex 24.704684 6.119661 0.800000
    endloop
  endfacet
  facet normal -0.000000 0.000000 1.000000
    outer loop
      vertex 22.545825 5.485763 0.800000
      vertex 22.725325 5.004506 0.800000
      vertex 24.771997 5.939190 0.800000
    endloop
  endfacet
  facet normal 0.000000 0.000000 1.000000
    outer loop
      vertex 22.545825 5.485763 0.800000
      vertex 24.771997 5.939190 0.800000
      vertex 24.704684 6.119661 0.800000
    endloop
  endfacet
  facet normal 0.000000 0.000000 -1.000000
    outer loop
      vertex 22.545825 5.485763 -0.800000
      vertex 24.771997 5.939190 -0.800000
      vertex 22.725325 5.004506 -0.800000
    endloop
  endfacet
  facet normal 0.000000 0.000000 -1.000000
    outer loop
      vertex 22.545825 5.485763 -0.800000
      vertex 24.704684 6.119661 -0.800000
      vertex 24.771997 5.939190 -0.800000
    endloop
  endfacet
  facet normal -0.936950 -0.349464 0.000000
    outer loop
      vertex 22.545825 5.485763 -0.800000
      vertex 22.725325 5.004506 -0.800000
      vertex 22.725325 5.004506 0.800000
    endloop
  endfacet
  facet normal -0.936950 -0.349464 0.000000
    outer loop
      vertex 22.545825 5.485763 -0.800000
      vertex 22.725325 5.004506 0.800000
      vertex 22.545825 5.485763 0.800000
    endloop
  endfacet
  facet normal 0.936950 0.349464 0.000000
    outer loop
      vertex 24.704684 6.119661 -0.800000
      vertex 24.771997 5.939190 0.800000
      vertex 24.771997 5.939190 -0.800000
    endloop
  endfacet
  facet normal 0.936950 0.349464 -0.000000
    outer loop
      vertex 24.704684 6.119661 -0.800000
      vertex 24.704684 6.119661 0.800000
      vertex 24.771997 5.939190 0.800000
    endloop
  endfacet
  facet normal -0.000000 0.000000 1.000000
    outer loop
      vertex 22.725325 5.004506 0.800000
      vertex 22.971487 4.553693 0.800000
      vertex 24.864308 5.770135 0.800000
    endloop
  endfacet
  facet normal 0.000000 0.000000 1.000000
    outer loop
      vertex 22.725325 5.004506 0.800000
      vertex 24.864308 5.770135 0.800000
      vertex 24.771997 5.939190 0.800000
    endloop
  endfacet
  facet normal 0.000000 0.000000 -1.000000
    outer loop
      vertex 22.725325 5.004506 -0.800000
      vertex 24.864308 5.770135 -0.800000
      vertex 22.971487 4.553693 -0.800000
    endloop
  endfacet
  facet normal 0.000000 0.000000 -1.000000
    outer loop
      vertex 22.725325 5.004506 -0.800000
      vertex 24.771997 5.939190 -0.800000
      vertex 24.864308 5.770135 -0.800000
    endloop
  endfacet
  facet normal -0.877679 -0.479249 0.000000
    outer loop
      vertex 22.725325 5.004506 -0.800000
      vertex 22.971487 4.553693 -0.800000
      vertex 22.971487 4.553693 0.800000
    endloop
  endfacet
  facet normal -0.877679 -0.479249 0.000000
    outer loop
      vertex 22.725325 5.004506 -0.800000
      vertex 22.971487 4.553693 0.800000
      vertex 22.725325 5.004506 0.800000
    endloop
  endfacet
  facet normal 0.877679 0.479249 0.000000
    outer loop
      vertex 24.771997 5.939190 -0.800000
      vertex 24.864308 5.770135 0.800000
      vertex 24.864308 5.770135 -0.800000
    endloop
  endfacet
  facet normal 0.877679 0.479249 -0.000000
    outer loop
      vertex 24.771997 5.939190 -0.800000
      vertex 24.771997 5.939190 0.800000
      vertex 24.864308 5.770135 0.800000
    endloop
  endfacet
  facet normal -0.000000 0.000000 1.000000
    outer loop
      vertex 22.971487 4.553693 0.800000
      vertex 23.279302 4.142501 0.800000
      vertex 24.979738 5.615938 0.800000
    endloop
  endfacet
  facet normal 0.000000 0.000000 1.000000
    outer loop
      vertex 22.971487 4.553693 0.800000
      vertex 24.979738 5.615938 0.800000
      vertex 24.864308 5.770135 0.800000
    endloop
  endfacet
  facet normal 0.000000 0.000000 -1.000000
    outer loop
      vertex 22.971487 4.553693 -0.800000
      vertex 24.979738 5.615938 -0.800000
      vertex 23.279302 4.142501 -0.800000
    endloop
  endfacet
  facet normal 0.000000 0.000000 -1.000000
    outer loop
      vertex 22.971487 4.553693 -0.800000
      vertex 24.864308 5.770135 -0.800000
      vertex 24.979738 5.615938 -0.800000
    endloop
  endfacet
  facet normal -0.800541 -0.599278 0.000000
    outer loop
      vertex 22.971487 4.553693 -0.800000
      vertex 23.279302 4.142501 -0.800000
      vertex 23.279302 4.142501 0.800000
    endloop
  endfacet
  facet normal -0.800541 -0.599278 0.000000
    outer loop
      vertex 22.971487 4.553693 -0.800000
      vertex 23.279302 4.142501 0.800000
      vertex 22.971487 4.553693 0.800000
    endloop
  endfacet
  facet normal 0.800541 0.599278 0.000000
    outer loop
      vertex 24.864308 5.770135 -0.800000
      vertex 24.979738 5.615938 0.800000
      vertex 24.979738 5.615938 -0.800000
    endloop
  endfacet
  facet normal 0.800541 0.599278 -0.000000
    outer loop
      vertex 24.864308 5.770135 -0.800000
      vertex 24.864308 5.770135 0.800000
      vertex 24.979738 5.615938 0.800000
    endloop
  endfacet
  facet normal -0.000000 0.000000 1.000000
    outer loop
      vertex 23.279302 4.142501 0.800000
      vertex 23.642501 3.779302 0.800000
      vertex 25.115938 5.479738 0.800000
    endloop
  endfacet
  facet normal 0.000000 0.000000 1.000000
    outer loop
      vertex 23.279302 4.142501 0.800000
      vertex 25.115938 5.479738 0.800000
      vertex 24.979738 5.615938 0.800000
    endloop
  endfacet
  facet normal 0.000000 0.000000 -1.000000
    outer loop
      vertex 23.279302 4.142501 -0.800000
      vertex 25.115938 5.479738 -0.800000
      vertex 23.642501 3.779302 -0.800000
    endloop
  endfacet
  facet normal 0.000000 0.000000 -1.000000
    outer loop
      vertex 23.279302 4.142501 -0.800000
      vertex 24.979738 5.615938 -0.800000
      vertex 25.115938 5.479738 -0.800000
    endloop
  endfacet
  facet normal -0.707107 -0.707107 0.000000
    outer loop
      vertex 23.279302 4.142501 -0.800000
      vertex 23.642501 3.779302 -0.800000
      vertex 23.642501 3.779302 0.800000
    endloop
  endfacet
  facet normal -0.707107 -0.707107 0.000000
    outer loop
      vertex 23.279302 4.142501 -0.800000
      vertex 23.642501 3.779302 0.800000
      vertex 23.279302 4.142501 0.800000
    endloop
  endfacet
  facet normal 0.707107 0.707107 0.000000
    outer loop
      vertex 24.979738 5.615938 -0.800000
      vertex 25.115938 5.479738 0.800000
      vertex 25.115938 5.479738 -0.800000
    endloop
  endfacet
  facet normal 0.707107 0.707107 -0.000000
    outer loop
      vertex 24.979738 5.615938 -0.800000
      vertex 24.979738 5.615938 0.800000
      vertex 25.115938 5.479738 0.800000
    endloop
  endfacet
  facet normal -0.000000 0.000000 1.000000
    outer loop
      vertex 23.642501 3.779302 0.800000
      vertex 24.053693 3.471487 0.800000
      vertex 25.270135 5.364308 0.800000
    endloop
  endfacet
  facet normal 0.000000 0.000000 1.000000
    outer loop
      vertex 23.642501 3.779302 0.800000
      vertex 25.270135 5.364308 0.800000
      vertex 25.115938 5.479738 0.800000
    endloop
  endfacet
  facet normal 0.000000 0.000000 -1.000000
    outer loop
      vertex 23.642501 3.779302 -0.800000
      vertex 25.270135 5.364308 -0.800000
      vertex 24.053693 3.471487 -0.800000
    endloop
  endfacet
  facet normal 0.000000 0.000000 -1.000000
    outer loop
      vertex 23.642501 3.779302 -0.800000
      vertex 25.115938 5.479738 -0.800000
      vertex 25.270135 5.364308 -0.800000
    endloop
  endfacet
  facet normal -0.599278 -0.800541 0.000000
    outer loop
      vertex 23.642501 3.779302 -0.800000
      vertex 24.053693 3.471487 -0.800000
      vertex 24.053693 3.471487 0.800000
    endloop
  endfacet
  facet normal -0.599278 -0.800541 0.000000
    outer loop
      vertex 23.642501 3.779302 -0.800000
      vertex 24.053693 3.471487 0.800000
      vertex 23.642501 3.779302 0.800000
    endloop
  endfacet
  facet normal 0.599278 0.800541 0.000000
    outer loop
      vertex 25.115938 5.479738 -0.800000
      vertex 25.270135 5.364308 0.800000
      vertex 25.270135 5.364308 -0.800000
    endloop
  endfacet
  facet normal 0.599278 0.800541 -0.000000
    outer loop
      vertex 25.115938 5.479738 -0.800000
      vertex 25.115938 5.479738 0.800000
      vertex 25.270135 5.364308 0.800000
    endloop
  endfacet
  facet normal -0.000000 0.000000 1.000000
    outer loop
      vertex 24.053693 3.471487 0.800000
      vertex 24.504506 3.225325 0.800000
      vertex 25.439190 5.271997 0.800000
    endloop
  endfacet
  facet normal 0.000000 0.000000 1.000000
    outer loop
      vertex 24.053693 3.471487 0.800000
      vertex 25.439190 5.271997 0.800000
      vertex 25.270135 5.364308 0.800000
    endloop
  endfacet
  facet normal 0.000000 0.000000 -1.000000
    outer loop
      vertex 24.053693 3.471487 -0.800000
      vertex 25.439190 5.271997 -0.800000
      vertex 24.504506 3.225325 -0.800000
    endloop
  endfacet
  facet normal 0.000000 0.000000 -1.000000
    outer loop
      vertex 24.053693 3.471487 -0.800000
      vertex 25.270135 5.364308 -0.800000
      vertex 25.439190 5.271997 -0.800000
    endloop
  endfacet
  facet normal -0.479249 -0.877679 0.000000
    outer loop
      vertex 24.053693 3.471487 -0.800000
      vertex 24.504506 3.225325 -0.800000
      vertex 24.504506 3.225325 0.800000
    endloop
  endfacet
  facet normal -0.479249 -0.877679 0.000000
    outer loop
      vertex 24.053693 3.471487 -0.800000
      vertex 24.504506 3.225325 0.800000
      vertex 24.053693 3.471487 0.800000
    endloop
  endfacet
  facet normal 0.479249 0.877679 0.000000
    outer loop
      vertex 25.270135 5.364308 -0.800000
      vertex 25.439190 5.271997 0.800000
      vertex 25.439190 5.271997 -0.800000
    endloop
  endfacet
  facet normal 0.479249 0.877679 -0.000000
    outer loop
      vertex 25.270135 5.364308 -0.800000
      vertex 25.270135 5.364308 0.800000
      vertex 25.439190 5.271997 0.800000
    endloop
  endfacet
  facet normal -0.000000 0.000000 1.000000
    outer loop
      vertex 24.504506 3.225325 0.800000
      vertex 24.985763 3.045825 0.800000
      vertex 25.619661 5.204684 0.800000
    endloop
  endfacet
  facet normal 0.000000 0.000000 1.000000
    outer loop
      vertex 24.504506 3.225325 0.800000
      vertex 25.619661 5.204684 0.800000
      vertex 25.439190 5.271997 0.800000
    endloop
  endfacet
  facet normal 0.000000 0.000000 -1.000000
    outer loop
      vertex 24.504506 3.225325 -0.800000
      vertex 25.619661 5.204684 -0.800000
      vertex 24.985763 3.045825 -0.800000
    endloop
  endfacet
  facet normal 0.000000 0.000000 -1.000000
    outer loop
      vertex 24.504506 3.225325 -0.800000
      vertex 25.439190 5.271997 -0.800000
      vertex 25.619661 5.204684 -0.800000
    endloop
  endfacet
  facet normal -0.349464 -0.936950 0.000000
    outer loop
      vertex 24.504506 3.225325 -0.800000
      vertex 24.985763 3.045825 -0.800000
      vertex 24.985763 3.045825 0.800000
    endloop
  endfacet
  facet normal -0.349464 -0.936950 0.000000
    outer loop
      vertex 24.504506 3.225325 -0.800000
      vertex 24.985763 3.045825 0.800000
      vertex 24.504506 3.225325 0.800000
    endloop
  endfacet
  facet normal 0.349464 0.936950 0.000000
    outer loop
      vertex 25.439190 5.271997 -0.800000
      vertex 25.619661 5.204684 0.800000
      vertex 25.619661 5.204684 -0.800000
    endloop
  endfacet
  facet normal 0.349464 0.936950 -0.000000
    outer loop
      vertex 25.439190 5.271997 -0.800000
      vertex 25.439190 5.271997 0.800000
      vertex 25.619661 5.204684 0.800000
    endloop
  endfacet
  facet normal -0.000000 0.000000 1.000000
    outer loop
      vertex 24.985763 3.045825 0.800000
      vertex 25.487667 2.936643 0.800000
      vertex 25.807875 5.163741 0.800000
    endloop
  endfacet
  facet normal 0.000000 0.000000 1.000000
    outer loop
      vertex 24.985763 3.045825 0.800000
      vertex 25.807875 5.163741 0.800000
      vertex 25.619661 5.204684 0.800000
    endloop
  endfacet
  facet normal 0.000000 0.000000 -1.000000
    outer loop
      vertex 24.985763 3.045825 -0.800000
      vertex 25.807875 5.163741 -0.800000
      vertex 25.487667 2.936643 -0.800000
    endloop
  endfacet
  facet normal 0.000000 0.000000 -1.000000
    outer loop
      vertex 24.985763 3.045825 -0.800000
      vertex 25.619661 5.204684 -0.800000
      vertex 25.807875 5.163741 -0.800000
    endloop
  endfacet
  facet normal -0.212565 -0.977147 0.000000
    outer loop
      vertex 24.985763 3.045825 -0.800000
      vertex 25.487667 2.936643 -0.800000
      vertex 25.487667 2.936643 0.800000
    endloop
  endfacet
  facet normal -0.212565 -0.977147 0.000000
    outer loop
      vertex 24.985763 3.045825 -0.800000
      vertex 25.487667 2.936643 0.800000
      vertex 24.985763 3.045825 0.800000
    endloop
  endfacet
  facet normal 0.212565 0.977147 0.000000
    outer loop
      vertex 25.619661 5.204684 -0.800000
      vertex 25.807875 5.163741 0.800000
      vertex 25.807875 5.163741 -0.800000
    endloop
  endfacet
  facet normal 0.212565 0.977147 -0.000000
    outer loop
      vertex 25.619661 5.204684 -0.800000
      vertex 25.619661 5.204684 0.800000
      vertex 25.807875 5.163741 0.800000
    endloop
  endfacet
  facet normal -0.000000 0.000000 1.000000
    outer loop
      vertex 25.487667 2.936643 0.800000
      vertex 26.000000 2.900000 0.800000
      vertex 26.000000 5.150000 0.800000
    endloop
  endfacet
  facet normal 0.000000 0.000000 1.000000
    outer loop
      vertex 25.487667 2.936643 0.800000
      vertex 26.000000 5.150000 0.800000
      vertex 25.807875 5.163741 0.800000
    endloop
  endfacet
  facet normal 0.000000 0.000000 -1.000000
    outer loop
      vertex 25.487667 2.936643 -0.800000
      vertex 26.000000 5.150000 -0.800000
      vertex 26.000000 2.900000 -0.800000
    endloop
  endfacet
  facet normal 0.000000 0.000000 -1.000000
    outer loop
      vertex 25.487667 2.936643 -0.800000
      vertex 25.807875 5.163741 -0.800000
      vertex 26.000000 5.150000 -0.800000
    endloop
  endfacet
  facet normal -0.071339 -0.997452 0.000000
    outer loop
      vertex 25.487667 2.936643 -0.800000
      vertex 26.000000 2.900000 -0.800000
      vertex 26.000000 2.900000 0.800000
    endloop
  endfacet
  facet normal -0.071339 -0.997452 0.000000
    outer loop
      vertex 25.487667 2.936643 -0.800000
      vertex 26.000000 2.900000 0.800000
      vertex 25.487667 2.936643 0.800000
    endloop
  endfacet
  facet normal 0.071339 0.997452 0.000000
    outer loop
      vertex 25.807875 5.163741 -0.800000
      vertex 26.000000 5.150000 0.800000
      vertex 26.000000 5.150000 -0.800000
    endloop
  endfacet
  facet normal 0.071339 0.997452 -0.000000
    outer loop
      vertex 25.807875 5.163741 -0.800000
      vertex 25.807875 5.163741 0.800000
      vertex 26.000000 5.150000 0.800000
    endloop
  endfacet
  facet normal 0.000000 0.000000 1.000000
    outer loop
      vertex 26.000000 2.900000 0.800000
      vertex 26.512333 2.936643 0.800000
      vertex 26.192125 5.163741 0.800000
    endloop
  endfacet
  facet normal 0.000000 0.000000 1.000000
    outer loop
      vertex 26.000000 2.900000 0.800000
      vertex 26.192125 5.163741 0.800000
      vertex 26.000000 5.150000 0.800000
    endloop
  endfacet
  facet normal 0.000000 0.000000 -1.000000
    outer loop
      vertex 26.000000 2.900000 -0.800000
      vertex 26.192125 5.163741 -0.800000
      vertex 26.512333 2.936643 -0.800000
    endloop
  endfacet
  facet normal 0.000000 0.000000 -1.000000
    outer loop
      vertex 26.000000 2.900000 -0.800000
      vertex 26.000000 5.150000 -0.800000
      vertex 26.192125 5.163741 -0.800000
    endloop
  endfacet
  facet normal 0.071339 -0.997452 0.000000
    outer loop
      vertex 26.000000 2.900000 -0.800000
      vertex 26.512333 2.936643 -0.800000
      vertex 26.512333 2.936643 0.800000
    endloop
  endfacet
  facet normal 0.071339 -0.997452 0.000000
    outer loop
      vertex 26.000000 2.900000 -0.800000
      vertex 26.512333 2.936643 0.800000
      vertex 26.000000 2.900000 0.800000
    endloop
  endfacet
  facet normal -0.071339 0.997452 0.000000
    outer loop
      vertex 26.000000 5.150000 -0.800000
      vertex 26.192125 5.163741 0.800000
      vertex 26.192125 5.163741 -0.800000
    endloop
  endfacet
  facet normal -0.071339 0.997452 0.000000
    outer loop
      vertex 26.000000 5.150000 -0.800000
      vertex 26.000000 5.150000 0.800000
      vertex 26.192125 5.163741 0.800000
    endloop
  endfacet
  facet normal 0.000000 -0.000000 1.000000
    outer loop
      vertex 26.512333 2.936643 0.800000
      vertex 27.014237 3.045825 0.800000
      vertex 26.380339 5.204684 0.800000
    endloop
  endfacet
  facet normal 0.000000 0.000000 1.000000
    outer loop
      vertex 26.512333 2.936643 0.800000
      vertex 26.380339 5.204684 0.800000
      vertex 26.192125 5.163741 0.800000
    endloop
  endfacet
  facet normal 0.000000 0.000000 -1.000000
    outer loop
      vertex 26.512333 2.936643 -0.800000
      vertex 26.380339 5.204684 -0.800000
      vertex 27.014237 3.045825 -0.800000
    endloop
  endfacet
  facet normal 0.000000 0.000000 -1.000000
    outer loop
      vertex 26.512333 2.936643 -0.800000
      vertex 26.192125 5.163741 -0.800000
      vertex 26.380339 5.204684 -0.800000
    endloop
  endfacet
  facet normal 0.212565 -0.977147 0.000000
    outer loop
      vertex 26.512333 2.936643 -0.800000
      vertex 27.014237 3.045825 -0.800000
      vertex 27.014237 3.045825 0.800000
    endloop
  endfacet
  facet normal 0.212565 -0.977147 0.000000
    outer loop
      vertex 26.512333 2.936643 -0.800000
      vertex 27.014237 3.045825 0.800000
      vertex 26.512333 2.936643 0.800000
    endloop
  endfacet
  facet normal -0.212565 0.977147 0.000000
    outer loop
      vertex 26.192125 5.163741 -0.800000
      vertex 26.380339 5.204684 0.800000
      vertex 26.380339 5.204684 -0.800000
    endloop
  endfacet
  facet normal -0.212565 0.977147 0.000000
    outer loop
      vertex 26.192125 5.163741 -0.800000
      vertex 26.192125 5.163741 0.800000
      vertex 26.380339 5.204684 0.800000
    endloop
  endfacet
  facet normal 0.000000 -0.000000 1.000000
    outer loop
      vertex 27.014237 3.045825 0.800000
      vertex 27.495494 3.225325 0.800000
      vertex 26.560810 5.271997 0.800000
    endloop
  endfacet
  facet normal 0.000000 0.000000 1.000000
    outer loop
      vertex 27.014237 3.045825 0.800000
      vertex 26.560810 5.271997 0.800000
      vertex 26.380339 5.204684 0.800000
    endloop
  endfacet
  facet normal 0.000000 0.000000 -1.000000
    outer loop
      vertex 27.014237 3.045825 -0.800000
      vertex 26.560810 5.271997 -0.800000
      vertex 27.495494 3.225325 -0.800000
    endloop
  endfacet
  facet normal 0.000000 0.000000 -1.000000
    outer loop
      vertex 27.014237 3.045825 -0.800000
      vertex 26.380339 5.204684 -0.800000
      vertex 26.560810 5.271997 -0.800000
    endloop
  endfacet
  facet normal 0.349464 -0.936950 0.000000
    outer loop
      vertex 27.014237 3.045825 -0.800000
      vertex 27.495494 3.225325 -0.800000
      vertex 27.495494 3.225325 0.800000
    endloop
  endfacet
  facet normal 0.349464 -0.936950 0.000000
    outer loop
      vertex 27.014237 3.045825 -0.800000
      vertex 27.495494 3.225325 0.800000
      vertex 27.014237 3.045825 0.800000
    endloop
  endfacet
  facet normal -0.349464 0.936950 0.000000
    outer loop
      vertex 26.380339 5.204684 -0.800000
      vertex 26.560810 5.271997 0.800000
      vertex 26.560810 5.271997 -0.800000
    endloop
  endfacet
  facet normal -0.349464 0.936950 0.000000
    outer loop
      vertex 26.380339 5.204684 -0.800000
      vertex 26.380339 5.204684 0.800000
      vertex 26.560810 5.271997 0.800000
    endloop
  endfacet
  facet normal 0.000000 -0.000000 1.000000
    outer loop
      vertex 27.495494 3.225325 0.800000
      vertex 27.946307 3.471487 0.800000
      vertex 26.729865 5.364308 0.800000
    endloop
  endfacet
  facet normal 0.000000 0.000000 1.000000
    outer loop
      vertex 27.495494 3.225325 0.800000
      vertex 26.729865 5.364308 0.800000
      vertex 26.560810 5.271997 0.800000
    endloop
  endfacet
  facet normal 0.000000 0.000000 -1.000000
    outer loop
      vertex 27.495494 3.225325 -0.800000
      vertex 26.729865 5.364308 -0.800000
      vertex 27.946307 3.471487 -0.800000
    endloop
  endfacet
  facet normal 0.000000 0.000000 -1.000000
    outer loop
      vertex 27.495494 3.225325 -0.800000
      vertex 26.560810 5.271997 -0.800000
      vertex 26.729865 5.364308 -0.800000
    endloop
  endfacet
  facet normal 0.479249 -0.877679 0.000000
    outer loop
      vertex 27.495494 3.225325 -0.800000
      vertex 27.946307 3.471487 -0.800000
      vertex 27.946307 3.471487 0.800000
    endloop
  endfacet
  facet normal 0.479249 -0.877679 0.000000
    outer loop
      vertex 27.495494 3.225325 -0.800000
      vertex 27.946307 3.471487 0.800000
      vertex 27.495494 3.225325 0.800000
    endloop
  endfacet
  facet normal -0.479249 0.877679 0.000000
    outer loop
      vertex 26.560810 5.271997 -0.800000
      vertex 26.729865 5.364308 0.800000
      vertex 26.729865 5.364308 -0.800000
    endloop
  endfacet
  facet normal -0.479249 0.877679 0.000000
    outer loop
      vertex 26.560810 5.271997 -0.800000
      vertex 26.560810 5.271997 0.800000
      vertex 26.729865 5.364308 0.800000
    endloop
  endfacet
  facet normal 0.000000 -0.000000 1.000000
    outer loop
      vertex 27.946307 3.471487 0.800000
      vertex 28.357499 3.779302 0.800000
      vertex 26.884062 5.479738 0.800000
    endloop
  endfacet
  facet normal 0.000000 0.000000 1.000000
    outer loop
      vertex 27.946307 3.471487 0.800000
      vertex 26.884062 5.479738 0.800000
      vertex 26.729865 5.364308 0.800000
    endloop
  endfacet
  facet normal 0.000000 0.000000 -1.000000
    outer loop
      vertex 27.946307 3.471487 -0.800000
      vertex 26.884062 5.479738 -0.800000
      vertex 28.357499 3.779302 -0.800000
    endloop
  endfacet
  facet normal 0.000000 0.000000 -1.000000
    outer loop
      vertex 27.946307 3.471487 -0.800000
      vertex 26.729865 5.364308 -0.800000
      vertex 26.884062 5.479738 -0.800000
    endloop
  endfacet
  facet normal 0.599278 -0.800541 0.000000
    outer loop
      vertex 27.946307 3.471487 -0.800000
      vertex 28.357499 3.779302 -0.800000
      vertex 28.357499 3.779302 0.800000
    endloop
  endfacet
  facet normal 0.599278 -0.800541 0.000000
    outer loop
      vertex 27.946307 3.471487 -0.800000
      vertex 28.357499 3.779302 0.800000
      vertex 27.946307 3.471487 0.800000
    endloop
  endfacet
  facet normal -0.599278 0.800541 0.000000
    outer loop
      vertex 26.729865 5.364308 -0.800000
      vertex 26.884062 5.479738 0.800000
      vertex 26.884062 5.479738 -0.800000
    endloop
  endfacet
  facet normal -0.599278 0.800541 0.000000
    outer loop
      vertex 26.729865 5.364308 -0.800000
      vertex 26.729865 5.364308 0.800000
      vertex 26.884062 5.479738 0.800000
    endloop
  endfacet
  facet normal 0.000000 -0.000000 1.000000
    outer loop
      vertex 28.357499 3.779302 0.800000
      vertex 28.720698 4.142501 0.800000
      vertex 27.020262 5.615938 0.800000
    endloop
  endfacet
  facet normal 0.000000 0.000000 1.000000
    outer loop
      vertex 28.357499 3.779302 0.800000
      vertex 27.020262 5.615938 0.800000
      vertex 26.884062 5.479738 0.800000
    endloop
  endfacet
  facet normal 0.000000 0.000000 -1.000000
    outer loop
      vertex 28.357499 3.779302 -0.800000
      vertex 27.020262 5.615938 -0.800000
      vertex 28.720698 4.142501 -0.800000
    endloop
  endfacet
  facet normal 0.000000 0.000000 -1.000000
    outer loop
      vertex 28.357499 3.779302 -0.800000
      vertex 26.884062 5.479738 -0.800000
      vertex 27.020262 5.615938 -0.800000
    endloop
  endfacet
  facet normal 0.707107 -0.707107 0.000000
    outer loop
      vertex 28.357499 3.779302 -0.800000
      vertex 28.720698 4.142501 -0.800000
      vertex 28.720698 4.142501 0.800000
    endloop
  endfacet
  facet normal 0.707107 -0.707107 0.000000
    outer loop
      vertex 28.357499 3.779302 -0.800000
      vertex 28.720698 4.142501 0.800000
      vertex 28.357499 3.779302 0.800000
    endloop
  endfacet
  facet normal -0.707107 0.707107 0.000000
    outer loop
      vertex 26.884062 5.479738 -0.800000
      vertex 27.020262 5.615938 0.800000
      vertex 27.020262 5.615938 -0.800000
    endloop
  endfacet
  facet normal -0.707107 0.707107 0.000000
    outer loop
      vertex 26.884062 5.479738 -0.800000
      vertex 26.884062 5.479738 0.800000
      vertex 27.020262 5.615938 0.800000
    endloop
  endfacet
  facet normal 0.000000 -0.000000 1.000000
    outer loop
      vertex 28.720698 4.142501 0.800000
      vertex 29.028513 4.553693 0.800000
      vertex 27.135692 5.770135 0.800000
    endloop
  endfacet
  facet normal 0.000000 0.000000 1.000000
    outer loop
      vertex 28.720698 4.142501 0.800000
      vertex 27.135692 5.770135 0.800000
      vertex 27.020262 5.615938 0.800000
    endloop
  endfacet
  facet normal 0.000000 0.000000 -1.000000
    outer loop
      vertex 28.720698 4.142501 -0.800000
      vertex 27.135692 5.770135 -0.800000
      vertex 29.028513 4.553693 -0.800000
    endloop
  endfacet
  facet normal 0.000000 0.000000 -1.000000
    outer loop
      vertex 28.720698 4.142501 -0.800000
      vertex 27.020262 5.615938 -0.800000
      vertex 27.135692 5.770135 -0.800000
    endloop
  endfacet
  facet normal 0.800541 -0.599278 0.000000
    outer loop
      vertex 28.720698 4.142501 -0.800000
      vertex 29.028513 4.553693 -0.800000
      vertex 29.028513 4.553693 0.800000
    endloop
  endfacet
  facet normal 0.800541 -0.599278 0.000000
    outer loop
      vertex 28.720698 4.142501 -0.800000
      vertex 29.028513 4.553693 0.800000
      vertex 28.720698 4.142501 0.800000
    endloop
  endfacet
  facet normal -0.800541 0.599278 0.000000
    outer loop
      vertex 27.020262 5.615938 -0.800000
      vertex 27.135692 5.770135 0.800000
      vertex 27.135692 5.770135 -0.800000
    endloop
  endfacet
  facet normal -0.800541 0.599278 0.000000
    outer loop
      vertex 27.020262 5.615938 -0.800000
      vertex 27.020262 5.615938 0.800000
      vertex 27.135692 5.770135 0.800000
    endloop
  endfacet
  facet normal 0.000000 -0.000000 1.000000
    outer loop
      vertex 29.028513 4.553693 0.800000
      vertex 29.274675 5.004506 0.800000
      vertex 27.228003 5.939190 0.800000
    endloop
  endfacet
  facet normal 0.000000 0.000000 1.000000
    outer loop
      vertex 29.028513 4.553693 0.800000
      vertex 27.228003 5.939190 0.800000
      vertex 27.135692 5.770135 0.800000
    endloop
  endfacet
  facet normal 0.000000 0.000000 -1.000000
    outer loop
      vertex 29.028513 4.553693 -0.800000
      vertex 27.228003 5.939190 -0.800000
      vertex 29.274675 5.004506 -0.800000
    endloop
  endfacet
  facet normal 0.000000 0.000000 -1.000000
    outer loop
      vertex 29.028513 4.553693 -0.800000
      vertex 27.135692 5.770135 -0.800000
      vertex 27.228003 5.939190 -0.800000
    endloop
  endfacet
  facet normal 0.877679 -0.479249 0.000000
    outer loop
      vertex 29.028513 4.553693 -0.800000
      vertex 29.274675 5.004506 -0.800000
      vertex 29.274675 5.004506 0.800000
    endloop
  endfacet
  facet normal 0.877679 -0.479249 0.000000
    outer loop
      vertex 29.028513 4.553693 -0.800000
      vertex 29.274675 5.004506 0.800000
      vertex 29.028513 4.553693 0.800000
    endloop
  endfacet
  facet normal -0.877679 0.479249 0.000000
    outer loop
      vertex 27.135692 5.770135 -0.800000
      vertex 27.228003 5.939190 0.800000
      vertex 27.228003 5.939190 -0.800000
    endloop
  endfacet
  facet normal -0.877679 0.479249 0.000000
    outer loop
      vertex 27.135692 5.770135 -0.800000
      vertex 27.135692 5.770135 0.800000
      vertex 27.228003 5.939190 0.800000
    endloop
  endfacet
  facet normal 0.000000 -0.000000 1.000000
    outer loop
      vertex 29.274675 5.004506 0.800000
      vertex 29.454175 5.485763 0.800000
      vertex 27.295316 6.119661 0.800000
    endloop
  endfacet
  facet normal 0.000000 0.000000 1.000000
    outer loop
      vertex 29.274675 5.004506 0.800000
      vertex 27.295316 6.119661 0.800000
      vertex 27.228003 5.939190 0.800000
    endloop
  endfacet
  facet normal 0.000000 0.000000 -1.000000
    outer loop
      vertex 29.274675 5.004506 -0.800000
      vertex 27.295316 6.119661 -0.800000
      vertex 29.454175 5.485763 -0.800000
    endloop
  endfacet
  facet normal 0.000000 0.000000 -1.000000
    outer loop
      vertex 29.274675 5.004506 -0.800000
      vertex 27.228003 5.939190 -0.800000
      vertex 27.295316 6.119661 -0.800000
    endloop
  endfacet
  facet normal 0.936950 -0.349464 0.000000
    outer loop
      vertex 29.274675 5.004506 -0.800000
      vertex 29.454175 5.485763 -0.800000
      vertex 29.454175 5.485763 0.800000
    endloop
  endfacet
  facet normal 0.936950 -0.349464 0.000000
    outer loop
      vertex 29.274675 5.004506 -0.800000
      vertex 29.454175 5.485763 0.800000
      vertex 29.274675 5.004506 0.800000
    endloop
  endfacet
  facet normal -0.936950 0.349464 0.000000
    outer loop
      vertex 27.228003 5.939190 -0.800000
      vertex 27.295316 6.119661 0.800000
      vertex 27.295316 6.119661 -0.800000
    endloop
  endfacet
  facet normal -0.936950 0.349464 0.000000
    outer loop
      vertex 27.228003 5.939190 -0.800000
      vertex 27.228003 5.939190 0.800000
      vertex 27.295316 6.119661 0.800000
    endloop
  endfacet
  facet normal 0.000000 -0.000000 1.000000
    outer loop
      vertex 29.454175 5.485763 0.800000
      vertex 29.563357 5.987667 0.800000
      vertex 27.336259 6.307875 0.800000
    endloop
  endfacet
  facet normal 0.000000 0.000000 1.000000
    outer loop
      vertex 29.454175 5.485763 0.800000
      vertex 27.336259 6.307875 0.800000
      vertex 27.295316 6.119661 0.800000
    endloop
  endfacet
  facet normal 0.000000 0.000000 -1.000000
    outer loop
      vertex 29.454175 5.485763 -0.800000
      vertex 27.336259 6.307875 -0.800000
      vertex 29.563357 5.987667 -0.800000
    endloop
  endfacet
  facet normal 0.000000 0.000000 -1.000000
    outer loop
      vertex 29.454175 5.485763 -0.800000
      vertex 27.295316 6.119661 -0.800000
      vertex 27.336259 6.307875 -0.800000
    endloop
  endfacet
  facet normal 0.977147 -0.212565 0.000000
    outer loop
      vertex 29.454175 5.485763 -0.800000
      vertex 29.563357 5.987667 -0.800000
      vertex 29.563357 5.987667 0.800000
    endloop
  endfacet
  facet normal 0.977147 -0.212565 0.000000
    outer loop
      vertex 29.454175 5.485763 -0.800000
      vertex 29.563357 5.987667 0.800000
      vertex 29.454175 5.485763 0.800000
    endloop
  endfacet
  facet normal -0.977147 0.212565 0.000000
    outer loop
      vertex 27.295316 6.119661 -0.800000
      vertex 27.336259 6.307875 0.800000
      vertex 27.336259 6.307875 -0.800000
    endloop
  endfacet
  facet normal -0.977147 0.212565 0.000000
    outer loop
      vertex 27.295316 6.119661 -0.800000
      vertex 27.295316 6.119661 0.800000
      vertex 27.336259 6.307875 0.800000
    endloop
  endfacet
  facet normal 0.000000 -0.000000 1.000000
    outer loop
      vertex 29.563357 5.987667 0.800000
      vertex 29.600000 6.500000 0.800000
      vertex 27.350000 6.500000 0.800000
    endloop
  endfacet
  facet normal 0.000000 0.000000 1.000000
    outer loop
      vertex 29.563357 5.987667 0.800000
      vertex 27.350000 6.500000 0.800000
      vertex 27.336259 6.307875 0.800000
    endloop
  endfacet
  facet normal 0.000000 0.000000 -1.000000
    outer loop
      vertex 29.563357 5.987667 -0.800000
      vertex 27.350000 6.500000 -0.800000
      vertex 29.600000 6.500000 -0.800000
    endloop
  endfacet
  facet normal 0.000000 0.000000 -1.000000
    outer loop
      vertex 29.563357 5.987667 -0.800000
      vertex 27.336259 6.307875 -0.800000
      vertex 27.350000 6.500000 -0.800000
    endloop
  endfacet
  facet normal 0.997452 -0.071339 0.000000
    outer loop
      vertex 29.563357 5.987667 -0.800000
      vertex 29.600000 6.500000 -0.800000
      vertex 29.600000 6.500000 0.800000
    endloop
  endfacet
  facet normal 0.997452 -0.071339 0.000000
    outer loop
      vertex 29.563357 5.987667 -0.800000
      vertex 29.600000 6.500000 0.800000
      vertex 29.563357 5.987667 0.800000
    endloop
  endfacet
  facet normal -0.997452 0.071339 0.000000
    outer loop
      vertex 27.336259 6.307875 -0.800000
      vertex 27.350000 6.500000 0.800000
      vertex 27.350000 6.500000 -0.800000
    endloop
  endfacet
  facet normal -0.997452 0.071339 0.000000
    outer loop
      vertex 27.336259 6.307875 -0.800000
      vertex 27.336259 6.307875 0.800000
      vertex 27.350000 6.500000 0.800000
    endloop
  endfacet
  facet normal 0.000000 0.000000 1.000000
    outer loop
      vertex -32.517226 -6.575913 -0.800000
      vertex -31.482774 -10.024087 -0.800000
      vertex -25.482774 -8.224087 -0.800000
    endloop
  endfacet
  facet normal -0.000000 0.000000 1.000000
    outer loop
      vertex -32.517226 -6.575913 -0.800000
      vertex -25.482774 -8.224087 -0.800000
      vertex -26.517226 -4.775913 -0.800000
    endloop
  endfacet
  facet normal 0.000000 0.000000 -1.000000
    outer loop
      vertex -32.517226 -6.575913 0.800000
      vertex -26.517226 -4.775913 0.800000
      vertex -25.482774 -8.224087 0.800000
    endloop
  endfacet
  facet normal 0.000000 0.000000 -1.000000
    outer loop
      vertex -32.517226 -6.575913 0.800000
      vertex -25.482774 -8.224087 0.800000
      vertex -31.482774 -10.024087 0.800000
    endloop
  endfacet
  facet normal 0.957826 0.287348 -0.000000
    outer loop
      vertex -32.517226 -6.575913 -0.800000
      vertex -32.517226 -6.575913 0.800000
      vertex -31.482774 -10.024087 0.800000
    endloop
  endfacet
  facet normal 0.957826 0.287348 0.000000
    outer loop
      vertex -32.517226 -6.575913 -0.800000
      vertex -31.482774 -10.024087 0.800000
      vertex -31.482774 -10.024087 -0.800000
    endloop
  endfacet
  facet normal -0.287348 0.957826 0.000000
    outer loop
      vertex -31.482774 -10.024087 -0.800000
      vertex -31.482774 -10.024087 0.800000
      vertex -25.482774 -8.224087 0.800000
    endloop
  endfacet
  facet normal -0.287348 0.957826 0.000000
    outer loop
      vertex -31.482774 -10.024087 -0.800000
      vertex -25.482774 -8.224087 0.800000
      vertex -25.482774 -8.224087 -0.800000
    endloop
  endfacet
  facet normal -0.957826 -0.287348 0.000000
    outer loop
      vertex -25.482774 -8.224087 -0.800000
      vertex -25.482774 -8.224087 0.800000
      vertex -26.517226 -4.775913 0.800000
    endloop
  endfacet
  facet normal -0.957826 -0.287348 0.000000
    outer loop
      vertex -25.482774 -8.224087 -0.800000
      vertex -26.517226 -4.775913 0.800000
      vertex -26.517226 -4.775913 -0.800000
    endloop
  endfacet
  facet normal 0.287348 -0.957826 0.000000
    outer loop
      vertex -26.517226 -4.775913 -0.800000
      vertex -26.517226 -4.775913 0.800000
      vertex -32.517226 -6.575913 0.800000
    endloop
  endfacet
  facet normal 0.287348 -0.957826 0.000000
    outer loop
      vertex -26.517226 -4.775913 -0.800000
      vertex -32.517226 -6.575913 0.800000
      vertex -32.517226 -6.575913 -0.800000
    endloop
  endfacet
  facet normal 0.000000 0.000000 1.000000
    outer loop
      vertex 25.482774 8.224087 -0.800000
      vertex 26.517226 4.775913 -0.800000
      vertex 32.517226 6.575913 -0.800000
    endloop
  endfacet
  facet normal -0.000000 0.000000 1.000000
    outer loop
      vertex 25.482774 8.224087 -0.800000
      vertex 32.517226 6.575913 -0.800000
      vertex 31.482774 10.024087 -0.800000
    endloop
  endfacet
  facet normal 0.000000 0.000000 -1.000000
    outer loop
      vertex 25.482774 8.224087 0.800000
      vertex 31.482774 10.024087 0.800000
      vertex 32.517226 6.575913 0.800000
    endloop
  endfacet
  facet normal 0.000000 0.000000 -1.000000
    outer loop
      vertex 25.482774 8.224087 0.800000
      vertex 32.517226 6.575913 0.800000
      vertex 26.517226 4.775913 0.800000
    endloop
  endfacet
  facet normal 0.957826 0.287348 -0.000000
    outer loop
      vertex 25.482774 8.224087 -0.800000
      vertex 25.482774 8.224087 0.800000
      vertex 26.517226 4.775913 0.800000
    endloop
  endfacet
  facet normal 0.957826 0.287348 0.000000
    outer loop
      vertex 25.482774 8.224087 -0.800000
      vertex 26.517226 4.775913 0.800000
      vertex 26.517226 4.775913 -0.800000
    endloop
  endfacet
  facet normal -0.287348 0.957826 0.000000
    outer loop
      vertex 26.517226 4.775913 -0.800000
      vertex 26.517226 4.775913 0.800000
      vertex 32.517226 6.575913 0.800000
    endloop
  endfacet
  facet normal -0.287348 0.957826 0.000000
    outer loop
      vertex 26.517226 4.775913 -0.800000
      vertex 32.517226 6.575913 0.800000
      vertex 32.517226 6.575913 -0.800000
    endloop
  endfacet
  facet normal -0.957826 -0.287348 0.000000
    outer loop
      vertex 32.517226 6.575913 -0.800000
      vertex 32.517226 6.575913 0.800000
      vertex 31.482774 10.024087 0.800000
    endloop
  endfacet
  facet normal -0.957826 -0.287348 0.000000
    outer loop
      vertex 32.517226 6.575913 -0.800000
      vertex 31.482774 10.024087 0.800000
      vertex 31.482774 10.024087 -0.800000
    endloop
  endfacet
  facet normal 0.287348 -0.957826 0.000000
    outer loop
      vertex 31.482774 10.024087 -0.800000
      vertex 31.482774 10.024087 0.800000
      vertex 25.482774 8.224087 0.800000
    endloop
  endfacet
  facet normal 0.287348 -0.957826 0.000000
    outer loop
      vertex 31.482774 10.024087 -0.800000
      vertex 25.482774 8.224087 0.800000
      vertex 25.482774 8.224087 -0.800000
    endloop
  endfacet
endsolid mandibular_plate_v1
