solid mandibular_plate_v2
  facet normal 0.000000 0.000000 1.000000
    outer loop
      vertex -30.287737 -5.315376 -0.800000
      vertex -29.712263 -10.684624 -0.800000
      vertex -19.712263 -9.612827 -0.800000
    endloop
  endfacet
  facet normal -0.000000 0.000000 1.000000
    outer loop
      vertex -30.287737 -5.315376 -0.800000
      vertex -19.712263 -9.612827 -0.800000
      vertex -20.287737 -4.243579 -0.800000
    endloop
  endfacet
  facet normal 0.000000 0.000000 -1.000000
    outer loop
      vertex -30.287737 -5.315376 0.800000
      vertex -20.287737 -4.243579 0.800000
      vertex -19.712263 -9.612827 0.800000
    endloop
  endfacet
  facet normal 0.000000 0.000000 -1.000000
    outer loop
      vertex -30.287737 -5.315376 0.800000
      vertex -19.712263 -9.612827 0.800000
      vertex -29.712263 -10.684624 0.800000
    endloop
  endfacet
  facet normal 0.994305 0.106569 -0.000000
    outer loop
      vertex -30.287737 -5.315376 -0.800000
      vertex -30.287737 -5.315376 0.800000
      vertex -29.712263 -10.684624 0.800000
    endloop
  endfacet
  facet normal 0.994305 0.106569 0.000000
    outer loop
      vertex -30.287737 -5.315376 -0.800000
      vertex -29.712263 -10.684624 0.800000
      vertex -29.712263 -10.684624 -0.800000
    endloop
  endfacet
  facet normal -0.106569 0.994305 0.000000
    outer loop
      vertex -29.712263 -10.684624 -0.800000
      vertex -29.712263 -10.684624 0.800000
      vertex -19.712263 -9.612827 0.800000
    endloop
  endfacet
  facet normal -0.106569 0.994305 0.000000
    outer loop
      vertex -29.712263 -10.684624 -0.800000
      vertex -19.712263 -9.612827 0.800000
      vertex -19.712263 -9.612827 -0.800000
    endloop
  endfacet
  facet normal -0.994305 -0.106569 0.000000
    outer loop
      vertex -19.712263 -9.612827 -0.800000
      vertex -19.712263 -9.612827 0.800000
      vertex -20.287737 -4.243579 0.800000
    endloop
  endfacet
  facet normal -0.994305 -0.106569 0.000000
    outer loop
      vertex -19.712263 -9.612827 -0.800000
      vertex -20.287737 -4.243579 0.800000
      vertex -20.287737 -4.243579 -0.800000
    endloop
  endfacet
  facet normal 0.106569 -0.994305 0.000000
    outer loop
      vertex -20.287737 -4.243579 -0.800000
      vertex -20.287737 -4.243579 0.800000
      vertex -30.287737 -5.315376 0.800000
    endloop
  endfacet
  facet normal 0.106569 -0.994305 0.000000
    outer loop
      vertex -20.287737 -4.243579 -0.800000
      vertex -30.287737 -5.315376 0.800000
      vertex -30.287737 -5.315376 -0.800000
    endloop
  endfacet
  facet normal 0.000000 0.000000 1.000000
    outer loop
      vertex -20.758755 -4.337008 -0.800000
      vertex -19.241245 -9.519398 -0.800000
      vertex -9.241245 -6.591195 -0.800000
    endloop
  endfacet
  facet normal -0.000000 0.000000 1.000000
    outer loop
      vertex -20.758755 -4.337008 -0.800000
      vertex -9.241245 -6.591195 -0.800000
      vertex -10.758755 -1.408805 -0.800000
    endloop
  endfacet
  facet normal 0.000000 0.000000 -1.000000
    outer loop
      vertex -20.758755 -4.337008 0.800000
      vertex -10.758755 -1.408805 0.800000
      vertex -9.241245 -6.591195 0.800000
    endloop
  endfacet
  facet normal 0.000000 0.000000 -1.000000
    outer loop
      vertex -20.758755 -4.337008 0.800000
      vertex -9.241245 -6.591195 0.800000
      vertex -19.241245 -9.519398 0.800000
    endloop
  endfacet
  facet normal 0.959702 0.281020 -0.000000
    outer loop
      vertex -20.758755 -4.337008 -0.800000
      vertex -20.758755 -4.337008 0.800000
      vertex -19.241245 -9.519398 0.800000
    endloop
  endfacet
  facet normal 0.959702 0.281020 0.000000
    outer loop
      vertex -20.758755 -4.337008 -0.800000
      vertex -19.241245 -9.519398 0.800000
      vertex -19.241245 -9.519398 -0.800000
    endloop
  endfacet
  facet normal -0.281020 0.959702 0.000000
    outer loop
      vertex -19.241245 -9.519398 -0.800000
      vertex -19.241245 -9.519398 0.800000
      vertex -9.241245 -6.591195 0.800000
    endloop
  endfacet
  facet normal -0.281020 0.959702 0.000000
    outer loop
      vertex -19.241245 -9.519398 -0.800000
      vertex -9.241245 -6.591195 0.800000
      vertex -9.241245 -6.591195 -0.800000
    endloop
  endfacet
  facet normal -0.959702 -0.281020 0.000000
    outer loop
      vertex -9.241245 -6.591195 -0.800000
      vertex -9.241245 -6.591195 0.800000
      vertex -10.758755 -1.408805 0.800000
    endloop
  endfacet
  facet normal -0.959702 -0.281020 0.000000
    outer loop
      vertex -9.241245 -6.591195 -0.800000
      vertex -10.758755 -1.408805 0.800000
      vertex -10.758755 -1.408805 -0.800000
    endloop
  endfacet
  facet normal 0.281020 -0.959702 0.000000
    outer loop
      vertex -10.758755 -1.408805 -0.800000
      vertex -10.758755 -1.408805 0.800000
      vertex -20.758755 -4.337008 0.800000
    endloop
  endfacet
  facet normal 0.281020 -0.959702 0.000000
    outer loop
      vertex -10.758755 -1.408805 -0.800000
      vertex -20.758755 -4.337008 0.800000
      vertex -20.758755 -4.337008 -0.800000
    endloop
  endfacet
  facet normal 0.000000 0.000000 1.000000
    outer loop
      vertex -11.002755 -1.493113 -0.800000
      vertex -8.997245 -6.506887 -0.800000
      vertex 1.002755 -2.506887 -0.800000
    endloop
  endfacet
  facet normal -0.000000 0.000000 1.000000
    outer loop
      vertex -11.002755 -1.493113 -0.800000
      vertex 1.002755 -2.506887 -0.800000
      vertex -1.002755 2.506887 -0.800000
    endloop
  endfacet
  facet normal 0.000000 0.000000 -1.000000
    outer loop
      vertex -11.002755 -1.493113 0.800000
      vertex -1.002755 2.506887 0.800000
      vertex 1.002755 -2.506887 0.800000
    endloop
  endfacet
  facet normal 0.000000 0.000000 -1.000000
    outer loop
      vertex -11.002755 -1.493113 0.800000
      vertex 1.002755 -2.506887 0.800000
      vertex -8.997245 -6.506887 0.800000
    endloop
  endfacet
  facet normal 0.928477 0.371391 -0.000000
    outer loop
      vertex -11.002755 -1.493113 -0.800000
      vertex -11.002755 -1.493113 0.800000
      vertex -8.997245 -6.506887 0.800000
    endloop
  endfacet
  facet normal 0.928477 0.371391 0.000000
    outer loop
      vertex -11.002755 -1.493113 -0.800000
      vertex -8.997245 -6.506887 0.800000
      vertex -8.997245 -6.506887 -0.800000
    endloop
  endfacet
  facet normal -0.371391 0.928477 0.000000
    outer loop
      vertex -8.997245 -6.506887 -0.800000
      vertex -8.997245 -6.506887 0.800000
      vertex 1.002755 -2.506887 0.800000
    endloop
  endfacet
  facet normal -0.371391 0.928477 0.000000
    outer loop
      vertex -8.997245 -6.506887 -0.800000
      vertex 1.002755 -2.506887 0.800000
      vertex 1.002755 -2.506887 -0.800000
    endloop
  endfacet
  facet normal -0.928477 -0.371391 0.000000
    outer loop
      vertex 1.002755 -2.506887 -0.800000
      vertex 1.002755 -2.506887 0.800000
      vertex -1.002755 2.506887 0.800000
    endloop
  endfacet
  facet normal -0.928477 -0.371391 0.000000
    outer loop
      vertex 1.002755 -2.506887 -0.800000
      vertex -1.002755 2.506887 0.800000
      vertex -1.002755 2.506887 -0.800000
    endloop
  endfacet
  facet normal 0.371391 -0.928477 0.000000
    outer loop
      vertex -1.002755 2.506887 -0.800000
      vertex -1.002755 2.506887 0.800000
      vertex -11.002755 -1.493113 0.800000
    endloop
  endfacet
  facet normal 0.371391 -0.928477 0.000000
    outer loop
      vertex -1.002755 2.506887 -0.800000
      vertex -11.002755 -1.493113 0.800000
      vertex -11.002755 -1.493113 -0.800000
    endloop
  endfacet
  facet normal 0.000000 0.000000 1.000000
    outer loop
      vertex -1.002755 2.506887 -0.800000
      vertex 1.002755 -2.506887 -0.800000
      vertex 11.002755 1.493113 -0.800000
    endloop
  endfacet
  facet normal -0.000000 0.000000 1.000000
    outer loop
      vertex -1.002755 2.506887 -0.800000
      vertex 11.002755 1.493113 -0.800000
      vertex 8.997245 6.506887 -0.800000
    endloop
  endfacet
  facet normal 0.000000 0.000000 -1.000000
    outer loop
      vertex -1.002755 2.506887 0.800000
      vertex 8.997245 6.506887 0.800000
      vertex 11.002755 1.493113 0.800000
    endloop
  endfacet
  facet normal 0.000000 0.000000 -1.000000
    outer loop
      vertex -1.002755 2.506887 0.800000
      vertex 11.002755 1.493113 0.800000
      vertex 1.002755 -2.506887 0.800000
    endloop
  endfacet
  facet normal 0.928477 0.371391 -0.000000
    outer loop
      vertex -1.002755 2.506887 -0.800000
      vertex -1.002755 2.506887 0.800000
      vertex 1.002755 -2.506887 0.800000
    endloop
  endfacet
  facet normal 0.928477 0.371391 0.000000
    outer loop
      vertex -1.002755 2.506887 -0.800000
      vertex 1.002755 -2.506887 0.800000
      vertex 1.002755 -2.506887 -0.800000
    endloop
  endfacet
  facet normal -0.371391 0.928477 0.000000
    outer loop
      vertex 1.002755 -2.506887 -0.800000
      vertex 1.002755 -2.506887 0.800000
      vertex 11.002755 1.493113 0.800000
    endloop
  endfacet
  facet normal -0.371391 0.928477 0.000000
    outer loop
      vertex 1.002755 -2.506887 -0.800000
      vertex 11.002755 1.493113 0.800000
      vertex 11.002755 1.493113 -0.800000
    endloop
  endfacet
  facet normal -0.928477 -0.371391 0.000000
    outer loop
      vertex 11.002755 1.493113 -0.800000
      vertex 11.002755 1.493113 0.800000
      vertex 8.997245 6.506887 0.800000
    endloop
  endfacet
  facet normal -0.928477 -0.371391 0.000000
    outer loop
      vertex 11.002755 1.493113 -0.800000
      vertex 8.997245 6.506887 0.800000
      vertex 8.997245 6.506887 -0.800000
    endloop
  endfacet
  facet normal 0.371391 -0.928477 0.000000
    outer loop
      vertex 8.997245 6.506887 -0.800000
      vertex 8.997245 6.506887 0.800000
      vertex -1.002755 2.506887 0.800000
    endloop
  endfacet
  facet normal 0.371391 -0.928477 0.000000
    outer loop
      vertex 8.997245 6.506887 -0.800000
      vertex -1.002755 2.506887 0.800000
      vertex -1.002755 2.506887 -0.800000
    endloop
  endfacet
  facet normal 0.000000 0.000000 1.000000
    outer loop
      vertex 9.241245 6.591195 -0.800000
      vertex 10.758755 1.408805 -0.800000
      vertex 20.758755 4.337008 -0.800000
    endloop
  endfacet
  facet normal -0.000000 0.000000 1.000000
    outer loop
      vertex 9.241245 6.591195 -0.800000
      vertex 20.758755 4.337008 -0.800000
      vertex 19.241245 9.519398 -0.800000
    endloop
  endfacet
  facet normal 0.000000 0.000000 -1.000000
    outer loop
      vertex 9.241245 6.591195 0.800000
      vertex 19.241245 9.519398 0.800000
      vertex 20.758755 4.337008 0.800000
    endloop
  endfacet
  facet normal 0.000000 0.000000 -1.000000
    outer loop
      vertex 9.241245 6.591195 0.800000
      vertex 20.758755 4.337008 0.800000
      vertex 10.758755 1.408805 0.800000
    endloop
  endfacet
  facet normal 0.959702 0.281020 -0.000000
    outer loop
      vertex 9.241245 6.591195 -0.800000
      vertex 9.241245 6.591195 0.800000
      vertex 10.758755 1.408805 0.800000
    endloop
  endfacet
  facet normal 0.959702 0.281020 0.000000
    outer loop
      vertex 9.241245 6.591195 -0.800000
      vertex 10.758755 1.408805 0.800000
      vertex 10.758755 1.408805 -0.800000
    endloop
  endfacet
  facet normal -0.281020 0.959702 0.000000
    outer loop
      vertex 10.758755 1.408805 -0.800000
      vertex 10.758755 1.408805 0.800000
      vertex 20.758755 4.337008 0.800000
    endloop
  endfacet
  facet normal -0.281020 0.959702 0.000000
    outer loop
      vertex 10.758755 1.408805 -0.800000
      vertex 20.758755 4.337008 0.800000
      vertex 20.758755 4.337008 -0.800000
    endloop
  endfacet
  facet normal -0.959702 -0.281020 0.000000
    outer loop
      vertex 20.758755 4.337008 -0.800000
      vertex 20.758755 4.337008 0.800000
      vertex 19.241245 9.519398 0.800000
    endloop
  endfacet
  facet normal -0.959702 -0.281020 0.000000
    outer loop
      vertex 20.758755 4.337008 -0.800000
      vertex 19.241245 9.519398 0.800000
      vertex 19.241245 9.519398 -0.800000
    endloop
  endfacet
  facet normal 0.281020 -0.959702 0.000000
    outer loop
      vertex 19.241245 9.519398 -0.800000
      vertex 19.241245 9.519398 0.800000
      vertex 9.241245 6.591195 0.800000
    endloop
  endfacet
  facet normal 0.281020 -0.959702 0.000000
    outer loop
      vertex 19.241245 9.519398 -0.800000
      vertex 9.241245 6.591195 0.800000
      vertex 9.241245 6.591195 -0.800000
    endloop
  endfacet
  facet normal 0.000000 0.000000 1.000000
    outer loop
      vertex 19.712263 9.612827 -0.800000
      vertex 20.287737 4.243579 -0.800000
      vertex 30.287737 5.315376 -0.800000
    endloop
  endfacet
  facet normal -0.000000 0.000000 1.000000
    outer loop
      vertex 19.712263 9.612827 -0.800000
      vertex 30.287737 5.315376 -0.800000
      vertex 29.712263 10.684624 -0.800000
    endloop
  endfacet
  facet normal 0.000000 0.000000 -1.000000
    outer loop
      vertex 19.712263 9.612827 0.800000
      vertex 29.712263 10.684624 0.800000
      vertex 30.287737 5.315376 0.800000
    endloop
  endfacet
  facet normal 0.000000 0.000000 -1.000000
    outer loop
      vertex 19.712263 9.612827 0.800000
      vertex 30.287737 5.315376 0.800000
      vertex 20.287737 4.243579 0.800000
    endloop
  endfacet
  facet normal 0.994305 0.106569 -0.000000
    outer loop
      vertex 19.712263 9.612827 -0.800000
      vertex 19.712263 9.612827 0.800000
      vertex 20.287737 4.243579 0.800000
    endloop
  endfacet
  facet normal 0.994305 0.106569 0.000000
    outer loop
      vertex 19.712263 9.612827 -0.800000
      vertex 20.287737 4.243579 0.800000
      vertex 20.287737 4.243579 -0.800000
    endloop
  endfacet
  facet normal -0.106569 0.994305 0.000000
    outer loop
      vertex 20.287737 4.243579 -0.800000
      vertex 20.287737 4.243579 0.800000
      vertex 30.287737 5.315376 0.800000
    endloop
  endfacet
  facet normal -0.106569 0.994305 0.000000
    outer loop
      vertex 20.287737 4.243579 -0.800000
      vertex 30.287737 5.315376 0.800000
      vertex 30.287737 5.315376 -0.800000
    endloop
  endfacet
  facet normal -0.994305 -0.106569 0.000000
    outer loop
      vertex 30.287737 5.315376 -0.800000
      vertex 30.287737 5.315376 0.800000
      vertex 29.712263 10.684624 0.800000
    endloop
  endfacet
  facet normal -0.994305 -0.106569 0.000000
    outer loop
      vertex 30.287737 5.315376 -0.800000
      vertex 29.712263 10.684624 0.800000
      vertex 29.712263 10.684624 -0.800000
    endloop
  endfacet
  facet normal 0.106569 -0.994305 0.000000
    outer loop
      vertex 29.712263 10.684624 -0.800000
      vertex 29.712263 10.684624 0.800000
      vertex 19.712263 9.612827 0.800000
    endloop
  endfacet
  facet normal 0.106569 -0.994305 0.000000
    outer loop
      vertex 29.712263 10.684624 -0.800000
      vertex 19.712263 9.612827 0.800000
      vertex 19.712263 9.612827 -0.800000
    endloop
  endfacet
  facet normal 0.000000 0.000000 1.000000
    outer loop
      vertex -26.400000 -8.000000 0.800000
      vertex -26.436643 -7.487667 0.800000
      vertex -28.663741 -7.807875 0.800000
    endloop
  endfacet
  facet normal 0.000000 0.000000 1.000000
    outer loop
      vertex -26.400000 -8.000000 0.800000
      vertex -28.663741 -7.807875 0.800000
      vertex -28.650000 -8.000000 0.800000
    endloop
  endfacet
  facet normal 0.000000 0.000000 -1.000000
    outer loop
      vertex -26.400000 -8.000000 -0.800000
      vertex -28.663741 -7.807875 -0.800000
      vertex -26.436643 -7.487667 -0.800000
    endloop
  endfacet
  facet normal 0.000000 0.000000 -1.000000
    outer loop
      vertex -26.400000 -8.000000 -0.800000
      vertex -28.650000 -8.000000 -0.800000
      vertex -28.663741 -7.807875 -0.800000
    endloop
  endfacet
  facet normal 0.997452 0.071339 0.000000
    outer loop
      vertex -26.400000 -8.000000 -0.800000
      vertex -26.436643 -7.487667 -0.800000
      vertex -26.436643 -7.487667 0.800000
    endloop
  endfacet
  facet normal 0.997452 0.071339 -0.000000
    outer loop
      vertex -26.400000 -8.000000 -0.800000
      vertex -26.436643 -7.487667 0.800000
      vertex -26.400000 -8.000000 0.800000
    endloop
  endfacet
  facet normal -0.997452 -0.071339 0.000000
    outer loop
      vertex -28.650000 -8.000000 -0.800000
      vertex -28.663741 -7.807875 0.800000
      vertex -28.663741 -7.807875 -0.800000
    endloop
  endfacet
  facet normal -0.997452 -0.071339 0.000000
    outer loop
      vertex -28.650000 -8.000000 -0.800000
      vertex -28.650000 -8.000000 0.800000
      vertex -28.663741 -7.807875 0.800000
    endloop
  endfacet
  facet normal 0.000000 0.000000 1.000000
    outer loop
      vertex -26.436643 -7.487667 0.800000
      vertex -26.545825 -6.985763 0.800000
      vertex -28.704684 -7.619661 0.800000
    endloop
  endfacet
  facet normal 0.000000 0.000000 1.000000
    outer loop
      vertex -26.436643 -7.487667 0.800000
      vertex -28.704684 -7.619661 0.800000
      vertex -28.663741 -7.807875 0.800000
    endloop
  endfacet
  facet normal -0.000000 0.000000 -1.000000
    outer loop
      vertex -26.436643 -7.487667 -0.800000
      vertex -28.704684 -7.619661 -0.800000
      vertex -26.545825 -6.985763 -0.800000
    endloop
  endfacet
  facet normal 0.000000 0.000000 -1.000000
    outer loop
      vertex -26.436643 -7.487667 -0.800000
      vertex -28.663741 -7.807875 -0.800000
      vertex -28.704684 -7.619661 -0.800000
    endloop
  endfacet
  facet normal 0.977147 0.212565 0.000000
    outer loop
      vertex -26.436643 -7.487667 -0.800000
      vertex -26.545825 -6.985763 -0.800000
      vertex -26.545825 -6.985763 0.800000
    endloop
  endfacet
  facet normal 0.977147 0.212565 -0.000000
    outer loop
      vertex -26.436643 -7.487667 -0.800000
      vertex -26.545825 -6.985763 0.800000
      vertex -26.436643 -7.487667 0.800000
    endloop
  endfacet
  facet normal -0.977147 -0.212565 0.000000
    outer loop
      vertex -28.663741 -7.807875 -0.800000
      vertex -28.704684 -7.619661 0.800000
      vertex -28.704684 -7.619661 -0.800000
    endloop
  endfacet
  facet normal -0.977147 -0.212565 0.000000
    outer loop
      vertex -28.663741 -7.807875 -0.800000
      vertex -28.663741 -7.807875 0.800000
      vertex -28.704684 -7.619661 0.800000
    endloop
  endfacet
  facet normal 0.000000 0.000000 1.000000
    outer loop
      vertex -26.545825 -6.985763 0.800000
      vertex -26.725325 -6.504506 0.800000
      vertex -28.771997 -7.439190 0.800000
    endloop
  endfacet
  facet normal 0.000000 0.000000 1.000000
    outer loop
      vertex -26.545825 -6.985763 0.800000
      vertex -28.771997 -7.439190 0.800000
      vertex -28.704684 -7.619661 0.800000
    endloop
  endfacet
  facet normal -0.000000 0.000000 -1.000000
    outer loop
      vertex -26.545825 -6.985763 -0.800000
      vertex -28.771997 -7.439190 -0.800000
      vertex -26.725325 -6.504506 -0.800000
    endloop
  endfacet
  facet normal 0.000000 0.000000 -1.000000
    outer loop
      vertex -26.545825 -6.985763 -0.800000
      vertex -28.704684 -7.619661 -0.800000
      vertex -28.771997 -7.439190 -0.800000
    endloop
  endfacet
  facet normal 0.936950 0.349464 0.000000
    outer loop
      vertex -26.545825 -6.985763 -0.800000
      vertex -26.725325 -6.504506 -0.800000
      vertex -26.725325 -6.504506 0.800000
    endloop
  endfacet
  facet normal 0.936950 0.349464 -0.000000
    outer loop
      vertex -26.545825 -6.985763 -0.800000
      vertex -26.725325 -6.504506 0.800000
      vertex -26.545825 -6.985763 0.800000
    endloop
  endfacet
  facet normal -0.936950 -0.349464 0.000000
    outer loop
      vertex -28.704684 -7.619661 -0.800000
      vertex -28.771997 -7.439190 0.800000
      vertex -28.771997 -7.439190 -0.800000
    endloop
  endfacet
  facet normal -0.936950 -0.349464 0.000000
    outer loop
      vertex -28.704684 -7.619661 -0.800000
      vertex -28.704684 -7.619661 0.800000
      vertex -28.771997 -7.439190 0.800000
    endloop
  endfacet
  facet normal 0.000000 0.000000 1.000000
    outer loop
      vertex -26.725325 -6.504506 0.800000
      vertex -26.971487 -6.053693 0.800000
      vertex -28.864308 -7.270135 0.800000
    endloop
  endfacet
  facet normal 0.000000 0.000000 1.000000
    outer loop
      vertex -26.725325 -6.504506 0.800000
      vertex -28.864308 -7.270135 0.800000
      vertex -28.771997 -7.439190 0.800000
    endloop
  endfacet
  facet normal -0.000000 0.000000 -1.000000
    outer loop
      vertex -26.725325 -6.504506 -0.800000
      vertex -28.864308 -7.270135 -0.800000
      vertex -26.971487 -6.053693 -0.800000
    endloop
  endfacet
  facet normal 0.000000 0.000000 -1.000000
    outer loop
      vertex -26.725325 -6.504506 -0.800000
      vertex -28.771997 -7.439190 -0.800000
      vertex -28.864308 -7.270135 -0.800000
    endloop
  endfacet
  facet normal 0.877679 0.479249 0.000000
    outer loop
      vertex -26.725325 -6.504506 -0.800000
      vertex -26.971487 -6.053693 -0.800000
      vertex -26.971487 -6.053693 0.800000
    endloop
  endfacet
  facet normal 0.877679 0.479249 -0.000000
    outer loop
      vertex -26.725325 -6.504506 -0.800000
      vertex -26.971487 -6.053693 0.800000
      vertex -26.725325 -6.504506 0.800000
    endloop
  endfacet
  facet normal -0.877679 -0.479249 0.000000
    outer loop
      vertex -28.771997 -7.439190 -0.800000
      vertex -28.864308 -7.270135 0.800000
      vertex -28.864308 -7.270135 -0.800000
    endloop
  endfacet
  facet normal -0.877679 -0.479249 0.000000
    outer loop
      vertex -28.771997 -7.439190 -0.800000
      vertex -28.771997 -7.439190 0.800000
      vertex -28.864308 -7.270135 0.800000
    endloop
  endfacet
  facet normal 0.000000 0.000000 1.000000
    outer loop
      vertex -26.971487 -6.053693 0.800000
      vertex -27.279302 -5.642501 0.800000
      vertex -28.979738 -7.115938 0.800000
    endloop
  endfacet
  facet normal 0.000000 0.000000 1.000000
    outer loop
      vertex -26.971487 -6.053693 0.800000
      vertex -28.979738 -7.115938 0.800000
      vertex -28.864308 -7.270135 0.800000
    endloop
  endfacet
  facet normal -0.000000 0.000000 -1.000000
    outer loop
      vertex -26.971487 -6.053693 -0.800000
      vertex -28.979738 -7.115938 -0.800000
      vertex -27.279302 -5.642501 -0.800000
    endloop
  endfacet
  facet normal 0.000000 0.000000 -1.000000
    outer loop
      vertex -26.971487 -6.053693 -0.800000
      vertex -28.864308 -7.270135 -0.800000
      vertex -28.979738 -7.115938 -0.800000
    endloop
  endfacet
  facet normal 0.800541 0.599278 0.000000
    outer loop
      vertex -26.971487 -6.053693 -0.800000
      vertex -27.279302 -5.642501 -0.800000
      vertex -27.279302 -5.642501 0.800000
    endloop
  endfacet
  facet normal 0.800541 0.599278 -0.000000
    outer loop
      vertex -26.971487 -6.053693 -0.800000
      vertex -27.279302 -5.642501 0.800000
      vertex -26.971487 -6.053693 0.800000
    endloop
  endfacet
  facet normal -0.800541 -0.599278 0.000000
    outer loop
      vertex -28.864308 -7.270135 -0.800000
      vertex -28.979738 -7.115938 0.800000
      vertex -28.979738 -7.115938 -0.800000
    endloop
  endfacet
  facet normal -0.800541 -0.599278 0.000000
    outer loop
      vertex -28.864308 -7.270135 -0.800000
      vertex -28.864308 -7.270135 0.800000
      vertex -28.979738 -7.115938 0.800000
    endloop
  endfacet
  facet normal 0.000000 0.000000 1.000000
    outer loop
      vertex -27.279302 -5.642501 0.800000
      vertex -27.642501 -5.279302 0.800000
      vertex -29.115938 -6.979738 0.800000
    endloop
  endfacet
  facet normal 0.000000 0.000000 1.000000
    outer loop
      vertex -27.279302 -5.642501 0.800000
      vertex -29.115938 -6.979738 0.800000
      vertex -28.979738 -7.115938 0.800000
    endloop
  endfacet
  facet normal -0.000000 0.000000 -1.000000
    outer loop
      vertex -27.279302 -5.642501 -0.800000
      vertex -29.115938 -6.979738 -0.800000
      vertex -27.642501 -5.279302 -0.800000
    endloop
  endfacet
  facet normal 0.000000 0.000000 -1.000000
    outer loop
      vertex -27.279302 -5.642501 -0.800000
      vertex -28.979738 -7.115938 -0.800000
      vertex -29.115938 -6.979738 -0.800000
    endloop
  endfacet
  facet normal 0.707107 0.707107 0.000000
    outer loop
      vertex -27.279302 -5.642501 -0.800000
      vertex -27.642501 -5.279302 -0.800000
      vertex -27.642501 -5.279302 0.800000
    endloop
  endfacet
  facet normal 0.707107 0.707107 -0.000000
    outer loop
      vertex -27.279302 -5.642501 -0.800000
      vertex -27.642501 -5.279302 0.800000
      vertex -27.279302 -5.642501 0.800000
    endloop
  endfacet
  facet normal -0.707107 -0.707107 0.000000
    outer loop
      vertex -28.979738 -7.115938 -0.800000
      vertex -29.115938 -6.979738 0.800000
      vertex -29.115938 -6.979738 -0.800000
    endloop
  endfacet
  facet normal -0.707107 -0.707107 0.000000
    outer loop
      vertex -28.979738 -7.115938 -0.800000
      vertex -28.979738 -7.115938 0.800000
      vertex -29.115938 -6.979738 0.800000
    endloop
  endfacet
  facet normal 0.000000 0.000000 1.000000
    outer loop
      vertex -27.642501 -5.279302 0.800000
      vertex -28.053693 -4.971487 0.800000
      vertex -29.270135 -6.864308 0.800000
    endloop
  endfacet
  facet normal 0.000000 0.000000 1.000000
    outer loop
      vertex -27.642501 -5.279302 0.800000
      vertex -29.270135 -6.864308 0.800000
      vertex -29.115938 -6.979738 0.800000
    endloop
  endfacet
  facet normal -0.000000 0.000000 -1.000000
    outer loop
      vertex -27.642501 -5.279302 -0.800000
      vertex -29.270135 -6.864308 -0.800000
      vertex -28.053693 -4.971487 -0.800000
    endloop
  endfacet
  facet normal 0.000000 0.000000 -1.000000
    outer loop
      vertex -27.642501 -5.279302 -0.800000
      vertex -29.115938 -6.979738 -0.800000
      vertex -29.270135 -6.864308 -0.800000
    endloop
  endfacet
  facet normal 0.599278 0.800541 0.000000
    outer loop
      vertex -27.642501 -5.279302 -0.800000
      vertex -28.053693 -4.971487 -0.800000
      vertex -28.053693 -4.971487 0.800000
    endloop
  endfacet
  facet normal 0.599278 0.800541 -0.000000
    outer loop
      vertex -27.642501 -5.279302 -0.800000
      vertex -28.053693 -4.971487 0.800000
      vertex -27.642501 -5.279302 0.800000
    endloop
  endfacet
  facet normal -0.599278 -0.800541 0.000000
    outer loop
      vertex -29.115938 -6.979738 -0.800000
      vertex -29.270135 -6.864308 0.800000
      vertex -29.270135 -6.864308 -0.800000
    endloop
  endfacet
  facet normal -0.599278 -0.800541 0.000000
    outer loop
      vertex -29.115938 -6.979738 -0.800000
      vertex -29.115938 -6.979738 0.800000
      vertex -29.270135 -6.864308 0.800000
    endloop
  endfacet
  facet normal 0.000000 0.000000 1.000000
    outer loop
      vertex -28.053693 -4.971487 0.800000
      vertex -28.504506 -4.725325 0.800000
      vertex -29.439190 -6.771997 0.800000
    endloop
  endfacet
  facet normal 0.000000 0.000000 1.000000
    outer loop
      vertex -28.053693 -4.971487 0.800000
      vertex -29.439190 -6.771997 0.800000
      vertex -29.270135 -6.864308 0.800000
    endloop
  endfacet
  facet normal -0.000000 0.000000 -1.000000
    outer loop
      vertex -28.053693 -4.971487 -0.800000
      vertex -29.439190 -6.771997 -0.800000
      vertex -28.504506 -4.725325 -0.800000
    endloop
  endfacet
  facet normal 0.000000 0.000000 -1.000000
    outer loop
      vertex -28.053693 -4.971487 -0.800000
      vertex -29.270135 -6.864308 -0.800000
      vertex -29.439190 -6.771997 -0.800000
    endloop
  endfacet
  facet normal 0.479249 0.877679 0.000000
    outer loop
      vertex -28.053693 -4.971487 -0.800000
      vertex -28.504506 -4.725325 -0.800000
      vertex -28.504506 -4.725325 0.800000
    endloop
  endfacet
  facet normal 0.479249 0.877679 -0.000000
    outer loop
      vertex -28.053693 -4.971487 -0.800000
      vertex -28.504506 -4.725325 0.800000
      vertex -28.053693 -4.971487 0.800000
    endloop
  endfacet
  facet normal -0.479249 -0.877679 0.000000
    outer loop
      vertex -29.270135 -6.864308 -0.800000
      vertex -29.439190 -6.771997 0.800000
      vertex -29.439190 -6.771997 -0.800000
    endloop
  endfacet
  facet normal -0.479249 -0.877679 0.000000
    outer loop
      vertex -29.270135 -6.864308 -0.800000
      vertex -29.270135 -6.864308 0.800000
      vertex -29.439190 -6.771997 0.800000
    endloop
  endfacet
  facet normal 0.000000 0.000000 1.000000
    outer loop
      vertex -28.504506 -4.725325 0.800000
      vertex -28.985763 -4.545825 0.800000
      vertex -29.619661 -6.704684 0.800000
    endloop
  endfacet
  facet normal 0.000000 0.000000 1.000000
    outer loop
      vertex -28.504506 -4.725325 0.800000
      vertex -29.619661 -6.704684 0.800000
      vertex -29.439190 -6.771997 0.800000
    endloop
  endfacet
  facet normal -0.000000 0.000000 -1.000000
    outer loop
      vertex -28.504506 -4.725325 -0.800000
      vertex -29.619661 -6.704684 -0.800000
      vertex -28.985763 -4.545825 -0.800000
    endloop
  endfacet
  facet normal 0.000000 0.000000 -1.000000
    outer loop
      vertex -28.504506 -4.725325 -0.800000
      vertex -29.439190 -6.771997 -0.800000
      vertex -29.619661 -6.704684 -0.800000
    endloop
  endfacet
  facet normal 0.349464 0.936950 0.000000
    outer loop
      vertex -28.504506 -4.725325 -0.800000
      vertex -28.985763 -4.545825 -0.800000
      vertex -28.985763 -4.545825 0.800000
    endloop
  endfacet
  facet normal 0.349464 0.936950 -0.000000
    outer loop
      vertex -28.504506 -4.725325 -0.800000
      vertex -28.985763 -4.545825 0.800000
      vertex -28.504506 -4.725325 0.800000
    endloop
  endfacet
  facet normal -0.349464 -0.936950 0.000000
    outer loop
      vertex -29.439190 -6.771997 -0.800000
      vertex -29.619661 -6.704684 0.800000
      vertex -29.619661 -6.704684 -0.800000
    endloop
  endfacet
  facet normal -0.349464 -0.936950 0.000000
    outer loop
      vertex -29.439190 -6.771997 -0.800000
      vertex -29.439190 -6.771997 0.800000
      vertex -29.619661 -6.704684 0.800000
    endloop
  endfacet
  facet normal 0.000000 0.000000 1.000000
    outer loop
      vertex -28.985763 -4.545825 0.800000
      vertex -29.487667 -4.436643 0.800000
      vertex -29.807875 -6.663741 0.800000
    endloop
  endfacet
  facet normal 0.000000 0.000000 1.000000
    outer loop
      vertex -28.985763 -4.545825 0.800000
      vertex -29.807875 -6.663741 0.800000
      vertex -29.619661 -6.704684 0.800000
    endloop
  endfacet
  facet normal -0.000000 0.000000 -1.000000
    outer loop
      vertex -28.985763 -4.545825 -0.800000
      vertex -29.807875 -6.663741 -0.800000
      vertex -29.487667 -4.436643 -0.800000
    endloop
  endfacet
  facet normal 0.000000 0.000000 -1.000000
    outer loop
      vertex -28.985763 -4.545825 -0.800000
      vertex -29.619661 -6.704684 -0.800000
      vertex -29.807875 -6.663741 -0.800000
    endloop
  endfacet
  facet normal 0.212565 0.977147 0.000000
    outer loop
      vertex -28.985763 -4.545825 -0.800000
      vertex -29.487667 -4.436643 -0.800000
      vertex -29.487667 -4.436643 0.800000
    endloop
  endfacet
  facet normal 0.212565 0.977147 -0.000000
    outer loop
      vertex -28.985763 -4.545825 -0.800000
      vertex -29.487667 -4.436643 0.800000
      vertex -28.985763 -4.545825 0.800000
    endloop
  endfacet
  facet normal -0.212565 -0.977147 0.000000
    outer loop
      vertex -29.619661 -6.704684 -0.800000
      vertex -29.807875 -6.663741 0.800000
      vertex -29.807875 -6.663741 -0.800000
    endloop
  endfacet
  facet normal -0.212565 -0.977147 0.000000
    outer loop
      vertex -29.619661 -6.704684 -0.800000
      vertex -29.619661 -6.704684 0.800000
      vertex -29.807875 -6.663741 0.800000
    endloop
  endfacet
  facet normal 0.000000 0.000000 1.000000
    outer loop
      vertex -29.487667 -4.436643 0.800000
      vertex -30.000000 -4.400000 0.800000
      vertex -30.000000 -6.650000 0.800000
    endloop
  endfacet
  facet normal 0.000000 0.000000 1.000000
    outer loop
      vertex -29.487667 -4.436643 0.800000
      vertex -30.000000 -6.650000 0.800000
      vertex -29.807875 -6.663741 0.800000
    endloop
  endfacet
  facet normal -0.000000 0.000000 -1.000000
    outer loop
      vertex -29.487667 -4.436643 -0.800000
      vertex -30.000000 -6.650000 -0.800000
      vertex -30.000000 -4.400000 -0.800000
    endloop
  endfacet
  facet normal 0.000000 0.000000 -1.000000
    outer loop
      vertex -29.487667 -4.436643 -0.800000
      vertex -29.807875 -6.663741 -0.800000
      vertex -30.000000 -6.650000 -0.800000
    endloop
  endfacet
  facet normal 0.071339 0.997452 0.000000
    outer loop
      vertex -29.487667 -4.436643 -0.800000
      vertex -30.000000 -4.400000 -0.800000
      vertex -30.000000 -4.400000 0.800000
    endloop
  endfacet
  facet normal 0.071339 0.997452 -0.000000
    outer loop
      vertex -29.487667 -4.436643 -0.800000
      vertex -30.000000 -4.400000 0.800000
      vertex -29.487667 -4.436643 0.800000
    endloop
  endfacet
  facet normal -0.071339 -0.997452 0.000000
    outer loop
      vertex -29.807875 -6.663741 -0.800000
      vertex -30.000000 -6.650000 0.800000
      vertex -30.000000 -6.650000 -0.800000
    endloop
  endfacet
  facet normal -0.071339 -0.997452 0.000000
    outer loop
      vertex -29.807875 -6.663741 -0.800000
      vertex -29.807875 -6.663741 0.800000
      vertex -30.000000 -6.650000 0.800000
    endloop
  endfacet
  facet normal 0.000000 0.000000 1.000000
    outer loop
      vertex -30.000000 -4.400000 0.800000
      vertex -30.512333 -4.436643 0.800000
      vertex -30.192125 -6.663741 0.800000
    endloop
  endfacet
  facet normal 0.000000 0.000000 1.000000
    outer loop
      vertex -30.000000 -4.400000 0.800000
      vertex -30.192125 -6.663741 0.800000
      vertex -30.000000 -6.650000 0.800000
    endloop
  endfacet
  facet normal 0.000000 0.000000 -1.000000
    outer loop
      vertex -30.000000 -4.400000 -0.800000
      vertex -30.192125 -6.663741 -0.800000
      vertex -30.512333 -4.436643 -0.800000
    endloop
  endfacet
  facet normal 0.000000 -0.000000 -1.000000
    outer loop
      vertex -30.000000 -4.400000 -0.800000
      vertex -30.000000 -6.650000 -0.800000
      vertex -30.192125 -6.663741 -0.800000
    endloop
  endfacet
  facet normal -0.071339 0.997452 0.000000
    outer loop
      vertex -30.000000 -4.400000 -0.800000
      vertex -30.512333 -4.436643 -0.800000
      vertex -30.512333 -4.436643 0.800000
    endloop
  endfacet
  facet normal -0.071339 0.997452 0.000000
    outer loop
      vertex -30.000000 -4.400000 -0.800000
      vertex -30.512333 -4.436643 0.800000
      vertex -30.000000 -4.400000 0.800000
    endloop
  endfacet
  facet normal 0.071339 -0.997452 0.000000
    outer loop
      vertex -30.000000 -6.650000 -0.800000
      vertex -30.192125 -6.663741 0.800000
      vertex -30.192125 -6.663741 -0.800000
    endloop
  endfacet
  facet normal 0.071339 -0.997452 0.000000
    outer loop
      vertex -30.000000 -6.650000 -0.800000
      vertex -30.000000 -6.650000 0.800000
      vertex -30.192125 -6.663741 0.800000
    endloop
  endfacet
  facet normal 0.000000 0.000000 1.000000
    outer loop
      vertex -30.512333 -4.436643 0.800000
      vertex -31.014237 -4.545825 0.800000
      vertex -30.380339 -6.704684 0.800000
    endloop
  endfacet
  facet normal 0.000000 0.000000 1.000000
    outer loop
      vertex -30.512333 -4.436643 0.800000
      vertex -30.380339 -6.704684 0.800000
      vertex -30.192125 -6.663741 0.800000
    endloop
  endfacet
  facet normal 0.000000 -0.000000 -1.000000
    outer loop
      vertex -30.512333 -4.436643 -0.800000
      vertex -30.380339 -6.704684 -0.800000
      vertex -31.014237 -4.545825 -0.800000
    endloop
  endfacet
  facet normal 0.000000 0.000000 -1.000000
    outer loop
      vertex -30.512333 -4.436643 -0.800000
      vertex -30.192125 -6.663741 -0.800000
      vertex -30.380339 -6.704684 -0.800000
    endloop
  endfacet
  facet normal -0.212565 0.977147 0.000000
    outer loop
      vertex -30.512333 -4.436643 -0.800000
      vertex -31.014237 -4.545825 -0.800000
      vertex -31.014237 -4.545825 0.800000
    endloop
  endfacet
  facet normal -0.212565 0.977147 0.000000
    outer loop
      vertex -30.512333 -4.436643 -0.800000
      vertex -31.014237 -4.545825 0.800000
      vertex -30.512333 -4.436643 0.800000
    endloop
  endfacet
  facet normal 0.212565 -0.977147 0.000000
    outer loop
      vertex -30.192125 -6.663741 -0.800000
      vertex -30.380339 -6.704684 0.800000
      vertex -30.380339 -6.704684 -0.800000
    endloop
  endfacet
  facet normal 0.212565 -0.977147 0.000000
    outer loop
      vertex -30.192125 -6.663741 -0.800000
      vertex -30.192125 -6.663741 0.800000
      vertex -30.380339 -6.704684 0.800000
    endloop
  endfacet
  facet normal 0.000000 0.000000 1.000000
    outer loop
      vertex -31.014237 -4.545825 0.800000
      vertex -31.495494 -4.725325 0.800000
      vertex -30.560810 -6.771997 0.800000
    endloop
  endfacet
  facet normal 0.000000 0.000000 1.000000
    outer loop
      vertex -31.014237 -4.545825 0.800000
      vertex -30.560810 -6.771997 0.800000
      vertex -30.380339 -6.704684 0.800000
    endloop
  endfacet
  facet normal 0.000000 -0.000000 -1.000000
    outer loop
      vertex -31.014237 -4.545825 -0.800000
      vertex -30.560810 -6.771997 -0.800000
      vertex -31.495494 -4.725325 -0.800000
    endloop
  endfacet
  facet normal 0.000000 0.000000 -1.000000
    outer loop
      vertex -31.014237 -4.545825 -0.800000
      vertex -30.380339 -6.704684 -0.800000
      vertex -30.560810 -6.771997 -0.800000
    endloop
  endfacet
  facet normal -0.349464 0.936950 0.000000
    outer loop
      vertex -31.014237 -4.545825 -0.800000
      vertex -31.495494 -4.725325 -0.800000
      vertex -31.495494 -4.725325 0.800000
    endloop
  endfacet
  facet normal -0.349464 0.936950 0.000000
    outer loop
      vertex -31.014237 -4.545825 -0.800000
      vertex -31.495494 -4.725325 0.800000
      vertex -31.014237 -4.545825 0.800000
    endloop
  endfacet
  facet normal 0.349464 -0.936950 0.000000
    outer loop
      vertex -30.380339 -6.704684 -0.800000
      vertex -30.560810 -6.771997 0.800000
      vertex -30.560810 -6.771997 -0.800000
    endloop
  endfacet
  facet normal 0.349464 -0.936950 0.000000
    outer loop
      vertex -30.380339 -6.704684 -0.800000
      vertex -30.380339 -6.704684 0.800000
      vertex -30.560810 -6.771997 0.800000
    endloop
  endfacet
  facet normal 0.000000 0.000000 1.000000
    outer loop
      vertex -31.495494 -4.725325 0.800000
      vertex -31.946307 -4.971487 0.800000
      vertex -30.729865 -6.864308 0.800000
    endloop
  endfacet
  facet normal 0.000000 0.000000 1.000000
    outer loop
      vertex -31.495494 -4.725325 0.800000
      vertex -30.729865 -6.864308 0.800000
      vertex -30.560810 -6.771997 0.800000
    endloop
  endfacet
  facet normal 0.000000 -0.000000 -1.000000
    outer loop
      vertex -31.495494 -4.725325 -0.800000
      vertex -30.729865 -6.864308 -0.800000
      vertex -31.946307 -4.971487 -0.800000
    endloop
  endfacet
  facet normal 0.000000 0.000000 -1.000000
    outer loop
      vertex -31.495494 -4.725325 -0.800000
      vertex -30.560810 -6.771997 -0.800000
      vertex -30.729865 -6.864308 -0.800000
    endloop
  endfacet
  facet normal -0.479249 0.877679 0.000000
    outer loop
      vertex -31.495494 -4.725325 -0.800000
      vertex -31.946307 -4.971487 -0.800000
      vertex -31.946307 -4.971487 0.800000
    endloop
  endfacet
  facet normal -0.479249 0.877679 0.000000
    outer loop
      vertex -31.495494 -4.725325 -0.800000
      vertex -31.946307 -4.971487 0.800000
      vertex -31.495494 -4.725325 0.800000
    endloop
  endfacet
  facet normal 0.479249 -0.877679 0.000000
    outer loop
      vertex -30.560810 -6.771997 -0.800000
      vertex -30.729865 -6.864308 0.800000
      vertex -30.729865 -6.864308 -0.800000
    endloop
  endfacet
  facet normal 0.479249 -0.877679 0.000000
    outer loop
      vertex -30.560810 -6.771997 -0.800000
      vertex -30.560810 -6.771997 0.800000
      vertex -30.729865 -6.864308 0.800000
    endloop
  endfacet
  facet normal 0.000000 0.000000 1.000000
    outer loop
      vertex -31.946307 -4.971487 0.800000
      vertex -32.357499 -5.279302 0.800000
      vertex -30.884062 -6.979738 0.800000
    endloop
  endfacet
  facet normal 0.000000 0.000000 1.000000
    outer loop
      vertex -31.946307 -4.971487 0.800000
      vertex -30.884062 -6.979738 0.800000
      vertex -30.729865 -6.864308 0.800000
    endloop
  endfacet
  facet normal 0.000000 -0.000000 -1.000000
    outer loop
      vertex -31.946307 -4.971487 -0.800000
      vertex -30.884062 -6.979738 -0.800000
      vertex -32.357499 -5.279302 -0.800000
    endloop
  endfacet
  facet normal 0.000000 0.000000 -1.000000
    outer loop
      vertex -31.946307 -4.971487 -0.800000
      vertex -30.729865 -6.864308 -0.800000
      vertex -30.884062 -6.979738 -0.800000
    endloop
  endfacet
  facet normal -0.599278 0.800541 0.000000
    outer loop
      vertex -31.946307 -4.971487 -0.800000
      vertex -32.357499 -5.279302 -0.800000
      vertex -32.357499 -5.279302 0.800000
    endloop
  endfacet
  facet normal -0.599278 0.800541 0.000000
    outer loop
      vertex -31.946307 -4.971487 -0.800000
      vertex -32.357499 -5.279302 0.800000
      vertex -31.946307 -4.971487 0.800000
    endloop
  endfacet
  facet normal 0.599278 -0.800541 0.000000
    outer loop
      vertex -30.729865 -6.864308 -0.800000
      vertex -30.884062 -6.979738 0.800000
      vertex -30.884062 -6.979738 -0.800000
    endloop
  endfacet
  facet normal 0.599278 -0.800541 0.000000
    outer loop
      vertex -30.729865 -6.864308 -0.800000
      vertex -30.729865 -6.864308 0.800000
      vertex -30.884062 -6.979738 0.800000
    endloop
  endfacet
  facet normal 0.000000 0.000000 1.000000
    outer loop
      vertex -32.357499 -5.279302 0.800000
      vertex -32.720698 -5.642501 0.800000
      vertex -31.020262 -7.115938 0.800000
    endloop
  endfacet
  facet normal 0.000000 0.000000 1.000000
    outer loop
      vertex -32.357499 -5.279302 0.800000
      vertex -31.020262 -7.115938 0.800000
      vertex -30.884062 -6.979738 0.800000
    endloop
  endfacet
  facet normal 0.000000 -0.000000 -1.000000
    outer loop
      vertex -32.357499 -5.279302 -0.800000
      vertex -31.020262 -7.115938 -0.800000
      vertex -32.720698 -5.642501 -0.800000
    endloop
  endfacet
  facet normal 0.000000 0.000000 -1.000000
    outer loop
      vertex -32.357499 -5.279302 -0.800000
      vertex -30.884062 -6.979738 -0.800000
      vertex -31.020262 -7.115938 -0.800000
    endloop
  endfacet
  facet normal -0.707107 0.707107 0.000000
    outer loop
      vertex -32.357499 -5.279302 -0.800000
      vertex -32.720698 -5.642501 -0.800000
      vertex -32.720698 -5.642501 0.800000
    endloop
  endfacet
  facet normal -0.707107 0.707107 0.000000
    outer loop
      vertex -32.357499 -5.279302 -0.800000
      vertex -32.720698 -5.642501 0.800000
      vertex -32.357499 -5.279302 0.800000
    endloop
  endfacet
  facet normal 0.707107 -0.707107 0.000000
    outer loop
      vertex -30.884062 -6.979738 -0.800000
      vertex -31.020262 -7.115938 0.800000
      vertex -31.020262 -7.115938 -0.800000
    endloop
  endfacet
  facet normal 0.707107 -0.707107 0.000000
    outer loop
      vertex -30.884062 -6.979738 -0.800000
      vertex -30.884062 -6.979738 0.800000
      vertex -31.020262 -7.115938 0.800000
    endloop
  endfacet
  facet normal 0.000000 0.000000 1.000000
    outer loop
      vertex -32.720698 -5.642501 0.800000
      vertex -33.028513 -6.053693 0.800000
      vertex -31.135692 -7.270135 0.800000
    endloop
  endfacet
  facet normal 0.000000 0.000000 1.000000
    outer loop
      vertex -32.720698 -5.642501 0.800000
      vertex -31.135692 -7.270135 0.800000
      vertex -31.020262 -7.115938 0.800000
    endloop
  endfacet
  facet normal 0.000000 -0.000000 -1.000000
    outer loop
      vertex -32.720698 -5.642501 -0.800000
      vertex -31.135692 -7.270135 -0.800000
      vertex -33.028513 -6.053693 -0.800000
    endloop
  endfacet
  facet normal 0.000000 0.000000 -1.000000
    outer loop
      vertex -32.720698 -5.642501 -0.800000
      vertex -31.020262 -7.115938 -0.800000
      vertex -31.135692 -7.270135 -0.800000
    endloop
  endfacet
  facet normal -0.800541 0.599278 0.000000
    outer loop
      vertex -32.720698 -5.642501 -0.800000
      vertex -33.028513 -6.053693 -0.800000
      vertex -33.028513 -6.053693 0.800000
    endloop
  endfacet
  facet normal -0.800541 0.599278 0.000000
    outer loop
      vertex -32.720698 -5.642501 -0.800000
      vertex -33.028513 -6.053693 0.800000
      vertex -32.720698 -5.642501 0.800000
    endloop
  endfacet
  facet normal 0.800541 -0.599278 0.000000
    outer loop
      vertex -31.020262 -7.115938 -0.800000
      vertex -31.135692 -7.270135 0.800000
      vertex -31.135692 -7.270135 -0.800000
    endloop
  endfacet
  facet normal 0.800541 -0.599278 0.000000
    outer loop
      vertex -31.020262 -7.115938 -0.800000
      vertex -31.020262 -7.115938 0.800000
      vertex -31.135692 -7.270135 0.800000
    endloop
  endfacet
  facet normal 0.000000 0.000000 1.000000
    outer loop
      vertex -33.028513 -6.053693 0.800000
      vertex -33.274675 -6.504506 0.800000
      vertex -31.228003 -7.439190 0.800000
    endloop
  endfacet
  facet normal 0.000000 0.000000 1.000000
    outer loop
      vertex -33.028513 -6.053693 0.800000
      vertex -31.228003 -7.439190 0.800000
      vertex -31.135692 -7.270135 0.800000
    endloop
  endfacet
  facet normal 0.000000 -0.000000 -1.000000
    outer loop
      vertex -33.028513 -6.053693 -0.800000
      vertex -31.228003 -7.439190 -0.800000
      vertex -33.274675 -6.504506 -0.800000
    endloop
  endfacet
  facet normal 0.000000 0.000000 -1.000000
    outer loop
      vertex -33.028513 -6.053693 -0.800000
      vertex -31.135692 -7.270135 -0.800000
      vertex -31.228003 -7.439190 -0.800000
    endloop
  endfacet
  facet normal -0.877679 0.479249 0.000000
    outer loop
      vertex -33.028513 -6.053693 -0.800000
      vertex -33.274675 -6.504506 -0.800000
      vertex -33.274675 -6.504506 0.800000
    endloop
  endfacet
  facet normal -0.877679 0.479249 0.000000
    outer loop
      vertex -33.028513 -6.053693 -0.800000
      vertex -33.274675 -6.504506 0.800000
      vertex -33.028513 -6.053693 0.800000
    endloop
  endfacet
  facet normal 0.877679 -0.479249 0.000000
    outer loop
      vertex -31.135692 -7.270135 -0.800000
      vertex -31.228003 -7.439190 0.800000
      vertex -31.228003 -7.439190 -0.800000
    endloop
  endfacet
  facet normal 0.877679 -0.479249 0.000000
    outer loop
      vertex -31.135692 -7.270135 -0.800000
      vertex -31.135692 -7.270135 0.800000
      vertex -31.228003 -7.439190 0.800000
    endloop
  endfacet
  facet normal 0.000000 0.000000 1.000000
    outer loop
      vertex -33.274675 -6.504506 0.800000
      vertex -33.454175 -6.985763 0.800000
      vertex -31.295316 -7.619661 0.800000
    endloop
  endfacet
  facet normal 0.000000 0.000000 1.000000
    outer loop
      vertex -33.274675 -6.504506 0.800000
      vertex -31.295316 -7.619661 0.800000
      vertex -31.228003 -7.439190 0.800000
    endloop
  endfacet
  facet normal 0.000000 -0.000000 -1.000000
    outer loop
      vertex -33.274675 -6.504506 -0.800000
      vertex -31.295316 -7.619661 -0.800000
      vertex -33.454175 -6.985763 -0.800000
    endloop
  endfacet
  facet normal 0.000000 0.000000 -1.000000
    outer loop
      vertex -33.274675 -6.504506 -0.800000
      vertex -31.228003 -7.439190 -0.800000
      vertex -31.295316 -7.619661 -0.800000
    endloop
  endfacet
  facet normal -0.936950 0.349464 0.000000
    outer loop
      vertex -33.274675 -6.504506 -0.800000
      vertex -33.454175 -6.985763 -0.800000
      vertex -33.454175 -6.985763 0.800000
    endloop
  endfacet
  facet normal -0.936950 0.349464 0.000000
    outer loop
      vertex -33.274675 -6.504506 -0.800000
      vertex -33.454175 -6.985763 0.800000
      vertex -33.274675 -6.504506 0.800000
    endloop
  endfacet
  facet normal 0.936950 -0.349464 0.000000
    outer loop
      vertex -31.228003 -7.439190 -0.800000
      vertex -31.295316 -7.619661 0.800000
      vertex -31.295316 -7.619661 -0.800000
    endloop
  endfacet
  facet normal 0.936950 -0.349464 0.000000
    outer loop
      vertex -31.228003 -7.439190 -0.800000
      vertex -31.228003 -7.439190 0.800000
      vertex -31.295316 -7.619661 0.800000
    endloop
  endfacet
  facet normal 0.000000 0.000000 1.000000
    outer loop
      vertex -33.454175 -6.985763 0.800000
      vertex -33.563357 -7.487667 0.800000
      vertex -31.336259 -7.807875 0.800000
    endloop
  endfacet
  facet normal 0.000000 0.000000 1.000000
    outer loop
      vertex -33.454175 -6.985763 0.800000
      vertex -31.336259 -7.807875 0.800000
      vertex -31.295316 -7.619661 0.800000
    endloop
  endfacet
  facet normal 0.000000 -0.000000 -1.000000
    outer loop
      vertex -33.454175 -6.985763 -0.800000
      vertex -31.336259 -7.807875 -0.800000
      vertex -33.563357 -7.487667 -0.800000
    endloop
  endfacet
  facet normal 0.000000 0.000000 -1.000000
    outer loop
      vertex -33.454175 -6.985763 -0.800000
      vertex -31.295316 -7.619661 -0.800000
      vertex -31.336259 -7.807875 -0.800000
    endloop
  endfacet
  facet normal -0.977147 0.212565 0.000000
    outer loop
      vertex -33.454175 -6.985763 -0.800000
      vertex -33.563357 -7.487667 -0.800000
      vertex -33.563357 -7.487667 0.800000
    endloop
  endfacet
  facet normal -0.977147 0.212565 0.000000
    outer loop
      vertex -33.454175 -6.985763 -0.800000
      vertex -33.563357 -7.487667 0.800000
      vertex -33.454175 -6.985763 0.800000
    endloop
  endfacet
  facet normal 0.977147 -0.212565 0.000000
    outer loop
      vertex -31.295316 -7.619661 -0.800000
      vertex -31.336259 -7.807875 0.800000
      vertex -31.336259 -7.807875 -0.800000
    endloop
  endfacet
  facet normal 0.977147 -0.212565 0.000000
    outer loop
      vertex -31.295316 -7.619661 -0.800000
      vertex -31.295316 -7.619661 0.800000
      vertex -31.336259 -7.807875 0.800000
    endloop
  endfacet
  facet normal 0.000000 0.000000 1.000000
    outer loop
      vertex -33.563357 -7.487667 0.800000
      vertex -33.600000 -8.000000 0.800000
      vertex -31.350000 -8.000000 0.800000
    endloop
  endfacet
  facet normal 0.000000 0.000000 1.000000
    outer loop
      vertex -33.563357 -7.487667 0.800000
      vertex -31.350000 -8.000000 0.800000
      vertex -31.336259 -7.807875 0.800000
    endloop
  endfacet
  facet normal 0.000000 -0.000000 -1.000000
    outer loop
      vertex -33.563357 -7.487667 -0.800000
      vertex -31.350000 -8.000000 -0.800000
      vertex -33.600000 -8.000000 -0.800000
    endloop
  endfacet
  facet normal 0.000000 0.000000 -1.000000
    outer loop
      vertex -33.563357 -7.487667 -0.800000
      vertex -31.336259 -7.807875 -0.800000
      vertex -31.350000 -8.000000 -0.800000
    endloop
  endfacet
  facet normal -0.997452 0.071339 0.000000
    outer loop
      vertex -33.563357 -7.487667 -0.800000
      vertex -33.600000 -8.000000 -0.800000
      vertex -33.600000 -8.000000 0.800000
    endloop
  endfacet
  facet normal -0.997452 0.071339 0.000000
    outer loop
      vertex -33.563357 -7.487667 -0.800000
      vertex -33.600000 -8.000000 0.800000
      vertex -33.563357 -7.487667 0.800000
    endloop
  endfacet
  facet normal 0.997452 -0.071339 0.000000
    outer loop
      vertex -31.336259 -7.807875 -0.800000
      vertex -31.350000 -8.000000 0.800000
      vertex -31.350000 -8.000000 -0.800000
    endloop
  endfacet
  facet normal 0.997452 -0.071339 0.000000
    outer loop
      vertex -31.336259 -7.807875 -0.800000
      vertex -31.336259 -7.807875 0.800000
      vertex -31.350000 -8.000000 0.800000
    endloop
  endfacet
  facet normal 0.000000 0.000000 1.000000
    outer loop
      vertex -33.600000 -8.000000 0.800000
      vertex -33.563357 -8.512333 0.800000
      vertex -31.336259 -8.192125 0.800000
    endloop
  endfacet
  facet normal 0.000000 0.000000 1.000000
    outer loop
      vertex -33.600000 -8.000000 0.800000
      vertex -31.336259 -8.192125 0.800000
      vertex -31.350000 -8.000000 0.800000
    endloop
  endfacet
  facet normal 0.000000 0.000000 -1.000000
    outer loop
      vertex -33.600000 -8.000000 -0.800000
      vertex -31.336259 -8.192125 -0.800000
      vertex -33.563357 -8.512333 -0.800000
    endloop
  endfacet
  facet normal 0.000000 0.000000 -1.000000
    outer loop
      vertex -33.600000 -8.000000 -0.800000
      vertex -31.350000 -8.000000 -0.800000
      vertex -31.336259 -8.192125 -0.800000
    endloop
  endfacet
  facet normal -0.997452 -0.071339 0.000000
    outer loop
      vertex -33.600000 -8.000000 -0.800000
      vertex -33.563357 -8.512333 -0.800000
      vertex -33.563357 -8.512333 0.800000
    endloop
  endfacet
  facet normal -0.997452 -0.071339 0.000000
    outer loop
      vertex -33.600000 -8.000000 -0.800000
      vertex -33.563357 -8.512333 0.800000
      vertex -33.600000 -8.000000 0.800000
    endloop
  endfacet
  facet normal 0.997452 0.071339 0.000000
    outer loop
      vertex -31.350000 -8.000000 -0.800000
      vertex -31.336259 -8.192125 0.800000
      vertex -31.336259 -8.192125 -0.800000
    endloop
  endfacet
  facet normal 0.997452 0.071339 -0.000000
    outer loop
      vertex -31.350000 -8.000000 -0.800000
      vertex -31.350000 -8.000000 0.800000
      vertex -31.336259 -8.192125 0.800000
    endloop
  endfacet
  facet normal -0.000000 0.000000 1.000000
    outer loop
      vertex -33.563357 -8.512333 0.800000
      vertex -33.454175 -9.014237 0.800000
      vertex -31.295316 -8.380339 0.800000
    endloop
  endfacet
  facet normal 0.000000 0.000000 1.000000
    outer loop
      vertex -33.563357 -8.512333 0.800000
      vertex -31.295316 -8.380339 0.800000
      vertex -31.336259 -8.192125 0.800000
    endloop
  endfacet
  facet normal 0.000000 0.000000 -1.000000
    outer loop
      vertex -33.563357 -8.512333 -0.800000
      vertex -31.295316 -8.380339 -0.800000
      vertex -33.454175 -9.014237 -0.800000
    endloop
  endfacet
  facet normal 0.000000 0.000000 -1.000000
    outer loop
      vertex -33.563357 -8.512333 -0.800000
      vertex -31.336259 -8.192125 -0.800000
      vertex -31.295316 -8.380339 -0.800000
    endloop
  endfacet
  facet normal -0.977147 -0.212565 0.000000
    outer loop
      vertex -33.563357 -8.512333 -0.800000
      vertex -33.454175 -9.014237 -0.800000
      vertex -33.454175 -9.014237 0.800000
    endloop
  endfacet
  facet normal -0.977147 -0.212565 0.000000
    outer loop
      vertex -33.563357 -8.512333 -0.800000
      vertex -33.454175 -9.014237 0.800000
      vertex -33.563357 -8.512333 0.800000
    endloop
  endfacet
  facet normal 0.977147 0.212565 0.000000
    outer loop
      vertex -31.336259 -8.192125 -0.800000
      vertex -31.295316 -8.380339 0.800000
      vertex -31.295316 -8.380339 -0.800000
    endloop
  endfacet
  facet normal 0.977147 0.212565 -0.000000
    outer loop
      vertex -31.336259 -8.192125 -0.800000
      vertex -31.336259 -8.192125 0.800000
      vertex -31.295316 -8.380339 0.800000
    endloop
  endfacet
  facet normal -0.000000 0.000000 1.000000
    outer loop
      vertex -33.454175 -9.014237 0.800000
      vertex -33.274675 -9.495494 0.800000
      vertex -31.228003 -8.560810 0.800000
    endloop
  endfacet
  facet normal 0.000000 0.000000 1.000000
    outer loop
      vertex -33.454175 -9.014237 0.800000
      vertex -31.228003 -8.560810 0.800000
      vertex -31.295316 -8.380339 0.800000
    endloop
  endfacet
  facet normal 0.000000 0.000000 -1.000000
    outer loop
      vertex -33.454175 -9.014237 -0.800000
      vertex -31.228003 -8.560810 -0.800000
      vertex -33.274675 -9.495494 -0.800000
    endloop
  endfacet
  facet normal 0.000000 0.000000 -1.000000
    outer loop
      vertex -33.454175 -9.014237 -0.800000
      vertex -31.295316 -8.380339 -0.800000
      vertex -31.228003 -8.560810 -0.800000
    endloop
  endfacet
  facet normal -0.936950 -0.349464 0.000000
    outer loop
      vertex -33.454175 -9.014237 -0.800000
      vertex -33.274675 -9.495494 -0.800000
      vertex -33.274675 -9.495494 0.800000
    endloop
  endfacet
  facet normal -0.936950 -0.349464 0.000000
    outer loop
      vertex -33.454175 -9.014237 -0.800000
      vertex -33.274675 -9.495494 0.800000
      vertex -33.454175 -9.014237 0.800000
    endloop
  endfacet
  facet normal 0.936950 0.349464 0.000000
    outer loop
      vertex -31.295316 -8.380339 -0.800000
      vertex -31.228003 -8.560810 0.800000
      vertex -31.228003 -8.560810 -0.800000
    endloop
  endfacet
  facet normal 0.936950 0.349464 -0.000000
    outer loop
      vertex -31.295316 -8.380339 -0.800000
      vertex -31.295316 -8.380339 0.800000
      vertex -31.228003 -8.560810 0.800000
    endloop
  endfacet
  facet normal -0.000000 0.000000 1.000000
    outer loop
      vertex -33.274675 -9.495494 0.800000
      vertex -33.028513 -9.946307 0.800000
      vertex -31.135692 -8.729865 0.800000
    endloop
  endfacet
  facet normal 0.000000 0.000000 1.000000
    outer loop
      vertex -33.274675 -9.495494 0.800000
      vertex -31.135692 -8.729865 0.800000
      vertex -31.228003 -8.560810 0.800000
    endloop
  endfacet
  facet normal 0.000000 0.000000 -1.000000
    outer loop
      vertex -33.274675 -9.495494 -0.800000
      vertex -31.135692 -8.729865 -0.800000
      vertex -33.028513 -9.946307 -0.800000
    endloop
  endfacet
  facet normal 0.000000 0.000000 -1.000000
    outer loop
      vertex -33.274675 -9.495494 -0.800000
      vertex -31.228003 -8.560810 -0.800000
      vertex -31.135692 -8.729865 -0.800000
    endloop
  endfacet
  facet normal -0.877679 -0.479249 0.000000
    outer loop
      vertex -33.274675 -9.495494 -0.800000
      vertex -33.028513 -9.946307 -0.800000
      vertex -33.028513 -9.946307 0.800000
    endloop
  endfacet
  facet normal -0.877679 -0.479249 0.000000
    outer loop
      vertex -33.274675 -9.495494 -0.800000
      vertex -33.028513 -9.946307 0.800000
      vertex -33.274675 -9.495494 0.800000
    endloop
  endfacet
  facet normal 0.877679 0.479249 0.000000
    outer loop
      vertex -31.228003 -8.560810 -0.800000
      vertex -31.135692 -8.729865 0.800000
      vertex -31.135692 -8.729865 -0.800000
    endloop
  endfacet
  facet normal 0.877679 0.479249 -0.000000
    outer loop
      vertex -31.228003 -8.560810 -0.800000
      vertex -31.228003 -8.560810 0.800000
      vertex -31.135692 -8.729865 0.800000
    endloop
  endfacet
  facet normal -0.000000 0.000000 1.000000
    outer loop
      vertex -33.028513 -9.946307 0.800000
      vertex -32.720698 -10.357499 0.800000
      vertex -31.020262 -8.884062 0.800000
    endloop
  endfacet
  facet normal 0.000000 0.000000 1.000000
    outer loop
      vertex -33.028513 -9.946307 0.800000
      vertex -31.020262 -8.884062 0.800000
      vertex -31.135692 -8.729865 0.800000
    endloop
  endfacet
  facet normal 0.000000 0.000000 -1.000000
    outer loop
      vertex -33.028513 -9.946307 -0.800000
      vertex -31.020262 -8.884062 -0.800000
      vertex -32.720698 -10.357499 -0.800000
    endloop
  endfacet
  facet normal 0.000000 0.000000 -1.000000
    outer loop
      vertex -33.028513 -9.946307 -0.800000
      vertex -31.135692 -8.729865 -0.800000
      vertex -31.020262 -8.884062 -0.800000
    endloop
  endfacet
  facet normal -0.800541 -0.599278 0.000000
    outer loop
      vertex -33.028513 -9.946307 -0.800000
      vertex -32.720698 -10.357499 -0.800000
      vertex -32.720698 -10.357499 0.800000
    endloop
  endfacet
  facet normal -0.800541 -0.599278 0.000000
    outer loop
      vertex -33.028513 -9.946307 -0.800000
      vertex -32.720698 -10.357499 0.800000
      vertex -33.028513 -9.946307 0.800000
    endloop
  endfacet
  facet normal 0.800541 0.599278 0.000000
    outer loop
      vertex -31.135692 -8.729865 -0.800000
      vertex -31.020262 -8.884062 0.800000
      vertex -31.020262 -8.884062 -0.800000
    endloop
  endfacet
  facet normal 0.800541 0.599278 -0.000000
    outer loop
      vertex -31.135692 -8.729865 -0.800000
      vertex -31.135692 -8.729865 0.800000
      vertex -31.020262 -8.884062 0.800000
    endloop
  endfacet
  facet normal -0.000000 0.000000 1.000000
    outer loop
      vertex -32.720698 -10.357499 0.800000
      vertex -32.357499 -10.720698 0.800000
      vertex -30.884062 -9.020262 0.800000
    endloop
  endfacet
  facet normal 0.000000 0.000000 1.000000
    outer loop
      vertex -32.720698 -10.357499 0.800000
      vertex -30.884062 -9.020262 0.800000
      vertex -31.020262 -8.884062 0.800000
    endloop
  endfacet
  facet normal 0.000000 0.000000 -1.000000
    outer loop
      vertex -32.720698 -10.357499 -0.800000
      vertex -30.884062 -9.020262 -0.800000
      vertex -32.357499 -10.720698 -0.800000
    endloop
  endfacet
  facet normal 0.000000 0.000000 -1.000000
    outer loop
      vertex -32.720698 -10.357499 -0.800000
      vertex -31.020262 -8.884062 -0.800000
      vertex -30.884062 -9.020262 -0.800000
    endloop
  endfacet
  facet normal -0.707107 -0.707107 0.000000
    outer loop
      vertex -32.720698 -10.357499 -0.800000
      vertex -32.357499 -10.720698 -0.800000
      vertex -32.357499 -10.720698 0.800000
    endloop
  endfacet
  facet normal -0.707107 -0.707107 0.000000
    outer loop
      vertex -32.720698 -10.357499 -0.800000
      vertex -32.357499 -10.720698 0.800000
      vertex -32.720698 -10.357499 0.800000
    endloop
  endfacet
  facet normal 0.707107 0.707107 0.000000
    outer loop
      vertex -31.020262 -8.884062 -0.800000
      vertex -30.884062 -9.020262 0.800000
      vertex -30.884062 -9.020262 -0.800000
    endloop
  endfacet
  facet normal 0.707107 0.707107 -0.000000
    outer loop
      vertex -31.020262 -8.884062 -0.800000
      vertex -31.020262 -8.884062 0.800000
      vertex -30.884062 -9.020262 0.800000
    endloop
  endfacet
  facet normal -0.000000 0.000000 1.000000
    outer loop
      vertex -32.357499 -10.720698 0.800000
      vertex -31.946307 -11.028513 0.800000
      vertex -30.729865 -9.135692 0.800000
    endloop
  endfacet
  facet normal 0.000000 0.000000 1.000000
    outer loop
      vertex -32.357499 -10.720698 0.800000
      vertex -30.729865 -9.135692 0.800000
      vertex -30.884062 -9.020262 0.800000
    endloop
  endfacet
  facet normal 0.000000 0.000000 -1.000000
    outer loop
      vertex -32.357499 -10.720698 -0.800000
      vertex -30.729865 -9.135692 -0.800000
      vertex -31.946307 -11.028513 -0.800000
    endloop
  endfacet
  facet normal 0.000000 0.000000 -1.000000
    outer loop
      vertex -32.357499 -10.720698 -0.800000
      vertex -30.884062 -9.020262 -0.800000
      vertex -30.729865 -9.135692 -0.800000
    endloop
  endfacet
  facet normal -0.599278 -0.800541 0.000000
    outer loop
      vertex -32.357499 -10.720698 -0.800000
      vertex -31.946307 -11.028513 -0.800000
      vertex -31.946307 -11.028513 0.800000
    endloop
  endfacet
  facet normal -0.599278 -0.800541 0.000000
    outer loop
      vertex -32.357499 -10.720698 -0.800000
      vertex -31.946307 -11.028513 0.800000
      vertex -32.357499 -10.720698 0.800000
    endloop
  endfacet
  facet normal 0.599278 0.800541 0.000000
    outer loop
      vertex -30.884062 -9.020262 -0.800000
      vertex -30.729865 -9.135692 0.800000
      vertex -30.729865 -9.135692 -0.800000
    endloop
  endfacet
  facet normal 0.599278 0.800541 -0.000000
    outer loop
      vertex -30.884062 -9.020262 -0.800000
      vertex -30.884062 -9.020262 0.800000
      vertex -30.729865 -9.135692 0.800000
    endloop
  endfacet
  facet normal -0.000000 0.000000 1.000000
    outer loop
      vertex -31.946307 -11.028513 0.800000
      vertex -31.495494 -11.274675 0.800000
      vertex -30.560810 -9.228003 0.800000
    endloop
  endfacet
  facet normal 0.000000 0.000000 1.000000
    outer loop
      vertex -31.946307 -11.028513 0.800000
      vertex -30.560810 -9.228003 0.800000
      vertex -30.729865 -9.135692 0.800000
    endloop
  endfacet
  facet normal 0.000000 0.000000 -1.000000
    outer loop
      vertex -31.946307 -11.028513 -0.800000
      vertex -30.560810 -9.228003 -0.800000
      vertex -31.495494 -11.274675 -0.800000
    endloop
  endfacet
  facet normal 0.000000 0.000000 -1.000000
    outer loop
      vertex -31.946307 -11.028513 -0.800000
      vertex -30.729865 -9.135692 -0.800000
      vertex -30.560810 -9.228003 -0.800000
    endloop
  endfacet
  facet normal -0.479249 -0.877679 0.000000
    outer loop
      vertex -31.946307 -11.028513 -0.800000
      vertex -31.495494 -11.274675 -0.800000
      vertex -31.495494 -11.274675 0.800000
    endloop
  endfacet
  facet normal -0.479249 -0.877679 0.000000
    outer loop
      vertex -31.946307 -11.028513 -0.800000
      vertex -31.495494 -11.274675 0.800000
      vertex -31.946307 -11.028513 0.800000
    endloop
  endfacet
  facet normal 0.479249 0.877679 0.000000
    outer loop
      vertex -30.729865 -9.135692 -0.800000
      vertex -30.560810 -9.228003 0.800000
      vertex -30.560810 -9.228003 -0.800000
    endloop
  endfacet
  facet normal 0.479249 0.877679 -0.000000
    outer loop
      vertex -30.729865 -9.135692 -0.800000
      vertex -30.729865 -9.135692 0.800000
      vertex -30.560810 -9.228003 0.800000
    endloop
  endfacet
  facet normal -0.000000 0.000000 1.000000
    outer loop
      vertex -31.495494 -11.274675 0.800000
      vertex -31.014237 -11.454175 0.800000
      vertex -30.380339 -9.295316 0.800000
    endloop
  endfacet
  facet normal 0.000000 0.000000 1.000000
    outer loop
      vertex -31.495494 -11.274675 0.800000
      vertex -30.380339 -9.295316 0.800000
      vertex -30.560810 -9.228003 0.800000
    endloop
  endfacet
  facet normal 0.000000 0.000000 -1.000000
    outer loop
      vertex -31.495494 -11.274675 -0.800000
      vertex -30.380339 -9.295316 -0.800000
      vertex -31.014237 -11.454175 -0.800000
    endloop
  endfacet
  facet normal 0.000000 0.000000 -1.000000
    outer loop
      vertex -31.495494 -11.274675 -0.800000
      vertex -30.560810 -9.228003 -0.800000
      vertex -30.380339 -9.295316 -0.800000
    endloop
  endfacet
  facet normal -0.349464 -0.936950 0.000000
    outer loop
      vertex -31.495494 -11.274675 -0.800000
      vertex -31.014237 -11.454175 -0.800000
      vertex -31.014237 -11.454175 0.800000
    endloop
  endfacet
  facet normal -0.349464 -0.936950 0.000000
    outer loop
      vertex -31.495494 -11.274675 -0.800000
      vertex -31.014237 -11.454175 0.800000
      vertex -31.495494 -11.274675 0.800000
    endloop
  endfacet
  facet normal 0.349464 0.936950 0.000000
    outer loop
      vertex -30.560810 -9.228003 -0.800000
      vertex -30.380339 -9.295316 0.800000
      vertex -30.380339 -9.295316 -0.800000
    endloop
  endfacet
  facet normal 0.349464 0.936950 -0.000000
    outer loop
      vertex -30.560810 -9.228003 -0.800000
      vertex -30.560810 -9.228003 0.800000
      vertex -30.380339 -9.295316 0.800000
    endloop
  endfacet
  facet normal -0.000000 0.000000 1.000000
    outer loop
      vertex -31.014237 -11.454175 0.800000
      vertex -30.512333 -11.563357 0.800000
      vertex -30.192125 -9.336259 0.800000
    endloop
  endfacet
  facet normal 0.000000 0.000000 1.000000
    outer loop
      vertex -31.014237 -11.454175 0.800000
      vertex -30.192125 -9.336259 0.800000
      vertex -30.380339 -9.295316 0.800000
    endloop
  endfacet
  facet normal 0.000000 0.000000 -1.000000
    outer loop
      vertex -31.014237 -11.454175 -0.800000
      vertex -30.192125 -9.336259 -0.800000
      vertex -30.512333 -11.563357 -0.800000
    endloop
  endfacet
  facet normal 0.000000 0.000000 -1.000000
    outer loop
      vertex -31.014237 -11.454175 -0.800000
      vertex -30.380339 -9.295316 -0.800000
      vertex -30.192125 -9.336259 -0.800000
    endloop
  endfacet
  facet normal -0.212565 -0.977147 0.000000
    outer loop
      vertex -31.014237 -11.454175 -0.800000
      vertex -30.512333 -11.563357 -0.800000
      vertex -30.512333 -11.563357 0.800000
    endloop
  endfacet
  facet normal -0.212565 -0.977147 0.000000
    outer loop
      vertex -31.014237 -11.454175 -0.800000
      vertex -30.512333 -11.563357 0.800000
      vertex -31.014237 -11.454175 0.800000
    endloop
  endfacet
  facet normal 0.212565 0.977147 0.000000
    outer loop
      vertex -30.380339 -9.295316 -0.800000
      vertex -30.192125 -9.336259 0.800000
      vertex -30.192125 -9.336259 -0.800000
    endloop
  endfacet
  facet normal 0.212565 0.977147 -0.000000
    outer loop
      vertex -30.380339 -9.295316 -0.800000
      vertex -30.380339 -9.295316 0.800000
      vertex -30.192125 -9.336259 0.800000
    endloop
  endfacet
  facet normal -0.000000 0.000000 1.000000
    outer loop
      vertex -30.512333 -11.563357 0.800000
      vertex -30.000000 -11.600000 0.800000
      vertex -30.000000 -9.350000 0.800000
    endloop
  endfacet
  facet normal 0.000000 0.000000 1.000000
    outer loop
      vertex -30.512333 -11.563357 0.800000
      vertex -30.000000 -9.350000 0.800000
      vertex -30.192125 -9.336259 0.800000
    endloop
  endfacet
  facet normal 0.000000 0.000000 -1.000000
    outer loop
      vertex -30.512333 -11.563357 -0.800000
      vertex -30.000000 -9.350000 -0.800000
      vertex -30.000000 -11.600000 -0.800000
    endloop
  endfacet
  facet normal 0.000000 0.000000 -1.000000
    outer loop
      vertex -30.512333 -11.563357 -0.800000
      vertex -30.192125 -9.336259 -0.800000
      vertex -30.000000 -9.350000 -0.800000
    endloop
  endfacet
  facet normal -0.071339 -0.997452 0.000000
    outer loop
      vertex -30.512333 -11.563357 -0.800000
      vertex -30.000000 -11.600000 -0.800000
      vertex -30.000000 -11.600000 0.800000
    endloop
  endfacet
  facet normal -0.071339 -0.997452 0.000000
    outer loop
      vertex -30.512333 -11.563357 -0.800000
      vertex -30.000000 -11.600000 0.800000
      vertex -30.512333 -11.563357 0.800000
    endloop
  endfacet
  facet normal 0.071339 0.997452 0.000000
    outer loop
      vertex -30.192125 -9.336259 -0.800000
      vertex -30.000000 -9.350000 0.800000
      vertex -30.000000 -9.350000 -0.800000
    endloop
  endfacet
  facet normal 0.071339 0.997452 -0.000000
    outer loop
      vertex -30.192125 -9.336259 -0.800000
      vertex -30.192125 -9.336259 0.800000
      vertex -30.000000 -9.350000 0.800000
    endloop
  endfacet
  facet normal 0.000000 0.000000 1.000000
    outer loop
      vertex -30.000000 -11.600000 0.800000
      vertex -29.487667 -11.563357 0.800000
      vertex -29.807875 -9.336259 0.800000
    endloop
  endfacet
  facet normal 0.000000 0.000000 1.000000
    outer loop
      vertex -30.000000 -11.600000 0.800000
      vertex -29.807875 -9.336259 0.800000
      vertex -30.000000 -9.350000 0.800000
    endloop
  endfacet
  facet normal 0.000000 0.000000 -1.000000
    outer loop
      vertex -30.000000 -11.600000 -0.800000
      vertex -29.807875 -9.336259 -0.800000
      vertex -29.487667 -11.563357 -0.800000
    endloop
  endfacet
  facet normal 0.000000 0.000000 -1.000000
    outer loop
      vertex -30.000000 -11.600000 -0.800000
      vertex -30.000000 -9.350000 -0.800000
      vertex -29.807875 -9.336259 -0.800000
    endloop
  endfacet
  facet normal 0.071339 -0.997452 0.000000
    outer loop
      vertex -30.000000 -11.600000 -0.800000
      vertex -29.487667 -11.563357 -0.800000
      vertex -29.487667 -11.563357 0.800000
    endloop
  endfacet
  facet normal 0.071339 -0.997452 0.000000
    outer loop
      vertex -30.000000 -11.600000 -0.800000
      vertex -29.487667 -11.563357 0.800000
      vertex -30.000000 -11.600000 0.800000
    endloop
  endfacet
  facet normal -0.071339 0.997452 0.000000
    outer loop
      vertex -30.000000 -9.350000 -0.800000
      vertex -29.807875 -9.336259 0.800000
      vertex -29.807875 -9.336259 -0.800000
    endloop
  endfacet
  facet normal -0.071339 0.997452 0.000000
    outer loop
      vertex -30.000000 -9.350000 -0.800000
      vertex -30.000000 -9.350000 0.800000
      vertex -29.807875 -9.336259 0.800000
    endloop
  endfacet
  facet normal 0.000000 -0.000000 1.000000
    outer loop
      vertex -29.487667 -11.563357 0.800000
      vertex -28.985763 -11.454175 0.800000
      vertex -29.619661 -9.295316 0.800000
    endloop
  endfacet
  facet normal 0.000000 0.000000 1.000000
    outer loop
      vertex -29.487667 -11.563357 0.800000
      vertex -29.619661 -9.295316 0.800000
      vertex -29.807875 -9.336259 0.800000
    endloop
  endfacet
  facet normal 0.000000 0.000000 -1.000000
    outer loop
      vertex -29.487667 -11.563357 -0.800000
      vertex -29.619661 -9.295316 -0.800000
      vertex -28.985763 -11.454175 -0.800000
    endloop
  endfacet
  facet normal 0.000000 0.000000 -1.000000
    outer loop
      vertex -29.487667 -11.563357 -0.800000
      vertex -29.807875 -9.336259 -0.800000
      vertex -29.619661 -9.295316 -0.800000
    endloop
  endfacet
  facet normal 0.212565 -0.977147 0.000000
    outer loop
      vertex -29.487667 -11.563357 -0.800000
      vertex -28.985763 -11.454175 -0.800000
      vertex -28.985763 -11.454175 0.800000
    endloop
  endfacet
  facet normal 0.212565 -0.977147 0.000000
    outer loop
      vertex -29.487667 -11.563357 -0.800000
      vertex -28.985763 -11.454175 0.800000
      vertex -29.487667 -11.563357 0.800000
    endloop
  endfacet
  facet normal -0.212565 0.977147 0.000000
    outer loop
      vertex -29.807875 -9.336259 -0.800000
      vertex -29.619661 -9.295316 0.800000
      vertex -29.619661 -9.295316 -0.800000
    endloop
  endfacet
  facet normal -0.212565 0.977147 0.000000
    outer loop
      vertex -29.807875 -9.336259 -0.800000
      vertex -29.807875 -9.336259 0.800000
      vertex -29.619661 -9.295316 0.800000
    endloop
  endfacet
  facet normal 0.000000 -0.000000 1.000000
    outer loop
      vertex -28.985763 -11.454175 0.800000
      vertex -28.504506 -11.274675 0.800000
      vertex -29.439190 -9.228003 0.800000
    endloop
  endfacet
  facet normal 0.000000 0.000000 1.000000
    outer loop
      vertex -28.985763 -11.454175 0.800000
      vertex -29.439190 -9.228003 0.800000
      vertex -29.619661 -9.295316 0.800000
    endloop
  endfacet
  facet normal 0.000000 0.000000 -1.000000
    outer loop
      vertex -28.985763 -11.454175 -0.800000
      vertex -29.439190 -9.228003 -0.800000
      vertex -28.504506 -11.274675 -0.800000
    endloop
  endfacet
  facet normal 0.000000 0.000000 -1.000000
    outer loop
      vertex -28.985763 -11.454175 -0.800000
      vertex -29.619661 -9.295316 -0.800000
      vertex -29.439190 -9.228003 -0.800000
    endloop
  endfacet
  facet normal 0.349464 -0.936950 0.000000
    outer loop
      vertex -28.985763 -11.454175 -0.800000
      vertex -28.504506 -11.274675 -0.800000
      vertex -28.504506 -11.274675 0.800000
    endloop
  endfacet
  facet normal 0.349464 -0.936950 0.000000
    outer loop
      vertex -28.985763 -11.454175 -0.800000
      vertex -28.504506 -11.274675 0.800000
      vertex -28.985763 -11.454175 0.800000
    endloop
  endfacet
  facet normal -0.349464 0.936950 0.000000
    outer loop
      vertex -29.619661 -9.295316 -0.800000
      vertex -29.439190 -9.228003 0.800000
      vertex -29.439190 -9.228003 -0.800000
    endloop
  endfacet
  facet normal -0.349464 0.936950 0.000000
    outer loop
      vertex -29.619661 -9.295316 -0.800000
      vertex -29.619661 -9.295316 0.800000
      vertex -29.439190 -9.228003 0.800000
    endloop
  endfacet
  facet normal 0.000000 -0.000000 1.000000
    outer loop
      vertex -28.504506 -11.274675 0.800000
      vertex -28.053693 -11.028513 0.800000
      vertex -29.270135 -9.135692 0.800000
    endloop
  endfacet
  facet normal 0.000000 0.000000 1.000000
    outer loop
      vertex -28.504506 -11.274675 0.800000
      vertex -29.270135 -9.135692 0.800000
      vertex -29.439190 -9.228003 0.800000
    endloop
  endfacet
  facet normal 0.000000 0.000000 -1.000000
    outer loop
      vertex -28.504506 -11.274675 -0.800000
      vertex -29.270135 -9.135692 -0.800000
      vertex -28.053693 -11.028513 -0.800000
    endloop
  endfacet
  facet normal 0.000000 0.000000 -1.000000
    outer loop
      vertex -28.504506 -11.274675 -0.800000
      vertex -29.439190 -9.228003 -0.800000
      vertex -29.270135 -9.135692 -0.800000
    endloop
  endfacet
  facet normal 0.479249 -0.877679 0.000000
    outer loop
      vertex -28.504506 -11.274675 -0.800000
      vertex -28.053693 -11.028513 -0.800000
      vertex -28.053693 -11.028513 0.800000
    endloop
  endfacet
  facet normal 0.479249 -0.877679 0.000000
    outer loop
      vertex -28.504506 -11.274675 -0.800000
      vertex -28.053693 -11.028513 0.800000
      vertex -28.504506 -11.274675 0.800000
    endloop
  endfacet
  facet normal -0.479249 0.877679 0.000000
    outer loop
      vertex -29.439190 -9.228003 -0.800000
      vertex -29.270135 -9.135692 0.800000
      vertex -29.270135 -9.135692 -0.800000
    endloop
  endfacet
  facet normal -0.479249 0.877679 0.000000
    outer loop
      vertex -29.439190 -9.228003 -0.800000
      vertex -29.439190 -9.228003 0.800000
      vertex -29.270135 -9.135692 0.800000
    endloop
  endfacet
  facet normal 0.000000 -0.000000 1.000000
    outer loop
      vertex -28.053693 -11.028513 0.800000
      vertex -27.642501 -10.720698 0.800000
      vertex -29.115938 -9.020262 0.800000
    endloop
  endfacet
  facet normal 0.000000 0.000000 1.000000
    outer loop
      vertex -28.053693 -11.028513 0.800000
      vertex -29.115938 -9.020262 0.800000
      vertex -29.270135 -9.135692 0.800000
    endloop
  endfacet
  facet normal 0.000000 0.000000 -1.000000
    outer loop
      vertex -28.053693 -11.028513 -0.800000
      vertex -29.115938 -9.020262 -0.800000
      vertex -27.642501 -10.720698 -0.800000
    endloop
  endfacet
  facet normal 0.000000 0.000000 -1.000000
    outer loop
      vertex -28.053693 -11.028513 -0.800000
      vertex -29.270135 -9.135692 -0.800000
      vertex -29.115938 -9.020262 -0.800000
    endloop
  endfacet
  facet normal 0.599278 -0.800541 0.000000
    outer loop
      vertex -28.053693 -11.028513 -0.800000
      vertex -27.642501 -10.720698 -0.800000
      vertex -27.642501 -10.720698 0.800000
    endloop
  endfacet
  facet normal 0.599278 -0.800541 0.000000
    outer loop
      vertex -28.053693 -11.028513 -0.800000
      vertex -27.642501 -10.720698 0.800000
      vertex -28.053693 -11.028513 0.800000
    endloop
  endfacet
  facet normal -0.599278 0.800541 0.000000
    outer loop
      vertex -29.270135 -9.135692 -0.800000
      vertex -29.115938 -9.020262 0.800000
      vertex -29.115938 -9.020262 -0.800000
    endloop
  endfacet
  facet normal -0.599278 0.800541 0.000000
    outer loop
      vertex -29.270135 -9.135692 -0.800000
      vertex -29.270135 -9.135692 0.800000
      vertex -29.115938 -9.020262 0.800000
    endloop
  endfacet
  facet normal 0.000000 -0.000000 1.000000
    outer loop
      vertex -27.642501 -10.720698 0.800000
      vertex -27.279302 -10.357499 0.800000
      vertex -28.979738 -8.884062 0.800000
    endloop
  endfacet
  facet normal 0.000000 0.000000 1.000000
    outer loop
      vertex -27.642501 -10.720698 0.800000
      vertex -28.979738 -8.884062 0.800000
      vertex -29.115938 -9.020262 0.800000
    endloop
  endfacet
  facet normal 0.000000 0.000000 -1.000000
    outer loop
      vertex -27.642501 -10.720698 -0.800000
      vertex -28.979738 -8.884062 -0.800000
      vertex -27.279302 -10.357499 -0.800000
    endloop
  endfacet
  facet normal 0.000000 0.000000 -1.000000
    outer loop
      vertex -27.642501 -10.720698 -0.800000
      vertex -29.115938 -9.020262 -0.800000
      vertex -28.979738 -8.884062 -0.800000
    endloop
  endfacet
  facet normal 0.707107 -0.707107 0.000000
    outer loop
      vertex -27.642501 -10.720698 -0.800000
      vertex -27.279302 -10.357499 -0.800000
      vertex -27.279302 -10.357499 0.800000
    endloop
  endfacet
  facet normal 0.707107 -0.707107 0.000000
    outer loop
      vertex -27.642501 -10.720698 -0.800000
      vertex -27.279302 -10.357499 0.800000
      vertex -27.642501 -10.720698 0.800000
    endloop
  endfacet
  facet normal -0.707107 0.707107 0.000000
    outer loop
      vertex -29.115938 -9.020262 -0.800000
      vertex -28.979738 -8.884062 0.800000
      vertex -28.979738 -8.884062 -0.800000
    endloop
  endfacet
  facet normal -0.707107 0.707107 0.000000
    outer loop
      vertex -29.115938 -9.020262 -0.800000
      vertex -29.115938 -9.020262 0.800000
      vertex -28.979738 -8.884062 0.800000
    endloop
  endfacet
  facet normal 0.000000 -0.000000 1.000000
    outer loop
      vertex -27.279302 -10.357499 0.800000
      vertex -26.971487 -9.946307 0.800000
      vertex -28.864308 -8.729865 0.800000
    endloop
  endfacet
  facet normal 0.000000 0.000000 1.000000
    outer loop
      vertex -27.279302 -10.357499 0.800000
      vertex -28.864308 -8.729865 0.800000
      vertex -28.979738 -8.884062 0.800000
    endloop
  endfacet
  facet normal 0.000000 0.000000 -1.000000
    outer loop
      vertex -27.279302 -10.357499 -0.800000
      vertex -28.864308 -8.729865 -0.800000
      vertex -26.971487 -9.946307 -0.800000
    endloop
  endfacet
  facet normal 0.000000 0.000000 -1.000000
    outer loop
      vertex -27.279302 -10.357499 -0.800000
      vertex -28.979738 -8.884062 -0.800000
      vertex -28.864308 -8.729865 -0.800000
    endloop
  endfacet
  facet normal 0.800541 -0.599278 0.000000
    outer loop
      vertex -27.279302 -10.357499 -0.800000
      vertex -26.971487 -9.946307 -0.800000
      vertex -26.971487 -9.946307 0.800000
    endloop
  endfacet
  facet normal 0.800541 -0.599278 0.000000
    outer loop
      vertex -27.279302 -10.357499 -0.800000
      vertex -26.971487 -9.946307 0.800000
      vertex -27.279302 -10.357499 0.800000
    endloop
  endfacet
  facet normal -0.800541 0.599278 0.000000
    outer loop
      vertex -28.979738 -8.884062 -0.800000
      vertex -28.864308 -8.729865 0.800000
      vertex -28.864308 -8.729865 -0.800000
    endloop
  endfacet
  facet normal -0.800541 0.599278 0.000000
    outer loop
      vertex -28.979738 -8.884062 -0.800000
      vertex -28.979738 -8.884062 0.800000
      vertex -28.864308 -8.729865 0.800000
    endloop
  endfacet
  facet normal 0.000000 -0.000000 1.000000
    outer loop
      vertex -26.971487 -9.946307 0.800000
      vertex -26.725325 -9.495494 0.800000
      vertex -28.771997 -8.560810 0.800000
    endloop
  endfacet
  facet normal 0.000000 0.000000 1.000000
    outer loop
      vertex -26.971487 -9.946307 0.800000
      vertex -28.771997 -8.560810 0.800000
      vertex -28.864308 -8.729865 0.800000
    endloop
  endfacet
  facet normal 0.000000 0.000000 -1.000000
    outer loop
      vertex -26.971487 -9.946307 -0.800000
      vertex -28.771997 -8.560810 -0.800000
      vertex -26.725325 -9.495494 -0.800000
    endloop
  endfacet
  facet normal 0.000000 0.000000 -1.000000
    outer loop
      vertex -26.971487 -9.946307 -0.800000
      vertex -28.864308 -8.729865 -0.800000
      vertex -28.771997 -8.560810 -0.800000
    endloop
  endfacet
  facet normal 0.877679 -0.479249 0.000000
    outer loop
      vertex -26.971487 -9.946307 -0.800000
      vertex -26.725325 -9.495494 -0.800000
      vertex -26.725325 -9.495494 0.800000
    endloop
  endfacet
  facet normal 0.877679 -0.479249 0.000000
    outer loop
      vertex -26.971487 -9.946307 -0.800000
      vertex -26.725325 -9.495494 0.800000
      vertex -26.971487 -9.946307 0.800000
    endloop
  endfacet
  facet normal -0.877679 0.479249 0.000000
    outer loop
      vertex -28.864308 -8.729865 -0.800000
      vertex -28.771997 -8.560810 0.800000
      vertex -28.771997 -8.560810 -0.800000
    endloop
  endfacet
  facet normal -0.877679 0.479249 0.000000
    outer loop
      vertex -28.864308 -8.729865 -0.800000
      vertex -28.864308 -8.729865 0.800000
      vertex -28.771997 -8.560810 0.800000
    endloop
  endfacet
  facet normal 0.000000 -0.000000 1.000000
    outer loop
      vertex -26.725325 -9.495494 0.800000
      vertex -26.545825 -9.014237 0.800000
      vertex -28.704684 -8.380339 0.800000
    endloop
  endfacet
  facet normal 0.000000 0.000000 1.000000
    outer loop
      vertex -26.725325 -9.495494 0.800000
      vertex -28.704684 -8.380339 0.800000
      vertex -28.771997 -8.560810 0.800000
    endloop
  endfacet
  facet normal 0.000000 0.000000 -1.000000
    outer loop
      vertex -26.725325 -9.495494 -0.800000
      vertex -28.704684 -8.380339 -0.800000
      vertex -26.545825 -9.014237 -0.800000
    endloop
  endfacet
  facet normal 0.000000 0.000000 -1.000000
    outer loop
      vertex -26.725325 -9.495494 -0.800000
      vertex -28.771997 -8.560810 -0.800000
      vertex -28.704684 -8.380339 -0.800000
    endloop
  endfacet
  facet normal 0.936950 -0.349464 0.000000
    outer loop
      vertex -26.725325 -9.495494 -0.800000
      vertex -26.545825 -9.014237 -0.800000
      vertex -26.545825 -9.014237 0.800000
    endloop
  endfacet
  facet normal 0.936950 -0.349464 0.000000
    outer loop
      vertex -26.725325 -9.495494 -0.800000
      vertex -26.545825 -9.014237 0.800000
      vertex -26.725325 -9.495494 0.800000
    endloop
  endfacet
  facet normal -0.936950 0.349464 0.000000
    outer loop
      vertex -28.771997 -8.560810 -0.800000
      vertex -28.704684 -8.380339 0.800000
      vertex -28.704684 -8.380339 -0.800000
    endloop
  endfacet
  facet normal -0.936950 0.349464 0.000000
    outer loop
      vertex -28.771997 -8.560810 -0.800000
      vertex -28.771997 -8.560810 0.800000
      vertex -28.704684 -8.380339 0.800000
    endloop
  endfacet
  facet normal 0.000000 -0.000000 1.000000
    outer loop
      vertex -26.545825 -9.014237 0.800000
      vertex -26.436643 -8.512333 0.800000
      vertex -28.663741 -8.192125 0.800000
    endloop
  endfacet
  facet normal 0.000000 0.000000 1.000000
    outer loop
      vertex -26.545825 -9.014237 0.800000
      vertex -28.663741 -8.192125 0.800000
      vertex -28.704684 -8.380339 0.800000
    endloop
  endfacet
  facet normal 0.000000 0.000000 -1.000000
    outer loop
      vertex -26.545825 -9.014237 -0.800000
      vertex -28.663741 -8.192125 -0.800000
      vertex -26.436643 -8.512333 -0.800000
    endloop
  endfacet
  facet normal 0.000000 0.000000 -1.000000
    outer loop
      vertex -26.545825 -9.014237 -0.800000
      vertex -28.704684 -8.380339 -0.800000
      vertex -28.663741 -8.192125 -0.800000
    endloop
  endfacet
  facet normal 0.977147 -0.212565 0.000000
    outer loop
      vertex -26.545825 -9.014237 -0.800000
      vertex -26.436643 -8.512333 -0.800000
      vertex -26.436643 -8.512333 0.800000
    endloop
  endfacet
  facet normal 0.977147 -0.212565 0.000000
    outer loop
      vertex -26.545825 -9.014237 -0.800000
      vertex -26.436643 -8.512333 0.800000
      vertex -26.545825 -9.014237 0.800000
    endloop
  endfacet
  facet normal -0.977147 0.212565 0.000000
    outer loop
      vertex -28.704684 -8.380339 -0.800000
      vertex -28.663741 -8.192125 0.800000
      vertex -28.663741 -8.192125 -0.800000
    endloop
  endfacet
  facet normal -0.977147 0.212565 0.000000
    outer loop
      vertex -28.704684 -8.380339 -0.800000
      vertex -28.704684 -8.380339 0.800000
      vertex -28.663741 -8.192125 0.800000
    endloop
  endfacet
  facet normal 0.000000 -0.000000 1.000000
    outer loop
      vertex -26.436643 -8.512333 0.800000
      vertex -26.400000 -8.000000 0.800000
      vertex -28.650000 -8.000000 0.800000
    endloop
  endfacet
  facet normal 0.000000 0.000000 1.000000
    outer loop
      vertex -26.436643 -8.512333 0.800000
      vertex -28.650000 -8.000000 0.800000
      vertex -28.663741 -8.192125 0.800000
    endloop
  endfacet
  facet normal 0.000000 0.000000 -1.000000
    outer loop
      vertex -26.436643 -8.512333 -0.800000
      vertex -28.650000 -8.000000 -0.800000
      vertex -26.400000 -8.000000 -0.800000
    endloop
  endfacet
  facet normal 0.000000 0.000000 -1.000000
    outer loop
      vertex -26.436643 -8.512333 -0.800000
      vertex -28.663741 -8.192125 -0.800000
      vertex -28.650000 -8.000000 -0.800000
    endloop
  endfacet
  facet normal 0.997452 -0.071339 0.000000
    outer loop
      vertex -26.436643 -8.512333 -0.800000
      vertex -26.400000 -8.000000 -0.800000
      vertex -26.400000 -8.000000 0.800000
    endloop
  endfacet
  facet normal 0.997452 -0.071339 0.000000
    outer loop
      vertex -26.436643 -8.512333 -0.800000
      vertex -26.400000 -8.000000 0.800000
      vertex -26.436643 -8.512333 0.800000
    endloop
  endfacet
  facet normal -0.997452 0.071339 0.000000
    outer loop
      vertex -28.663741 -8.192125 -0.800000
      vertex -28.650000 -8.000000 0.800000
      vertex -28.650000 -8.000000 -0.800000
    endloop
  endfacet
  facet normal -0.997452 0.071339 0.000000
    outer loop
      vertex -28.663741 -8.192125 -0.800000
      vertex -28.663741 -8.192125 0.800000
      vertex -28.650000 -8.000000 0.800000
    endloop
  endfacet
  facet normal 0.000000 0.000000 1.000000
    outer loop
      vertex -16.400000 -6.928203 0.800000
      vertex -16.436643 -6.415870 0.800000
      vertex -18.663741 -6.736078 0.800000
    endloop
  endfacet
  facet normal 0.000000 0.000000 1.000000
    outer loop
      vertex -16.400000 -6.928203 0.800000
      vertex -18.663741 -6.736078 0.800000
      vertex -18.650000 -6.928203 0.800000
    endloop
  endfacet
  facet normal 0.000000 0.000000 -1.000000
    outer loop
      vertex -16.400000 -6.928203 -0.800000
      vertex -18.663741 -6.736078 -0.800000
      vertex -16.436643 -6.415870 -0.800000
    endloop
  endfacet
  facet normal 0.000000 0.000000 -1.000000
    outer loop
      vertex -16.400000 -6.928203 -0.800000
      vertex -18.650000 -6.928203 -0.800000
      vertex -18.663741 -6.736078 -0.800000
    endloop
  endfacet
  facet normal 0.997452 0.071339 0.000000
    outer loop
      vertex -16.400000 -6.928203 -0.800000
      vertex -16.436643 -6.415870 -0.800000
      vertex -16.436643 -6.415870 0.800000
    endloop
  endfacet
  facet normal 0.997452 0.071339 -0.000000
    outer loop
      vertex -16.400000 -6.928203 -0.800000
      vertex -16.436643 -6.415870 0.800000
      vertex -16.400000 -6.928203 0.800000
    endloop
  endfacet
  facet normal -0.997452 -0.071339 0.000000
    outer loop
      vertex -18.650000 -6.928203 -0.800000
      vertex -18.663741 -6.736078 0.800000
      vertex -18.663741 -6.736078 -0.800000
    endloop
  endfacet
  facet normal -0.997452 -0.071339 0.000000
    outer loop
      vertex -18.650000 -6.928203 -0.800000
      vertex -18.650000 -6.928203 0.800000
      vertex -18.663741 -6.736078 0.800000
    endloop
  endfacet
  facet normal 0.000000 0.000000 1.000000
    outer loop
      vertex -16.436643 -6.415870 0.800000
      vertex -16.545825 -5.913966 0.800000
      vertex -18.704684 -6.547864 0.800000
    endloop
  endfacet
  facet normal 0.000000 0.000000 1.000000
    outer loop
      vertex -16.436643 -6.415870 0.800000
      vertex -18.704684 -6.547864 0.800000
      vertex -18.663741 -6.736078 0.800000
    endloop
  endfacet
  facet normal -0.000000 0.000000 -1.000000
    outer loop
      vertex -16.436643 -6.415870 -0.800000
      vertex -18.704684 -6.547864 -0.800000
      vertex -16.545825 -5.913966 -0.800000
    endloop
  endfacet
  facet normal 0.000000 0.000000 -1.000000
    outer loop
      vertex -16.436643 -6.415870 -0.800000
      vertex -18.663741 -6.736078 -0.800000
      vertex -18.704684 -6.547864 -0.800000
    endloop
  endfacet
  facet normal 0.977147 0.212565 0.000000
    outer loop
      vertex -16.436643 -6.415870 -0.800000
      vertex -16.545825 -5.913966 -0.800000
      vertex -16.545825 -5.913966 0.800000
    endloop
  endfacet
  facet normal 0.977147 0.212565 -0.000000
    outer loop
      vertex -16.436643 -6.415870 -0.800000
      vertex -16.545825 -5.913966 0.800000
      vertex -16.436643 -6.415870 0.800000
    endloop
  endfacet
  facet normal -0.977147 -0.212565 0.000000
    outer loop
      vertex -18.663741 -6.736078 -0.800000
      vertex -18.704684 -6.547864 0.800000
      vertex -18.704684 -6.547864 -0.800000
    endloop
  endfacet
  facet normal -0.977147 -0.212565 0.000000
    outer loop
      vertex -18.663741 -6.736078 -0.800000
      vertex -18.663741 -6.736078 0.800000
      vertex -18.704684 -6.547864 0.800000
    endloop
  endfacet
  facet normal 0.000000 0.000000 1.000000
    outer loop
      vertex -16.545825 -5.913966 0.800000
      vertex -16.725325 -5.432709 0.800000
      vertex -18.771997 -6.367393 0.800000
    endloop
  endfacet
  facet normal 0.000000 0.000000 1.000000
    outer loop
      vertex -16.545825 -5.913966 0.800000
      vertex -18.771997 -6.367393 0.800000
      vertex -18.704684 -6.547864 0.800000
    endloop
  endfacet
  facet normal -0.000000 0.000000 -1.000000
    outer loop
      vertex -16.545825 -5.913966 -0.800000
      vertex -18.771997 -6.367393 -0.800000
      vertex -16.725325 -5.432709 -0.800000
    endloop
  endfacet
  facet normal 0.000000 0.000000 -1.000000
    outer loop
      vertex -16.545825 -5.913966 -0.800000
      vertex -18.704684 -6.547864 -0.800000
      vertex -18.771997 -6.367393 -0.800000
    endloop
  endfacet
  facet normal 0.936950 0.349464 0.000000
    outer loop
      vertex -16.545825 -5.913966 -0.800000
      vertex -16.725325 -5.432709 -0.800000
      vertex -16.725325 -5.432709 0.800000
    endloop
  endfacet
  facet normal 0.936950 0.349464 -0.000000
    outer loop
      vertex -16.545825 -5.913966 -0.800000
      vertex -16.725325 -5.432709 0.800000
      vertex -16.545825 -5.913966 0.800000
    endloop
  endfacet
  facet normal -0.936950 -0.349464 0.000000
    outer loop
      vertex -18.704684 -6.547864 -0.800000
      vertex -18.771997 -6.367393 0.800000
      vertex -18.771997 -6.367393 -0.800000
    endloop
  endfacet
  facet normal -0.936950 -0.349464 0.000000
    outer loop
      vertex -18.704684 -6.547864 -0.800000
      vertex -18.704684 -6.547864 0.800000
      vertex -18.771997 -6.367393 0.800000
    endloop
  endfacet
  facet normal 0.000000 0.000000 1.000000
    outer loop
      vertex -16.725325 -5.432709 0.800000
      vertex -16.971487 -4.981896 0.800000
      vertex -18.864308 -6.198338 0.800000
    endloop
  endfacet
  facet normal 0.000000 0.000000 1.000000
    outer loop
      vertex -16.725325 -5.432709 0.800000
      vertex -18.864308 -6.198338 0.800000
      vertex -18.771997 -6.367393 0.800000
    endloop
  endfacet
  facet normal -0.000000 0.000000 -1.000000
    outer loop
      vertex -16.725325 -5.432709 -0.800000
      vertex -18.864308 -6.198338 -0.800000
      vertex -16.971487 -4.981896 -0.800000
    endloop
  endfacet
  facet normal 0.000000 0.000000 -1.000000
    outer loop
      vertex -16.725325 -5.432709 -0.800000
      vertex -18.771997 -6.367393 -0.800000
      vertex -18.864308 -6.198338 -0.800000
    endloop
  endfacet
  facet normal 0.877679 0.479249 0.000000
    outer loop
      vertex -16.725325 -5.432709 -0.800000
      vertex -16.971487 -4.981896 -0.800000
      vertex -16.971487 -4.981896 0.800000
    endloop
  endfacet
  facet normal 0.877679 0.479249 -0.000000
    outer loop
      vertex -16.725325 -5.432709 -0.800000
      vertex -16.971487 -4.981896 0.800000
      vertex -16.725325 -5.432709 0.800000
    endloop
  endfacet
  facet normal -0.877679 -0.479249 0.000000
    outer loop
      vertex -18.771997 -6.367393 -0.800000
      vertex -18.864308 -6.198338 0.800000
      vertex -18.864308 -6.198338 -0.800000
    endloop
  endfacet
  facet normal -0.877679 -0.479249 0.000000
    outer loop
      vertex -18.771997 -6.367393 -0.800000
      vertex -18.771997 -6.367393 0.800000
      vertex -18.864308 -6.198338 0.800000
    endloop
  endfacet
  facet normal 0.000000 0.000000 1.000000
    outer loop
      vertex -16.971487 -4.981896 0.800000
      vertex -17.279302 -4.570705 0.800000
      vertex -18.979738 -6.044141 0.800000
    endloop
  endfacet
  facet normal 0.000000 0.000000 1.000000
    outer loop
      vertex -16.971487 -4.981896 0.800000
      vertex -18.979738 -6.044141 0.800000
      vertex -18.864308 -6.198338 0.800000
    endloop
  endfacet
  facet normal -0.000000 0.000000 -1.000000
    outer loop
      vertex -16.971487 -4.981896 -0.800000
      vertex -18.979738 -6.044141 -0.800000
      vertex -17.279302 -4.570705 -0.800000
    endloop
  endfacet
  facet normal 0.000000 0.000000 -1.000000
    outer loop
      vertex -16.971487 -4.981896 -0.800000
      vertex -18.864308 -6.198338 -0.800000
      vertex -18.979738 -6.044141 -0.800000
    endloop
  endfacet
  facet normal 0.800541 0.599278 0.000000
    outer loop
      vertex -16.971487 -4.981896 -0.800000
      vertex -17.279302 -4.570705 -0.800000
      vertex -17.279302 -4.570705 0.800000
    endloop
  endfacet
  facet normal 0.800541 0.599278 -0.000000
    outer loop
      vertex -16.971487 -4.981896 -0.800000
      vertex -17.279302 -4.570705 0.800000
      vertex -16.971487 -4.981896 0.800000
    endloop
  endfacet
  facet normal -0.800541 -0.599278 0.000000
    outer loop
      vertex -18.864308 -6.198338 -0.800000
      vertex -18.979738 -6.044141 0.800000
      vertex -18.979738 -6.044141 -0.800000
    endloop
  endfacet
  facet normal -0.800541 -0.599278 0.000000
    outer loop
      vertex -18.864308 -6.198338 -0.800000
      vertex -18.864308 -6.198338 0.800000
      vertex -18.979738 -6.044141 0.800000
    endloop
  endfacet
  facet normal 0.000000 0.000000 1.000000
    outer loop
      vertex -17.279302 -4.570705 0.800000
      vertex -17.642501 -4.207505 0.800000
      vertex -19.115938 -5.907941 0.800000
    endloop
  endfacet
  facet normal 0.000000 0.000000 1.000000
    outer loop
      vertex -17.279302 -4.570705 0.800000
      vertex -19.115938 -5.907941 0.800000
      vertex -18.979738 -6.044141 0.800000
    endloop
  endfacet
  facet normal -0.000000 0.000000 -1.000000
    outer loop
      vertex -17.279302 -4.570705 -0.800000
      vertex -19.115938 -5.907941 -0.800000
      vertex -17.642501 -4.207505 -0.800000
    endloop
  endfacet
  facet normal 0.000000 0.000000 -1.000000
    outer loop
      vertex -17.279302 -4.570705 -0.800000
      vertex -18.979738 -6.044141 -0.800000
      vertex -19.115938 -5.907941 -0.800000
    endloop
  endfacet
  facet normal 0.707107 0.707107 0.000000
    outer loop
      vertex -17.279302 -4.570705 -0.800000
      vertex -17.642501 -4.207505 -0.800000
      vertex -17.642501 -4.207505 0.800000
    endloop
  endfacet
  facet normal 0.707107 0.707107 -0.000000
    outer loop
      vertex -17.279302 -4.570705 -0.800000
      vertex -17.642501 -4.207505 0.800000
      vertex -17.279302 -4.570705 0.800000
    endloop
  endfacet
  facet normal -0.707107 -0.707107 0.000000
    outer loop
      vertex -18.979738 -6.044141 -0.800000
      vertex -19.115938 -5.907941 0.800000
      vertex -19.115938 -5.907941 -0.800000
    endloop
  endfacet
  facet normal -0.707107 -0.707107 0.000000
    outer loop
      vertex -18.979738 -6.044141 -0.800000
      vertex -18.979738 -6.044141 0.800000
      vertex -19.115938 -5.907941 0.800000
    endloop
  endfacet
  facet normal 0.000000 0.000000 1.000000
    outer loop
      vertex -17.642501 -4.207505 0.800000
      vertex -18.053693 -3.899691 0.800000
      vertex -19.270135 -5.792511 0.800000
    endloop
  endfacet
  facet normal 0.000000 0.000000 1.000000
    outer loop
      vertex -17.642501 -4.207505 0.800000
      vertex -19.270135 -5.792511 0.800000
      vertex -19.115938 -5.907941 0.800000
    endloop
  endfacet
  facet normal -0.000000 0.000000 -1.000000
    outer loop
      vertex -17.642501 -4.207505 -0.800000
      vertex -19.270135 -5.792511 -0.800000
      vertex -18.053693 -3.899691 -0.800000
    endloop
  endfacet
  facet normal 0.000000 0.000000 -1.000000
    outer loop
      vertex -17.642501 -4.207505 -0.800000
      vertex -19.115938 -5.907941 -0.800000
      vertex -19.270135 -5.792511 -0.800000
    endloop
  endfacet
  facet normal 0.599278 0.800541 0.000000
    outer loop
      vertex -17.642501 -4.207505 -0.800000
      vertex -18.053693 -3.899691 -0.800000
      vertex -18.053693 -3.899691 0.800000
    endloop
  endfacet
  facet normal 0.599278 0.800541 -0.000000
    outer loop
      vertex -17.642501 -4.207505 -0.800000
      vertex -18.053693 -3.899691 0.800000
      vertex -17.642501 -4.207505 0.800000
    endloop
  endfacet
  facet normal -0.599278 -0.800541 0.000000
    outer loop
      vertex -19.115938 -5.907941 -0.800000
      vertex -19.270135 -5.792511 0.800000
      vertex -19.270135 -5.792511 -0.800000
    endloop
  endfacet
  facet normal -0.599278 -0.800541 0.000000
    outer loop
      vertex -19.115938 -5.907941 -0.800000
      vertex -19.115938 -5.907941 0.800000
      vertex -19.270135 -5.792511 0.800000
    endloop
  endfacet
  facet normal 0.000000 0.000000 1.000000
    outer loop
      vertex -18.053693 -3.899691 0.800000
      vertex -18.504506 -3.653528 0.800000
      vertex -19.439190 -5.700200 0.800000
    endloop
  endfacet
  facet normal 0.000000 0.000000 1.000000
    outer loop
      vertex -18.053693 -3.899691 0.800000
      vertex -19.439190 -5.700200 0.800000
      vertex -19.270135 -5.792511 0.800000
    endloop
  endfacet
  facet normal -0.000000 0.000000 -1.000000
    outer loop
      vertex -18.053693 -3.899691 -0.800000
      vertex -19.439190 -5.700200 -0.800000
      vertex -18.504506 -3.653528 -0.800000
    endloop
  endfacet
  facet normal 0.000000 0.000000 -1.000000
    outer loop
      vertex -18.053693 -3.899691 -0.800000
      vertex -19.270135 -5.792511 -0.800000
      vertex -19.439190 -5.700200 -0.800000
    endloop
  endfacet
  facet normal 0.479249 0.877679 0.000000
    outer loop
      vertex -18.053693 -3.899691 -0.800000
      vertex -18.504506 -3.653528 -0.800000
      vertex -18.504506 -3.653528 0.800000
    endloop
  endfacet
  facet normal 0.479249 0.877679 -0.000000
    outer loop
      vertex -18.053693 -3.899691 -0.800000
      vertex -18.504506 -3.653528 0.800000
      vertex -18.053693 -3.899691 0.800000
    endloop
  endfacet
  facet normal -0.479249 -0.877679 0.000000
    outer loop
      vertex -19.270135 -5.792511 -0.800000
      vertex -19.439190 -5.700200 0.800000
      vertex -19.439190 -5.700200 -0.800000
    endloop
  endfacet
  facet normal -0.479249 -0.877679 0.000000
    outer loop
      vertex -19.270135 -5.792511 -0.800000
      vertex -19.270135 -5.792511 0.800000
      vertex -19.439190 -5.700200 0.800000
    endloop
  endfacet
  facet normal 0.000000 0.000000 1.000000
    outer loop
      vertex -18.504506 -3.653528 0.800000
      vertex -18.985763 -3.474029 0.800000
      vertex -19.619661 -5.632888 0.800000
    endloop
  endfacet
  facet normal 0.000000 0.000000 1.000000
    outer loop
      vertex -18.504506 -3.653528 0.800000
      vertex -19.619661 -5.632888 0.800000
      vertex -19.439190 -5.700200 0.800000
    endloop
  endfacet
  facet normal -0.000000 0.000000 -1.000000
    outer loop
      vertex -18.504506 -3.653528 -0.800000
      vertex -19.619661 -5.632888 -0.800000
      vertex -18.985763 -3.474029 -0.800000
    endloop
  endfacet
  facet normal 0.000000 0.000000 -1.000000
    outer loop
      vertex -18.504506 -3.653528 -0.800000
      vertex -19.439190 -5.700200 -0.800000
      vertex -19.619661 -5.632888 -0.800000
    endloop
  endfacet
  facet normal 0.349464 0.936950 0.000000
    outer loop
      vertex -18.504506 -3.653528 -0.800000
      vertex -18.985763 -3.474029 -0.800000
      vertex -18.985763 -3.474029 0.800000
    endloop
  endfacet
  facet normal 0.349464 0.936950 -0.000000
    outer loop
      vertex -18.504506 -3.653528 -0.800000
      vertex -18.985763 -3.474029 0.800000
      vertex -18.504506 -3.653528 0.800000
    endloop
  endfacet
  facet normal -0.349464 -0.936950 0.000000
    outer loop
      vertex -19.439190 -5.700200 -0.800000
      vertex -19.619661 -5.632888 0.800000
      vertex -19.619661 -5.632888 -0.800000
    endloop
  endfacet
  facet normal -0.349464 -0.936950 0.000000
    outer loop
      vertex -19.439190 -5.700200 -0.800000
      vertex -19.439190 -5.700200 0.800000
      vertex -19.619661 -5.632888 0.800000
    endloop
  endfacet
  facet normal 0.000000 0.000000 1.000000
    outer loop
      vertex -18.985763 -3.474029 0.800000
      vertex -19.487667 -3.364846 0.800000
      vertex -19.807875 -5.591944 0.800000
    endloop
  endfacet
  facet normal 0.000000 0.000000 1.000000
    outer loop
      vertex -18.985763 -3.474029 0.800000
      vertex -19.807875 -5.591944 0.800000
      vertex -19.619661 -5.632888 0.800000
    endloop
  endfacet
  facet normal -0.000000 0.000000 -1.000000
    outer loop
      vertex -18.985763 -3.474029 -0.800000
      vertex -19.807875 -5.591944 -0.800000
      vertex -19.487667 -3.364846 -0.800000
    endloop
  endfacet
  facet normal 0.000000 0.000000 -1.000000
    outer loop
      vertex -18.985763 -3.474029 -0.800000
      vertex -19.619661 -5.632888 -0.800000
      vertex -19.807875 -5.591944 -0.800000
    endloop
  endfacet
  facet normal 0.212565 0.977147 0.000000
    outer loop
      vertex -18.985763 -3.474029 -0.800000
      vertex -19.487667 -3.364846 -0.800000
      vertex -19.487667 -3.364846 0.800000
    endloop
  endfacet
  facet normal 0.212565 0.977147 -0.000000
    outer loop
      vertex -18.985763 -3.474029 -0.800000
      vertex -19.487667 -3.364846 0.800000
      vertex -18.985763 -3.474029 0.800000
    endloop
  endfacet
  facet normal -0.212565 -0.977147 0.000000
    outer loop
      vertex -19.619661 -5.632888 -0.800000
      vertex -19.807875 -5.591944 0.800000
      vertex -19.807875 -5.591944 -0.800000
    endloop
  endfacet
  facet normal -0.212565 -0.977147 0.000000
    outer loop
      vertex -19.619661 -5.632888 -0.800000
      vertex -19.619661 -5.632888 0.800000
      vertex -19.807875 -5.591944 0.800000
    endloop
  endfacet
  facet normal 0.000000 0.000000 1.000000
    outer loop
      vertex -19.487667 -3.364846 0.800000
      vertex -20.000000 -3.328203 0.800000
      vertex -20.000000 -5.578203 0.800000
    endloop
  endfacet
  facet normal 0.000000 0.000000 1.000000
    outer loop
      vertex -19.487667 -3.364846 0.800000
      vertex -20.000000 -5.578203 0.800000
      vertex -19.807875 -5.591944 0.800000
    endloop
  endfacet
  facet normal -0.000000 0.000000 -1.000000
    outer loop
      vertex -19.487667 -3.364846 -0.800000
      vertex -20.000000 -5.578203 -0.800000
      vertex -20.000000 -3.328203 -0.800000
    endloop
  endfacet
  facet normal 0.000000 0.000000 -1.000000
    outer loop
      vertex -19.487667 -3.364846 -0.800000
      vertex -19.807875 -5.591944 -0.800000
      vertex -20.000000 -5.578203 -0.800000
    endloop
  endfacet
  facet normal 0.071339 0.997452 0.000000
    outer loop
      vertex -19.487667 -3.364846 -0.800000
      vertex -20.000000 -3.328203 -0.800000
      vertex -20.000000 -3.328203 0.800000
    endloop
  endfacet
  facet normal 0.071339 0.997452 -0.000000
    outer loop
      vertex -19.487667 -3.364846 -0.800000
      vertex -20.000000 -3.328203 0.800000
      vertex -19.487667 -3.364846 0.800000
    endloop
  endfacet
  facet normal -0.071339 -0.997452 0.000000
    outer loop
      vertex -19.807875 -5.591944 -0.800000
      vertex -20.000000 -5.578203 0.800000
      vertex -20.000000 -5.578203 -0.800000
    endloop
  endfacet
  facet normal -0.071339 -0.997452 0.000000
    outer loop
      vertex -19.807875 -5.591944 -0.800000
      vertex -19.807875 -5.591944 0.800000
      vertex -20.000000 -5.578203 0.800000
    endloop
  endfacet
  facet normal 0.000000 0.000000 1.000000
    outer loop
      vertex -20.000000 -3.328203 0.800000
      vertex -20.512333 -3.364846 0.800000
      vertex -20.192125 -5.591944 0.800000
    endloop
  endfacet
  facet normal 0.000000 0.000000 1.000000
    outer loop
      vertex -20.000000 -3.328203 0.800000
      vertex -20.192125 -5.591944 0.800000
      vertex -20.000000 -5.578203 0.800000
    endloop
  endfacet
  facet normal 0.000000 0.000000 -1.000000
    outer loop
      vertex -20.000000 -3.328203 -0.800000
      vertex -20.192125 -5.591944 -0.800000
      vertex -20.512333 -3.364846 -0.800000
    endloop
  endfacet
  facet normal 0.000000 -0.000000 -1.000000
    outer loop
      vertex -20.000000 -3.328203 -0.800000
      vertex -20.000000 -5.578203 -0.800000
      vertex -20.192125 -5.591944 -0.800000
    endloop
  endfacet
  facet normal -0.071339 0.997452 0.000000
    outer loop
      vertex -20.000000 -3.328203 -0.800000
      vertex -20.512333 -3.364846 -0.800000
      vertex -20.512333 -3.364846 0.800000
    endloop
  endfacet
  facet normal -0.071339 0.997452 0.000000
    outer loop
      vertex -20.000000 -3.328203 -0.800000
      vertex -20.512333 -3.364846 0.800000
      vertex -20.000000 -3.328203 0.800000
    endloop
  endfacet
  facet normal 0.071339 -0.997452 0.000000
    outer loop
      vertex -20.000000 -5.578203 -0.800000
      vertex -20.192125 -5.591944 0.800000
      vertex -20.192125 -5.591944 -0.800000
    endloop
  endfacet
  facet normal 0.071339 -0.997452 0.000000
    outer loop
      vertex -20.000000 -5.578203 -0.800000
      vertex -20.000000 -5.578203 0.800000
      vertex -20.192125 -5.591944 0.800000
    endloop
  endfacet
  facet normal 0.000000 0.000000 1.000000
    outer loop
      vertex -20.512333 -3.364846 0.800000
      vertex -21.014237 -3.474029 0.800000
      vertex -20.380339 -5.632888 0.800000
    endloop
  endfacet
  facet normal 0.000000 0.000000 1.000000
    outer loop
      vertex -20.512333 -3.364846 0.800000
      vertex -20.380339 -5.632888 0.800000
      vertex -20.192125 -5.591944 0.800000
    endloop
  endfacet
  facet normal 0.000000 -0.000000 -1.000000
    outer loop
      vertex -20.512333 -3.364846 -0.800000
      vertex -20.380339 -5.632888 -0.800000
      vertex -21.014237 -3.474029 -0.800000
    endloop
  endfacet
  facet normal 0.000000 0.000000 -1.000000
    outer loop
      vertex -20.512333 -3.364846 -0.800000
      vertex -20.192125 -5.591944 -0.800000
      vertex -20.380339 -5.632888 -0.800000
    endloop
  endfacet
  facet normal -0.212565 0.977147 0.000000
    outer loop
      vertex -20.512333 -3.364846 -0.800000
      vertex -21.014237 -3.474029 -0.800000
      vertex -21.014237 -3.474029 0.800000
    endloop
  endfacet
  facet normal -0.212565 0.977147 0.000000
    outer loop
      vertex -20.512333 -3.364846 -0.800000
      vertex -21.014237 -3.474029 0.800000
      vertex -20.512333 -3.364846 0.800000
    endloop
  endfacet
  facet normal 0.212565 -0.977147 0.000000
    outer loop
      vertex -20.192125 -5.591944 -0.800000
      vertex -20.380339 -5.632888 0.800000
      vertex -20.380339 -5.632888 -0.800000
    endloop
  endfacet
  facet normal 0.212565 -0.977147 0.000000
    outer loop
      vertex -20.192125 -5.591944 -0.800000
      vertex -20.192125 -5.591944 0.800000
      vertex -20.380339 -5.632888 0.800000
    endloop
  endfacet
  facet normal 0.000000 0.000000 1.000000
    outer loop
      vertex -21.014237 -3.474029 0.800000
      vertex -21.495494 -3.653528 0.800000
      vertex -20.560810 -5.700200 0.800000
    endloop
  endfacet
  facet normal 0.000000 0.000000 1.000000
    outer loop
      vertex -21.014237 -3.474029 0.800000
      vertex -20.560810 -5.700200 0.800000
      vertex -20.380339 -5.632888 0.800000
    endloop
  endfacet
  facet normal 0.000000 -0.000000 -1.000000
    outer loop
      vertex -21.014237 -3.474029 -0.800000
      vertex -20.560810 -5.700200 -0.800000
      vertex -21.495494 -3.653528 -0.800000
    endloop
  endfacet
  facet normal 0.000000 0.000000 -1.000000
    outer loop
      vertex -21.014237 -3.474029 -0.800000
      vertex -20.380339 -5.632888 -0.800000
      vertex -20.560810 -5.700200 -0.800000
    endloop
  endfacet
  facet normal -0.349464 0.936950 0.000000
    outer loop
      vertex -21.014237 -3.474029 -0.800000
      vertex -21.495494 -3.653528 -0.800000
      vertex -21.495494 -3.653528 0.800000
    endloop
  endfacet
  facet normal -0.349464 0.936950 0.000000
    outer loop
      vertex -21.014237 -3.474029 -0.800000
      vertex -21.495494 -3.653528 0.800000
      vertex -21.014237 -3.474029 0.800000
    endloop
  endfacet
  facet normal 0.349464 -0.936950 0.000000
    outer loop
      vertex -20.380339 -5.632888 -0.800000
      vertex -20.560810 -5.700200 0.800000
      vertex -20.560810 -5.700200 -0.800000
    endloop
  endfacet
  facet normal 0.349464 -0.936950 0.000000
    outer loop
      vertex -20.380339 -5.632888 -0.800000
      vertex -20.380339 -5.632888 0.800000
      vertex -20.560810 -5.700200 0.800000
    endloop
  endfacet
  facet normal 0.000000 0.000000 1.000000
    outer loop
      vertex -21.495494 -3.653528 0.800000
      vertex -21.946307 -3.899691 0.800000
      vertex -20.729865 -5.792511 0.800000
    endloop
  endfacet
  facet normal 0.000000 0.000000 1.000000
    outer loop
      vertex -21.495494 -3.653528 0.800000
      vertex -20.729865 -5.792511 0.800000
      vertex -20.560810 -5.700200 0.800000
    endloop
  endfacet
  facet normal 0.000000 -0.000000 -1.000000
    outer loop
      vertex -21.495494 -3.653528 -0.800000
      vertex -20.729865 -5.792511 -0.800000
      vertex -21.946307 -3.899691 -0.800000
    endloop
  endfacet
  facet normal 0.000000 0.000000 -1.000000
    outer loop
      vertex -21.495494 -3.653528 -0.800000
      vertex -20.560810 -5.700200 -0.800000
      vertex -20.729865 -5.792511 -0.800000
    endloop
  endfacet
  facet normal -0.479249 0.877679 0.000000
    outer loop
      vertex -21.495494 -3.653528 -0.800000
      vertex -21.946307 -3.899691 -0.800000
      vertex -21.946307 -3.899691 0.800000
    endloop
  endfacet
  facet normal -0.479249 0.877679 0.000000
    outer loop
      vertex -21.495494 -3.653528 -0.800000
      vertex -21.946307 -3.899691 0.800000
      vertex -21.495494 -3.653528 0.800000
    endloop
  endfacet
  facet normal 0.479249 -0.877679 0.000000
    outer loop
      vertex -20.560810 -5.700200 -0.800000
      vertex -20.729865 -5.792511 0.800000
      vertex -20.729865 -5.792511 -0.800000
    endloop
  endfacet
  facet normal 0.479249 -0.877679 0.000000
    outer loop
      vertex -20.560810 -5.700200 -0.800000
      vertex -20.560810 -5.700200 0.800000
      vertex -20.729865 -5.792511 0.800000
    endloop
  endfacet
  facet normal 0.000000 0.000000 1.000000
    outer loop
      vertex -21.946307 -3.899691 0.800000
      vertex -22.357499 -4.207505 0.800000
      vertex -20.884062 -5.907941 0.800000
    endloop
  endfacet
  facet normal 0.000000 0.000000 1.000000
    outer loop
      vertex -21.946307 -3.899691 0.800000
      vertex -20.884062 -5.907941 0.800000
      vertex -20.729865 -5.792511 0.800000
    endloop
  endfacet
  facet normal 0.000000 -0.000000 -1.000000
    outer loop
      vertex -21.946307 -3.899691 -0.800000
      vertex -20.884062 -5.907941 -0.800000
      vertex -22.357499 -4.207505 -0.800000
    endloop
  endfacet
  facet normal 0.000000 0.000000 -1.000000
    outer loop
      vertex -21.946307 -3.899691 -0.800000
      vertex -20.729865 -5.792511 -0.800000
      vertex -20.884062 -5.907941 -0.800000
    endloop
  endfacet
  facet normal -0.599278 0.800541 0.000000
    outer loop
      vertex -21.946307 -3.899691 -0.800000
      vertex -22.357499 -4.207505 -0.800000
      vertex -22.357499 -4.207505 0.800000
    endloop
  endfacet
  facet normal -0.599278 0.800541 0.000000
    outer loop
      vertex -21.946307 -3.899691 -0.800000
      vertex -22.357499 -4.207505 0.800000
      vertex -21.946307 -3.899691 0.800000
    endloop
  endfacet
  facet normal 0.599278 -0.800541 0.000000
    outer loop
      vertex -20.729865 -5.792511 -0.800000
      vertex -20.884062 -5.907941 0.800000
      vertex -20.884062 -5.907941 -0.800000
    endloop
  endfacet
  facet normal 0.599278 -0.800541 0.000000
    outer loop
      vertex -20.729865 -5.792511 -0.800000
      vertex -20.729865 -5.792511 0.800000
      vertex -20.884062 -5.907941 0.800000
    endloop
  endfacet
  facet normal 0.000000 0.000000 1.000000
    outer loop
      vertex -22.357499 -4.207505 0.800000
      vertex -22.720698 -4.570705 0.800000
      vertex -21.020262 -6.044141 0.800000
    endloop
  endfacet
  facet normal 0.000000 0.000000 1.000000
    outer loop
      vertex -22.357499 -4.207505 0.800000
      vertex -21.020262 -6.044141 0.800000
      vertex -20.884062 -5.907941 0.800000
    endloop
  endfacet
  facet normal 0.000000 -0.000000 -1.000000
    outer loop
      vertex -22.357499 -4.207505 -0.800000
      vertex -21.020262 -6.044141 -0.800000
      vertex -22.720698 -4.570705 -0.800000
    endloop
  endfacet
  facet normal 0.000000 0.000000 -1.000000
    outer loop
      vertex -22.357499 -4.207505 -0.800000
      vertex -20.884062 -5.907941 -0.800000
      vertex -21.020262 -6.044141 -0.800000
    endloop
  endfacet
  facet normal -0.707107 0.707107 0.000000
    outer loop
      vertex -22.357499 -4.207505 -0.800000
      vertex -22.720698 -4.570705 -0.800000
      vertex -22.720698 -4.570705 0.800000
    endloop
  endfacet
  facet normal -0.707107 0.707107 0.000000
    outer loop
      vertex -22.357499 -4.207505 -0.800000
      vertex -22.720698 -4.570705 0.800000
      vertex -22.357499 -4.207505 0.800000
    endloop
  endfacet
  facet normal 0.707107 -0.707107 0.000000
    outer loop
      vertex -20.884062 -5.907941 -0.800000
      vertex -21.020262 -6.044141 0.800000
      vertex -21.020262 -6.044141 -0.800000
    endloop
  endfacet
  facet normal 0.707107 -0.707107 0.000000
    outer loop
      vertex -20.884062 -5.907941 -0.800000
      vertex -20.884062 -5.907941 0.800000
      vertex -21.020262 -6.044141 0.800000
    endloop
  endfacet
  facet normal 0.000000 0.000000 1.000000
    outer loop
      vertex -22.720698 -4.570705 0.800000
      vertex -23.028513 -4.981896 0.800000
      vertex -21.135692 -6.198338 0.800000
    endloop
  endfacet
  facet normal 0.000000 0.000000 1.000000
    outer loop
      vertex -22.720698 -4.570705 0.800000
      vertex -21.135692 -6.198338 0.800000
      vertex -21.020262 -6.044141 0.800000
    endloop
  endfacet
  facet normal 0.000000 -0.000000 -1.000000
    outer loop
      vertex -22.720698 -4.570705 -0.800000
      vertex -21.135692 -6.198338 -0.800000
      vertex -23.028513 -4.981896 -0.800000
    endloop
  endfacet
  facet normal 0.000000 0.000000 -1.000000
    outer loop
      vertex -22.720698 -4.570705 -0.800000
      vertex -21.020262 -6.044141 -0.800000
      vertex -21.135692 -6.198338 -0.800000
    endloop
  endfacet
  facet normal -0.800541 0.599278 0.000000
    outer loop
      vertex -22.720698 -4.570705 -0.800000
      vertex -23.028513 -4.981896 -0.800000
      vertex -23.028513 -4.981896 0.800000
    endloop
  endfacet
  facet normal -0.800541 0.599278 0.000000
    outer loop
      vertex -22.720698 -4.570705 -0.800000
      vertex -23.028513 -4.981896 0.800000
      vertex -22.720698 -4.570705 0.800000
    endloop
  endfacet
  facet normal 0.800541 -0.599278 0.000000
    outer loop
      vertex -21.020262 -6.044141 -0.800000
      vertex -21.135692 -6.198338 0.800000
      vertex -21.135692 -6.198338 -0.800000
    endloop
  endfacet
  facet normal 0.800541 -0.599278 0.000000
    outer loop
      vertex -21.020262 -6.044141 -0.800000
      vertex -21.020262 -6.044141 0.800000
      vertex -21.135692 -6.198338 0.800000
    endloop
  endfacet
  facet normal 0.000000 0.000000 1.000000
    outer loop
      vertex -23.028513 -4.981896 0.800000
      vertex -23.274675 -5.432709 0.800000
      vertex -21.228003 -6.367393 0.800000
    endloop
  endfacet
  facet normal 0.000000 0.000000 1.000000
    outer loop
      vertex -23.028513 -4.981896 0.800000
      vertex -21.228003 -6.367393 0.800000
      vertex -21.135692 -6.198338 0.800000
    endloop
  endfacet
  facet normal 0.000000 -0.000000 -1.000000
    outer loop
      vertex -23.028513 -4.981896 -0.800000
      vertex -21.228003 -6.367393 -0.800000
      vertex -23.274675 -5.432709 -0.800000
    endloop
  endfacet
  facet normal 0.000000 0.000000 -1.000000
    outer loop
      vertex -23.028513 -4.981896 -0.800000
      vertex -21.135692 -6.198338 -0.800000
      vertex -21.228003 -6.367393 -0.800000
    endloop
  endfacet
  facet normal -0.877679 0.479249 0.000000
    outer loop
      vertex -23.028513 -4.981896 -0.800000
      vertex -23.274675 -5.432709 -0.800000
      vertex -23.274675 -5.432709 0.800000
    endloop
  endfacet
  facet normal -0.877679 0.479249 0.000000
    outer loop
      vertex -23.028513 -4.981896 -0.800000
      vertex -23.274675 -5.432709 0.800000
      vertex -23.028513 -4.981896 0.800000
    endloop
  endfacet
  facet normal 0.877679 -0.479249 0.000000
    outer loop
      vertex -21.135692 -6.198338 -0.800000
      vertex -21.228003 -6.367393 0.800000
      vertex -21.228003 -6.367393 -0.800000
    endloop
  endfacet
  facet normal 0.877679 -0.479249 0.000000
    outer loop
      vertex -21.135692 -6.198338 -0.800000
      vertex -21.135692 -6.198338 0.800000
      vertex -21.228003 -6.367393 0.800000
    endloop
  endfacet
  facet normal 0.000000 0.000000 1.000000
    outer loop
      vertex -23.274675 -5.432709 0.800000
      vertex -23.454175 -5.913966 0.800000
      vertex -21.295316 -6.547864 0.800000
    endloop
  endfacet
  facet normal 0.000000 0.000000 1.000000
    outer loop
      vertex -23.274675 -5.432709 0.800000
      vertex -21.295316 -6.547864 0.800000
      vertex -21.228003 -6.367393 0.800000
    endloop
  endfacet
  facet normal 0.000000 -0.000000 -1.000000
    outer loop
      vertex -23.274675 -5.432709 -0.800000
      vertex -21.295316 -6.547864 -0.800000
      vertex -23.454175 -5.913966 -0.800000
    endloop
  endfacet
  facet normal 0.000000 0.000000 -1.000000
    outer loop
      vertex -23.274675 -5.432709 -0.800000
      vertex -21.228003 -6.367393 -0.800000
      vertex -21.295316 -6.547864 -0.800000
    endloop
  endfacet
  facet normal -0.936950 0.349464 0.000000
    outer loop
      vertex -23.274675 -5.432709 -0.800000
      vertex -23.454175 -5.913966 -0.800000
      vertex -23.454175 -5.913966 0.800000
    endloop
  endfacet
  facet normal -0.936950 0.349464 0.000000
    outer loop
      vertex -23.274675 -5.432709 -0.800000
      vertex -23.454175 -5.913966 0.800000
      vertex -23.274675 -5.432709 0.800000
    endloop
  endfacet
  facet normal 0.936950 -0.349464 0.000000
    outer loop
      vertex -21.228003 -6.367393 -0.800000
      vertex -21.295316 -6.547864 0.800000
      vertex -21.295316 -6.547864 -0.800000
    endloop
  endfacet
  facet normal 0.936950 -0.349464 0.000000
    outer loop
      vertex -21.228003 -6.367393 -0.800000
      vertex -21.228003 -6.367393 0.800000
      vertex -21.295316 -6.547864 0.800000
    endloop
  endfacet
  facet normal 0.000000 0.000000 1.000000
    outer loop
      vertex -23.454175 -5.913966 0.800000
      vertex -23.563357 -6.415870 0.800000
      vertex -21.336259 -6.736078 0.800000
    endloop
  endfacet
  facet normal 0.000000 0.000000 1.000000
    outer loop
      vertex -23.454175 -5.913966 0.800000
      vertex -21.336259 -6.736078 0.800000
      vertex -21.295316 -6.547864 0.800000
    endloop
  endfacet
  facet normal 0.000000 -0.000000 -1.000000
    outer loop
      vertex -23.454175 -5.913966 -0.800000
      vertex -21.336259 -6.736078 -0.800000
      vertex -23.563357 -6.415870 -0.800000
    endloop
  endfacet
  facet normal 0.000000 0.000000 -1.000000
    outer loop
      vertex -23.454175 -5.913966 -0.800000
      vertex -21.295316 -6.547864 -0.800000
      vertex -21.336259 -6.736078 -0.800000
    endloop
  endfacet
  facet normal -0.977147 0.212565 0.000000
    outer loop
      vertex -23.454175 -5.913966 -0.800000
      vertex -23.563357 -6.415870 -0.800000
      vertex -23.563357 -6.415870 0.800000
    endloop
  endfacet
  facet normal -0.977147 0.212565 0.000000
    outer loop
      vertex -23.454175 -5.913966 -0.800000
      vertex -23.563357 -6.415870 0.800000
      vertex -23.454175 -5.913966 0.800000
    endloop
  endfacet
  facet normal 0.977147 -0.212565 0.000000
    outer loop
      vertex -21.295316 -6.547864 -0.800000
      vertex -21.336259 -6.736078 0.800000
      vertex -21.336259 -6.736078 -0.800000
    endloop
  endfacet
  facet normal 0.977147 -0.212565 0.000000
    outer loop
      vertex -21.295316 -6.547864 -0.800000
      vertex -21.295316 -6.547864 0.800000
      vertex -21.336259 -6.736078 0.800000
    endloop
  endfacet
  facet normal 0.000000 0.000000 1.000000
    outer loop
      vertex -23.563357 -6.415870 0.800000
      vertex -23.600000 -6.928203 0.800000
      vertex -21.350000 -6.928203 0.800000
    endloop
  endfacet
  facet normal 0.000000 0.000000 1.000000
    outer loop
      vertex -23.563357 -6.415870 0.800000
      vertex -21.350000 -6.928203 0.800000
      vertex -21.336259 -6.736078 0.800000
    endloop
  endfacet
  facet normal 0.000000 -0.000000 -1.000000
    outer loop
      vertex -23.563357 -6.415870 -0.800000
      vertex -21.350000 -6.928203 -0.800000
      vertex -23.600000 -6.928203 -0.800000
    endloop
  endfacet
  facet normal 0.000000 0.000000 -1.000000
    outer loop
      vertex -23.563357 -6.415870 -0.800000
      vertex -21.336259 -6.736078 -0.800000
      vertex -21.350000 -6.928203 -0.800000
    endloop
  endfacet
  facet normal -0.997452 0.071339 0.000000
    outer loop
      vertex -23.563357 -6.415870 -0.800000
      vertex -23.600000 -6.928203 -0.800000
      vertex -23.600000 -6.928203 0.800000
    endloop
  endfacet
  facet normal -0.997452 0.071339 0.000000
    outer loop
      vertex -23.563357 -6.415870 -0.800000
      vertex -23.600000 -6.928203 0.800000
      vertex -23.563357 -6.415870 0.800000
    endloop
  endfacet
  facet normal 0.997452 -0.071339 0.000000
    outer loop
      vertex -21.336259 -6.736078 -0.800000
      vertex -21.350000 -6.928203 0.800000
      vertex -21.350000 -6.928203 -0.800000
    endloop
  endfacet
  facet normal 0.997452 -0.071339 0.000000
    outer loop
      vertex -21.336259 -6.736078 -0.800000
      vertex -21.336259 -6.736078 0.800000
      vertex -21.350000 -6.928203 0.800000
    endloop
  endfacet
  facet normal 0.000000 0.000000 1.000000
    outer loop
      vertex -23.600000 -6.928203 0.800000
      vertex -23.563357 -7.440537 0.800000
      vertex -21.336259 -7.120328 0.800000
    endloop
  endfacet
  facet normal 0.000000 0.000000 1.000000
    outer loop
      vertex -23.600000 -6.928203 0.800000
      vertex -21.336259 -7.120328 0.800000
      vertex -21.350000 -6.928203 0.800000
    endloop
  endfacet
  facet normal 0.000000 0.000000 -1.000000
    outer loop
      vertex -23.600000 -6.928203 -0.800000
      vertex -21.336259 -7.120328 -0.800000
      vertex -23.563357 -7.440537 -0.800000
    endloop
  endfacet
  facet normal 0.000000 0.000000 -1.000000
    outer loop
      vertex -23.600000 -6.928203 -0.800000
      vertex -21.350000 -6.928203 -0.800000
      vertex -21.336259 -7.120328 -0.800000
    endloop
  endfacet
  facet normal -0.997452 -0.071339 0.000000
    outer loop
      vertex -23.600000 -6.928203 -0.800000
      vertex -23.563357 -7.440537 -0.800000
      vertex -23.563357 -7.440537 0.800000
    endloop
  endfacet
  facet normal -0.997452 -0.071339 0.000000
    outer loop
      vertex -23.600000 -6.928203 -0.800000
      vertex -23.563357 -7.440537 0.800000
      vertex -23.600000 -6.928203 0.800000
    endloop
  endfacet
  facet normal 0.997452 0.071339 0.000000
    outer loop
      vertex -21.350000 -6.928203 -0.800000
      vertex -21.336259 -7.120328 0.800000
      vertex -21.336259 -7.120328 -0.800000
    endloop
  endfacet
  facet normal 0.997452 0.071339 -0.000000
    outer loop
      vertex -21.350000 -6.928203 -0.800000
      vertex -21.350000 -6.928203 0.800000
      vertex -21.336259 -7.120328 0.800000
    endloop
  endfacet
  facet normal -0.000000 0.000000 1.000000
    outer loop
      vertex -23.563357 -7.440537 0.800000
      vertex -23.454175 -7.942440 0.800000
      vertex -21.295316 -7.308542 0.800000
    endloop
  endfacet
  facet normal 0.000000 0.000000 1.000000
    outer loop
      vertex -23.563357 -7.440537 0.800000
      vertex -21.295316 -7.308542 0.800000
      vertex -21.336259 -7.120328 0.800000
    endloop
  endfacet
  facet normal 0.000000 0.000000 -1.000000
    outer loop
      vertex -23.563357 -7.440537 -0.800000
      vertex -21.295316 -7.308542 -0.800000
      vertex -23.454175 -7.942440 -0.800000
    endloop
  endfacet
  facet normal 0.000000 0.000000 -1.000000
    outer loop
      vertex -23.563357 -7.440537 -0.800000
      vertex -21.336259 -7.120328 -0.800000
      vertex -21.295316 -7.308542 -0.800000
    endloop
  endfacet
  facet normal -0.977147 -0.212565 0.000000
    outer loop
      vertex -23.563357 -7.440537 -0.800000
      vertex -23.454175 -7.942440 -0.800000
      vertex -23.454175 -7.942440 0.800000
    endloop
  endfacet
  facet normal -0.977147 -0.212565 0.000000
    outer loop
      vertex -23.563357 -7.440537 -0.800000
      vertex -23.454175 -7.942440 0.800000
      vertex -23.563357 -7.440537 0.800000
    endloop
  endfacet
  facet normal 0.977147 0.212565 0.000000
    outer loop
      vertex -21.336259 -7.120328 -0.800000
      vertex -21.295316 -7.308542 0.800000
      vertex -21.295316 -7.308542 -0.800000
    endloop
  endfacet
  facet normal 0.977147 0.212565 -0.000000
    outer loop
      vertex -21.336259 -7.120328 -0.800000
      vertex -21.336259 -7.120328 0.800000
      vertex -21.295316 -7.308542 0.800000
    endloop
  endfacet
  facet normal -0.000000 0.000000 1.000000
    outer loop
      vertex -23.454175 -7.942440 0.800000
      vertex -23.274675 -8.423697 0.800000
      vertex -21.228003 -7.489013 0.800000
    endloop
  endfacet
  facet normal 0.000000 0.000000 1.000000
    outer loop
      vertex -23.454175 -7.942440 0.800000
      vertex -21.228003 -7.489013 0.800000
      vertex -21.295316 -7.308542 0.800000
    endloop
  endfacet
  facet normal 0.000000 0.000000 -1.000000
    outer loop
      vertex -23.454175 -7.942440 -0.800000
      vertex -21.228003 -7.489013 -0.800000
      vertex -23.274675 -8.423697 -0.800000
    endloop
  endfacet
  facet normal 0.000000 0.000000 -1.000000
    outer loop
      vertex -23.454175 -7.942440 -0.800000
      vertex -21.295316 -7.308542 -0.800000
      vertex -21.228003 -7.489013 -0.800000
    endloop
  endfacet
  facet normal -0.936950 -0.349464 0.000000
    outer loop
      vertex -23.454175 -7.942440 -0.800000
      vertex -23.274675 -8.423697 -0.800000
      vertex -23.274675 -8.423697 0.800000
    endloop
  endfacet
  facet normal -0.936950 -0.349464 0.000000
    outer loop
      vertex -23.454175 -7.942440 -0.800000
      vertex -23.274675 -8.423697 0.800000
      vertex -23.454175 -7.942440 0.800000
    endloop
  endfacet
  facet normal 0.936950 0.349464 0.000000
    outer loop
      vertex -21.295316 -7.308542 -0.800000
      vertex -21.228003 -7.489013 0.800000
      vertex -21.228003 -7.489013 -0.800000
    endloop
  endfacet
  facet normal 0.936950 0.349464 -0.000000
    outer loop
      vertex -21.295316 -7.308542 -0.800000
      vertex -21.295316 -7.308542 0.800000
      vertex -21.228003 -7.489013 0.800000
    endloop
  endfacet
  facet normal -0.000000 0.000000 1.000000
    outer loop
      vertex -23.274675 -8.423697 0.800000
      vertex -23.028513 -8.874510 0.800000
      vertex -21.135692 -7.658068 0.800000
    endloop
  endfacet
  facet normal 0.000000 0.000000 1.000000
    outer loop
      vertex -23.274675 -8.423697 0.800000
      vertex -21.135692 -7.658068 0.800000
      vertex -21.228003 -7.489013 0.800000
    endloop
  endfacet
  facet normal 0.000000 0.000000 -1.000000
    outer loop
      vertex -23.274675 -8.423697 -0.800000
      vertex -21.135692 -7.658068 -0.800000
      vertex -23.028513 -8.874510 -0.800000
    endloop
  endfacet
  facet normal 0.000000 0.000000 -1.000000
    outer loop
      vertex -23.274675 -8.423697 -0.800000
      vertex -21.228003 -7.489013 -0.800000
      vertex -21.135692 -7.658068 -0.800000
    endloop
  endfacet
  facet normal -0.877679 -0.479249 0.000000
    outer loop
      vertex -23.274675 -8.423697 -0.800000
      vertex -23.028513 -8.874510 -0.800000
      vertex -23.028513 -8.874510 0.800000
    endloop
  endfacet
  facet normal -0.877679 -0.479249 0.000000
    outer loop
      vertex -23.274675 -8.423697 -0.800000
      vertex -23.028513 -8.874510 0.800000
      vertex -23.274675 -8.423697 0.800000
    endloop
  endfacet
  facet normal 0.877679 0.479249 0.000000
    outer loop
      vertex -21.228003 -7.489013 -0.800000
      vertex -21.135692 -7.658068 0.800000
      vertex -21.135692 -7.658068 -0.800000
    endloop
  endfacet
  facet normal 0.877679 0.479249 -0.000000
    outer loop
      vertex -21.228003 -7.489013 -0.800000
      vertex -21.228003 -7.489013 0.800000
      vertex -21.135692 -7.658068 0.800000
    endloop
  endfacet
  facet normal -0.000000 0.000000 1.000000
    outer loop
      vertex -23.028513 -8.874510 0.800000
      vertex -22.720698 -9.285702 0.800000
      vertex -21.020262 -7.812265 0.800000
    endloop
  endfacet
  facet normal 0.000000 0.000000 1.000000
    outer loop
      vertex -23.028513 -8.874510 0.800000
      vertex -21.020262 -7.812265 0.800000
      vertex -21.135692 -7.658068 0.800000
    endloop
  endfacet
  facet normal 0.000000 0.000000 -1.000000
    outer loop
      vertex -23.028513 -8.874510 -0.800000
      vertex -21.020262 -7.812265 -0.800000
      vertex -22.720698 -9.285702 -0.800000
    endloop
  endfacet
  facet normal 0.000000 0.000000 -1.000000
    outer loop
      vertex -23.028513 -8.874510 -0.800000
      vertex -21.135692 -7.658068 -0.800000
      vertex -21.020262 -7.812265 -0.800000
    endloop
  endfacet
  facet normal -0.800541 -0.599278 0.000000
    outer loop
      vertex -23.028513 -8.874510 -0.800000
      vertex -22.720698 -9.285702 -0.800000
      vertex -22.720698 -9.285702 0.800000
    endloop
  endfacet
  facet normal -0.800541 -0.599278 0.000000
    outer loop
      vertex -23.028513 -8.874510 -0.800000
      vertex -22.720698 -9.285702 0.800000
      vertex -23.028513 -8.874510 0.800000
    endloop
  endfacet
  facet normal 0.800541 0.599278 0.000000
    outer loop
      vertex -21.135692 -7.658068 -0.800000
      vertex -21.020262 -7.812265 0.800000
      vertex -21.020262 -7.812265 -0.800000
    endloop
  endfacet
  facet normal 0.800541 0.599278 -0.000000
    outer loop
      vertex -21.135692 -7.658068 -0.800000
      vertex -21.135692 -7.658068 0.800000
      vertex -21.020262 -7.812265 0.800000
    endloop
  endfacet
  facet normal -0.000000 0.000000 1.000000
    outer loop
      vertex -22.720698 -9.285702 0.800000
      vertex -22.357499 -9.648902 0.800000
      vertex -20.884062 -7.948465 0.800000
    endloop
  endfacet
  facet normal 0.000000 0.000000 1.000000
    outer loop
      vertex -22.720698 -9.285702 0.800000
      vertex -20.884062 -7.948465 0.800000
      vertex -21.020262 -7.812265 0.800000
    endloop
  endfacet
  facet normal 0.000000 0.000000 -1.000000
    outer loop
      vertex -22.720698 -9.285702 -0.800000
      vertex -20.884062 -7.948465 -0.800000
      vertex -22.357499 -9.648902 -0.800000
    endloop
  endfacet
  facet normal 0.000000 0.000000 -1.000000
    outer loop
      vertex -22.720698 -9.285702 -0.800000
      vertex -21.020262 -7.812265 -0.800000
      vertex -20.884062 -7.948465 -0.800000
    endloop
  endfacet
  facet normal -0.707107 -0.707107 0.000000
    outer loop
      vertex -22.720698 -9.285702 -0.800000
      vertex -22.357499 -9.648902 -0.800000
      vertex -22.357499 -9.648902 0.800000
    endloop
  endfacet
  facet normal -0.707107 -0.707107 0.000000
    outer loop
      vertex -22.720698 -9.285702 -0.800000
      vertex -22.357499 -9.648902 0.800000
      vertex -22.720698 -9.285702 0.800000
    endloop
  endfacet
  facet normal 0.707107 0.707107 0.000000
    outer loop
      vertex -21.020262 -7.812265 -0.800000
      vertex -20.884062 -7.948465 0.800000
      vertex -20.884062 -7.948465 -0.800000
    endloop
  endfacet
  facet normal 0.707107 0.707107 -0.000000
    outer loop
      vertex -21.020262 -7.812265 -0.800000
      vertex -21.020262 -7.812265 0.800000
      vertex -20.884062 -7.948465 0.800000
    endloop
  endfacet
  facet normal -0.000000 0.000000 1.000000
    outer loop
      vertex -22.357499 -9.648902 0.800000
      vertex -21.946307 -9.956716 0.800000
      vertex -20.729865 -8.063895 0.800000
    endloop
  endfacet
  facet normal 0.000000 0.000000 1.000000
    outer loop
      vertex -22.357499 -9.648902 0.800000
      vertex -20.729865 -8.063895 0.800000
      vertex -20.884062 -7.948465 0.800000
    endloop
  endfacet
  facet normal 0.000000 0.000000 -1.000000
    outer loop
      vertex -22.357499 -9.648902 -0.800000
      vertex -20.729865 -8.063895 -0.800000
      vertex -21.946307 -9.956716 -0.800000
    endloop
  endfacet
  facet normal 0.000000 0.000000 -1.000000
    outer loop
      vertex -22.357499 -9.648902 -0.800000
      vertex -20.884062 -7.948465 -0.800000
      vertex -20.729865 -8.063895 -0.800000
    endloop
  endfacet
  facet normal -0.599278 -0.800541 0.000000
    outer loop
      vertex -22.357499 -9.648902 -0.800000
      vertex -21.946307 -9.956716 -0.800000
      vertex -21.946307 -9.956716 0.800000
    endloop
  endfacet
  facet normal -0.599278 -0.800541 0.000000
    outer loop
      vertex -22.357499 -9.648902 -0.800000
      vertex -21.946307 -9.956716 0.800000
      vertex -22.357499 -9.648902 0.800000
    endloop
  endfacet
  facet normal 0.599278 0.800541 0.000000
    outer loop
      vertex -20.884062 -7.948465 -0.800000
      vertex -20.729865 -8.063895 0.800000
      vertex -20.729865 -8.063895 -0.800000
    endloop
  endfacet
  facet normal 0.599278 0.800541 -0.000000
    outer loop
      vertex -20.884062 -7.948465 -0.800000
      vertex -20.884062 -7.948465 0.800000
      vertex -20.729865 -8.063895 0.800000
    endloop
  endfacet
  facet normal -0.000000 0.000000 1.000000
    outer loop
      vertex -21.946307 -9.956716 0.800000
      vertex -21.495494 -10.202878 0.800000
      vertex -20.560810 -8.156206 0.800000
    endloop
  endfacet
  facet normal 0.000000 0.000000 1.000000
    outer loop
      vertex -21.946307 -9.956716 0.800000
      vertex -20.560810 -8.156206 0.800000
      vertex -20.729865 -8.063895 0.800000
    endloop
  endfacet
  facet normal 0.000000 0.000000 -1.000000
    outer loop
      vertex -21.946307 -9.956716 -0.800000
      vertex -20.560810 -8.156206 -0.800000
      vertex -21.495494 -10.202878 -0.800000
    endloop
  endfacet
  facet normal 0.000000 0.000000 -1.000000
    outer loop
      vertex -21.946307 -9.956716 -0.800000
      vertex -20.729865 -8.063895 -0.800000
      vertex -20.560810 -8.156206 -0.800000
    endloop
  endfacet
  facet normal -0.479249 -0.877679 0.000000
    outer loop
      vertex -21.946307 -9.956716 -0.800000
      vertex -21.495494 -10.202878 -0.800000
      vertex -21.495494 -10.202878 0.800000
    endloop
  endfacet
  facet normal -0.479249 -0.877679 0.000000
    outer loop
      vertex -21.946307 -9.956716 -0.800000
      vertex -21.495494 -10.202878 0.800000
      vertex -21.946307 -9.956716 0.800000
    endloop
  endfacet
  facet normal 0.479249 0.877679 0.000000
    outer loop
      vertex -20.729865 -8.063895 -0.800000
      vertex -20.560810 -8.156206 0.800000
      vertex -20.560810 -8.156206 -0.800000
    endloop
  endfacet
  facet normal 0.479249 0.877679 -0.000000
    outer loop
      vertex -20.729865 -8.063895 -0.800000
      vertex -20.729865 -8.063895 0.800000
      vertex -20.560810 -8.156206 0.800000
    endloop
  endfacet
  facet normal -0.000000 0.000000 1.000000
    outer loop
      vertex -21.495494 -10.202878 0.800000
      vertex -21.014237 -10.382378 0.800000
      vertex -20.380339 -8.223519 0.800000
    endloop
  endfacet
  facet normal 0.000000 0.000000 1.000000
    outer loop
      vertex -21.495494 -10.202878 0.800000
      vertex -20.380339 -8.223519 0.800000
      vertex -20.560810 -8.156206 0.800000
    endloop
  endfacet
  facet normal 0.000000 0.000000 -1.000000
    outer loop
      vertex -21.495494 -10.202878 -0.800000
      vertex -20.380339 -8.223519 -0.800000
      vertex -21.014237 -10.382378 -0.800000
    endloop
  endfacet
  facet normal 0.000000 0.000000 -1.000000
    outer loop
      vertex -21.495494 -10.202878 -0.800000
      vertex -20.560810 -8.156206 -0.800000
      vertex -20.380339 -8.223519 -0.800000
    endloop
  endfacet
  facet normal -0.349464 -0.936950 0.000000
    outer loop
      vertex -21.495494 -10.202878 -0.800000
      vertex -21.014237 -10.382378 -0.800000
      vertex -21.014237 -10.382378 0.800000
    endloop
  endfacet
  facet normal -0.349464 -0.936950 0.000000
    outer loop
      vertex -21.495494 -10.202878 -0.800000
      vertex -21.014237 -10.382378 0.800000
      vertex -21.495494 -10.202878 0.800000
    endloop
  endfacet
  facet normal 0.349464 0.936950 0.000000
    outer loop
      vertex -20.560810 -8.156206 -0.800000
      vertex -20.380339 -8.223519 0.800000
      vertex -20.380339 -8.223519 -0.800000
    endloop
  endfacet
  facet normal 0.349464 0.936950 -0.000000
    outer loop
      vertex -20.560810 -8.156206 -0.800000
      vertex -20.560810 -8.156206 0.800000
      vertex -20.380339 -8.223519 0.800000
    endloop
  endfacet
  facet normal -0.000000 0.000000 1.000000
    outer loop
      vertex -21.014237 -10.382378 0.800000
      vertex -20.512333 -10.491560 0.800000
      vertex -20.192125 -8.264462 0.800000
    endloop
  endfacet
  facet normal 0.000000 0.000000 1.000000
    outer loop
      vertex -21.014237 -10.382378 0.800000
      vertex -20.192125 -8.264462 0.800000
      vertex -20.380339 -8.223519 0.800000
    endloop
  endfacet
  facet normal 0.000000 0.000000 -1.000000
    outer loop
      vertex -21.014237 -10.382378 -0.800000
      vertex -20.192125 -8.264462 -0.800000
      vertex -20.512333 -10.491560 -0.800000
    endloop
  endfacet
  facet normal 0.000000 0.000000 -1.000000
    outer loop
      vertex -21.014237 -10.382378 -0.800000
      vertex -20.380339 -8.223519 -0.800000
      vertex -20.192125 -8.264462 -0.800000
    endloop
  endfacet
  facet normal -0.212565 -0.977147 0.000000
    outer loop
      vertex -21.014237 -10.382378 -0.800000
      vertex -20.512333 -10.491560 -0.800000
      vertex -20.512333 -10.491560 0.800000
    endloop
  endfacet
  facet normal -0.212565 -0.977147 0.000000
    outer loop
      vertex -21.014237 -10.382378 -0.800000
      vertex -20.512333 -10.491560 0.800000
      vertex -21.014237 -10.382378 0.800000
    endloop
  endfacet
  facet normal 0.212565 0.977147 0.000000
    outer loop
      vertex -20.380339 -8.223519 -0.800000
      vertex -20.192125 -8.264462 0.800000
      vertex -20.192125 -8.264462 -0.800000
    endloop
  endfacet
  facet normal 0.212565 0.977147 -0.000000
    outer loop
      vertex -20.380339 -8.223519 -0.800000
      vertex -20.380339 -8.223519 0.800000
      vertex -20.192125 -8.264462 0.800000
    endloop
  endfacet
  facet normal -0.000000 0.000000 1.000000
    outer loop
      vertex -20.512333 -10.491560 0.800000
      vertex -20.000000 -10.528203 0.800000
      vertex -20.000000 -8.278203 0.800000
    endloop
  endfacet
  facet normal 0.000000 0.000000 1.000000
    outer loop
      vertex -20.512333 -10.491560 0.800000
      vertex -20.000000 -8.278203 0.800000
      vertex -20.192125 -8.264462 0.800000
    endloop
  endfacet
  facet normal 0.000000 0.000000 -1.000000
    outer loop
      vertex -20.512333 -10.491560 -0.800000
      vertex -20.000000 -8.278203 -0.800000
      vertex -20.000000 -10.528203 -0.800000
    endloop
  endfacet
  facet normal 0.000000 0.000000 -1.000000
    outer loop
      vertex -20.512333 -10.491560 -0.800000
      vertex -20.192125 -8.264462 -0.800000
      vertex -20.000000 -8.278203 -0.800000
    endloop
  endfacet
  facet normal -0.071339 -0.997452 0.000000
    outer loop
      vertex -20.512333 -10.491560 -0.800000
      vertex -20.000000 -10.528203 -0.800000
      vertex -20.000000 -10.528203 0.800000
    endloop
  endfacet
  facet normal -0.071339 -0.997452 0.000000
    outer loop
      vertex -20.512333 -10.491560 -0.800000
      vertex -20.000000 -10.528203 0.800000
      vertex -20.512333 -10.491560 0.800000
    endloop
  endfacet
  facet normal 0.071339 0.997452 0.000000
    outer loop
      vertex -20.192125 -8.264462 -0.800000
      vertex -20.000000 -8.278203 0.800000
      vertex -20.000000 -8.278203 -0.800000
    endloop
  endfacet
  facet normal 0.071339 0.997452 -0.000000
    outer loop
      vertex -20.192125 -8.264462 -0.800000
      vertex -20.192125 -8.264462 0.800000
      vertex -20.000000 -8.278203 0.800000
    endloop
  endfacet
  facet normal 0.000000 0.000000 1.000000
    outer loop
      vertex -20.000000 -10.528203 0.800000
      vertex -19.487667 -10.491560 0.800000
      vertex -19.807875 -8.264462 0.800000
    endloop
  endfacet
  facet normal 0.000000 0.000000 1.000000
    outer loop
      vertex -20.000000 -10.528203 0.800000
      vertex -19.807875 -8.264462 0.800000
      vertex -20.000000 -8.278203 0.800000
    endloop
  endfacet
  facet normal 0.000000 0.000000 -1.000000
    outer loop
      vertex -20.000000 -10.528203 -0.800000
      vertex -19.807875 -8.264462 -0.800000
      vertex -19.487667 -10.491560 -0.800000
    endloop
  endfacet
  facet normal 0.000000 0.000000 -1.000000
    outer loop
      vertex -20.000000 -10.528203 -0.800000
      vertex -20.000000 -8.278203 -0.800000
      vertex -19.807875 -8.264462 -0.800000
    endloop
  endfacet
  facet normal 0.071339 -0.997452 0.000000
    outer loop
      vertex -20.000000 -10.528203 -0.800000
      vertex -19.487667 -10.491560 -0.800000
      vertex -19.487667 -10.491560 0.800000
    endloop
  endfacet
  facet normal 0.071339 -0.997452 0.000000
    outer loop
      vertex -20.000000 -10.528203 -0.800000
      vertex -19.487667 -10.491560 0.800000
      vertex -20.000000 -10.528203 0.800000
    endloop
  endfacet
  facet normal -0.071339 0.997452 0.000000
    outer loop
      vertex -20.000000 -8.278203 -0.800000
      vertex -19.807875 -8.264462 0.800000
      vertex -19.807875 -8.264462 -0.800000
    endloop
  endfacet
  facet normal -0.071339 0.997452 0.000000
    outer loop
      vertex -20.000000 -8.278203 -0.800000
      vertex -20.000000 -8.278203 0.800000
      vertex -19.807875 -8.264462 0.800000
    endloop
  endfacet
  facet normal 0.000000 -0.000000 1.000000
    outer loop
      vertex -19.487667 -10.491560 0.800000
      vertex -18.985763 -10.382378 0.800000
      vertex -19.619661 -8.223519 0.800000
    endloop
  endfacet
  facet normal 0.000000 0.000000 1.000000
    outer loop
      vertex -19.487667 -10.491560 0.800000
      vertex -19.619661 -8.223519 0.800000
      vertex -19.807875 -8.264462 0.800000
    endloop
  endfacet
  facet normal 0.000000 0.000000 -1.000000
    outer loop
      vertex -19.487667 -10.491560 -0.800000
      vertex -19.619661 -8.223519 -0.800000
      vertex -18.985763 -10.382378 -0.800000
    endloop
  endfacet
  facet normal 0.000000 0.000000 -1.000000
    outer loop
      vertex -19.487667 -10.491560 -0.800000
      vertex -19.807875 -8.264462 -0.800000
      vertex -19.619661 -8.223519 -0.800000
    endloop
  endfacet
  facet normal 0.212565 -0.977147 0.000000
    outer loop
      vertex -19.487667 -10.491560 -0.800000
      vertex -18.985763 -10.382378 -0.800000
      vertex -18.985763 -10.382378 0.800000
    endloop
  endfacet
  facet normal 0.212565 -0.977147 0.000000
    outer loop
      vertex -19.487667 -10.491560 -0.800000
      vertex -18.985763 -10.382378 0.800000
      vertex -19.487667 -10.491560 0.800000
    endloop
  endfacet
  facet normal -0.212565 0.977147 0.000000
    outer loop
      vertex -19.807875 -8.264462 -0.800000
      vertex -19.619661 -8.223519 0.800000
      vertex -19.619661 -8.223519 -0.800000
    endloop
  endfacet
  facet normal -0.212565 0.977147 0.000000
    outer loop
      vertex -19.807875 -8.264462 -0.800000
      vertex -19.807875 -8.264462 0.800000
      vertex -19.619661 -8.223519 0.800000
    endloop
  endfacet
  facet normal 0.000000 -0.000000 1.000000
    outer loop
      vertex -18.985763 -10.382378 0.800000
      vertex -18.504506 -10.202878 0.800000
      vertex -19.439190 -8.156206 0.800000
    endloop
  endfacet
  facet normal 0.000000 0.000000 1.000000
    outer loop
      vertex -18.985763 -10.382378 0.800000
      vertex -19.439190 -8.156206 0.800000
      vertex -19.619661 -8.223519 0.800000
    endloop
  endfacet
  facet normal 0.000000 0.000000 -1.000000
    outer loop
      vertex -18.985763 -10.382378 -0.800000
      vertex -19.439190 -8.156206 -0.800000
      vertex -18.504506 -10.202878 -0.800000
    endloop
  endfacet
  facet normal 0.000000 0.000000 -1.000000
    outer loop
      vertex -18.985763 -10.382378 -0.800000
      vertex -19.619661 -8.223519 -0.800000
      vertex -19.439190 -8.156206 -0.800000
    endloop
  endfacet
  facet normal 0.349464 -0.936950 0.000000
    outer loop
      vertex -18.985763 -10.382378 -0.800000
      vertex -18.504506 -10.202878 -0.800000
      vertex -18.504506 -10.202878 0.800000
    endloop
  endfacet
  facet normal 0.349464 -0.936950 0.000000
    outer loop
      vertex -18.985763 -10.382378 -0.800000
      vertex -18.504506 -10.202878 0.800000
      vertex -18.985763 -10.382378 0.800000
    endloop
  endfacet
  facet normal -0.349464 0.936950 0.000000
    outer loop
      vertex -19.619661 -8.223519 -0.800000
      vertex -19.439190 -8.156206 0.800000
      vertex -19.439190 -8.156206 -0.800000
    endloop
  endfacet
  facet normal -0.349464 0.936950 0.000000
    outer loop
      vertex -19.619661 -8.223519 -0.800000
      vertex -19.619661 -8.223519 0.800000
      vertex -19.439190 -8.156206 0.800000
    endloop
  endfacet
  facet normal 0.000000 -0.000000 1.000000
    outer loop
      vertex -18.504506 -10.202878 0.800000
      vertex -18.053693 -9.956716 0.800000
      vertex -19.270135 -8.063895 0.800000
    endloop
  endfacet
  facet normal 0.000000 0.000000 1.000000
    outer loop
      vertex -18.504506 -10.202878 0.800000
      vertex -19.270135 -8.063895 0.800000
      vertex -19.439190 -8.156206 0.800000
    endloop
  endfacet
  facet normal 0.000000 0.000000 -1.000000
    outer loop
      vertex -18.504506 -10.202878 -0.800000
      vertex -19.270135 -8.063895 -0.800000
      vertex -18.053693 -9.956716 -0.800000
    endloop
  endfacet
  facet normal 0.000000 0.000000 -1.000000
    outer loop
      vertex -18.504506 -10.202878 -0.800000
      vertex -19.439190 -8.156206 -0.800000
      vertex -19.270135 -8.063895 -0.800000
    endloop
  endfacet
  facet normal 0.479249 -0.877679 0.000000
    outer loop
      vertex -18.504506 -10.202878 -0.800000
      vertex -18.053693 -9.956716 -0.800000
      vertex -18.053693 -9.956716 0.800000
    endloop
  endfacet
  facet normal 0.479249 -0.877679 0.000000
    outer loop
      vertex -18.504506 -10.202878 -0.800000
      vertex -18.053693 -9.956716 0.800000
      vertex -18.504506 -10.202878 0.800000
    endloop
  endfacet
  facet normal -0.479249 0.877679 0.000000
    outer loop
      vertex -19.439190 -8.156206 -0.800000
      vertex -19.270135 -8.063895 0.800000
      vertex -19.270135 -8.063895 -0.800000
    endloop
  endfacet
  facet normal -0.479249 0.877679 0.000000
    outer loop
      vertex -19.439190 -8.156206 -0.800000
      vertex -19.439190 -8.156206 0.800000
      vertex -19.270135 -8.063895 0.800000
    endloop
  endfacet
  facet normal 0.000000 -0.000000 1.000000
    outer loop
      vertex -18.053693 -9.956716 0.800000
      vertex -17.642501 -9.648902 0.800000
      vertex -19.115938 -7.948465 0.800000
    endloop
  endfacet
  facet normal 0.000000 0.000000 1.000000
    outer loop
      vertex -18.053693 -9.956716 0.800000
      vertex -19.115938 -7.948465 0.800000
      vertex -19.270135 -8.063895 0.800000
    endloop
  endfacet
  facet normal 0.000000 0.000000 -1.000000
    outer loop
      vertex -18.053693 -9.956716 -0.800000
      vertex -19.115938 -7.948465 -0.800000
      vertex -17.642501 -9.648902 -0.800000
    endloop
  endfacet
  facet normal 0.000000 0.000000 -1.000000
    outer loop
      vertex -18.053693 -9.956716 -0.800000
      vertex -19.270135 -8.063895 -0.800000
      vertex -19.115938 -7.948465 -0.800000
    endloop
  endfacet
  facet normal 0.599278 -0.800541 0.000000
    outer loop
      vertex -18.053693 -9.956716 -0.800000
      vertex -17.642501 -9.648902 -0.800000
      vertex -17.642501 -9.648902 0.800000
    endloop
  endfacet
  facet normal 0.599278 -0.800541 0.000000
    outer loop
      vertex -18.053693 -9.956716 -0.800000
      vertex -17.642501 -9.648902 0.800000
      vertex -18.053693 -9.956716 0.800000
    endloop
  endfacet
  facet normal -0.599278 0.800541 0.000000
    outer loop
      vertex -19.270135 -8.063895 -0.800000
      vertex -19.115938 -7.948465 0.800000
      vertex -19.115938 -7.948465 -0.800000
    endloop
  endfacet
  facet normal -0.599278 0.800541 0.000000
    outer loop
      vertex -19.270135 -8.063895 -0.800000
      vertex -19.270135 -8.063895 0.800000
      vertex -19.115938 -7.948465 0.800000
    endloop
  endfacet
  facet normal 0.000000 -0.000000 1.000000
    outer loop
      vertex -17.642501 -9.648902 0.800000
      vertex -17.279302 -9.285702 0.800000
      vertex -18.979738 -7.812265 0.800000
    endloop
  endfacet
  facet normal 0.000000 0.000000 1.000000
    outer loop
      vertex -17.642501 -9.648902 0.800000
      vertex -18.979738 -7.812265 0.800000
      vertex -19.115938 -7.948465 0.800000
    endloop
  endfacet
  facet normal 0.000000 0.000000 -1.000000
    outer loop
      vertex -17.642501 -9.648902 -0.800000
      vertex -18.979738 -7.812265 -0.800000
      vertex -17.279302 -9.285702 -0.800000
    endloop
  endfacet
  facet normal 0.000000 0.000000 -1.000000
    outer loop
      vertex -17.642501 -9.648902 -0.800000
      vertex -19.115938 -7.948465 -0.800000
      vertex -18.979738 -7.812265 -0.800000
    endloop
  endfacet
  facet normal 0.707107 -0.707107 0.000000
    outer loop
      vertex -17.642501 -9.648902 -0.800000
      vertex -17.279302 -9.285702 -0.800000
      vertex -17.279302 -9.285702 0.800000
    endloop
  endfacet
  facet normal 0.707107 -0.707107 0.000000
    outer loop
      vertex -17.642501 -9.648902 -0.800000
      vertex -17.279302 -9.285702 0.800000
      vertex -17.642501 -9.648902 0.800000
    endloop
  endfacet
  facet normal -0.707107 0.707107 0.000000
    outer loop
      vertex -19.115938 -7.948465 -0.800000
      vertex -18.979738 -7.812265 0.800000
      vertex -18.979738 -7.812265 -0.800000
    endloop
  endfacet
  facet normal -0.707107 0.707107 0.000000
    outer loop
      vertex -19.115938 -7.948465 -0.800000
      vertex -19.115938 -7.948465 0.800000
      vertex -18.979738 -7.812265 0.800000
    endloop
  endfacet
  facet normal 0.000000 -0.000000 1.000000
    outer loop
      vertex -17.279302 -9.285702 0.800000
      vertex -16.971487 -8.874510 0.800000
      vertex -18.864308 -7.658068 0.800000
    endloop
  endfacet
  facet normal 0.000000 0.000000 1.000000
    outer loop
      vertex -17.279302 -9.285702 0.800000
      vertex -18.864308 -7.658068 0.800000
      vertex -18.979738 -7.812265 0.800000
    endloop
  endfacet
  facet normal 0.000000 0.000000 -1.000000
    outer loop
      vertex -17.279302 -9.285702 -0.800000
      vertex -18.864308 -7.658068 -0.800000
      vertex -16.971487 -8.874510 -0.800000
    endloop
  endfacet
  facet normal 0.000000 0.000000 -1.000000
    outer loop
      vertex -17.279302 -9.285702 -0.800000
      vertex -18.979738 -7.812265 -0.800000
      vertex -18.864308 -7.658068 -0.800000
    endloop
  endfacet
  facet normal 0.800541 -0.599278 0.000000
    outer loop
      vertex -17.279302 -9.285702 -0.800000
      vertex -16.971487 -8.874510 -0.800000
      vertex -16.971487 -8.874510 0.800000
    endloop
  endfacet
  facet normal 0.800541 -0.599278 0.000000
    outer loop
      vertex -17.279302 -9.285702 -0.800000
      vertex -16.971487 -8.874510 0.800000
      vertex -17.279302 -9.285702 0.800000
    endloop
  endfacet
  facet normal -0.800541 0.599278 0.000000
    outer loop
      vertex -18.979738 -7.812265 -0.800000
      vertex -18.864308 -7.658068 0.800000
      vertex -18.864308 -7.658068 -0.800000
    endloop
  endfacet
  facet normal -0.800541 0.599278 0.000000
    outer loop
      vertex -18.979738 -7.812265 -0.800000
      vertex -18.979738 -7.812265 0.800000
      vertex -18.864308 -7.658068 0.800000
    endloop
  endfacet
  facet normal 0.000000 -0.000000 1.000000
    outer loop
      vertex -16.971487 -8.874510 0.800000
      vertex -16.725325 -8.423697 0.800000
      vertex -18.771997 -7.489013 0.800000
    endloop
  endfacet
  facet normal 0.000000 0.000000 1.000000
    outer loop
      vertex -16.971487 -8.874510 0.800000
      vertex -18.771997 -7.489013 0.800000
      vertex -18.864308 -7.658068 0.800000
    endloop
  endfacet
  facet normal 0.000000 0.000000 -1.000000
    outer loop
      vertex -16.971487 -8.874510 -0.800000
      vertex -18.771997 -7.489013 -0.800000
      vertex -16.725325 -8.423697 -0.800000
    endloop
  endfacet
  facet normal 0.000000 0.000000 -1.000000
    outer loop
      vertex -16.971487 -8.874510 -0.800000
      vertex -18.864308 -7.658068 -0.800000
      vertex -18.771997 -7.489013 -0.800000
    endloop
  endfacet
  facet normal 0.877679 -0.479249 0.000000
    outer loop
      vertex -16.971487 -8.874510 -0.800000
      vertex -16.725325 -8.423697 -0.800000
      vertex -16.725325 -8.423697 0.800000
    endloop
  endfacet
  facet normal 0.877679 -0.479249 0.000000
    outer loop
      vertex -16.971487 -8.874510 -0.800000
      vertex -16.725325 -8.423697 0.800000
      vertex -16.971487 -8.874510 0.800000
    endloop
  endfacet
  facet normal -0.877679 0.479249 0.000000
    outer loop
      vertex -18.864308 -7.658068 -0.800000
      vertex -18.771997 -7.489013 0.800000
      vertex -18.771997 -7.489013 -0.800000
    endloop
  endfacet
  facet normal -0.877679 0.479249 0.000000
    outer loop
      vertex -18.864308 -7.658068 -0.800000
      vertex -18.864308 -7.658068 0.800000
      vertex -18.771997 -7.489013 0.800000
    endloop
  endfacet
  facet normal 0.000000 -0.000000 1.000000
    outer loop
      vertex -16.725325 -8.423697 0.800000
      vertex -16.545825 -7.942440 0.800000
      vertex -18.704684 -7.308542 0.800000
    endloop
  endfacet
  facet normal 0.000000 0.000000 1.000000
    outer loop
      vertex -16.725325 -8.423697 0.800000
      vertex -18.704684 -7.308542 0.800000
      vertex -18.771997 -7.489013 0.800000
    endloop
  endfacet
  facet normal 0.000000 0.000000 -1.000000
    outer loop
      vertex -16.725325 -8.423697 -0.800000
      vertex -18.704684 -7.308542 -0.800000
      vertex -16.545825 -7.942440 -0.800000
    endloop
  endfacet
  facet normal 0.000000 0.000000 -1.000000
    outer loop
      vertex -16.725325 -8.423697 -0.800000
      vertex -18.771997 -7.489013 -0.800000
      vertex -18.704684 -7.308542 -0.800000
    endloop
  endfacet
  facet normal 0.936950 -0.349464 0.000000
    outer loop
      vertex -16.725325 -8.423697 -0.800000
      vertex -16.545825 -7.942440 -0.800000
      vertex -16.545825 -7.942440 0.800000
    endloop
  endfacet
  facet normal 0.936950 -0.349464 0.000000
    outer loop
      vertex -16.725325 -8.423697 -0.800000
      vertex -16.545825 -7.942440 0.800000
      vertex -16.725325 -8.423697 0.800000
    endloop
  endfacet
  facet normal -0.936950 0.349464 0.000000
    outer loop
      vertex -18.771997 -7.489013 -0.800000
      vertex -18.704684 -7.308542 0.800000
      vertex -18.704684 -7.308542 -0.800000
    endloop
  endfacet
  facet normal -0.936950 0.349464 0.000000
    outer loop
      vertex -18.771997 -7.489013 -0.800000
      vertex -18.771997 -7.489013 0.800000
      vertex -18.704684 -7.308542 0.800000
    endloop
  endfacet
  facet normal 0.000000 -0.000000 1.000000
    outer loop
      vertex -16.545825 -7.942440 0.800000
      vertex -16.436643 -7.440537 0.800000
      vertex -18.663741 -7.120328 0.800000
    endloop
  endfacet
  facet normal 0.000000 0.000000 1.000000
    outer loop
      vertex -16.545825 -7.942440 0.800000
      vertex -18.663741 -7.120328 0.800000
      vertex -18.704684 -7.308542 0.800000
    endloop
  endfacet
  facet normal 0.000000 0.000000 -1.000000
    outer loop
      vertex -16.545825 -7.942440 -0.800000
      vertex -18.663741 -7.120328 -0.800000
      vertex -16.436643 -7.440537 -0.800000
    endloop
  endfacet
  facet normal 0.000000 0.000000 -1.000000
    outer loop
      vertex -16.545825 -7.942440 -0.800000
      vertex -18.704684 -7.308542 -0.800000
      vertex -18.663741 -7.120328 -0.800000
    endloop
  endfacet
  facet normal 0.977147 -0.212565 0.000000
    outer loop
      vertex -16.545825 -7.942440 -0.800000
      vertex -16.436643 -7.440537 -0.800000
      vertex -16.436643 -7.440537 0.800000
    endloop
  endfacet
  facet normal 0.977147 -0.212565 0.000000
    outer loop
      vertex -16.545825 -7.942440 -0.800000
      vertex -16.436643 -7.440537 0.800000
      vertex -16.545825 -7.942440 0.800000
    endloop
  endfacet
  facet normal -0.977147 0.212565 0.000000
    outer loop
      vertex -18.704684 -7.308542 -0.800000
      vertex -18.663741 -7.120328 0.800000
      vertex -18.663741 -7.120328 -0.800000
    endloop
  endfacet
  facet normal -0.977147 0.212565 0.000000
    outer loop
      vertex -18.704684 -7.308542 -0.800000
      vertex -18.704684 -7.308542 0.800000
      vertex -18.663741 -7.120328 0.800000
    endloop
  endfacet
  facet normal 0.000000 -0.000000 1.000000
    outer loop
      vertex -16.436643 -7.440537 0.800000
      vertex -16.400000 -6.928203 0.800000
      vertex -18.650000 -6.928203 0.800000
    endloop
  endfacet
  facet normal 0.000000 0.000000 1.000000
    outer loop
      vertex -16.436643 -7.440537 0.800000
      vertex -18.650000 -6.928203 0.800000
      vertex -18.663741 -7.120328 0.800000
    endloop
  endfacet
  facet normal 0.000000 0.000000 -1.000000
    outer loop
      vertex -16.436643 -7.440537 -0.800000
      vertex -18.650000 -6.928203 -0.800000
      vertex -16.400000 -6.928203 -0.800000
    endloop
  endfacet
  facet normal 0.000000 0.000000 -1.000000
    outer loop
      vertex -16.436643 -7.440537 -0.800000
      vertex -18.663741 -7.120328 -0.800000
      vertex -18.650000 -6.928203 -0.800000
    endloop
  endfacet
  facet normal 0.997452 -0.071339 0.000000
    outer loop
      vertex -16.436643 -7.440537 -0.800000
      vertex -16.400000 -6.928203 -0.800000
      vertex -16.400000 -6.928203 0.800000
    endloop
  endfacet
  facet normal 0.997452 -0.071339 0.000000
    outer loop
      vertex -16.436643 -7.440537 -0.800000
      vertex -16.400000 -6.928203 0.800000
      vertex -16.436643 -7.440537 0.800000
    endloop
  endfacet
  facet normal -0.997452 0.071339 0.000000
    outer loop
      vertex -18.663741 -7.120328 -0.800000
      vertex -18.650000 -6.928203 0.800000
      vertex -18.650000 -6.928203 -0.800000
    endloop
  endfacet
  facet normal -0.997452 0.071339 0.000000
    outer loop
      vertex -18.663741 -7.120328 -0.800000
      vertex -18.663741 -7.120328 0.800000
      vertex -18.650000 -6.928203 0.800000
    endloop
  endfacet
  facet normal 0.000000 0.000000 1.000000
    outer loop
      vertex -6.400000 -4.000000 0.800000
      vertex -6.436643 -3.487667 0.800000
      vertex -8.663741 -3.807875 0.800000
    endloop
  endfacet
  facet normal 0.000000 0.000000 1.000000
    outer loop
      vertex -6.400000 -4.000000 0.800000
      vertex -8.663741 -3.807875 0.800000
      vertex -8.650000 -4.000000 0.800000
    endloop
  endfacet
  facet normal 0.000000 0.000000 -1.000000
    outer loop
      vertex -6.400000 -4.000000 -0.800000
      vertex -8.663741 -3.807875 -0.800000
      vertex -6.436643 -3.487667 -0.800000
    endloop
  endfacet
  facet normal 0.000000 0.000000 -1.000000
    outer loop
      vertex -6.400000 -4.000000 -0.800000
      vertex -8.650000 -4.000000 -0.800000
      vertex -8.663741 -3.807875 -0.800000
    endloop
  endfacet
  facet normal 0.997452 0.071339 0.000000
    outer loop
      vertex -6.400000 -4.000000 -0.800000
      vertex -6.436643 -3.487667 -0.800000
      vertex -6.436643 -3.487667 0.800000
    endloop
  endfacet
  facet normal 0.997452 0.071339 -0.000000
    outer loop
      vertex -6.400000 -4.000000 -0.800000
      vertex -6.436643 -3.487667 0.800000
      vertex -6.400000 -4.000000 0.800000
    endloop
  endfacet
  facet normal -0.997452 -0.071339 0.000000
    outer loop
      vertex -8.650000 -4.000000 -0.800000
      vertex -8.663741 -3.807875 0.800000
      vertex -8.663741 -3.807875 -0.800000
    endloop
  endfacet
  facet normal -0.997452 -0.071339 0.000000
    outer loop
      vertex -8.650000 -4.000000 -0.800000
      vertex -8.650000 -4.000000 0.800000
      vertex -8.663741 -3.807875 0.800000
    endloop
  endfacet
  facet normal 0.000000 0.000000 1.000000
    outer loop
      vertex -6.436643 -3.487667 0.800000
      vertex -6.545825 -2.985763 0.800000
      vertex -8.704684 -3.619661 0.800000
    endloop
  endfacet
  facet normal 0.000000 0.000000 1.000000
    outer loop
      vertex -6.436643 -3.487667 0.800000
      vertex -8.704684 -3.619661 0.800000
      vertex -8.663741 -3.807875 0.800000
    endloop
  endfacet
  facet normal -0.000000 0.000000 -1.000000
    outer loop
      vertex -6.436643 -3.487667 -0.800000
      vertex -8.704684 -3.619661 -0.800000
      vertex -6.545825 -2.985763 -0.800000
    endloop
  endfacet
  facet normal 0.000000 0.000000 -1.000000
    outer loop
      vertex -6.436643 -3.487667 -0.800000
      vertex -8.663741 -3.807875 -0.800000
      vertex -8.704684 -3.619661 -0.800000
    endloop
  endfacet
  facet normal 0.977147 0.212565 0.000000
    outer loop
      vertex -6.436643 -3.487667 -0.800000
      vertex -6.545825 -2.985763 -0.800000
      vertex -6.545825 -2.985763 0.800000
    endloop
  endfacet
  facet normal 0.977147 0.212565 -0.000000
    outer loop
      vertex -6.436643 -3.487667 -0.800000
      vertex -6.545825 -2.985763 0.800000
      vertex -6.436643 -3.487667 0.800000
    endloop
  endfacet
  facet normal -0.977147 -0.212565 0.000000
    outer loop
      vertex -8.663741 -3.807875 -0.800000
      vertex -8.704684 -3.619661 0.800000
      vertex -8.704684 -3.619661 -0.800000
    endloop
  endfacet
  facet normal -0.977147 -0.212565 0.000000
    outer loop
      vertex -8.663741 -3.807875 -0.800000
      vertex -8.663741 -3.807875 0.800000
      vertex -8.704684 -3.619661 0.800000
    endloop
  endfacet
  facet normal 0.000000 0.000000 1.000000
    outer loop
      vertex -6.545825 -2.985763 0.800000
      vertex -6.725325 -2.504506 0.800000
      vertex -8.771997 -3.439190 0.800000
    endloop
  endfacet
  facet normal 0.000000 0.000000 1.000000
    outer loop
      vertex -6.545825 -2.985763 0.800000
      vertex -8.771997 -3.439190 0.800000
      vertex -8.704684 -3.619661 0.800000
    endloop
  endfacet
  facet normal -0.000000 0.000000 -1.000000
    outer loop
      vertex -6.545825 -2.985763 -0.800000
      vertex -8.771997 -3.439190 -0.800000
      vertex -6.725325 -2.504506 -0.800000
    endloop
  endfacet
  facet normal 0.000000 0.000000 -1.000000
    outer loop
      vertex -6.545825 -2.985763 -0.800000
      vertex -8.704684 -3.619661 -0.800000
      vertex -8.771997 -3.439190 -0.800000
    endloop
  endfacet
  facet normal 0.936950 0.349464 0.000000
    outer loop
      vertex -6.545825 -2.985763 -0.800000
      vertex -6.725325 -2.504506 -0.800000
      vertex -6.725325 -2.504506 0.800000
    endloop
  endfacet
  facet normal 0.936950 0.349464 -0.000000
    outer loop
      vertex -6.545825 -2.985763 -0.800000
      vertex -6.725325 -2.504506 0.800000
      vertex -6.545825 -2.985763 0.800000
    endloop
  endfacet
  facet normal -0.936950 -0.349464 0.000000
    outer loop
      vertex -8.704684 -3.619661 -0.800000
      vertex -8.771997 -3.439190 0.800000
      vertex -8.771997 -3.439190 -0.800000
    endloop
  endfacet
  facet normal -0.936950 -0.349464 0.000000
    outer loop
      vertex -8.704684 -3.619661 -0.800000
      vertex -8.704684 -3.619661 0.800000
      vertex -8.771997 -3.439190 0.800000
    endloop
  endfacet
  facet normal 0.000000 0.000000 1.000000
    outer loop
      vertex -6.725325 -2.504506 0.800000
      vertex -6.971487 -2.053693 0.800000
      vertex -8.864308 -3.270135 0.800000
    endloop
  endfacet
  facet normal 0.000000 0.000000 1.000000
    outer loop
      vertex -6.725325 -2.504506 0.800000
      vertex -8.864308 -3.270135 0.800000
      vertex -8.771997 -3.439190 0.800000
    endloop
  endfacet
  facet normal -0.000000 0.000000 -1.000000
    outer loop
      vertex -6.725325 -2.504506 -0.800000
      vertex -8.864308 -3.270135 -0.800000
      vertex -6.971487 -2.053693 -0.800000
    endloop
  endfacet
  facet normal 0.000000 0.000000 -1.000000
    outer loop
      vertex -6.725325 -2.504506 -0.800000
      vertex -8.771997 -3.439190 -0.800000
      vertex -8.864308 -3.270135 -0.800000
    endloop
  endfacet
  facet normal 0.877679 0.479249 0.000000
    outer loop
      vertex -6.725325 -2.504506 -0.800000
      vertex -6.971487 -2.053693 -0.800000
      vertex -6.971487 -2.053693 0.800000
    endloop
  endfacet
  facet normal 0.877679 0.479249 -0.000000
    outer loop
      vertex -6.725325 -2.504506 -0.800000
      vertex -6.971487 -2.053693 0.800000
      vertex -6.725325 -2.504506 0.800000
    endloop
  endfacet
  facet normal -0.877679 -0.479249 0.000000
    outer loop
      vertex -8.771997 -3.439190 -0.800000
      vertex -8.864308 -3.270135 0.800000
      vertex -8.864308 -3.270135 -0.800000
    endloop
  endfacet
  facet normal -0.877679 -0.479249 0.000000
    outer loop
      vertex -8.771997 -3.439190 -0.800000
      vertex -8.771997 -3.439190 0.800000
      vertex -8.864308 -3.270135 0.800000
    endloop
  endfacet
  facet normal 0.000000 0.000000 1.000000
    outer loop
      vertex -6.971487 -2.053693 0.800000
      vertex -7.279302 -1.642501 0.800000
      vertex -8.979738 -3.115938 0.800000
    endloop
  endfacet
  facet normal 0.000000 0.000000 1.000000
    outer loop
      vertex -6.971487 -2.053693 0.800000
      vertex -8.979738 -3.115938 0.800000
      vertex -8.864308 -3.270135 0.800000
    endloop
  endfacet
  facet normal -0.000000 0.000000 -1.000000
    outer loop
      vertex -6.971487 -2.053693 -0.800000
      vertex -8.979738 -3.115938 -0.800000
      vertex -7.279302 -1.642501 -0.800000
    endloop
  endfacet
  facet normal 0.000000 0.000000 -1.000000
    outer loop
      vertex -6.971487 -2.053693 -0.800000
      vertex -8.864308 -3.270135 -0.800000
      vertex -8.979738 -3.115938 -0.800000
    endloop
  endfacet
  facet normal 0.800541 0.599278 0.000000
    outer loop
      vertex -6.971487 -2.053693 -0.800000
      vertex -7.279302 -1.642501 -0.800000
      vertex -7.279302 -1.642501 0.800000
    endloop
  endfacet
  facet normal 0.800541 0.599278 -0.000000
    outer loop
      vertex -6.971487 -2.053693 -0.800000
      vertex -7.279302 -1.642501 0.800000
      vertex -6.971487 -2.053693 0.800000
    endloop
  endfacet
  facet normal -0.800541 -0.599278 0.000000
    outer loop
      vertex -8.864308 -3.270135 -0.800000
      vertex -8.979738 -3.115938 0.800000
      vertex -8.979738 -3.115938 -0.800000
    endloop
  endfacet
  facet normal -0.800541 -0.599278 0.000000
    outer loop
      vertex -8.864308 -3.270135 -0.800000
      vertex -8.864308 -3.270135 0.800000
      vertex -8.979738 -3.115938 0.800000
    endloop
  endfacet
  facet normal 0.000000 0.000000 1.000000
    outer loop
      vertex -7.279302 -1.642501 0.800000
      vertex -7.642501 -1.279302 0.800000
      vertex -9.115938 -2.979738 0.800000
    endloop
  endfacet
  facet normal 0.000000 0.000000 1.000000
    outer loop
      vertex -7.279302 -1.642501 0.800000
      vertex -9.115938 -2.979738 0.800000
      vertex -8.979738 -3.115938 0.800000
    endloop
  endfacet
  facet normal -0.000000 0.000000 -1.000000
    outer loop
      vertex -7.279302 -1.642501 -0.800000
      vertex -9.115938 -2.979738 -0.800000
      vertex -7.642501 -1.279302 -0.800000
    endloop
  endfacet
  facet normal 0.000000 0.000000 -1.000000
    outer loop
      vertex -7.279302 -1.642501 -0.800000
      vertex -8.979738 -3.115938 -0.800000
      vertex -9.115938 -2.979738 -0.800000
    endloop
  endfacet
  facet normal 0.707107 0.707107 0.000000
    outer loop
      vertex -7.279302 -1.642501 -0.800000
      vertex -7.642501 -1.279302 -0.800000
      vertex -7.642501 -1.279302 0.800000
    endloop
  endfacet
  facet normal 0.707107 0.707107 -0.000000
    outer loop
      vertex -7.279302 -1.642501 -0.800000
      vertex -7.642501 -1.279302 0.800000
      vertex -7.279302 -1.642501 0.800000
    endloop
  endfacet
  facet normal -0.707107 -0.707107 0.000000
    outer loop
      vertex -8.979738 -3.115938 -0.800000
      vertex -9.115938 -2.979738 0.800000
      vertex -9.115938 -2.979738 -0.800000
    endloop
  endfacet
  facet normal -0.707107 -0.707107 0.000000
    outer loop
      vertex -8.979738 -3.115938 -0.800000
      vertex -8.979738 -3.115938 0.800000
      vertex -9.115938 -2.979738 0.800000
    endloop
  endfacet
  facet normal 0.000000 0.000000 1.000000
    outer loop
      vertex -7.642501 -1.279302 0.800000
      vertex -8.053693 -0.971487 0.800000
      vertex -9.270135 -2.864308 0.800000
    endloop
  endfacet
  facet normal 0.000000 0.000000 1.000000
    outer loop
      vertex -7.642501 -1.279302 0.800000
      vertex -9.270135 -2.864308 0.800000
      vertex -9.115938 -2.979738 0.800000
    endloop
  endfacet
  facet normal -0.000000 0.000000 -1.000000
    outer loop
      vertex -7.642501 -1.279302 -0.800000
      vertex -9.270135 -2.864308 -0.800000
      vertex -8.053693 -0.971487 -0.800000
    endloop
  endfacet
  facet normal 0.000000 0.000000 -1.000000
    outer loop
      vertex -7.642501 -1.279302 -0.800000
      vertex -9.115938 -2.979738 -0.800000
      vertex -9.270135 -2.864308 -0.800000
    endloop
  endfacet
  facet normal 0.599278 0.800541 0.000000
    outer loop
      vertex -7.642501 -1.279302 -0.800000
      vertex -8.053693 -0.971487 -0.800000
      vertex -8.053693 -0.971487 0.800000
    endloop
  endfacet
  facet normal 0.599278 0.800541 -0.000000
    outer loop
      vertex -7.642501 -1.279302 -0.800000
      vertex -8.053693 -0.971487 0.800000
      vertex -7.642501 -1.279302 0.800000
    endloop
  endfacet
  facet normal -0.599278 -0.800541 0.000000
    outer loop
      vertex -9.115938 -2.979738 -0.800000
      vertex -9.270135 -2.864308 0.800000
      vertex -9.270135 -2.864308 -0.800000
    endloop
  endfacet
  facet normal -0.599278 -0.800541 0.000000
    outer loop
      vertex -9.115938 -2.979738 -0.800000
      vertex -9.115938 -2.979738 0.800000
      vertex -9.270135 -2.864308 0.800000
    endloop
  endfacet
  facet normal 0.000000 0.000000 1.000000
    outer loop
      vertex -8.053693 -0.971487 0.800000
      vertex -8.504506 -0.725325 0.800000
      vertex -9.439190 -2.771997 0.800000
    endloop
  endfacet
  facet normal 0.000000 0.000000 1.000000
    outer loop
      vertex -8.053693 -0.971487 0.800000
      vertex -9.439190 -2.771997 0.800000
      vertex -9.270135 -2.864308 0.800000
    endloop
  endfacet
  facet normal -0.000000 0.000000 -1.000000
    outer loop
      vertex -8.053693 -0.971487 -0.800000
      vertex -9.439190 -2.771997 -0.800000
      vertex -8.504506 -0.725325 -0.800000
    endloop
  endfacet
  facet normal 0.000000 0.000000 -1.000000
    outer loop
      vertex -8.053693 -0.971487 -0.800000
      vertex -9.270135 -2.864308 -0.800000
      vertex -9.439190 -2.771997 -0.800000
    endloop
  endfacet
  facet normal 0.479249 0.877679 0.000000
    outer loop
      vertex -8.053693 -0.971487 -0.800000
      vertex -8.504506 -0.725325 -0.800000
      vertex -8.504506 -0.725325 0.800000
    endloop
  endfacet
  facet normal 0.479249 0.877679 -0.000000
    outer loop
      vertex -8.053693 -0.971487 -0.800000
      vertex -8.504506 -0.725325 0.800000
      vertex -8.053693 -0.971487 0.800000
    endloop
  endfacet
  facet normal -0.479249 -0.877679 0.000000
    outer loop
      vertex -9.270135 -2.864308 -0.800000
      vertex -9.439190 -2.771997 0.800000
      vertex -9.439190 -2.771997 -0.800000
    endloop
  endfacet
  facet normal -0.479249 -0.877679 0.000000
    outer loop
      vertex -9.270135 -2.864308 -0.800000
      vertex -9.270135 -2.864308 0.800000
      vertex -9.439190 -2.771997 0.800000
    endloop
  endfacet
  facet normal 0.000000 0.000000 1.000000
    outer loop
      vertex -8.504506 -0.725325 0.800000
      vertex -8.985763 -0.545825 0.800000
      vertex -9.619661 -2.704684 0.800000
    endloop
  endfacet
  facet normal 0.000000 0.000000 1.000000
    outer loop
      vertex -8.504506 -0.725325 0.800000
      vertex -9.619661 -2.704684 0.800000
      vertex -9.439190 -2.771997 0.800000
    endloop
  endfacet
  facet normal -0.000000 0.000000 -1.000000
    outer loop
      vertex -8.504506 -0.725325 -0.800000
      vertex -9.619661 -2.704684 -0.800000
      vertex -8.985763 -0.545825 -0.800000
    endloop
  endfacet
  facet normal 0.000000 0.000000 -1.000000
    outer loop
      vertex -8.504506 -0.725325 -0.800000
      vertex -9.439190 -2.771997 -0.800000
      vertex -9.619661 -2.704684 -0.800000
    endloop
  endfacet
  facet normal 0.349464 0.936950 0.000000
    outer loop
      vertex -8.504506 -0.725325 -0.800000
      vertex -8.985763 -0.545825 -0.800000
      vertex -8.985763 -0.545825 0.800000
    endloop
  endfacet
  facet normal 0.349464 0.936950 -0.000000
    outer loop
      vertex -8.504506 -0.725325 -0.800000
      vertex -8.985763 -0.545825 0.800000
      vertex -8.504506 -0.725325 0.800000
    endloop
  endfacet
  facet normal -0.349464 -0.936950 0.000000
    outer loop
      vertex -9.439190 -2.771997 -0.800000
      vertex -9.619661 -2.704684 0.800000
      vertex -9.619661 -2.704684 -0.800000
    endloop
  endfacet
  facet normal -0.349464 -0.936950 0.000000
    outer loop
      vertex -9.439190 -2.771997 -0.800000
      vertex -9.439190 -2.771997 0.800000
      vertex -9.619661 -2.704684 0.800000
    endloop
  endfacet
  facet normal 0.000000 0.000000 1.000000
    outer loop
      vertex -8.985763 -0.545825 0.800000
      vertex -9.487667 -0.436643 0.800000
      vertex -9.807875 -2.663741 0.800000
    endloop
  endfacet
  facet normal 0.000000 0.000000 1.000000
    outer loop
      vertex -8.985763 -0.545825 0.800000
      vertex -9.807875 -2.663741 0.800000
      vertex -9.619661 -2.704684 0.800000
    endloop
  endfacet
  facet normal -0.000000 0.000000 -1.000000
    outer loop
      vertex -8.985763 -0.545825 -0.800000
      vertex -9.807875 -2.663741 -0.800000
      vertex -9.487667 -0.436643 -0.800000
    endloop
  endfacet
  facet normal 0.000000 0.000000 -1.000000
    outer loop
      vertex -8.985763 -0.545825 -0.800000
      vertex -9.619661 -2.704684 -0.800000
      vertex -9.807875 -2.663741 -0.800000
    endloop
  endfacet
  facet normal 0.212565 0.977147 0.000000
    outer loop
      vertex -8.985763 -0.545825 -0.800000
      vertex -9.487667 -0.436643 -0.800000
      vertex -9.487667 -0.436643 0.800000
    endloop
  endfacet
  facet normal 0.212565 0.977147 -0.000000
    outer loop
      vertex -8.985763 -0.545825 -0.800000
      vertex -9.487667 -0.436643 0.800000
      vertex -8.985763 -0.545825 0.800000
    endloop
  endfacet
  facet normal -0.212565 -0.977147 0.000000
    outer loop
      vertex -9.619661 -2.704684 -0.800000
      vertex -9.807875 -2.663741 0.800000
      vertex -9.807875 -2.663741 -0.800000
    endloop
  endfacet
  facet normal -0.212565 -0.977147 0.000000
    outer loop
      vertex -9.619661 -2.704684 -0.800000
      vertex -9.619661 -2.704684 0.800000
      vertex -9.807875 -2.663741 0.800000
    endloop
  endfacet
  facet normal 0.000000 0.000000 1.000000
    outer loop
      vertex -9.487667 -0.436643 0.800000
      vertex -10.000000 -0.400000 0.800000
      vertex -10.000000 -2.650000 0.800000
    endloop
  endfacet
  facet normal 0.000000 0.000000 1.000000
    outer loop
      vertex -9.487667 -0.436643 0.800000
      vertex -10.000000 -2.650000 0.800000
      vertex -9.807875 -2.663741 0.800000
    endloop
  endfacet
  facet normal -0.000000 0.000000 -1.000000
    outer loop
      vertex -9.487667 -0.436643 -0.800000
      vertex -10.000000 -2.650000 -0.800000
      vertex -10.000000 -0.400000 -0.800000
    endloop
  endfacet
  facet normal 0.000000 0.000000 -1.000000
    outer loop
      vertex -9.487667 -0.436643 -0.800000
      vertex -9.807875 -2.663741 -0.800000
      vertex -10.000000 -2.650000 -0.800000
    endloop
  endfacet
  facet normal 0.071339 0.997452 0.000000
    outer loop
      vertex -9.487667 -0.436643 -0.800000
      vertex -10.000000 -0.400000 -0.800000
      vertex -10.000000 -0.400000 0.800000
    endloop
  endfacet
  facet normal 0.071339 0.997452 -0.000000
    outer loop
      vertex -9.487667 -0.436643 -0.800000
      vertex -10.000000 -0.400000 0.800000
      vertex -9.487667 -0.436643 0.800000
    endloop
  endfacet
  facet normal -0.071339 -0.997452 0.000000
    outer loop
      vertex -9.807875 -2.663741 -0.800000
      vertex -10.000000 -2.650000 0.800000
      vertex -10.000000 -2.650000 -0.800000
    endloop
  endfacet
  facet normal -0.071339 -0.997452 0.000000
    outer loop
      vertex -9.807875 -2.663741 -0.800000
      vertex -9.807875 -2.663741 0.800000
      vertex -10.000000 -2.650000 0.800000
    endloop
  endfacet
  facet normal 0.000000 0.000000 1.000000
    outer loop
      vertex -10.000000 -0.400000 0.800000
      vertex -10.512333 -0.436643 0.800000
      vertex -10.192125 -2.663741 0.800000
    endloop
  endfacet
  facet normal 0.000000 0.000000 1.000000
    outer loop
      vertex -10.000000 -0.400000 0.800000
      vertex -10.192125 -2.663741 0.800000
      vertex -10.000000 -2.650000 0.800000
    endloop
  endfacet
  facet normal 0.000000 0.000000 -1.000000
    outer loop
      vertex -10.000000 -0.400000 -0.800000
      vertex -10.192125 -2.663741 -0.800000
      vertex -10.512333 -0.436643 -0.800000
    endloop
  endfacet
  facet normal 0.000000 0.000000 -1.000000
    outer loop
      vertex -10.000000 -0.400000 -0.800000
      vertex -10.000000 -2.650000 -0.800000
      vertex -10.192125 -2.663741 -0.800000
    endloop
  endfacet
  facet normal -0.071339 0.997452 0.000000
    outer loop
      vertex -10.000000 -0.400000 -0.800000
      vertex -10.512333 -0.436643 -0.800000
      vertex -10.512333 -0.436643 0.800000
    endloop
  endfacet
  facet normal -0.071339 0.997452 0.000000
    outer loop
      vertex -10.000000 -0.400000 -0.800000
      vertex -10.512333 -0.436643 0.800000
      vertex -10.000000 -0.400000 0.800000
    endloop
  endfacet
  facet normal 0.071339 -0.997452 0.000000
    outer loop
      vertex -10.000000 -2.650000 -0.800000
      vertex -10.192125 -2.663741 0.800000
      vertex -10.192125 -2.663741 -0.800000
    endloop
  endfacet
  facet normal 0.071339 -0.997452 0.000000
    outer loop
      vertex -10.000000 -2.650000 -0.800000
      vertex -10.000000 -2.650000 0.800000
      vertex -10.192125 -2.663741 0.800000
    endloop
  endfacet
  facet normal 0.000000 0.000000 1.000000
    outer loop
      vertex -10.512333 -0.436643 0.800000
      vertex -11.014237 -0.545825 0.800000
      vertex -10.380339 -2.704684 0.800000
    endloop
  endfacet
  facet normal 0.000000 0.000000 1.000000
    outer loop
      vertex -10.512333 -0.436643 0.800000
      vertex -10.380339 -2.704684 0.800000
      vertex -10.192125 -2.663741 0.800000
    endloop
  endfacet
  facet normal 0.000000 -0.000000 -1.000000
    outer loop
      vertex -10.512333 -0.436643 -0.800000
      vertex -10.380339 -2.704684 -0.800000
      vertex -11.014237 -0.545825 -0.800000
    endloop
  endfacet
  facet normal 0.000000 0.000000 -1.000000
    outer loop
      vertex -10.512333 -0.436643 -0.800000
      vertex -10.192125 -2.663741 -0.800000
      vertex -10.380339 -2.704684 -0.800000
    endloop
  endfacet
  facet normal -0.212565 0.977147 0.000000
    outer loop
      vertex -10.512333 -0.436643 -0.800000
      vertex -11.014237 -0.545825 -0.800000
      vertex -11.014237 -0.545825 0.800000
    endloop
  endfacet
  facet normal -0.212565 0.977147 0.000000
    outer loop
      vertex -10.512333 -0.436643 -0.800000
      vertex -11.014237 -0.545825 0.800000
      vertex -10.512333 -0.436643 0.800000
    endloop
  endfacet
  facet normal 0.212565 -0.977147 0.000000
    outer loop
      vertex -10.192125 -2.663741 -0.800000
      vertex -10.380339 -2.704684 0.800000
      vertex -10.380339 -2.704684 -0.800000
    endloop
  endfacet
  facet normal 0.212565 -0.977147 0.000000
    outer loop
      vertex -10.192125 -2.663741 -0.800000
      vertex -10.192125 -2.663741 0.800000
      vertex -10.380339 -2.704684 0.800000
    endloop
  endfacet
  facet normal 0.000000 0.000000 1.000000
    outer loop
      vertex -11.014237 -0.545825 0.800000
      vertex -11.495494 -0.725325 0.800000
      vertex -10.560810 -2.771997 0.800000
    endloop
  endfacet
  facet normal 0.000000 0.000000 1.000000
    outer loop
      vertex -11.014237 -0.545825 0.800000
      vertex -10.560810 -2.771997 0.800000
      vertex -10.380339 -2.704684 0.800000
    endloop
  endfacet
  facet normal 0.000000 -0.000000 -1.000000
    outer loop
      vertex -11.014237 -0.545825 -0.800000
      vertex -10.560810 -2.771997 -0.800000
      vertex -11.495494 -0.725325 -0.800000
    endloop
  endfacet
  facet normal 0.000000 0.000000 -1.000000
    outer loop
      vertex -11.014237 -0.545825 -0.800000
      vertex -10.380339 -2.704684 -0.800000
      vertex -10.560810 -2.771997 -0.800000
    endloop
  endfacet
  facet normal -0.349464 0.936950 0.000000
    outer loop
      vertex -11.014237 -0.545825 -0.800000
      vertex -11.495494 -0.725325 -0.800000
      vertex -11.495494 -0.725325 0.800000
    endloop
  endfacet
  facet normal -0.349464 0.936950 0.000000
    outer loop
      vertex -11.014237 -0.545825 -0.800000
      vertex -11.495494 -0.725325 0.800000
      vertex -11.014237 -0.545825 0.800000
    endloop
  endfacet
  facet normal 0.349464 -0.936950 0.000000
    outer loop
      vertex -10.380339 -2.704684 -0.800000
      vertex -10.560810 -2.771997 0.800000
      vertex -10.560810 -2.771997 -0.800000
    endloop
  endfacet
  facet normal 0.349464 -0.936950 0.000000
    outer loop
      vertex -10.380339 -2.704684 -0.800000
      vertex -10.380339 -2.704684 0.800000
      vertex -10.560810 -2.771997 0.800000
    endloop
  endfacet
  facet normal 0.000000 0.000000 1.000000
    outer loop
      vertex -11.495494 -0.725325 0.800000
      vertex -11.946307 -0.971487 0.800000
      vertex -10.729865 -2.864308 0.800000
    endloop
  endfacet
  facet normal 0.000000 0.000000 1.000000
    outer loop
      vertex -11.495494 -0.725325 0.800000
      vertex -10.729865 -2.864308 0.800000
      vertex -10.560810 -2.771997 0.800000
    endloop
  endfacet
  facet normal 0.000000 -0.000000 -1.000000
    outer loop
      vertex -11.495494 -0.725325 -0.800000
      vertex -10.729865 -2.864308 -0.800000
      vertex -11.946307 -0.971487 -0.800000
    endloop
  endfacet
  facet normal 0.000000 0.000000 -1.000000
    outer loop
      vertex -11.495494 -0.725325 -0.800000
      vertex -10.560810 -2.771997 -0.800000
      vertex -10.729865 -2.864308 -0.800000
    endloop
  endfacet
  facet normal -0.479249 0.877679 0.000000
    outer loop
      vertex -11.495494 -0.725325 -0.800000
      vertex -11.946307 -0.971487 -0.800000
      vertex -11.946307 -0.971487 0.800000
    endloop
  endfacet
  facet normal -0.479249 0.877679 0.000000
    outer loop
      vertex -11.495494 -0.725325 -0.800000
      vertex -11.946307 -0.971487 0.800000
      vertex -11.495494 -0.725325 0.800000
    endloop
  endfacet
  facet normal 0.479249 -0.877679 0.000000
    outer loop
      vertex -10.560810 -2.771997 -0.800000
      vertex -10.729865 -2.864308 0.800000
      vertex -10.729865 -2.864308 -0.800000
    endloop
  endfacet
  facet normal 0.479249 -0.877679 0.000000
    outer loop
      vertex -10.560810 -2.771997 -0.800000
      vertex -10.560810 -2.771997 0.800000
      vertex -10.729865 -2.864308 0.800000
    endloop
  endfacet
  facet normal 0.000000 0.000000 1.000000
    outer loop
      vertex -11.946307 -0.971487 0.800000
      vertex -12.357499 -1.279302 0.800000
      vertex -10.884062 -2.979738 0.800000
    endloop
  endfacet
  facet normal 0.000000 0.000000 1.000000
    outer loop
      vertex -11.946307 -0.971487 0.800000
      vertex -10.884062 -2.979738 0.800000
      vertex -10.729865 -2.864308 0.800000
    endloop
  endfacet
  facet normal 0.000000 -0.000000 -1.000000
    outer loop
      vertex -11.946307 -0.971487 -0.800000
      vertex -10.884062 -2.979738 -0.800000
      vertex -12.357499 -1.279302 -0.800000
    endloop
  endfacet
  facet normal 0.000000 0.000000 -1.000000
    outer loop
      vertex -11.946307 -0.971487 -0.800000
      vertex -10.729865 -2.864308 -0.800000
      vertex -10.884062 -2.979738 -0.800000
    endloop
  endfacet
  facet normal -0.599278 0.800541 0.000000
    outer loop
      vertex -11.946307 -0.971487 -0.800000
      vertex -12.357499 -1.279302 -0.800000
      vertex -12.357499 -1.279302 0.800000
    endloop
  endfacet
  facet normal -0.599278 0.800541 0.000000
    outer loop
      vertex -11.946307 -0.971487 -0.800000
      vertex -12.357499 -1.279302 0.800000
      vertex -11.946307 -0.971487 0.800000
    endloop
  endfacet
  facet normal 0.599278 -0.800541 0.000000
    outer loop
      vertex -10.729865 -2.864308 -0.800000
      vertex -10.884062 -2.979738 0.800000
      vertex -10.884062 -2.979738 -0.800000
    endloop
  endfacet
  facet normal 0.599278 -0.800541 0.000000
    outer loop
      vertex -10.729865 -2.864308 -0.800000
      vertex -10.729865 -2.864308 0.800000
      vertex -10.884062 -2.979738 0.800000
    endloop
  endfacet
  facet normal 0.000000 0.000000 1.000000
    outer loop
      vertex -12.357499 -1.279302 0.800000
      vertex -12.720698 -1.642501 0.800000
      vertex -11.020262 -3.115938 0.800000
    endloop
  endfacet
  facet normal 0.000000 0.000000 1.000000
    outer loop
      vertex -12.357499 -1.279302 0.800000
      vertex -11.020262 -3.115938 0.800000
      vertex -10.884062 -2.979738 0.800000
    endloop
  endfacet
  facet normal 0.000000 -0.000000 -1.000000
    outer loop
      vertex -12.357499 -1.279302 -0.800000
      vertex -11.020262 -3.115938 -0.800000
      vertex -12.720698 -1.642501 -0.800000
    endloop
  endfacet
  facet normal 0.000000 0.000000 -1.000000
    outer loop
      vertex -12.357499 -1.279302 -0.800000
      vertex -10.884062 -2.979738 -0.800000
      vertex -11.020262 -3.115938 -0.800000
    endloop
  endfacet
  facet normal -0.707107 0.707107 0.000000
    outer loop
      vertex -12.357499 -1.279302 -0.800000
      vertex -12.720698 -1.642501 -0.800000
      vertex -12.720698 -1.642501 0.800000
    endloop
  endfacet
  facet normal -0.707107 0.707107 0.000000
    outer loop
      vertex -12.357499 -1.279302 -0.800000
      vertex -12.720698 -1.642501 0.800000
      vertex -12.357499 -1.279302 0.800000
    endloop
  endfacet
  facet normal 0.707107 -0.707107 0.000000
    outer loop
      vertex -10.884062 -2.979738 -0.800000
      vertex -11.020262 -3.115938 0.800000
      vertex -11.020262 -3.115938 -0.800000
    endloop
  endfacet
  facet normal 0.707107 -0.707107 0.000000
    outer loop
      vertex -10.884062 -2.979738 -0.800000
      vertex -10.884062 -2.979738 0.800000
      vertex -11.020262 -3.115938 0.800000
    endloop
  endfacet
  facet normal 0.000000 0.000000 1.000000
    outer loop
      vertex -12.720698 -1.642501 0.800000
      vertex -13.028513 -2.053693 0.800000
      vertex -11.135692 -3.270135 0.800000
    endloop
  endfacet
  facet normal 0.000000 0.000000 1.000000
    outer loop
      vertex -12.720698 -1.642501 0.800000
      vertex -11.135692 -3.270135 0.800000
      vertex -11.020262 -3.115938 0.800000
    endloop
  endfacet
  facet normal 0.000000 -0.000000 -1.000000
    outer loop
      vertex -12.720698 -1.642501 -0.800000
      vertex -11.135692 -3.270135 -0.800000
      vertex -13.028513 -2.053693 -0.800000
    endloop
  endfacet
  facet normal 0.000000 0.000000 -1.000000
    outer loop
      vertex -12.720698 -1.642501 -0.800000
      vertex -11.020262 -3.115938 -0.800000
      vertex -11.135692 -3.270135 -0.800000
    endloop
  endfacet
  facet normal -0.800541 0.599278 0.000000
    outer loop
      vertex -12.720698 -1.642501 -0.800000
      vertex -13.028513 -2.053693 -0.800000
      vertex -13.028513 -2.053693 0.800000
    endloop
  endfacet
  facet normal -0.800541 0.599278 0.000000
    outer loop
      vertex -12.720698 -1.642501 -0.800000
      vertex -13.028513 -2.053693 0.800000
      vertex -12.720698 -1.642501 0.800000
    endloop
  endfacet
  facet normal 0.800541 -0.599278 0.000000
    outer loop
      vertex -11.020262 -3.115938 -0.800000
      vertex -11.135692 -3.270135 0.800000
      vertex -11.135692 -3.270135 -0.800000
    endloop
  endfacet
  facet normal 0.800541 -0.599278 0.000000
    outer loop
      vertex -11.020262 -3.115938 -0.800000
      vertex -11.020262 -3.115938 0.800000
      vertex -11.135692 -3.270135 0.800000
    endloop
  endfacet
  facet normal 0.000000 0.000000 1.000000
    outer loop
      vertex -13.028513 -2.053693 0.800000
      vertex -13.274675 -2.504506 0.800000
      vertex -11.228003 -3.439190 0.800000
    endloop
  endfacet
  facet normal 0.000000 0.000000 1.000000
    outer loop
      vertex -13.028513 -2.053693 0.800000
      vertex -11.228003 -3.439190 0.800000
      vertex -11.135692 -3.270135 0.800000
    endloop
  endfacet
  facet normal 0.000000 -0.000000 -1.000000
    outer loop
      vertex -13.028513 -2.053693 -0.800000
      vertex -11.228003 -3.439190 -0.800000
      vertex -13.274675 -2.504506 -0.800000
    endloop
  endfacet
  facet normal 0.000000 0.000000 -1.000000
    outer loop
      vertex -13.028513 -2.053693 -0.800000
      vertex -11.135692 -3.270135 -0.800000
      vertex -11.228003 -3.439190 -0.800000
    endloop
  endfacet
  facet normal -0.877679 0.479249 0.000000
    outer loop
      vertex -13.028513 -2.053693 -0.800000
      vertex -13.274675 -2.504506 -0.800000
      vertex -13.274675 -2.504506 0.800000
    endloop
  endfacet
  facet normal -0.877679 0.479249 0.000000
    outer loop
      vertex -13.028513 -2.053693 -0.800000
      vertex -13.274675 -2.504506 0.800000
      vertex -13.028513 -2.053693 0.800000
    endloop
  endfacet
  facet normal 0.877679 -0.479249 0.000000
    outer loop
      vertex -11.135692 -3.270135 -0.800000
      vertex -11.228003 -3.439190 0.800000
      vertex -11.228003 -3.439190 -0.800000
    endloop
  endfacet
  facet normal 0.877679 -0.479249 0.000000
    outer loop
      vertex -11.135692 -3.270135 -0.800000
      vertex -11.135692 -3.270135 0.800000
      vertex -11.228003 -3.439190 0.800000
    endloop
  endfacet
  facet normal 0.000000 0.000000 1.000000
    outer loop
      vertex -13.274675 -2.504506 0.800000
      vertex -13.454175 -2.985763 0.800000
      vertex -11.295316 -3.619661 0.800000
    endloop
  endfacet
  facet normal 0.000000 0.000000 1.000000
    outer loop
      vertex -13.274675 -2.504506 0.800000
      vertex -11.295316 -3.619661 0.800000
      vertex -11.228003 -3.439190 0.800000
    endloop
  endfacet
  facet normal 0.000000 -0.000000 -1.000000
    outer loop
      vertex -13.274675 -2.504506 -0.800000
      vertex -11.295316 -3.619661 -0.800000
      vertex -13.454175 -2.985763 -0.800000
    endloop
  endfacet
  facet normal 0.000000 0.000000 -1.000000
    outer loop
      vertex -13.274675 -2.504506 -0.800000
      vertex -11.228003 -3.439190 -0.800000
      vertex -11.295316 -3.619661 -0.800000
    endloop
  endfacet
  facet normal -0.936950 0.349464 0.000000
    outer loop
      vertex -13.274675 -2.504506 -0.800000
      vertex -13.454175 -2.985763 -0.800000
      vertex -13.454175 -2.985763 0.800000
    endloop
  endfacet
  facet normal -0.936950 0.349464 0.000000
    outer loop
      vertex -13.274675 -2.504506 -0.800000
      vertex -13.454175 -2.985763 0.800000
      vertex -13.274675 -2.504506 0.800000
    endloop
  endfacet
  facet normal 0.936950 -0.349464 0.000000
    outer loop
      vertex -11.228003 -3.439190 -0.800000
      vertex -11.295316 -3.619661 0.800000
      vertex -11.295316 -3.619661 -0.800000
    endloop
  endfacet
  facet normal 0.936950 -0.349464 0.000000
    outer loop
      vertex -11.228003 -3.439190 -0.800000
      vertex -11.228003 -3.439190 0.800000
      vertex -11.295316 -3.619661 0.800000
    endloop
  endfacet
  facet normal 0.000000 0.000000 1.000000
    outer loop
      vertex -13.454175 -2.985763 0.800000
      vertex -13.563357 -3.487667 0.800000
      vertex -11.336259 -3.807875 0.800000
    endloop
  endfacet
  facet normal 0.000000 0.000000 1.000000
    outer loop
      vertex -13.454175 -2.985763 0.800000
      vertex -11.336259 -3.807875 0.800000
      vertex -11.295316 -3.619661 0.800000
    endloop
  endfacet
  facet normal 0.000000 -0.000000 -1.000000
    outer loop
      vertex -13.454175 -2.985763 -0.800000
      vertex -11.336259 -3.807875 -0.800000
      vertex -13.563357 -3.487667 -0.800000
    endloop
  endfacet
  facet normal 0.000000 0.000000 -1.000000
    outer loop
      vertex -13.454175 -2.985763 -0.800000
      vertex -11.295316 -3.619661 -0.800000
      vertex -11.336259 -3.807875 -0.800000
    endloop
  endfacet
  facet normal -0.977147 0.212565 0.000000
    outer loop
      vertex -13.454175 -2.985763 -0.800000
      vertex -13.563357 -3.487667 -0.800000
      vertex -13.563357 -3.487667 0.800000
    endloop
  endfacet
  facet normal -0.977147 0.212565 0.000000
    outer loop
      vertex -13.454175 -2.985763 -0.800000
      vertex -13.563357 -3.487667 0.800000
      vertex -13.454175 -2.985763 0.800000
    endloop
  endfacet
  facet normal 0.977147 -0.212565 0.000000
    outer loop
      vertex -11.295316 -3.619661 -0.800000
      vertex -11.336259 -3.807875 0.800000
      vertex -11.336259 -3.807875 -0.800000
    endloop
  endfacet
  facet normal 0.977147 -0.212565 0.000000
    outer loop
      vertex -11.295316 -3.619661 -0.800000
      vertex -11.295316 -3.619661 0.800000
      vertex -11.336259 -3.807875 0.800000
    endloop
  endfacet
  facet normal 0.000000 0.000000 1.000000
    outer loop
      vertex -13.563357 -3.487667 0.800000
      vertex -13.600000 -4.000000 0.800000
      vertex -11.350000 -4.000000 0.800000
    endloop
  endfacet
  facet normal 0.000000 0.000000 1.000000
    outer loop
      vertex -13.563357 -3.487667 0.800000
      vertex -11.350000 -4.000000 0.800000
      vertex -11.336259 -3.807875 0.800000
    endloop
  endfacet
  facet normal 0.000000 -0.000000 -1.000000
    outer loop
      vertex -13.563357 -3.487667 -0.800000
      vertex -11.350000 -4.000000 -0.800000
      vertex -13.600000 -4.000000 -0.800000
    endloop
  endfacet
  facet normal 0.000000 0.000000 -1.000000
    outer loop
      vertex -13.563357 -3.487667 -0.800000
      vertex -11.336259 -3.807875 -0.800000
      vertex -11.350000 -4.000000 -0.800000
    endloop
  endfacet
  facet normal -0.997452 0.071339 0.000000
    outer loop
      vertex -13.563357 -3.487667 -0.800000
      vertex -13.600000 -4.000000 -0.800000
      vertex -13.600000 -4.000000 0.800000
    endloop
  endfacet
  facet normal -0.997452 0.071339 0.000000
    outer loop
      vertex -13.563357 -3.487667 -0.800000
      vertex -13.600000 -4.000000 0.800000
      vertex -13.563357 -3.487667 0.800000
    endloop
  endfacet
  facet normal 0.997452 -0.071339 0.000000
    outer loop
      vertex -11.336259 -3.807875 -0.800000
      vertex -11.350000 -4.000000 0.800000
      vertex -11.350000 -4.000000 -0.800000
    endloop
  endfacet
  facet normal 0.997452 -0.071339 0.000000
    outer loop
      vertex -11.336259 -3.807875 -0.800000
      vertex -11.336259 -3.807875 0.800000
      vertex -11.350000 -4.000000 0.800000
    endloop
  endfacet
  facet normal 0.000000 0.000000 1.000000
    outer loop
      vertex -13.600000 -4.000000 0.800000
      vertex -13.563357 -4.512333 0.800000
      vertex -11.336259 -4.192125 0.800000
    endloop
  endfacet
  facet normal 0.000000 0.000000 1.000000
    outer loop
      vertex -13.600000 -4.000000 0.800000
      vertex -11.336259 -4.192125 0.800000
      vertex -11.350000 -4.000000 0.800000
    endloop
  endfacet
  facet normal 0.000000 0.000000 -1.000000
    outer loop
      vertex -13.600000 -4.000000 -0.800000
      vertex -11.336259 -4.192125 -0.800000
      vertex -13.563357 -4.512333 -0.800000
    endloop
  endfacet
  facet normal 0.000000 0.000000 -1.000000
    outer loop
      vertex -13.600000 -4.000000 -0.800000
      vertex -11.350000 -4.000000 -0.800000
      vertex -11.336259 -4.192125 -0.800000
    endloop
  endfacet
  facet normal -0.997452 -0.071339 0.000000
    outer loop
      vertex -13.600000 -4.000000 -0.800000
      vertex -13.563357 -4.512333 -0.800000
      vertex -13.563357 -4.512333 0.800000
    endloop
  endfacet
  facet normal -0.997452 -0.071339 0.000000
    outer loop
      vertex -13.600000 -4.000000 -0.800000
      vertex -13.563357 -4.512333 0.800000
      vertex -13.600000 -4.000000 0.800000
    endloop
  endfacet
  facet normal 0.997452 0.071339 0.000000
    outer loop
      vertex -11.350000 -4.000000 -0.800000
      vertex -11.336259 -4.192125 0.800000
      vertex -11.336259 -4.192125 -0.800000
    endloop
  endfacet
  facet normal 0.997452 0.071339 -0.000000
    outer loop
      vertex -11.350000 -4.000000 -0.800000
      vertex -11.350000 -4.000000 0.800000
      vertex -11.336259 -4.192125 0.800000
    endloop
  endfacet
  facet normal -0.000000 0.000000 1.000000
    outer loop
      vertex -13.563357 -4.512333 0.800000
      vertex -13.454175 -5.014237 0.800000
      vertex -11.295316 -4.380339 0.800000
    endloop
  endfacet
  facet normal 0.000000 0.000000 1.000000
    outer loop
      vertex -13.563357 -4.512333 0.800000
      vertex -11.295316 -4.380339 0.800000
      vertex -11.336259 -4.192125 0.800000
    endloop
  endfacet
  facet normal 0.000000 0.000000 -1.000000
    outer loop
      vertex -13.563357 -4.512333 -0.800000
      vertex -11.295316 -4.380339 -0.800000
      vertex -13.454175 -5.014237 -0.800000
    endloop
  endfacet
  facet normal 0.000000 0.000000 -1.000000
    outer loop
      vertex -13.563357 -4.512333 -0.800000
      vertex -11.336259 -4.192125 -0.800000
      vertex -11.295316 -4.380339 -0.800000
    endloop
  endfacet
  facet normal -0.977147 -0.212565 0.000000
    outer loop
      vertex -13.563357 -4.512333 -0.800000
      vertex -13.454175 -5.014237 -0.800000
      vertex -13.454175 -5.014237 0.800000
    endloop
  endfacet
  facet normal -0.977147 -0.212565 0.000000
    outer loop
      vertex -13.563357 -4.512333 -0.800000
      vertex -13.454175 -5.014237 0.800000
      vertex -13.563357 -4.512333 0.800000
    endloop
  endfacet
  facet normal 0.977147 0.212565 0.000000
    outer loop
      vertex -11.336259 -4.192125 -0.800000
      vertex -11.295316 -4.380339 0.800000
      vertex -11.295316 -4.380339 -0.800000
    endloop
  endfacet
  facet normal 0.977147 0.212565 -0.000000
    outer loop
      vertex -11.336259 -4.192125 -0.800000
      vertex -11.336259 -4.192125 0.800000
      vertex -11.295316 -4.380339 0.800000
    endloop
  endfacet
  facet normal -0.000000 0.000000 1.000000
    outer loop
      vertex -13.454175 -5.014237 0.800000
      vertex -13.274675 -5.495494 0.800000
      vertex -11.228003 -4.560810 0.800000
    endloop
  endfacet
  facet normal 0.000000 0.000000 1.000000
    outer loop
      vertex -13.454175 -5.014237 0.800000
      vertex -11.228003 -4.560810 0.800000
      vertex -11.295316 -4.380339 0.800000
    endloop
  endfacet
  facet normal 0.000000 0.000000 -1.000000
    outer loop
      vertex -13.454175 -5.014237 -0.800000
      vertex -11.228003 -4.560810 -0.800000
      vertex -13.274675 -5.495494 -0.800000
    endloop
  endfacet
  facet normal 0.000000 0.000000 -1.000000
    outer loop
      vertex -13.454175 -5.014237 -0.800000
      vertex -11.295316 -4.380339 -0.800000
      vertex -11.228003 -4.560810 -0.800000
    endloop
  endfacet
  facet normal -0.936950 -0.349464 0.000000
    outer loop
      vertex -13.454175 -5.014237 -0.800000
      vertex -13.274675 -5.495494 -0.800000
      vertex -13.274675 -5.495494 0.800000
    endloop
  endfacet
  facet normal -0.936950 -0.349464 0.000000
    outer loop
      vertex -13.454175 -5.014237 -0.800000
      vertex -13.274675 -5.495494 0.800000
      vertex -13.454175 -5.014237 0.800000
    endloop
  endfacet
  facet normal 0.936950 0.349464 0.000000
    outer loop
      vertex -11.295316 -4.380339 -0.800000
      vertex -11.228003 -4.560810 0.800000
      vertex -11.228003 -4.560810 -0.800000
    endloop
  endfacet
  facet normal 0.936950 0.349464 -0.000000
    outer loop
      vertex -11.295316 -4.380339 -0.800000
      vertex -11.295316 -4.380339 0.800000
      vertex -11.228003 -4.560810 0.800000
    endloop
  endfacet
  facet normal -0.000000 0.000000 1.000000
    outer loop
      vertex -13.274675 -5.495494 0.800000
      vertex -13.028513 -5.946307 0.800000
      vertex -11.135692 -4.729865 0.800000
    endloop
  endfacet
  facet normal 0.000000 0.000000 1.000000
    outer loop
      vertex -13.274675 -5.495494 0.800000
      vertex -11.135692 -4.729865 0.800000
      vertex -11.228003 -4.560810 0.800000
    endloop
  endfacet
  facet normal 0.000000 0.000000 -1.000000
    outer loop
      vertex -13.274675 -5.495494 -0.800000
      vertex -11.135692 -4.729865 -0.800000
      vertex -13.028513 -5.946307 -0.800000
    endloop
  endfacet
  facet normal 0.000000 0.000000 -1.000000
    outer loop
      vertex -13.274675 -5.495494 -0.800000
      vertex -11.228003 -4.560810 -0.800000
      vertex -11.135692 -4.729865 -0.800000
    endloop
  endfacet
  facet normal -0.877679 -0.479249 0.000000
    outer loop
      vertex -13.274675 -5.495494 -0.800000
      vertex -13.028513 -5.946307 -0.800000
      vertex -13.028513 -5.946307 0.800000
    endloop
  endfacet
  facet normal -0.877679 -0.479249 0.000000
    outer loop
      vertex -13.274675 -5.495494 -0.800000
      vertex -13.028513 -5.946307 0.800000
      vertex -13.274675 -5.495494 0.800000
    endloop
  endfacet
  facet normal 0.877679 0.479249 0.000000
    outer loop
      vertex -11.228003 -4.560810 -0.800000
      vertex -11.135692 -4.729865 0.800000
      vertex -11.135692 -4.729865 -0.800000
    endloop
  endfacet
  facet normal 0.877679 0.479249 -0.000000
    outer loop
      vertex -11.228003 -4.560810 -0.800000
      vertex -11.228003 -4.560810 0.800000
      vertex -11.135692 -4.729865 0.800000
    endloop
  endfacet
  facet normal -0.000000 0.000000 1.000000
    outer loop
      vertex -13.028513 -5.946307 0.800000
      vertex -12.720698 -6.357499 0.800000
      vertex -11.020262 -4.884062 0.800000
    endloop
  endfacet
  facet normal 0.000000 0.000000 1.000000
    outer loop
      vertex -13.028513 -5.946307 0.800000
      vertex -11.020262 -4.884062 0.800000
      vertex -11.135692 -4.729865 0.800000
    endloop
  endfacet
  facet normal 0.000000 0.000000 -1.000000
    outer loop
      vertex -13.028513 -5.946307 -0.800000
      vertex -11.020262 -4.884062 -0.800000
      vertex -12.720698 -6.357499 -0.800000
    endloop
  endfacet
  facet normal 0.000000 0.000000 -1.000000
    outer loop
      vertex -13.028513 -5.946307 -0.800000
      vertex -11.135692 -4.729865 -0.800000
      vertex -11.020262 -4.884062 -0.800000
    endloop
  endfacet
  facet normal -0.800541 -0.599278 0.000000
    outer loop
      vertex -13.028513 -5.946307 -0.800000
      vertex -12.720698 -6.357499 -0.800000
      vertex -12.720698 -6.357499 0.800000
    endloop
  endfacet
  facet normal -0.800541 -0.599278 0.000000
    outer loop
      vertex -13.028513 -5.946307 -0.800000
      vertex -12.720698 -6.357499 0.800000
      vertex -13.028513 -5.946307 0.800000
    endloop
  endfacet
  facet normal 0.800541 0.599278 0.000000
    outer loop
      vertex -11.135692 -4.729865 -0.800000
      vertex -11.020262 -4.884062 0.800000
      vertex -11.020262 -4.884062 -0.800000
    endloop
  endfacet
  facet normal 0.800541 0.599278 -0.000000
    outer loop
      vertex -11.135692 -4.729865 -0.800000
      vertex -11.135692 -4.729865 0.800000
      vertex -11.020262 -4.884062 0.800000
    endloop
  endfacet
  facet normal -0.000000 0.000000 1.000000
    outer loop
      vertex -12.720698 -6.357499 0.800000
      vertex -12.357499 -6.720698 0.800000
      vertex -10.884062 -5.020262 0.800000
    endloop
  endfacet
  facet normal 0.000000 0.000000 1.000000
    outer loop
      vertex -12.720698 -6.357499 0.800000
      vertex -10.884062 -5.020262 0.800000
      vertex -11.020262 -4.884062 0.800000
    endloop
  endfacet
  facet normal 0.000000 0.000000 -1.000000
    outer loop
      vertex -12.720698 -6.357499 -0.800000
      vertex -10.884062 -5.020262 -0.800000
      vertex -12.357499 -6.720698 -0.800000
    endloop
  endfacet
  facet normal 0.000000 0.000000 -1.000000
    outer loop
      vertex -12.720698 -6.357499 -0.800000
      vertex -11.020262 -4.884062 -0.800000
      vertex -10.884062 -5.020262 -0.800000
    endloop
  endfacet
  facet normal -0.707107 -0.707107 0.000000
    outer loop
      vertex -12.720698 -6.357499 -0.800000
      vertex -12.357499 -6.720698 -0.800000
      vertex -12.357499 -6.720698 0.800000
    endloop
  endfacet
  facet normal -0.707107 -0.707107 0.000000
    outer loop
      vertex -12.720698 -6.357499 -0.800000
      vertex -12.357499 -6.720698 0.800000
      vertex -12.720698 -6.357499 0.800000
    endloop
  endfacet
  facet normal 0.707107 0.707107 0.000000
    outer loop
      vertex -11.020262 -4.884062 -0.800000
      vertex -10.884062 -5.020262 0.800000
      vertex -10.884062 -5.020262 -0.800000
    endloop
  endfacet
  facet normal 0.707107 0.707107 -0.000000
    outer loop
      vertex -11.020262 -4.884062 -0.800000
      vertex -11.020262 -4.884062 0.800000
      vertex -10.884062 -5.020262 0.800000
    endloop
  endfacet
  facet normal -0.000000 0.000000 1.000000
    outer loop
      vertex -12.357499 -6.720698 0.800000
      vertex -11.946307 -7.028513 0.800000
      vertex -10.729865 -5.135692 0.800000
    endloop
  endfacet
  facet normal 0.000000 0.000000 1.000000
    outer loop
      vertex -12.357499 -6.720698 0.800000
      vertex -10.729865 -5.135692 0.800000
      vertex -10.884062 -5.020262 0.800000
    endloop
  endfacet
  facet normal 0.000000 0.000000 -1.000000
    outer loop
      vertex -12.357499 -6.720698 -0.800000
      vertex -10.729865 -5.135692 -0.800000
      vertex -11.946307 -7.028513 -0.800000
    endloop
  endfacet
  facet normal 0.000000 0.000000 -1.000000
    outer loop
      vertex -12.357499 -6.720698 -0.800000
      vertex -10.884062 -5.020262 -0.800000
      vertex -10.729865 -5.135692 -0.800000
    endloop
  endfacet
  facet normal -0.599278 -0.800541 0.000000
    outer loop
      vertex -12.357499 -6.720698 -0.800000
      vertex -11.946307 -7.028513 -0.800000
      vertex -11.946307 -7.028513 0.800000
    endloop
  endfacet
  facet normal -0.599278 -0.800541 0.000000
    outer loop
      vertex -12.357499 -6.720698 -0.800000
      vertex -11.946307 -7.028513 0.800000
      vertex -12.357499 -6.720698 0.800000
    endloop
  endfacet
  facet normal 0.599278 0.800541 0.000000
    outer loop
      vertex -10.884062 -5.020262 -0.800000
      vertex -10.729865 -5.135692 0.800000
      vertex -10.729865 -5.135692 -0.800000
    endloop
  endfacet
  facet normal 0.599278 0.800541 -0.000000
    outer loop
      vertex -10.884062 -5.020262 -0.800000
      vertex -10.884062 -5.020262 0.800000
      vertex -10.729865 -5.135692 0.800000
    endloop
  endfacet
  facet normal -0.000000 0.000000 1.000000
    outer loop
      vertex -11.946307 -7.028513 0.800000
      vertex -11.495494 -7.274675 0.800000
      vertex -10.560810 -5.228003 0.800000
    endloop
  endfacet
  facet normal 0.000000 0.000000 1.000000
    outer loop
      vertex -11.946307 -7.028513 0.800000
      vertex -10.560810 -5.228003 0.800000
      vertex -10.729865 -5.135692 0.800000
    endloop
  endfacet
  facet normal 0.000000 0.000000 -1.000000
    outer loop
      vertex -11.946307 -7.028513 -0.800000
      vertex -10.560810 -5.228003 -0.800000
      vertex -11.495494 -7.274675 -0.800000
    endloop
  endfacet
  facet normal 0.000000 0.000000 -1.000000
    outer loop
      vertex -11.946307 -7.028513 -0.800000
      vertex -10.729865 -5.135692 -0.800000
      vertex -10.560810 -5.228003 -0.800000
    endloop
  endfacet
  facet normal -0.479249 -0.877679 0.000000
    outer loop
      vertex -11.946307 -7.028513 -0.800000
      vertex -11.495494 -7.274675 -0.800000
      vertex -11.495494 -7.274675 0.800000
    endloop
  endfacet
  facet normal -0.479249 -0.877679 0.000000
    outer loop
      vertex -11.946307 -7.028513 -0.800000
      vertex -11.495494 -7.274675 0.800000
      vertex -11.946307 -7.028513 0.800000
    endloop
  endfacet
  facet normal 0.479249 0.877679 0.000000
    outer loop
      vertex -10.729865 -5.135692 -0.800000
      vertex -10.560810 -5.228003 0.800000
      vertex -10.560810 -5.228003 -0.800000
    endloop
  endfacet
  facet normal 0.479249 0.877679 -0.000000
    outer loop
      vertex -10.729865 -5.135692 -0.800000
      vertex -10.729865 -5.135692 0.800000
      vertex -10.560810 -5.228003 0.800000
    endloop
  endfacet
  facet normal -0.000000 0.000000 1.000000
    outer loop
      vertex -11.495494 -7.274675 0.800000
      vertex -11.014237 -7.454175 0.800000
      vertex -10.380339 -5.295316 0.800000
    endloop
  endfacet
  facet normal 0.000000 0.000000 1.000000
    outer loop
      vertex -11.495494 -7.274675 0.800000
      vertex -10.380339 -5.295316 0.800000
      vertex -10.560810 -5.228003 0.800000
    endloop
  endfacet
  facet normal 0.000000 0.000000 -1.000000
    outer loop
      vertex -11.495494 -7.274675 -0.800000
      vertex -10.380339 -5.295316 -0.800000
      vertex -11.014237 -7.454175 -0.800000
    endloop
  endfacet
  facet normal 0.000000 0.000000 -1.000000
    outer loop
      vertex -11.495494 -7.274675 -0.800000
      vertex -10.560810 -5.228003 -0.800000
      vertex -10.380339 -5.295316 -0.800000
    endloop
  endfacet
  facet normal -0.349464 -0.936950 0.000000
    outer loop
      vertex -11.495494 -7.274675 -0.800000
      vertex -11.014237 -7.454175 -0.800000
      vertex -11.014237 -7.454175 0.800000
    endloop
  endfacet
  facet normal -0.349464 -0.936950 0.000000
    outer loop
      vertex -11.495494 -7.274675 -0.800000
      vertex -11.014237 -7.454175 0.800000
      vertex -11.495494 -7.274675 0.800000
    endloop
  endfacet
  facet normal 0.349464 0.936950 0.000000
    outer loop
      vertex -10.560810 -5.228003 -0.800000
      vertex -10.380339 -5.295316 0.800000
      vertex -10.380339 -5.295316 -0.800000
    endloop
  endfacet
  facet normal 0.349464 0.936950 -0.000000
    outer loop
      vertex -10.560810 -5.228003 -0.800000
      vertex -10.560810 -5.228003 0.800000
      vertex -10.380339 -5.295316 0.800000
    endloop
  endfacet
  facet normal -0.000000 0.000000 1.000000
    outer loop
      vertex -11.014237 -7.454175 0.800000
      vertex -10.512333 -7.563357 0.800000
      vertex -10.192125 -5.336259 0.800000
    endloop
  endfacet
  facet normal 0.000000 0.000000 1.000000
    outer loop
      vertex -11.014237 -7.454175 0.800000
      vertex -10.192125 -5.336259 0.800000
      vertex -10.380339 -5.295316 0.800000
    endloop
  endfacet
  facet normal 0.000000 0.000000 -1.000000
    outer loop
      vertex -11.014237 -7.454175 -0.800000
      vertex -10.192125 -5.336259 -0.800000
      vertex -10.512333 -7.563357 -0.800000
    endloop
  endfacet
  facet normal 0.000000 0.000000 -1.000000
    outer loop
      vertex -11.014237 -7.454175 -0.800000
      vertex -10.380339 -5.295316 -0.800000
      vertex -10.192125 -5.336259 -0.800000
    endloop
  endfacet
  facet normal -0.212565 -0.977147 0.000000
    outer loop
      vertex -11.014237 -7.454175 -0.800000
      vertex -10.512333 -7.563357 -0.800000
      vertex -10.512333 -7.563357 0.800000
    endloop
  endfacet
  facet normal -0.212565 -0.977147 0.000000
    outer loop
      vertex -11.014237 -7.454175 -0.800000
      vertex -10.512333 -7.563357 0.800000
      vertex -11.014237 -7.454175 0.800000
    endloop
  endfacet
  facet normal 0.212565 0.977147 0.000000
    outer loop
      vertex -10.380339 -5.295316 -0.800000
      vertex -10.192125 -5.336259 0.800000
      vertex -10.192125 -5.336259 -0.800000
    endloop
  endfacet
  facet normal 0.212565 0.977147 -0.000000
    outer loop
      vertex -10.380339 -5.295316 -0.800000
      vertex -10.380339 -5.295316 0.800000
      vertex -10.192125 -5.336259 0.800000
    endloop
  endfacet
  facet normal -0.000000 0.000000 1.000000
    outer loop
      vertex -10.512333 -7.563357 0.800000
      vertex -10.000000 -7.600000 0.800000
      vertex -10.000000 -5.350000 0.800000
    endloop
  endfacet
  facet normal 0.000000 0.000000 1.000000
    outer loop
      vertex -10.512333 -7.563357 0.800000
      vertex -10.000000 -5.350000 0.800000
      vertex -10.192125 -5.336259 0.800000
    endloop
  endfacet
  facet normal 0.000000 0.000000 -1.000000
    outer loop
      vertex -10.512333 -7.563357 -0.800000
      vertex -10.000000 -5.350000 -0.800000
      vertex -10.000000 -7.600000 -0.800000
    endloop
  endfacet
  facet normal 0.000000 0.000000 -1.000000
    outer loop
      vertex -10.512333 -7.563357 -0.800000
      vertex -10.192125 -5.336259 -0.800000
      vertex -10.000000 -5.350000 -0.800000
    endloop
  endfacet
  facet normal -0.071339 -0.997452 0.000000
    outer loop
      vertex -10.512333 -7.563357 -0.800000
      vertex -10.000000 -7.600000 -0.800000
      vertex -10.000000 -7.600000 0.800000
    endloop
  endfacet
  facet normal -0.071339 -0.997452 0.000000
    outer loop
      vertex -10.512333 -7.563357 -0.800000
      vertex -10.000000 -7.600000 0.800000
      vertex -10.512333 -7.563357 0.800000
    endloop
  endfacet
  facet normal 0.071339 0.997452 0.000000
    outer loop
      vertex -10.192125 -5.336259 -0.800000
      vertex -10.000000 -5.350000 0.800000
      vertex -10.000000 -5.350000 -0.800000
    endloop
  endfacet
  facet normal 0.071339 0.997452 -0.000000
    outer loop
      vertex -10.192125 -5.336259 -0.800000
      vertex -10.192125 -5.336259 0.800000
      vertex -10.000000 -5.350000 0.800000
    endloop
  endfacet
  facet normal 0.000000 0.000000 1.000000
    outer loop
      vertex -10.000000 -7.600000 0.800000
      vertex -9.487667 -7.563357 0.800000
      vertex -9.807875 -5.336259 0.800000
    endloop
  endfacet
  facet normal 0.000000 0.000000 1.000000
    outer loop
      vertex -10.000000 -7.600000 0.800000
      vertex -9.807875 -5.336259 0.800000
      vertex -10.000000 -5.350000 0.800000
    endloop
  endfacet
  facet normal 0.000000 0.000000 -1.000000
    outer loop
      vertex -10.000000 -7.600000 -0.800000
      vertex -9.807875 -5.336259 -0.800000
      vertex -9.487667 -7.563357 -0.800000
    endloop
  endfacet
  facet normal 0.000000 0.000000 -1.000000
    outer loop
      vertex -10.000000 -7.600000 -0.800000
      vertex -10.000000 -5.350000 -0.800000
      vertex -9.807875 -5.336259 -0.800000
    endloop
  endfacet
  facet normal 0.071339 -0.997452 0.000000
    outer loop
      vertex -10.000000 -7.600000 -0.800000
      vertex -9.487667 -7.563357 -0.800000
      vertex -9.487667 -7.563357 0.800000
    endloop
  endfacet
  facet normal 0.071339 -0.997452 0.000000
    outer loop
      vertex -10.000000 -7.600000 -0.800000
      vertex -9.487667 -7.563357 0.800000
      vertex -10.000000 -7.600000 0.800000
    endloop
  endfacet
  facet normal -0.071339 0.997452 0.000000
    outer loop
      vertex -10.000000 -5.350000 -0.800000
      vertex -9.807875 -5.336259 0.800000
      vertex -9.807875 -5.336259 -0.800000
    endloop
  endfacet
  facet normal -0.071339 0.997452 0.000000
    outer loop
      vertex -10.000000 -5.350000 -0.800000
      vertex -10.000000 -5.350000 0.800000
      vertex -9.807875 -5.336259 0.800000
    endloop
  endfacet
  facet normal 0.000000 -0.000000 1.000000
    outer loop
      vertex -9.487667 -7.563357 0.800000
      vertex -8.985763 -7.454175 0.800000
      vertex -9.619661 -5.295316 0.800000
    endloop
  endfacet
  facet normal 0.000000 0.000000 1.000000
    outer loop
      vertex -9.487667 -7.563357 0.800000
      vertex -9.619661 -5.295316 0.800000
      vertex -9.807875 -5.336259 0.800000
    endloop
  endfacet
  facet normal 0.000000 0.000000 -1.000000
    outer loop
      vertex -9.487667 -7.563357 -0.800000
      vertex -9.619661 -5.295316 -0.800000
      vertex -8.985763 -7.454175 -0.800000
    endloop
  endfacet
  facet normal 0.000000 0.000000 -1.000000
    outer loop
      vertex -9.487667 -7.563357 -0.800000
      vertex -9.807875 -5.336259 -0.800000
      vertex -9.619661 -5.295316 -0.800000
    endloop
  endfacet
  facet normal 0.212565 -0.977147 0.000000
    outer loop
      vertex -9.487667 -7.563357 -0.800000
      vertex -8.985763 -7.454175 -0.800000
      vertex -8.985763 -7.454175 0.800000
    endloop
  endfacet
  facet normal 0.212565 -0.977147 0.000000
    outer loop
      vertex -9.487667 -7.563357 -0.800000
      vertex -8.985763 -7.454175 0.800000
      vertex -9.487667 -7.563357 0.800000
    endloop
  endfacet
  facet normal -0.212565 0.977147 0.000000
    outer loop
      vertex -9.807875 -5.336259 -0.800000
      vertex -9.619661 -5.295316 0.800000
      vertex -9.619661 -5.295316 -0.800000
    endloop
  endfacet
  facet normal -0.212565 0.977147 0.000000
    outer loop
      vertex -9.807875 -5.336259 -0.800000
      vertex -9.807875 -5.336259 0.800000
      vertex -9.619661 -5.295316 0.800000
    endloop
  endfacet
  facet normal 0.000000 -0.000000 1.000000
    outer loop
      vertex -8.985763 -7.454175 0.800000
      vertex -8.504506 -7.274675 0.800000
      vertex -9.439190 -5.228003 0.800000
    endloop
  endfacet
  facet normal 0.000000 0.000000 1.000000
    outer loop
      vertex -8.985763 -7.454175 0.800000
      vertex -9.439190 -5.228003 0.800000
      vertex -9.619661 -5.295316 0.800000
    endloop
  endfacet
  facet normal 0.000000 0.000000 -1.000000
    outer loop
      vertex -8.985763 -7.454175 -0.800000
      vertex -9.439190 -5.228003 -0.800000
      vertex -8.504506 -7.274675 -0.800000
    endloop
  endfacet
  facet normal 0.000000 0.000000 -1.000000
    outer loop
      vertex -8.985763 -7.454175 -0.800000
      vertex -9.619661 -5.295316 -0.800000
      vertex -9.439190 -5.228003 -0.800000
    endloop
  endfacet
  facet normal 0.349464 -0.936950 0.000000
    outer loop
      vertex -8.985763 -7.454175 -0.800000
      vertex -8.504506 -7.274675 -0.800000
      vertex -8.504506 -7.274675 0.800000
    endloop
  endfacet
  facet normal 0.349464 -0.936950 0.000000
    outer loop
      vertex -8.985763 -7.454175 -0.800000
      vertex -8.504506 -7.274675 0.800000
      vertex -8.985763 -7.454175 0.800000
    endloop
  endfacet
  facet normal -0.349464 0.936950 0.000000
    outer loop
      vertex -9.619661 -5.295316 -0.800000
      vertex -9.439190 -5.228003 0.800000
      vertex -9.439190 -5.228003 -0.800000
    endloop
  endfacet
  facet normal -0.349464 0.936950 0.000000
    outer loop
      vertex -9.619661 -5.295316 -0.800000
      vertex -9.619661 -5.295316 0.800000
      vertex -9.439190 -5.228003 0.800000
    endloop
  endfacet
  facet normal 0.000000 -0.000000 1.000000
    outer loop
      vertex -8.504506 -7.274675 0.800000
      vertex -8.053693 -7.028513 0.800000
      vertex -9.270135 -5.135692 0.800000
    endloop
  endfacet
  facet normal 0.000000 0.000000 1.000000
    outer loop
      vertex -8.504506 -7.274675 0.800000
      vertex -9.270135 -5.135692 0.800000
      vertex -9.439190 -5.228003 0.800000
    endloop
  endfacet
  facet normal 0.000000 0.000000 -1.000000
    outer loop
      vertex -8.504506 -7.274675 -0.800000
      vertex -9.270135 -5.135692 -0.800000
      vertex -8.053693 -7.028513 -0.800000
    endloop
  endfacet
  facet normal 0.000000 0.000000 -1.000000
    outer loop
      vertex -8.504506 -7.274675 -0.800000
      vertex -9.439190 -5.228003 -0.800000
      vertex -9.270135 -5.135692 -0.800000
    endloop
  endfacet
  facet normal 0.479249 -0.877679 0.000000
    outer loop
      vertex -8.504506 -7.274675 -0.800000
      vertex -8.053693 -7.028513 -0.800000
      vertex -8.053693 -7.028513 0.800000
    endloop
  endfacet
  facet normal 0.479249 -0.877679 0.000000
    outer loop
      vertex -8.504506 -7.274675 -0.800000
      vertex -8.053693 -7.028513 0.800000
      vertex -8.504506 -7.274675 0.800000
    endloop
  endfacet
  facet normal -0.479249 0.877679 0.000000
    outer loop
      vertex -9.439190 -5.228003 -0.800000
      vertex -9.270135 -5.135692 0.800000
      vertex -9.270135 -5.135692 -0.800000
    endloop
  endfacet
  facet normal -0.479249 0.877679 0.000000
    outer loop
      vertex -9.439190 -5.228003 -0.800000
      vertex -9.439190 -5.228003 0.800000
      vertex -9.270135 -5.135692 0.800000
    endloop
  endfacet
  facet normal 0.000000 -0.000000 1.000000
    outer loop
      vertex -8.053693 -7.028513 0.800000
      vertex -7.642501 -6.720698 0.800000
      vertex -9.115938 -5.020262 0.800000
    endloop
  endfacet
  facet normal 0.000000 0.000000 1.000000
    outer loop
      vertex -8.053693 -7.028513 0.800000
      vertex -9.115938 -5.020262 0.800000
      vertex -9.270135 -5.135692 0.800000
    endloop
  endfacet
  facet normal 0.000000 0.000000 -1.000000
    outer loop
      vertex -8.053693 -7.028513 -0.800000
      vertex -9.115938 -5.020262 -0.800000
      vertex -7.642501 -6.720698 -0.800000
    endloop
  endfacet
  facet normal 0.000000 0.000000 -1.000000
    outer loop
      vertex -8.053693 -7.028513 -0.800000
      vertex -9.270135 -5.135692 -0.800000
      vertex -9.115938 -5.020262 -0.800000
    endloop
  endfacet
  facet normal 0.599278 -0.800541 0.000000
    outer loop
      vertex -8.053693 -7.028513 -0.800000
      vertex -7.642501 -6.720698 -0.800000
      vertex -7.642501 -6.720698 0.800000
    endloop
  endfacet
  facet normal 0.599278 -0.800541 0.000000
    outer loop
      vertex -8.053693 -7.028513 -0.800000
      vertex -7.642501 -6.720698 0.800000
      vertex -8.053693 -7.028513 0.800000
    endloop
  endfacet
  facet normal -0.599278 0.800541 0.000000
    outer loop
      vertex -9.270135 -5.135692 -0.800000
      vertex -9.115938 -5.020262 0.800000
      vertex -9.115938 -5.020262 -0.800000
    endloop
  endfacet
  facet normal -0.599278 0.800541 0.000000
    outer loop
      vertex -9.270135 -5.135692 -0.800000
      vertex -9.270135 -5.135692 0.800000
      vertex -9.115938 -5.020262 0.800000
    endloop
  endfacet
  facet normal 0.000000 -0.000000 1.000000
    outer loop
      vertex -7.642501 -6.720698 0.800000
      vertex -7.279302 -6.357499 0.800000
      vertex -8.979738 -4.884062 0.800000
    endloop
  endfacet
  facet normal 0.000000 0.000000 1.000000
    outer loop
      vertex -7.642501 -6.720698 0.800000
      vertex -8.979738 -4.884062 0.800000
      vertex -9.115938 -5.020262 0.800000
    endloop
  endfacet
  facet normal 0.000000 0.000000 -1.000000
    outer loop
      vertex -7.642501 -6.720698 -0.800000
      vertex -8.979738 -4.884062 -0.800000
      vertex -7.279302 -6.357499 -0.800000
    endloop
  endfacet
  facet normal 0.000000 0.000000 -1.000000
    outer loop
      vertex -7.642501 -6.720698 -0.800000
      vertex -9.115938 -5.020262 -0.800000
      vertex -8.979738 -4.884062 -0.800000
    endloop
  endfacet
  facet normal 0.707107 -0.707107 0.000000
    outer loop
      vertex -7.642501 -6.720698 -0.800000
      vertex -7.279302 -6.357499 -0.800000
      vertex -7.279302 -6.357499 0.800000
    endloop
  endfacet
  facet normal 0.707107 -0.707107 0.000000
    outer loop
      vertex -7.642501 -6.720698 -0.800000
      vertex -7.279302 -6.357499 0.800000
      vertex -7.642501 -6.720698 0.800000
    endloop
  endfacet
  facet normal -0.707107 0.707107 0.000000
    outer loop
      vertex -9.115938 -5.020262 -0.800000
      vertex -8.979738 -4.884062 0.800000
      vertex -8.979738 -4.884062 -0.800000
    endloop
  endfacet
  facet normal -0.707107 0.707107 0.000000
    outer loop
      vertex -9.115938 -5.020262 -0.800000
      vertex -9.115938 -5.020262 0.800000
      vertex -8.979738 -4.884062 0.800000
    endloop
  endfacet
  facet normal 0.000000 -0.000000 1.000000
    outer loop
      vertex -7.279302 -6.357499 0.800000
      vertex -6.971487 -5.946307 0.800000
      vertex -8.864308 -4.729865 0.800000
    endloop
  endfacet
  facet normal 0.000000 0.000000 1.000000
    outer loop
      vertex -7.279302 -6.357499 0.800000
      vertex -8.864308 -4.729865 0.800000
      vertex -8.979738 -4.884062 0.800000
    endloop
  endfacet
  facet normal 0.000000 0.000000 -1.000000
    outer loop
      vertex -7.279302 -6.357499 -0.800000
      vertex -8.864308 -4.729865 -0.800000
      vertex -6.971487 -5.946307 -0.800000
    endloop
  endfacet
  facet normal 0.000000 0.000000 -1.000000
    outer loop
      vertex -7.279302 -6.357499 -0.800000
      vertex -8.979738 -4.884062 -0.800000
      vertex -8.864308 -4.729865 -0.800000
    endloop
  endfacet
  facet normal 0.800541 -0.599278 0.000000
    outer loop
      vertex -7.279302 -6.357499 -0.800000
      vertex -6.971487 -5.946307 -0.800000
      vertex -6.971487 -5.946307 0.800000
    endloop
  endfacet
  facet normal 0.800541 -0.599278 0.000000
    outer loop
      vertex -7.279302 -6.357499 -0.800000
      vertex -6.971487 -5.946307 0.800000
      vertex -7.279302 -6.357499 0.800000
    endloop
  endfacet
  facet normal -0.800541 0.599278 0.000000
    outer loop
      vertex -8.979738 -4.884062 -0.800000
      vertex -8.864308 -4.729865 0.800000
      vertex -8.864308 -4.729865 -0.800000
    endloop
  endfacet
  facet normal -0.800541 0.599278 0.000000
    outer loop
      vertex -8.979738 -4.884062 -0.800000
      vertex -8.979738 -4.884062 0.800000
      vertex -8.864308 -4.729865 0.800000
    endloop
  endfacet
  facet normal 0.000000 -0.000000 1.000000
    outer loop
      vertex -6.971487 -5.946307 0.800000
      vertex -6.725325 -5.495494 0.800000
      vertex -8.771997 -4.560810 0.800000
    endloop
  endfacet
  facet normal 0.000000 0.000000 1.000000
    outer loop
      vertex -6.971487 -5.946307 0.800000
      vertex -8.771997 -4.560810 0.800000
      vertex -8.864308 -4.729865 0.800000
    endloop
  endfacet
  facet normal 0.000000 0.000000 -1.000000
    outer loop
      vertex -6.971487 -5.946307 -0.800000
      vertex -8.771997 -4.560810 -0.800000
      vertex -6.725325 -5.495494 -0.800000
    endloop
  endfacet
  facet normal 0.000000 0.000000 -1.000000
    outer loop
      vertex -6.971487 -5.946307 -0.800000
      vertex -8.864308 -4.729865 -0.800000
      vertex -8.771997 -4.560810 -0.800000
    endloop
  endfacet
  facet normal 0.877679 -0.479249 0.000000
    outer loop
      vertex -6.971487 -5.946307 -0.800000
      vertex -6.725325 -5.495494 -0.800000
      vertex -6.725325 -5.495494 0.800000
    endloop
  endfacet
  facet normal 0.877679 -0.479249 0.000000
    outer loop
      vertex -6.971487 -5.946307 -0.800000
      vertex -6.725325 -5.495494 0.800000
      vertex -6.971487 -5.946307 0.800000
    endloop
  endfacet
  facet normal -0.877679 0.479249 0.000000
    outer loop
      vertex -8.864308 -4.729865 -0.800000
      vertex -8.771997 -4.560810 0.800000
      vertex -8.771997 -4.560810 -0.800000
    endloop
  endfacet
  facet normal -0.877679 0.479249 0.000000
    outer loop
      vertex -8.864308 -4.729865 -0.800000
      vertex -8.864308 -4.729865 0.800000
      vertex -8.771997 -4.560810 0.800000
    endloop
  endfacet
  facet normal 0.000000 -0.000000 1.000000
    outer loop
      vertex -6.725325 -5.495494 0.800000
      vertex -6.545825 -5.014237 0.800000
      vertex -8.704684 -4.380339 0.800000
    endloop
  endfacet
  facet normal 0.000000 0.000000 1.000000
    outer loop
      vertex -6.725325 -5.495494 0.800000
      vertex -8.704684 -4.380339 0.800000
      vertex -8.771997 -4.560810 0.800000
    endloop
  endfacet
  facet normal 0.000000 0.000000 -1.000000
    outer loop
      vertex -6.725325 -5.495494 -0.800000
      vertex -8.704684 -4.380339 -0.800000
      vertex -6.545825 -5.014237 -0.800000
    endloop
  endfacet
  facet normal 0.000000 0.000000 -1.000000
    outer loop
      vertex -6.725325 -5.495494 -0.800000
      vertex -8.771997 -4.560810 -0.800000
      vertex -8.704684 -4.380339 -0.800000
    endloop
  endfacet
  facet normal 0.936950 -0.349464 0.000000
    outer loop
      vertex -6.725325 -5.495494 -0.800000
      vertex -6.545825 -5.014237 -0.800000
      vertex -6.545825 -5.014237 0.800000
    endloop
  endfacet
  facet normal 0.936950 -0.349464 0.000000
    outer loop
      vertex -6.725325 -5.495494 -0.800000
      vertex -6.545825 -5.014237 0.800000
      vertex -6.725325 -5.495494 0.800000
    endloop
  endfacet
  facet normal -0.936950 0.349464 0.000000
    outer loop
      vertex -8.771997 -4.560810 -0.800000
      vertex -8.704684 -4.380339 0.800000
      vertex -8.704684 -4.380339 -0.800000
    endloop
  endfacet
  facet normal -0.936950 0.349464 0.000000
    outer loop
      vertex -8.771997 -4.560810 -0.800000
      vertex -8.771997 -4.560810 0.800000
      vertex -8.704684 -4.380339 0.800000
    endloop
  endfacet
  facet normal 0.000000 -0.000000 1.000000
    outer loop
      vertex -6.545825 -5.014237 0.800000
      vertex -6.436643 -4.512333 0.800000
      vertex -8.663741 -4.192125 0.800000
    endloop
  endfacet
  facet normal 0.000000 0.000000 1.000000
    outer loop
      vertex -6.545825 -5.014237 0.800000
      vertex -8.663741 -4.192125 0.800000
      vertex -8.704684 -4.380339 0.800000
    endloop
  endfacet
  facet normal 0.000000 0.000000 -1.000000
    outer loop
      vertex -6.545825 -5.014237 -0.800000
      vertex -8.663741 -4.192125 -0.800000
      vertex -6.436643 -4.512333 -0.800000
    endloop
  endfacet
  facet normal 0.000000 0.000000 -1.000000
    outer loop
      vertex -6.545825 -5.014237 -0.800000
      vertex -8.704684 -4.380339 -0.800000
      vertex -8.663741 -4.192125 -0.800000
    endloop
  endfacet
  facet normal 0.977147 -0.212565 0.000000
    outer loop
      vertex -6.545825 -5.014237 -0.800000
      vertex -6.436643 -4.512333 -0.800000
      vertex -6.436643 -4.512333 0.800000
    endloop
  endfacet
  facet normal 0.977147 -0.212565 0.000000
    outer loop
      vertex -6.545825 -5.014237 -0.800000
      vertex -6.436643 -4.512333 0.800000
      vertex -6.545825 -5.014237 0.800000
    endloop
  endfacet
  facet normal -0.977147 0.212565 0.000000
    outer loop
      vertex -8.704684 -4.380339 -0.800000
      vertex -8.663741 -4.192125 0.800000
      vertex -8.663741 -4.192125 -0.800000
    endloop
  endfacet
  facet normal -0.977147 0.212565 0.000000
    outer loop
      vertex -8.704684 -4.380339 -0.800000
      vertex -8.704684 -4.380339 0.800000
      vertex -8.663741 -4.192125 0.800000
    endloop
  endfacet
  facet normal 0.000000 -0.000000 1.000000
    outer loop
      vertex -6.436643 -4.512333 0.800000
      vertex -6.400000 -4.000000 0.800000
      vertex -8.650000 -4.000000 0.800000
    endloop
  endfacet
  facet normal 0.000000 0.000000 1.000000
    outer loop
      vertex -6.436643 -4.512333 0.800000
      vertex -8.650000 -4.000000 0.800000
      vertex -8.663741 -4.192125 0.800000
    endloop
  endfacet
  facet normal 0.000000 0.000000 -1.000000
    outer loop
      vertex -6.436643 -4.512333 -0.800000
      vertex -8.650000 -4.000000 -0.800000
      vertex -6.400000 -4.000000 -0.800000
    endloop
  endfacet
  facet normal 0.000000 0.000000 -1.000000
    outer loop
      vertex -6.436643 -4.512333 -0.800000
      vertex -8.663741 -4.192125 -0.800000
      vertex -8.650000 -4.000000 -0.800000
    endloop
  endfacet
  facet normal 0.997452 -0.071339 0.000000
    outer loop
      vertex -6.436643 -4.512333 -0.800000
      vertex -6.400000 -4.000000 -0.800000
      vertex -6.400000 -4.000000 0.800000
    endloop
  endfacet
  facet normal 0.997452 -0.071339 0.000000
    outer loop
      vertex -6.436643 -4.512333 -0.800000
      vertex -6.400000 -4.000000 0.800000
      vertex -6.436643 -4.512333 0.800000
    endloop
  endfacet
  facet normal -0.997452 0.071339 0.000000
    outer loop
      vertex -8.663741 -4.192125 -0.800000
      vertex -8.650000 -4.000000 0.800000
      vertex -8.650000 -4.000000 -0.800000
    endloop
  endfacet
  facet normal -0.997452 0.071339 0.000000
    outer loop
      vertex -8.663741 -4.192125 -0.800000
      vertex -8.663741 -4.192125 0.800000
      vertex -8.650000 -4.000000 0.800000
    endloop
  endfacet
  facet normal 0.000000 0.000000 1.000000
    outer loop
      vertex 3.600000 0.000000 0.800000
      vertex 3.563357 0.512333 0.800000
      vertex 1.336259 0.192125 0.800000
    endloop
  endfacet
  facet normal 0.000000 0.000000 1.000000
    outer loop
      vertex 3.600000 0.000000 0.800000
      vertex 1.336259 0.192125 0.800000
      vertex 1.350000 0.000000 0.800000
    endloop
  endfacet
  facet normal 0.000000 0.000000 -1.000000
    outer loop
      vertex 3.600000 0.000000 -0.800000
      vertex 1.336259 0.192125 -0.800000
      vertex 3.563357 0.512333 -0.800000
    endloop
  endfacet
  facet normal 0.000000 0.000000 -1.000000
    outer loop
      vertex 3.600000 0.000000 -0.800000
      vertex 1.350000 0.000000 -0.800000
      vertex 1.336259 0.192125 -0.800000
    endloop
  endfacet
  facet normal 0.997452 0.071339 0.000000
    outer loop
      vertex 3.600000 0.000000 -0.800000
      vertex 3.563357 0.512333 -0.800000
      vertex 3.563357 0.512333 0.800000
    endloop
  endfacet
  facet normal 0.997452 0.071339 -0.000000
    outer loop
      vertex 3.600000 0.000000 -0.800000
      vertex 3.563357 0.512333 0.800000
      vertex 3.600000 0.000000 0.800000
    endloop
  endfacet
  facet normal -0.997452 -0.071339 0.000000
    outer loop
      vertex 1.350000 0.000000 -0.800000
      vertex 1.336259 0.192125 0.800000
      vertex 1.336259 0.192125 -0.800000
    endloop
  endfacet
  facet normal -0.997452 -0.071339 0.000000
    outer loop
      vertex 1.350000 0.000000 -0.800000
      vertex 1.350000 0.000000 0.800000
      vertex 1.336259 0.192125 0.800000
    endloop
  endfacet
  facet normal 0.000000 0.000000 1.000000
    outer loop
      vertex 3.563357 0.512333 0.800000
      vertex 3.454175 1.014237 0.800000
      vertex 1.295316 0.380339 0.800000
    endloop
  endfacet
  facet normal 0.000000 0.000000 1.000000
    outer loop
      vertex 3.563357 0.512333 0.800000
      vertex 1.295316 0.380339 0.800000
      vertex 1.336259 0.192125 0.800000
    endloop
  endfacet
  facet normal -0.000000 0.000000 -1.000000
    outer loop
      vertex 3.563357 0.512333 -0.800000
      vertex 1.295316 0.380339 -0.800000
      vertex 3.454175 1.014237 -0.800000
    endloop
  endfacet
  facet normal 0.000000 0.000000 -1.000000
    outer loop
      vertex 3.563357 0.512333 -0.800000
      vertex 1.336259 0.192125 -0.800000
      vertex 1.295316 0.380339 -0.800000
    endloop
  endfacet
  facet normal 0.977147 0.212565 0.000000
    outer loop
      vertex 3.563357 0.512333 -0.800000
      vertex 3.454175 1.014237 -0.800000
      vertex 3.454175 1.014237 0.800000
    endloop
  endfacet
  facet normal 0.977147 0.212565 -0.000000
    outer loop
      vertex 3.563357 0.512333 -0.800000
      vertex 3.454175 1.014237 0.800000
      vertex 3.563357 0.512333 0.800000
    endloop
  endfacet
  facet normal -0.977147 -0.212565 0.000000
    outer loop
      vertex 1.336259 0.192125 -0.800000
      vertex 1.295316 0.380339 0.800000
      vertex 1.295316 0.380339 -0.800000
    endloop
  endfacet
  facet normal -0.977147 -0.212565 0.000000
    outer loop
      vertex 1.336259 0.192125 -0.800000
      vertex 1.336259 0.192125 0.800000
      vertex 1.295316 0.380339 0.800000
    endloop
  endfacet
  facet normal 0.000000 0.000000 1.000000
    outer loop
      vertex 3.454175 1.014237 0.800000
      vertex 3.274675 1.495494 0.800000
      vertex 1.228003 0.560810 0.800000
    endloop
  endfacet
  facet normal 0.000000 0.000000 1.000000
    outer loop
      vertex 3.454175 1.014237 0.800000
      vertex 1.228003 0.560810 0.800000
      vertex 1.295316 0.380339 0.800000
    endloop
  endfacet
  facet normal -0.000000 0.000000 -1.000000
    outer loop
      vertex 3.454175 1.014237 -0.800000
      vertex 1.228003 0.560810 -0.800000
      vertex 3.274675 1.495494 -0.800000
    endloop
  endfacet
  facet normal 0.000000 0.000000 -1.000000
    outer loop
      vertex 3.454175 1.014237 -0.800000
      vertex 1.295316 0.380339 -0.800000
      vertex 1.228003 0.560810 -0.800000
    endloop
  endfacet
  facet normal 0.936950 0.349464 0.000000
    outer loop
      vertex 3.454175 1.014237 -0.800000
      vertex 3.274675 1.495494 -0.800000
      vertex 3.274675 1.495494 0.800000
    endloop
  endfacet
  facet normal 0.936950 0.349464 -0.000000
    outer loop
      vertex 3.454175 1.014237 -0.800000
      vertex 3.274675 1.495494 0.800000
      vertex 3.454175 1.014237 0.800000
    endloop
  endfacet
  facet normal -0.936950 -0.349464 0.000000
    outer loop
      vertex 1.295316 0.380339 -0.800000
      vertex 1.228003 0.560810 0.800000
      vertex 1.228003 0.560810 -0.800000
    endloop
  endfacet
  facet normal -0.936950 -0.349464 0.000000
    outer loop
      vertex 1.295316 0.380339 -0.800000
      vertex 1.295316 0.380339 0.800000
      vertex 1.228003 0.560810 0.800000
    endloop
  endfacet
  facet normal 0.000000 0.000000 1.000000
    outer loop
      vertex 3.274675 1.495494 0.800000
      vertex 3.028513 1.946307 0.800000
      vertex 1.135692 0.729865 0.800000
    endloop
  endfacet
  facet normal 0.000000 0.000000 1.000000
    outer loop
      vertex 3.274675 1.495494 0.800000
      vertex 1.135692 0.729865 0.800000
      vertex 1.228003 0.560810 0.800000
    endloop
  endfacet
  facet normal -0.000000 0.000000 -1.000000
    outer loop
      vertex 3.274675 1.495494 -0.800000
      vertex 1.135692 0.729865 -0.800000
      vertex 3.028513 1.946307 -0.800000
    endloop
  endfacet
  facet normal 0.000000 0.000000 -1.000000
    outer loop
      vertex 3.274675 1.495494 -0.800000
      vertex 1.228003 0.560810 -0.800000
      vertex 1.135692 0.729865 -0.800000
    endloop
  endfacet
  facet normal 0.877679 0.479249 0.000000
    outer loop
      vertex 3.274675 1.495494 -0.800000
      vertex 3.028513 1.946307 -0.800000
      vertex 3.028513 1.946307 0.800000
    endloop
  endfacet
  facet normal 0.877679 0.479249 -0.000000
    outer loop
      vertex 3.274675 1.495494 -0.800000
      vertex 3.028513 1.946307 0.800000
      vertex 3.274675 1.495494 0.800000
    endloop
  endfacet
  facet normal -0.877679 -0.479249 0.000000
    outer loop
      vertex 1.228003 0.560810 -0.800000
      vertex 1.135692 0.729865 0.800000
      vertex 1.135692 0.729865 -0.800000
    endloop
  endfacet
  facet normal -0.877679 -0.479249 0.000000
    outer loop
      vertex 1.228003 0.560810 -0.800000
      vertex 1.228003 0.560810 0.800000
      vertex 1.135692 0.729865 0.800000
    endloop
  endfacet
  facet normal 0.000000 0.000000 1.000000
    outer loop
      vertex 3.028513 1.946307 0.800000
      vertex 2.720698 2.357499 0.800000
      vertex 1.020262 0.884062 0.800000
    endloop
  endfacet
  facet normal 0.000000 0.000000 1.000000
    outer loop
      vertex 3.028513 1.946307 0.800000
      vertex 1.020262 0.884062 0.800000
      vertex 1.135692 0.729865 0.800000
    endloop
  endfacet
  facet normal -0.000000 0.000000 -1.000000
    outer loop
      vertex 3.028513 1.946307 -0.800000
      vertex 1.020262 0.884062 -0.800000
      vertex 2.720698 2.357499 -0.800000
    endloop
  endfacet
  facet normal 0.000000 0.000000 -1.000000
    outer loop
      vertex 3.028513 1.946307 -0.800000
      vertex 1.135692 0.729865 -0.800000
      vertex 1.020262 0.884062 -0.800000
    endloop
  endfacet
  facet normal 0.800541 0.599278 0.000000
    outer loop
      vertex 3.028513 1.946307 -0.800000
      vertex 2.720698 2.357499 -0.800000
      vertex 2.720698 2.357499 0.800000
    endloop
  endfacet
  facet normal 0.800541 0.599278 -0.000000
    outer loop
      vertex 3.028513 1.946307 -0.800000
      vertex 2.720698 2.357499 0.800000
      vertex 3.028513 1.946307 0.800000
    endloop
  endfacet
  facet normal -0.800541 -0.599278 0.000000
    outer loop
      vertex 1.135692 0.729865 -0.800000
      vertex 1.020262 0.884062 0.800000
      vertex 1.020262 0.884062 -0.800000
    endloop
  endfacet
  facet normal -0.800541 -0.599278 0.000000
    outer loop
      vertex 1.135692 0.729865 -0.800000
      vertex 1.135692 0.729865 0.800000
      vertex 1.020262 0.884062 0.800000
    endloop
  endfacet
  facet normal 0.000000 0.000000 1.000000
    outer loop
      vertex 2.720698 2.357499 0.800000
      vertex 2.357499 2.720698 0.800000
      vertex 0.884062 1.020262 0.800000
    endloop
  endfacet
  facet normal 0.000000 0.000000 1.000000
    outer loop
      vertex 2.720698 2.357499 0.800000
      vertex 0.884062 1.020262 0.800000
      vertex 1.020262 0.884062 0.800000
    endloop
  endfacet
  facet normal -0.000000 0.000000 -1.000000
    outer loop
      vertex 2.720698 2.357499 -0.800000
      vertex 0.884062 1.020262 -0.800000
      vertex 2.357499 2.720698 -0.800000
    endloop
  endfacet
  facet normal 0.000000 0.000000 -1.000000
    outer loop
      vertex 2.720698 2.357499 -0.800000
      vertex 1.020262 0.884062 -0.800000
      vertex 0.884062 1.020262 -0.800000
    endloop
  endfacet
  facet normal 0.707107 0.707107 0.000000
    outer loop
      vertex 2.720698 2.357499 -0.800000
      vertex 2.357499 2.720698 -0.800000
      vertex 2.357499 2.720698 0.800000
    endloop
  endfacet
  facet normal 0.707107 0.707107 -0.000000
    outer loop
      vertex 2.720698 2.357499 -0.800000
      vertex 2.357499 2.720698 0.800000
      vertex 2.720698 2.357499 0.800000
    endloop
  endfacet
  facet normal -0.707107 -0.707107 0.000000
    outer loop
      vertex 1.020262 0.884062 -0.800000
      vertex 0.884062 1.020262 0.800000
      vertex 0.884062 1.020262 -0.800000
    endloop
  endfacet
  facet normal -0.707107 -0.707107 0.000000
    outer loop
      vertex 1.020262 0.884062 -0.800000
      vertex 1.020262 0.884062 0.800000
      vertex 0.884062 1.020262 0.800000
    endloop
  endfacet
  facet normal 0.000000 0.000000 1.000000
    outer loop
      vertex 2.357499 2.720698 0.800000
      vertex 1.946307 3.028513 0.800000
      vertex 0.729865 1.135692 0.800000
    endloop
  endfacet
  facet normal 0.000000 0.000000 1.000000
    outer loop
      vertex 2.357499 2.720698 0.800000
      vertex 0.729865 1.135692 0.800000
      vertex 0.884062 1.020262 0.800000
    endloop
  endfacet
  facet normal -0.000000 0.000000 -1.000000
    outer loop
      vertex 2.357499 2.720698 -0.800000
      vertex 0.729865 1.135692 -0.800000
      vertex 1.946307 3.028513 -0.800000
    endloop
  endfacet
  facet normal 0.000000 0.000000 -1.000000
    outer loop
      vertex 2.357499 2.720698 -0.800000
      vertex 0.884062 1.020262 -0.800000
      vertex 0.729865 1.135692 -0.800000
    endloop
  endfacet
  facet normal 0.599278 0.800541 0.000000
    outer loop
      vertex 2.357499 2.720698 -0.800000
      vertex 1.946307 3.028513 -0.800000
      vertex 1.946307 3.028513 0.800000
    endloop
  endfacet
  facet normal 0.599278 0.800541 -0.000000
    outer loop
      vertex 2.357499 2.720698 -0.800000
      vertex 1.946307 3.028513 0.800000
      vertex 2.357499 2.720698 0.800000
    endloop
  endfacet
  facet normal -0.599278 -0.800541 0.000000
    outer loop
      vertex 0.884062 1.020262 -0.800000
      vertex 0.729865 1.135692 0.800000
      vertex 0.729865 1.135692 -0.800000
    endloop
  endfacet
  facet normal -0.599278 -0.800541 0.000000
    outer loop
      vertex 0.884062 1.020262 -0.800000
      vertex 0.884062 1.020262 0.800000
      vertex 0.729865 1.135692 0.800000
    endloop
  endfacet
  facet normal 0.000000 0.000000 1.000000
    outer loop
      vertex 1.946307 3.028513 0.800000
      vertex 1.495494 3.274675 0.800000
      vertex 0.560810 1.228003 0.800000
    endloop
  endfacet
  facet normal 0.000000 0.000000 1.000000
    outer loop
      vertex 1.946307 3.028513 0.800000
      vertex 0.560810 1.228003 0.800000
      vertex 0.729865 1.135692 0.800000
    endloop
  endfacet
  facet normal -0.000000 0.000000 -1.000000
    outer loop
      vertex 1.946307 3.028513 -0.800000
      vertex 0.560810 1.228003 -0.800000
      vertex 1.495494 3.274675 -0.800000
    endloop
  endfacet
  facet normal 0.000000 0.000000 -1.000000
    outer loop
      vertex 1.946307 3.028513 -0.800000
      vertex 0.729865 1.135692 -0.800000
      vertex 0.560810 1.228003 -0.800000
    endloop
  endfacet
  facet normal 0.479249 0.877679 0.000000
    outer loop
      vertex 1.946307 3.028513 -0.800000
      vertex 1.495494 3.274675 -0.800000
      vertex 1.495494 3.274675 0.800000
    endloop
  endfacet
  facet normal 0.479249 0.877679 -0.000000
    outer loop
      vertex 1.946307 3.028513 -0.800000
      vertex 1.495494 3.274675 0.800000
      vertex 1.946307 3.028513 0.800000
    endloop
  endfacet
  facet normal -0.479249 -0.877679 0.000000
    outer loop
      vertex 0.729865 1.135692 -0.800000
      vertex 0.560810 1.228003 0.800000
      vertex 0.560810 1.228003 -0.800000
    endloop
  endfacet
  facet normal -0.479249 -0.877679 0.000000
    outer loop
      vertex 0.729865 1.135692 -0.800000
      vertex 0.729865 1.135692 0.800000
      vertex 0.560810 1.228003 0.800000
    endloop
  endfacet
  facet normal 0.000000 0.000000 1.000000
    outer loop
      vertex 1.495494 3.274675 0.800000
      vertex 1.014237 3.454175 0.800000
      vertex 0.380339 1.295316 0.800000
    endloop
  endfacet
  facet normal 0.000000 0.000000 1.000000
    outer loop
      vertex 1.495494 3.274675 0.800000
      vertex 0.380339 1.295316 0.800000
      vertex 0.560810 1.228003 0.800000
    endloop
  endfacet
  facet normal -0.000000 0.000000 -1.000000
    outer loop
      vertex 1.495494 3.274675 -0.800000
      vertex 0.380339 1.295316 -0.800000
      vertex 1.014237 3.454175 -0.800000
    endloop
  endfacet
  facet normal 0.000000 0.000000 -1.000000
    outer loop
      vertex 1.495494 3.274675 -0.800000
      vertex 0.560810 1.228003 -0.800000
      vertex 0.380339 1.295316 -0.800000
    endloop
  endfacet
  facet normal 0.349464 0.936950 0.000000
    outer loop
      vertex 1.495494 3.274675 -0.800000
      vertex 1.014237 3.454175 -0.800000
      vertex 1.014237 3.454175 0.800000
    endloop
  endfacet
  facet normal 0.349464 0.936950 -0.000000
    outer loop
      vertex 1.495494 3.274675 -0.800000
      vertex 1.014237 3.454175 0.800000
      vertex 1.495494 3.274675 0.800000
    endloop
  endfacet
  facet normal -0.349464 -0.936950 0.000000
    outer loop
      vertex 0.560810 1.228003 -0.800000
      vertex 0.380339 1.295316 0.800000
      vertex 0.380339 1.295316 -0.800000
    endloop
  endfacet
  facet normal -0.349464 -0.936950 0.000000
    outer loop
      vertex 0.560810 1.228003 -0.800000
      vertex 0.560810 1.228003 0.800000
      vertex 0.380339 1.295316 0.800000
    endloop
  endfacet
  facet normal 0.000000 0.000000 1.000000
    outer loop
      vertex 1.014237 3.454175 0.800000
      vertex 0.512333 3.563357 0.800000
      vertex 0.192125 1.336259 0.800000
    endloop
  endfacet
  facet normal 0.000000 0.000000 1.000000
    outer loop
      vertex 1.014237 3.454175 0.800000
      vertex 0.192125 1.336259 0.800000
      vertex 0.380339 1.295316 0.800000
    endloop
  endfacet
  facet normal -0.000000 0.000000 -1.000000
    outer loop
      vertex 1.014237 3.454175 -0.800000
      vertex 0.192125 1.336259 -0.800000
      vertex 0.512333 3.563357 -0.800000
    endloop
  endfacet
  facet normal 0.000000 0.000000 -1.000000
    outer loop
      vertex 1.014237 3.454175 -0.800000
      vertex 0.380339 1.295316 -0.800000
      vertex 0.192125 1.336259 -0.800000
    endloop
  endfacet
  facet normal 0.212565 0.977147 0.000000
    outer loop
      vertex 1.014237 3.454175 -0.800000
      vertex 0.512333 3.563357 -0.800000
      vertex 0.512333 3.563357 0.800000
    endloop
  endfacet
  facet normal 0.212565 0.977147 -0.000000
    outer loop
      vertex 1.014237 3.454175 -0.800000
      vertex 0.512333 3.563357 0.800000
      vertex 1.014237 3.454175 0.800000
    endloop
  endfacet
  facet normal -0.212565 -0.977147 0.000000
    outer loop
      vertex 0.380339 1.295316 -0.800000
      vertex 0.192125 1.336259 0.800000
      vertex 0.192125 1.336259 -0.800000
    endloop
  endfacet
  facet normal -0.212565 -0.977147 0.000000
    outer loop
      vertex 0.380339 1.295316 -0.800000
      vertex 0.380339 1.295316 0.800000
      vertex 0.192125 1.336259 0.800000
    endloop
  endfacet
  facet normal 0.000000 0.000000 1.000000
    outer loop
      vertex 0.512333 3.563357 0.800000
      vertex 0.000000 3.600000 0.800000
      vertex 0.000000 1.350000 0.800000
    endloop
  endfacet
  facet normal 0.000000 0.000000 1.000000
    outer loop
      vertex 0.512333 3.563357 0.800000
      vertex 0.000000 1.350000 0.800000
      vertex 0.192125 1.336259 0.800000
    endloop
  endfacet
  facet normal -0.000000 0.000000 -1.000000
    outer loop
      vertex 0.512333 3.563357 -0.800000
      vertex 0.000000 1.350000 -0.800000
      vertex 0.000000 3.600000 -0.800000
    endloop
  endfacet
  facet normal 0.000000 0.000000 -1.000000
    outer loop
      vertex 0.512333 3.563357 -0.800000
      vertex 0.192125 1.336259 -0.800000
      vertex 0.000000 1.350000 -0.800000
    endloop
  endfacet
  facet normal 0.071339 0.997452 0.000000
    outer loop
      vertex 0.512333 3.563357 -0.800000
      vertex 0.000000 3.600000 -0.800000
      vertex 0.000000 3.600000 0.800000
    endloop
  endfacet
  facet normal 0.071339 0.997452 -0.000000
    outer loop
      vertex 0.512333 3.563357 -0.800000
      vertex 0.000000 3.600000 0.800000
      vertex 0.512333 3.563357 0.800000
    endloop
  endfacet
  facet normal -0.071339 -0.997452 0.000000
    outer loop
      vertex 0.192125 1.336259 -0.800000
      vertex 0.000000 1.350000 0.800000
      vertex 0.000000 1.350000 -0.800000
    endloop
  endfacet
  facet normal -0.071339 -0.997452 0.000000
    outer loop
      vertex 0.192125 1.336259 -0.800000
      vertex 0.192125 1.336259 0.800000
      vertex 0.000000 1.350000 0.800000
    endloop
  endfacet
  facet normal 0.000000 0.000000 1.000000
    outer loop
      vertex 0.000000 3.600000 0.800000
      vertex -0.512333 3.563357 0.800000
      vertex -0.192125 1.336259 0.800000
    endloop
  endfacet
  facet normal 0.000000 0.000000 1.000000
    outer loop
      vertex 0.000000 3.600000 0.800000
      vertex -0.192125 1.336259 0.800000
      vertex 0.000000 1.350000 0.800000
    endloop
  endfacet
  facet normal 0.000000 0.000000 -1.000000
    outer loop
      vertex 0.000000 3.600000 -0.800000
      vertex -0.192125 1.336259 -0.800000
      vertex -0.512333 3.563357 -0.800000
    endloop
  endfacet
  facet normal 0.000000 0.000000 -1.000000
    outer loop
      vertex 0.000000 3.600000 -0.800000
      vertex 0.000000 1.350000 -0.800000
      vertex -0.192125 1.336259 -0.800000
    endloop
  endfacet
  facet normal -0.071339 0.997452 0.000000
    outer loop
      vertex 0.000000 3.600000 -0.800000
      vertex -0.512333 3.563357 -0.800000
      vertex -0.512333 3.563357 0.800000
    endloop
  endfacet
  facet normal -0.071339 0.997452 0.000000
    outer loop
      vertex 0.000000 3.600000 -0.800000
      vertex -0.512333 3.563357 0.800000
      vertex 0.000000 3.600000 0.800000
    endloop
  endfacet
  facet normal 0.071339 -0.997452 0.000000
    outer loop
      vertex 0.000000 1.350000 -0.800000
      vertex -0.192125 1.336259 0.800000
      vertex -0.192125 1.336259 -0.800000
    endloop
  endfacet
  facet normal 0.071339 -0.997452 0.000000
    outer loop
      vertex 0.000000 1.350000 -0.800000
      vertex 0.000000 1.350000 0.800000
      vertex -0.192125 1.336259 0.800000
    endloop
  endfacet
  facet normal 0.000000 0.000000 1.000000
    outer loop
      vertex -0.512333 3.563357 0.800000
      vertex -1.014237 3.454175 0.800000
      vertex -0.380339 1.295316 0.800000
    endloop
  endfacet
  facet normal 0.000000 0.000000 1.000000
    outer loop
      vertex -0.512333 3.563357 0.800000
      vertex -0.380339 1.295316 0.800000
      vertex -0.192125 1.336259 0.800000
    endloop
  endfacet
  facet normal 0.000000 -0.000000 -1.000000
    outer loop
      vertex -0.512333 3.563357 -0.800000
      vertex -0.380339 1.295316 -0.800000
      vertex -1.014237 3.454175 -0.800000
    endloop
  endfacet
  facet normal 0.000000 0.000000 -1.000000
    outer loop
      vertex -0.512333 3.563357 -0.800000
      vertex -0.192125 1.336259 -0.800000
      vertex -0.380339 1.295316 -0.800000
    endloop
  endfacet
  facet normal -0.212565 0.977147 0.000000
    outer loop
      vertex -0.512333 3.563357 -0.800000
      vertex -1.014237 3.454175 -0.800000
      vertex -1.014237 3.454175 0.800000
    endloop
  endfacet
  facet normal -0.212565 0.977147 0.000000
    outer loop
      vertex -0.512333 3.563357 -0.800000
      vertex -1.014237 3.454175 0.800000
      vertex -0.512333 3.563357 0.800000
    endloop
  endfacet
  facet normal 0.212565 -0.977147 0.000000
    outer loop
      vertex -0.192125 1.336259 -0.800000
      vertex -0.380339 1.295316 0.800000
      vertex -0.380339 1.295316 -0.800000
    endloop
  endfacet
  facet normal 0.212565 -0.977147 0.000000
    outer loop
      vertex -0.192125 1.336259 -0.800000
      vertex -0.192125 1.336259 0.800000
      vertex -0.380339 1.295316 0.800000
    endloop
  endfacet
  facet normal 0.000000 0.000000 1.000000
    outer loop
      vertex -1.014237 3.454175 0.800000
      vertex -1.495494 3.274675 0.800000
      vertex -0.560810 1.228003 0.800000
    endloop
  endfacet
  facet normal 0.000000 0.000000 1.000000
    outer loop
      vertex -1.014237 3.454175 0.800000
      vertex -0.560810 1.228003 0.800000
      vertex -0.380339 1.295316 0.800000
    endloop
  endfacet
  facet normal 0.000000 -0.000000 -1.000000
    outer loop
      vertex -1.014237 3.454175 -0.800000
      vertex -0.560810 1.228003 -0.800000
      vertex -1.495494 3.274675 -0.800000
    endloop
  endfacet
  facet normal 0.000000 0.000000 -1.000000
    outer loop
      vertex -1.014237 3.454175 -0.800000
      vertex -0.380339 1.295316 -0.800000
      vertex -0.560810 1.228003 -0.800000
    endloop
  endfacet
  facet normal -0.349464 0.936950 0.000000
    outer loop
      vertex -1.014237 3.454175 -0.800000
      vertex -1.495494 3.274675 -0.800000
      vertex -1.495494 3.274675 0.800000
    endloop
  endfacet
  facet normal -0.349464 0.936950 0.000000
    outer loop
      vertex -1.014237 3.454175 -0.800000
      vertex -1.495494 3.274675 0.800000
      vertex -1.014237 3.454175 0.800000
    endloop
  endfacet
  facet normal 0.349464 -0.936950 0.000000
    outer loop
      vertex -0.380339 1.295316 -0.800000
      vertex -0.560810 1.228003 0.800000
      vertex -0.560810 1.228003 -0.800000
    endloop
  endfacet
  facet normal 0.349464 -0.936950 0.000000
    outer loop
      vertex -0.380339 1.295316 -0.800000
      vertex -0.380339 1.295316 0.800000
      vertex -0.560810 1.228003 0.800000
    endloop
  endfacet
  facet normal 0.000000 0.000000 1.000000
    outer loop
      vertex -1.495494 3.274675 0.800000
      vertex -1.946307 3.028513 0.800000
      vertex -0.729865 1.135692 0.800000
    endloop
  endfacet
  facet normal 0.000000 0.000000 1.000000
    outer loop
      vertex -1.495494 3.274675 0.800000
      vertex -0.729865 1.135692 0.800000
      vertex -0.560810 1.228003 0.800000
    endloop
  endfacet
  facet normal 0.000000 -0.000000 -1.000000
    outer loop
      vertex -1.495494 3.274675 -0.800000
      vertex -0.729865 1.135692 -0.800000
      vertex -1.946307 3.028513 -0.800000
    endloop
  endfacet
  facet normal 0.000000 0.000000 -1.000000
    outer loop
      vertex -1.495494 3.274675 -0.800000
      vertex -0.560810 1.228003 -0.800000
      vertex -0.729865 1.135692 -0.800000
    endloop
  endfacet
  facet normal -0.479249 0.877679 0.000000
    outer loop
      vertex -1.495494 3.274675 -0.800000
      vertex -1.946307 3.028513 -0.800000
      vertex -1.946307 3.028513 0.800000
    endloop
  endfacet
  facet normal -0.479249 0.877679 0.000000
    outer loop
      vertex -1.495494 3.274675 -0.800000
      vertex -1.946307 3.028513 0.800000
      vertex -1.495494 3.274675 0.800000
    endloop
  endfacet
  facet normal 0.479249 -0.877679 0.000000
    outer loop
      vertex -0.560810 1.228003 -0.800000
      vertex -0.729865 1.135692 0.800000
      vertex -0.729865 1.135692 -0.800000
    endloop
  endfacet
  facet normal 0.479249 -0.877679 0.000000
    outer loop
      vertex -0.560810 1.228003 -0.800000
      vertex -0.560810 1.228003 0.800000
      vertex -0.729865 1.135692 0.800000
    endloop
  endfacet
  facet normal 0.000000 0.000000 1.000000
    outer loop
      vertex -1.946307 3.028513 0.800000
      vertex -2.357499 2.720698 0.800000
      vertex -0.884062 1.020262 0.800000
    endloop
  endfacet
  facet normal 0.000000 0.000000 1.000000
    outer loop
      vertex -1.946307 3.028513 0.800000
      vertex -0.884062 1.020262 0.800000
      vertex -0.729865 1.135692 0.800000
    endloop
  endfacet
  facet normal 0.000000 -0.000000 -1.000000
    outer loop
      vertex -1.946307 3.028513 -0.800000
      vertex -0.884062 1.020262 -0.800000
      vertex -2.357499 2.720698 -0.800000
    endloop
  endfacet
  facet normal 0.000000 0.000000 -1.000000
    outer loop
      vertex -1.946307 3.028513 -0.800000
      vertex -0.729865 1.135692 -0.800000
      vertex -0.884062 1.020262 -0.800000
    endloop
  endfacet
  facet normal -0.599278 0.800541 0.000000
    outer loop
      vertex -1.946307 3.028513 -0.800000
      vertex -2.357499 2.720698 -0.800000
      vertex -2.357499 2.720698 0.800000
    endloop
  endfacet
  facet normal -0.599278 0.800541 0.000000
    outer loop
      vertex -1.946307 3.028513 -0.800000
      vertex -2.357499 2.720698 0.800000
      vertex -1.946307 3.028513 0.800000
    endloop
  endfacet
  facet normal 0.599278 -0.800541 0.000000
    outer loop
      vertex -0.729865 1.135692 -0.800000
      vertex -0.884062 1.020262 0.800000
      vertex -0.884062 1.020262 -0.800000
    endloop
  endfacet
  facet normal 0.599278 -0.800541 0.000000
    outer loop
      vertex -0.729865 1.135692 -0.800000
      vertex -0.729865 1.135692 0.800000
      vertex -0.884062 1.020262 0.800000
    endloop
  endfacet
  facet normal 0.000000 0.000000 1.000000
    outer loop
      vertex -2.357499 2.720698 0.800000
      vertex -2.720698 2.357499 0.800000
      vertex -1.020262 0.884062 0.800000
    endloop
  endfacet
  facet normal 0.000000 0.000000 1.000000
    outer loop
      vertex -2.357499 2.720698 0.800000
      vertex -1.020262 0.884062 0.800000
      vertex -0.884062 1.020262 0.800000
    endloop
  endfacet
  facet normal 0.000000 -0.000000 -1.000000
    outer loop
      vertex -2.357499 2.720698 -0.800000
      vertex -1.020262 0.884062 -0.800000
      vertex -2.720698 2.357499 -0.800000
    endloop
  endfacet
  facet normal 0.000000 0.000000 -1.000000
    outer loop
      vertex -2.357499 2.720698 -0.800000
      vertex -0.884062 1.020262 -0.800000
      vertex -1.020262 0.884062 -0.800000
    endloop
  endfacet
  facet normal -0.707107 0.707107 0.000000
    outer loop
      vertex -2.357499 2.720698 -0.800000
      vertex -2.720698 2.357499 -0.800000
      vertex -2.720698 2.357499 0.800000
    endloop
  endfacet
  facet normal -0.707107 0.707107 0.000000
    outer loop
      vertex -2.357499 2.720698 -0.800000
      vertex -2.720698 2.357499 0.800000
      vertex -2.357499 2.720698 0.800000
    endloop
  endfacet
  facet normal 0.707107 -0.707107 0.000000
    outer loop
      vertex -0.884062 1.020262 -0.800000
      vertex -1.020262 0.884062 0.800000
      vertex -1.020262 0.884062 -0.800000
    endloop
  endfacet
  facet normal 0.707107 -0.707107 0.000000
    outer loop
      vertex -0.884062 1.020262 -0.800000
      vertex -0.884062 1.020262 0.800000
      vertex -1.020262 0.884062 0.800000
    endloop
  endfacet
  facet normal 0.000000 0.000000 1.000000
    outer loop
      vertex -2.720698 2.357499 0.800000
      vertex -3.028513 1.946307 0.800000
      vertex -1.135692 0.729865 0.800000
    endloop
  endfacet
  facet normal 0.000000 0.000000 1.000000
    outer loop
      vertex -2.720698 2.357499 0.800000
      vertex -1.135692 0.729865 0.800000
      vertex -1.020262 0.884062 0.800000
    endloop
  endfacet
  facet normal 0.000000 -0.000000 -1.000000
    outer loop
      vertex -2.720698 2.357499 -0.800000
      vertex -1.135692 0.729865 -0.800000
      vertex -3.028513 1.946307 -0.800000
    endloop
  endfacet
  facet normal 0.000000 0.000000 -1.000000
    outer loop
      vertex -2.720698 2.357499 -0.800000
      vertex -1.020262 0.884062 -0.800000
      vertex -1.135692 0.729865 -0.800000
    endloop
  endfacet
  facet normal -0.800541 0.599278 0.000000
    outer loop
      vertex -2.720698 2.357499 -0.800000
      vertex -3.028513 1.946307 -0.800000
      vertex -3.028513 1.946307 0.800000
    endloop
  endfacet
  facet normal -0.800541 0.599278 0.000000
    outer loop
      vertex -2.720698 2.357499 -0.800000
      vertex -3.028513 1.946307 0.800000
      vertex -2.720698 2.357499 0.800000
    endloop
  endfacet
  facet normal 0.800541 -0.599278 0.000000
    outer loop
      vertex -1.020262 0.884062 -0.800000
      vertex -1.135692 0.729865 0.800000
      vertex -1.135692 0.729865 -0.800000
    endloop
  endfacet
  facet normal 0.800541 -0.599278 0.000000
    outer loop
      vertex -1.020262 0.884062 -0.800000
      vertex -1.020262 0.884062 0.800000
      vertex -1.135692 0.729865 0.800000
    endloop
  endfacet
  facet normal 0.000000 0.000000 1.000000
    outer loop
      vertex -3.028513 1.946307 0.800000
      vertex -3.274675 1.495494 0.800000
      vertex -1.228003 0.560810 0.800000
    endloop
  endfacet
  facet normal 0.000000 0.000000 1.000000
    outer loop
      vertex -3.028513 1.946307 0.800000
      vertex -1.228003 0.560810 0.800000
      vertex -1.135692 0.729865 0.800000
    endloop
  endfacet
  facet normal 0.000000 -0.000000 -1.000000
    outer loop
      vertex -3.028513 1.946307 -0.800000
      vertex -1.228003 0.560810 -0.800000
      vertex -3.274675 1.495494 -0.800000
    endloop
  endfacet
  facet normal 0.000000 0.000000 -1.000000
    outer loop
      vertex -3.028513 1.946307 -0.800000
      vertex -1.135692 0.729865 -0.800000
      vertex -1.228003 0.560810 -0.800000
    endloop
  endfacet
  facet normal -0.877679 0.479249 0.000000
    outer loop
      vertex -3.028513 1.946307 -0.800000
      vertex -3.274675 1.495494 -0.800000
      vertex -3.274675 1.495494 0.800000
    endloop
  endfacet
  facet normal -0.877679 0.479249 0.000000
    outer loop
      vertex -3.028513 1.946307 -0.800000
      vertex -3.274675 1.495494 0.800000
      vertex -3.028513 1.946307 0.800000
    endloop
  endfacet
  facet normal 0.877679 -0.479249 0.000000
    outer loop
      vertex -1.135692 0.729865 -0.800000
      vertex -1.228003 0.560810 0.800000
      vertex -1.228003 0.560810 -0.800000
    endloop
  endfacet
  facet normal 0.877679 -0.479249 0.000000
    outer loop
      vertex -1.135692 0.729865 -0.800000
      vertex -1.135692 0.729865 0.800000
      vertex -1.228003 0.560810 0.800000
    endloop
  endfacet
  facet normal 0.000000 0.000000 1.000000
    outer loop
      vertex -3.274675 1.495494 0.800000
      vertex -3.454175 1.014237 0.800000
      vertex -1.295316 0.380339 0.800000
    endloop
  endfacet
  facet normal 0.000000 0.000000 1.000000
    outer loop
      vertex -3.274675 1.495494 0.800000
      vertex -1.295316 0.380339 0.800000
      vertex -1.228003 0.560810 0.800000
    endloop
  endfacet
  facet normal 0.000000 -0.000000 -1.000000
    outer loop
      vertex -3.274675 1.495494 -0.800000
      vertex -1.295316 0.380339 -0.800000
      vertex -3.454175 1.014237 -0.800000
    endloop
  endfacet
  facet normal 0.000000 0.000000 -1.000000
    outer loop
      vertex -3.274675 1.495494 -0.800000
      vertex -1.228003 0.560810 -0.800000
      vertex -1.295316 0.380339 -0.800000
    endloop
  endfacet
  facet normal -0.936950 0.349464 0.000000
    outer loop
      vertex -3.274675 1.495494 -0.800000
      vertex -3.454175 1.014237 -0.800000
      vertex -3.454175 1.014237 0.800000
    endloop
  endfacet
  facet normal -0.936950 0.349464 0.000000
    outer loop
      vertex -3.274675 1.495494 -0.800000
      vertex -3.454175 1.014237 0.800000
      vertex -3.274675 1.495494 0.800000
    endloop
  endfacet
  facet normal 0.936950 -0.349464 0.000000
    outer loop
      vertex -1.228003 0.560810 -0.800000
      vertex -1.295316 0.380339 0.800000
      vertex -1.295316 0.380339 -0.800000
    endloop
  endfacet
  facet normal 0.936950 -0.349464 0.000000
    outer loop
      vertex -1.228003 0.560810 -0.800000
      vertex -1.228003 0.560810 0.800000
      vertex -1.295316 0.380339 0.800000
    endloop
  endfacet
  facet normal 0.000000 0.000000 1.000000
    outer loop
      vertex -3.454175 1.014237 0.800000
      vertex -3.563357 0.512333 0.800000
      vertex -1.336259 0.192125 0.800000
    endloop
  endfacet
  facet normal 0.000000 0.000000 1.000000
    outer loop
      vertex -3.454175 1.014237 0.800000
      vertex -1.336259 0.192125 0.800000
      vertex -1.295316 0.380339 0.800000
    endloop
  endfacet
  facet normal 0.000000 -0.000000 -1.000000
    outer loop
      vertex -3.454175 1.014237 -0.800000
      vertex -1.336259 0.192125 -0.800000
      vertex -3.563357 0.512333 -0.800000
    endloop
  endfacet
  facet normal 0.000000 0.000000 -1.000000
    outer loop
      vertex -3.454175 1.014237 -0.800000
      vertex -1.295316 0.380339 -0.800000
      vertex -1.336259 0.192125 -0.800000
    endloop
  endfacet
  facet normal -0.977147 0.212565 0.000000
    outer loop
      vertex -3.454175 1.014237 -0.800000
      vertex -3.563357 0.512333 -0.800000
      vertex -3.563357 0.512333 0.800000
    endloop
  endfacet
  facet normal -0.977147 0.212565 0.000000
    outer loop
      vertex -3.454175 1.014237 -0.800000
      vertex -3.563357 0.512333 0.800000
      vertex -3.454175 1.014237 0.800000
    endloop
  endfacet
  facet normal 0.977147 -0.212565 0.000000
    outer loop
      vertex -1.295316 0.380339 -0.800000
      vertex -1.336259 0.192125 0.800000
      vertex -1.336259 0.192125 -0.800000
    endloop
  endfacet
  facet normal 0.977147 -0.212565 0.000000
    outer loop
      vertex -1.295316 0.380339 -0.800000
      vertex -1.295316 0.380339 0.800000
      vertex -1.336259 0.192125 0.800000
    endloop
  endfacet
  facet normal 0.000000 0.000000 1.000000
    outer loop
      vertex -3.563357 0.512333 0.800000
      vertex -3.600000 0.000000 0.800000
      vertex -1.350000 0.000000 0.800000
    endloop
  endfacet
  facet normal 0.000000 0.000000 1.000000
    outer loop
      vertex -3.563357 0.512333 0.800000
      vertex -1.350000 0.000000 0.800000
      vertex -1.336259 0.192125 0.800000
    endloop
  endfacet
  facet normal 0.000000 -0.000000 -1.000000
    outer loop
      vertex -3.563357 0.512333 -0.800000
      vertex -1.350000 0.000000 -0.800000
      vertex -3.600000 0.000000 -0.800000
    endloop
  endfacet
  facet normal 0.000000 0.000000 -1.000000
    outer loop
      vertex -3.563357 0.512333 -0.800000
      vertex -1.336259 0.192125 -0.800000
      vertex -1.350000 0.000000 -0.800000
    endloop
  endfacet
  facet normal -0.997452 0.071339 0.000000
    outer loop
      vertex -3.563357 0.512333 -0.800000
      vertex -3.600000 0.000000 -0.800000
      vertex -3.600000 0.000000 0.800000
    endloop
  endfacet
  facet normal -0.997452 0.071339 0.000000
    outer loop
      vertex -3.563357 0.512333 -0.800000
      vertex -3.600000 0.000000 0.800000
      vertex -3.563357 0.512333 0.800000
    endloop
  endfacet
  facet normal 0.997452 -0.071339 0.000000
    outer loop
      vertex -1.336259 0.192125 -0.800000
      vertex -1.350000 0.000000 0.800000
      vertex -1.350000 0.000000 -0.800000
    endloop
  endfacet
  facet normal 0.997452 -0.071339 0.000000
    outer loop
      vertex -1.336259 0.192125 -0.800000
      vertex -1.336259 0.192125 0.800000
      vertex -1.350000 0.000000 0.800000
    endloop
  endfacet
  facet normal 0.000000 0.000000 1.000000
    outer loop
      vertex -3.600000 0.000000 0.800000
      vertex -3.563357 -0.512333 0.800000
      vertex -1.336259 -0.192125 0.800000
    endloop
  endfacet
  facet normal 0.000000 0.000000 1.000000
    outer loop
      vertex -3.600000 0.000000 0.800000
      vertex -1.336259 -0.192125 0.800000
      vertex -1.350000 0.000000 0.800000
    endloop
  endfacet
  facet normal 0.000000 0.000000 -1.000000
    outer loop
      vertex -3.600000 0.000000 -0.800000
      vertex -1.336259 -0.192125 -0.800000
      vertex -3.563357 -0.512333 -0.800000
    endloop
  endfacet
  facet normal 0.000000 0.000000 -1.000000
    outer loop
      vertex -3.600000 0.000000 -0.800000
      vertex -1.350000 0.000000 -0.800000
      vertex -1.336259 -0.192125 -0.800000
    endloop
  endfacet
  facet normal -0.997452 -0.071339 0.000000
    outer loop
      vertex -3.600000 0.000000 -0.800000
      vertex -3.563357 -0.512333 -0.800000
      vertex -3.563357 -0.512333 0.800000
    endloop
  endfacet
  facet normal -0.997452 -0.071339 0.000000
    outer loop
      vertex -3.600000 0.000000 -0.800000
      vertex -3.563357 -0.512333 0.800000
      vertex -3.600000 0.000000 0.800000
    endloop
  endfacet
  facet normal 0.997452 0.071339 0.000000
    outer loop
      vertex -1.350000 0.000000 -0.800000
      vertex -1.336259 -0.192125 0.800000
      vertex -1.336259 -0.192125 -0.800000
    endloop
  endfacet
  facet normal 0.997452 0.071339 -0.000000
    outer loop
      vertex -1.350000 0.000000 -0.800000
      vertex -1.350000 0.000000 0.800000
      vertex -1.336259 -0.192125 0.800000
    endloop
  endfacet
  facet normal -0.000000 0.000000 1.000000
    outer loop
      vertex -3.563357 -0.512333 0.800000
      vertex -3.454175 -1.014237 0.800000
      vertex -1.295316 -0.380339 0.800000
    endloop
  endfacet
  facet normal 0.000000 0.000000 1.000000
    outer loop
      vertex -3.563357 -0.512333 0.800000
      vertex -1.295316 -0.380339 0.800000
      vertex -1.336259 -0.192125 0.800000
    endloop
  endfacet
  facet normal 0.000000 0.000000 -1.000000
    outer loop
      vertex -3.563357 -0.512333 -0.800000
      vertex -1.295316 -0.380339 -0.800000
      vertex -3.454175 -1.014237 -0.800000
    endloop
  endfacet
  facet normal 0.000000 0.000000 -1.000000
    outer loop
      vertex -3.563357 -0.512333 -0.800000
      vertex -1.336259 -0.192125 -0.800000
      vertex -1.295316 -0.380339 -0.800000
    endloop
  endfacet
  facet normal -0.977147 -0.212565 0.000000
    outer loop
      vertex -3.563357 -0.512333 -0.800000
      vertex -3.454175 -1.014237 -0.800000
      vertex -3.454175 -1.014237 0.800000
    endloop
  endfacet
  facet normal -0.977147 -0.212565 0.000000
    outer loop
      vertex -3.563357 -0.512333 -0.800000
      vertex -3.454175 -1.014237 0.800000
      vertex -3.563357 -0.512333 0.800000
    endloop
  endfacet
  facet normal 0.977147 0.212565 0.000000
    outer loop
      vertex -1.336259 -0.192125 -0.800000
      vertex -1.295316 -0.380339 0.800000
      vertex -1.295316 -0.380339 -0.800000
    endloop
  endfacet
  facet normal 0.977147 0.212565 -0.000000
    outer loop
      vertex -1.336259 -0.192125 -0.800000
      vertex -1.336259 -0.192125 0.800000
      vertex -1.295316 -0.380339 0.800000
    endloop
  endfacet
  facet normal -0.000000 0.000000 1.000000
    outer loop
      vertex -3.454175 -1.014237 0.800000
      vertex -3.274675 -1.495494 0.800000
      vertex -1.228003 -0.560810 0.800000
    endloop
  endfacet
  facet normal 0.000000 0.000000 1.000000
    outer loop
      vertex -3.454175 -1.014237 0.800000
      vertex -1.228003 -0.560810 0.800000
      vertex -1.295316 -0.380339 0.800000
    endloop
  endfacet
  facet normal 0.000000 0.000000 -1.000000
    outer loop
      vertex -3.454175 -1.014237 -0.800000
      vertex -1.228003 -0.560810 -0.800000
      vertex -3.274675 -1.495494 -0.800000
    endloop
  endfacet
  facet normal 0.000000 0.000000 -1.000000
    outer loop
      vertex -3.454175 -1.014237 -0.800000
      vertex -1.295316 -0.380339 -0.800000
      vertex -1.228003 -0.560810 -0.800000
    endloop
  endfacet
  facet normal -0.936950 -0.349464 0.000000
    outer loop
      vertex -3.454175 -1.014237 -0.800000
      vertex -3.274675 -1.495494 -0.800000
      vertex -3.274675 -1.495494 0.800000
    endloop
  endfacet
  facet normal -0.936950 -0.349464 0.000000
    outer loop
      vertex -3.454175 -1.014237 -0.800000
      vertex -3.274675 -1.495494 0.800000
      vertex -3.454175 -1.014237 0.800000
    endloop
  endfacet
  facet normal 0.936950 0.349464 0.000000
    outer loop
      vertex -1.295316 -0.380339 -0.800000
      vertex -1.228003 -0.560810 0.800000
      vertex -1.228003 -0.560810 -0.800000
    endloop
  endfacet
  facet normal 0.936950 0.349464 -0.000000
    outer loop
      vertex -1.295316 -0.380339 -0.800000
      vertex -1.295316 -0.380339 0.800000
      vertex -1.228003 -0.560810 0.800000
    endloop
  endfacet
  facet normal -0.000000 0.000000 1.000000
    outer loop
      vertex -3.274675 -1.495494 0.800000
      vertex -3.028513 -1.946307 0.800000
      vertex -1.135692 -0.729865 0.800000
    endloop
  endfacet
  facet normal 0.000000 0.000000 1.000000
    outer loop
      vertex -3.274675 -1.495494 0.800000
      vertex -1.135692 -0.729865 0.800000
      vertex -1.228003 -0.560810 0.800000
    endloop
  endfacet
  facet normal 0.000000 0.000000 -1.000000
    outer loop
      vertex -3.274675 -1.495494 -0.800000
      vertex -1.135692 -0.729865 -0.800000
      vertex -3.028513 -1.946307 -0.800000
    endloop
  endfacet
  facet normal 0.000000 0.000000 -1.000000
    outer loop
      vertex -3.274675 -1.495494 -0.800000
      vertex -1.228003 -0.560810 -0.800000
      vertex -1.135692 -0.729865 -0.800000
    endloop
  endfacet
  facet normal -0.877679 -0.479249 0.000000
    outer loop
      vertex -3.274675 -1.495494 -0.800000
      vertex -3.028513 -1.946307 -0.800000
      vertex -3.028513 -1.946307 0.800000
    endloop
  endfacet
  facet normal -0.877679 -0.479249 0.000000
    outer loop
      vertex -3.274675 -1.495494 -0.800000
      vertex -3.028513 -1.946307 0.800000
      vertex -3.274675 -1.495494 0.800000
    endloop
  endfacet
  facet normal 0.877679 0.479249 0.000000
    outer loop
      vertex -1.228003 -0.560810 -0.800000
      vertex -1.135692 -0.729865 0.800000
      vertex -1.135692 -0.729865 -0.800000
    endloop
  endfacet
  facet normal 0.877679 0.479249 -0.000000
    outer loop
      vertex -1.228003 -0.560810 -0.800000
      vertex -1.228003 -0.560810 0.800000
      vertex -1.135692 -0.729865 0.800000
    endloop
  endfacet
  facet normal -0.000000 0.000000 1.000000
    outer loop
      vertex -3.028513 -1.946307 0.800000
      vertex -2.720698 -2.357499 0.800000
      vertex -1.020262 -0.884062 0.800000
    endloop
  endfacet
  facet normal 0.000000 0.000000 1.000000
    outer loop
      vertex -3.028513 -1.946307 0.800000
      vertex -1.020262 -0.884062 0.800000
      vertex -1.135692 -0.729865 0.800000
    endloop
  endfacet
  facet normal 0.000000 0.000000 -1.000000
    outer loop
      vertex -3.028513 -1.946307 -0.800000
      vertex -1.020262 -0.884062 -0.800000
      vertex -2.720698 -2.357499 -0.800000
    endloop
  endfacet
  facet normal 0.000000 0.000000 -1.000000
    outer loop
      vertex -3.028513 -1.946307 -0.800000
      vertex -1.135692 -0.729865 -0.800000
      vertex -1.020262 -0.884062 -0.800000
    endloop
  endfacet
  facet normal -0.800541 -0.599278 0.000000
    outer loop
      vertex -3.028513 -1.946307 -0.800000
      vertex -2.720698 -2.357499 -0.800000
      vertex -2.720698 -2.357499 0.800000
    endloop
  endfacet
  facet normal -0.800541 -0.599278 0.000000
    outer loop
      vertex -3.028513 -1.946307 -0.800000
      vertex -2.720698 -2.357499 0.800000
      vertex -3.028513 -1.946307 0.800000
    endloop
  endfacet
  facet normal 0.800541 0.599278 0.000000
    outer loop
      vertex -1.135692 -0.729865 -0.800000
      vertex -1.020262 -0.884062 0.800000
      vertex -1.020262 -0.884062 -0.800000
    endloop
  endfacet
  facet normal 0.800541 0.599278 -0.000000
    outer loop
      vertex -1.135692 -0.729865 -0.800000
      vertex -1.135692 -0.729865 0.800000
      vertex -1.020262 -0.884062 0.800000
    endloop
  endfacet
  facet normal -0.000000 0.000000 1.000000
    outer loop
      vertex -2.720698 -2.357499 0.800000
      vertex -2.357499 -2.720698 0.800000
      vertex -0.884062 -1.020262 0.800000
    endloop
  endfacet
  facet normal 0.000000 0.000000 1.000000
    outer loop
      vertex -2.720698 -2.357499 0.800000
      vertex -0.884062 -1.020262 0.800000
      vertex -1.020262 -0.884062 0.800000
    endloop
  endfacet
  facet normal 0.000000 0.000000 -1.000000
    outer loop
      vertex -2.720698 -2.357499 -0.800000
      vertex -0.884062 -1.020262 -0.800000
      vertex -2.357499 -2.720698 -0.800000
    endloop
  endfacet
  facet normal 0.000000 0.000000 -1.000000
    outer loop
      vertex -2.720698 -2.357499 -0.800000
      vertex -1.020262 -0.884062 -0.800000
      vertex -0.884062 -1.020262 -0.800000
    endloop
  endfacet
  facet normal -0.707107 -0.707107 0.000000
    outer loop
      vertex -2.720698 -2.357499 -0.800000
      vertex -2.357499 -2.720698 -0.800000
      vertex -2.357499 -2.720698 0.800000
    endloop
  endfacet
  facet normal -0.707107 -0.707107 0.000000
    outer loop
      vertex -2.720698 -2.357499 -0.800000
      vertex -2.357499 -2.720698 0.800000
      vertex -2.720698 -2.357499 0.800000
    endloop
  endfacet
  facet normal 0.707107 0.707107 0.000000
    outer loop
      vertex -1.020262 -0.884062 -0.800000
      vertex -0.884062 -1.020262 0.800000
      vertex -0.884062 -1.020262 -0.800000
    endloop
  endfacet
  facet normal 0.707107 0.707107 -0.000000
    outer loop
      vertex -1.020262 -0.884062 -0.800000
      vertex -1.020262 -0.884062 0.800000
      vertex -0.884062 -1.020262 0.800000
    endloop
  endfacet
  facet normal -0.000000 0.000000 1.000000
    outer loop
      vertex -2.357499 -2.720698 0.800000
      vertex -1.946307 -3.028513 0.800000
      vertex -0.729865 -1.135692 0.800000
    endloop
  endfacet
  facet normal 0.000000 0.000000 1.000000
    outer loop
      vertex -2.357499 -2.720698 0.800000
      vertex -0.729865 -1.135692 0.800000
      vertex -0.884062 -1.020262 0.800000
    endloop
  endfacet
  facet normal 0.000000 0.000000 -1.000000
    outer loop
      vertex -2.357499 -2.720698 -0.800000
      vertex -0.729865 -1.135692 -0.800000
      vertex -1.946307 -3.028513 -0.800000
    endloop
  endfacet
  facet normal 0.000000 0.000000 -1.000000
    outer loop
      vertex -2.357499 -2.720698 -0.800000
      vertex -0.884062 -1.020262 -0.800000
      vertex -0.729865 -1.135692 -0.800000
    endloop
  endfacet
  facet normal -0.599278 -0.800541 0.000000
    outer loop
      vertex -2.357499 -2.720698 -0.800000
      vertex -1.946307 -3.028513 -0.800000
      vertex -1.946307 -3.028513 0.800000
    endloop
  endfacet
  facet normal -0.599278 -0.800541 0.000000
    outer loop
      vertex -2.357499 -2.720698 -0.800000
      vertex -1.946307 -3.028513 0.800000
      vertex -2.357499 -2.720698 0.800000
    endloop
  endfacet
  facet normal 0.599278 0.800541 0.000000
    outer loop
      vertex -0.884062 -1.020262 -0.800000
      vertex -0.729865 -1.135692 0.800000
      vertex -0.729865 -1.135692 -0.800000
    endloop
  endfacet
  facet normal 0.599278 0.800541 -0.000000
    outer loop
      vertex -0.884062 -1.020262 -0.800000
      vertex -0.884062 -1.020262 0.800000
      vertex -0.729865 -1.135692 0.800000
    endloop
  endfacet
  facet normal -0.000000 0.000000 1.000000
    outer loop
      vertex -1.946307 -3.028513 0.800000
      vertex -1.495494 -3.274675 0.800000
      vertex -0.560810 -1.228003 0.800000
    endloop
  endfacet
  facet normal 0.000000 0.000000 1.000000
    outer loop
      vertex -1.946307 -3.028513 0.800000
      vertex -0.560810 -1.228003 0.800000
      vertex -0.729865 -1.135692 0.800000
    endloop
  endfacet
  facet normal 0.000000 0.000000 -1.000000
    outer loop
      vertex -1.946307 -3.028513 -0.800000
      vertex -0.560810 -1.228003 -0.800000
      vertex -1.495494 -3.274675 -0.800000
    endloop
  endfacet
  facet normal 0.000000 0.000000 -1.000000
    outer loop
      vertex -1.946307 -3.028513 -0.800000
      vertex -0.729865 -1.135692 -0.800000
      vertex -0.560810 -1.228003 -0.800000
    endloop
  endfacet
  facet normal -0.479249 -0.877679 0.000000
    outer loop
      vertex -1.946307 -3.028513 -0.800000
      vertex -1.495494 -3.274675 -0.800000
      vertex -1.495494 -3.274675 0.800000
    endloop
  endfacet
  facet normal -0.479249 -0.877679 0.000000
    outer loop
      vertex -1.946307 -3.028513 -0.800000
      vertex -1.495494 -3.274675 0.800000
      vertex -1.946307 -3.028513 0.800000
    endloop
  endfacet
  facet normal 0.479249 0.877679 0.000000
    outer loop
      vertex -0.729865 -1.135692 -0.800000
      vertex -0.560810 -1.228003 0.800000
      vertex -0.560810 -1.228003 -0.800000
    endloop
  endfacet
  facet normal 0.479249 0.877679 -0.000000
    outer loop
      vertex -0.729865 -1.135692 -0.800000
      vertex -0.729865 -1.135692 0.800000
      vertex -0.560810 -1.228003 0.800000
    endloop
  endfacet
  facet normal -0.000000 0.000000 1.000000
    outer loop
      vertex -1.495494 -3.274675 0.800000
      vertex -1.014237 -3.454175 0.800000
      vertex -0.380339 -1.295316 0.800000
    endloop
  endfacet
  facet normal 0.000000 0.000000 1.000000
    outer loop
      vertex -1.495494 -3.274675 0.800000
      vertex -0.380339 -1.295316 0.800000
      vertex -0.560810 -1.228003 0.800000
    endloop
  endfacet
  facet normal 0.000000 0.000000 -1.000000
    outer loop
      vertex -1.495494 -3.274675 -0.800000
      vertex -0.380339 -1.295316 -0.800000
      vertex -1.014237 -3.454175 -0.800000
    endloop
  endfacet
  facet normal 0.000000 0.000000 -1.000000
    outer loop
      vertex -1.495494 -3.274675 -0.800000
      vertex -0.560810 -1.228003 -0.800000
      vertex -0.380339 -1.295316 -0.800000
    endloop
  endfacet
  facet normal -0.349464 -0.936950 0.000000
    outer loop
      vertex -1.495494 -3.274675 -0.800000
      vertex -1.014237 -3.454175 -0.800000
      vertex -1.014237 -3.454175 0.800000
    endloop
  endfacet
  facet normal -0.349464 -0.936950 0.000000
    outer loop
      vertex -1.495494 -3.274675 -0.800000
      vertex -1.014237 -3.454175 0.800000
      vertex -1.495494 -3.274675 0.800000
    endloop
  endfacet
  facet normal 0.349464 0.936950 0.000000
    outer loop
      vertex -0.560810 -1.228003 -0.800000
      vertex -0.380339 -1.295316 0.800000
      vertex -0.380339 -1.295316 -0.800000
    endloop
  endfacet
  facet normal 0.349464 0.936950 -0.000000
    outer loop
      vertex -0.560810 -1.228003 -0.800000
      vertex -0.560810 -1.228003 0.800000
      vertex -0.380339 -1.295316 0.800000
    endloop
  endfacet
  facet normal -0.000000 0.000000 1.000000
    outer loop
      vertex -1.014237 -3.454175 0.800000
      vertex -0.512333 -3.563357 0.800000
      vertex -0.192125 -1.336259 0.800000
    endloop
  endfacet
  facet normal 0.000000 0.000000 1.000000
    outer loop
      vertex -1.014237 -3.454175 0.800000
      vertex -0.192125 -1.336259 0.800000
      vertex -0.380339 -1.295316 0.800000
    endloop
  endfacet
  facet normal 0.000000 0.000000 -1.000000
    outer loop
      vertex -1.014237 -3.454175 -0.800000
      vertex -0.192125 -1.336259 -0.800000
      vertex -0.512333 -3.563357 -0.800000
    endloop
  endfacet
  facet normal 0.000000 0.000000 -1.000000
    outer loop
      vertex -1.014237 -3.454175 -0.800000
      vertex -0.380339 -1.295316 -0.800000
      vertex -0.192125 -1.336259 -0.800000
    endloop
  endfacet
  facet normal -0.212565 -0.977147 0.000000
    outer loop
      vertex -1.014237 -3.454175 -0.800000
      vertex -0.512333 -3.563357 -0.800000
      vertex -0.512333 -3.563357 0.800000
    endloop
  endfacet
  facet normal -0.212565 -0.977147 0.000000
    outer loop
      vertex -1.014237 -3.454175 -0.800000
      vertex -0.512333 -3.563357 0.800000
      vertex -1.014237 -3.454175 0.800000
    endloop
  endfacet
  facet normal 0.212565 0.977147 0.000000
    outer loop
      vertex -0.380339 -1.295316 -0.800000
      vertex -0.192125 -1.336259 0.800000
      vertex -0.192125 -1.336259 -0.800000
    endloop
  endfacet
  facet normal 0.212565 0.977147 -0.000000
    outer loop
      vertex -0.380339 -1.295316 -0.800000
      vertex -0.380339 -1.295316 0.800000
      vertex -0.192125 -1.336259 0.800000
    endloop
  endfacet
  facet normal -0.000000 0.000000 1.000000
    outer loop
      vertex -0.512333 -3.563357 0.800000
      vertex -0.000000 -3.600000 0.800000
      vertex -0.000000 -1.350000 0.800000
    endloop
  endfacet
  facet normal 0.000000 0.000000 1.000000
    outer loop
      vertex -0.512333 -3.563357 0.800000
      vertex -0.000000 -1.350000 0.800000
      vertex -0.192125 -1.336259 0.800000
    endloop
  endfacet
  facet normal 0.000000 0.000000 -1.000000
    outer loop
      vertex -0.512333 -3.563357 -0.800000
      vertex -0.000000 -1.350000 -0.800000
      vertex -0.000000 -3.600000 -0.800000
    endloop
  endfacet
  facet normal 0.000000 0.000000 -1.000000
    outer loop
      vertex -0.512333 -3.563357 -0.800000
      vertex -0.192125 -1.336259 -0.800000
      vertex -0.000000 -1.350000 -0.800000
    endloop
  endfacet
  facet normal -0.071339 -0.997452 0.000000
    outer loop
      vertex -0.512333 -3.563357 -0.800000
      vertex -0.000000 -3.600000 -0.800000
      vertex -0.000000 -3.600000 0.800000
    endloop
  endfacet
  facet normal -0.071339 -0.997452 0.000000
    outer loop
      vertex -0.512333 -3.563357 -0.800000
      vertex -0.000000 -3.600000 0.800000
      vertex -0.512333 -3.563357 0.800000
    endloop
  endfacet
  facet normal 0.071339 0.997452 0.000000
    outer loop
      vertex -0.192125 -1.336259 -0.800000
      vertex -0.000000 -1.350000 0.800000
      vertex -0.000000 -1.350000 -0.800000
    endloop
  endfacet
  facet normal 0.071339 0.997452 -0.000000
    outer loop
      vertex -0.192125 -1.336259 -0.800000
      vertex -0.192125 -1.336259 0.800000
      vertex -0.000000 -1.350000 0.800000
    endloop
  endfacet
  facet normal 0.000000 0.000000 1.000000
    outer loop
      vertex -0.000000 -3.600000 0.800000
      vertex 0.512333 -3.563357 0.800000
      vertex 0.192125 -1.336259 0.800000
    endloop
  endfacet
  facet normal 0.000000 0.000000 1.000000
    outer loop
      vertex -0.000000 -3.600000 0.800000
      vertex 0.192125 -1.336259 0.800000
      vertex -0.000000 -1.350000 0.800000
    endloop
  endfacet
  facet normal 0.000000 0.000000 -1.000000
    outer loop
      vertex -0.000000 -3.600000 -0.800000
      vertex 0.192125 -1.336259 -0.800000
      vertex 0.512333 -3.563357 -0.800000
    endloop
  endfacet
  facet normal 0.000000 0.000000 -1.000000
    outer loop
      vertex -0.000000 -3.600000 -0.800000
      vertex -0.000000 -1.350000 -0.800000
      vertex 0.192125 -1.336259 -0.800000
    endloop
  endfacet
  facet normal 0.071339 -0.997452 0.000000
    outer loop
      vertex -0.000000 -3.600000 -0.800000
      vertex 0.512333 -3.563357 -0.800000
      vertex 0.512333 -3.563357 0.800000
    endloop
  endfacet
  facet normal 0.071339 -0.997452 0.000000
    outer loop
      vertex -0.000000 -3.600000 -0.800000
      vertex 0.512333 -3.563357 0.800000
      vertex -0.000000 -3.600000 0.800000
    endloop
  endfacet
  facet normal -0.071339 0.997452 0.000000
    outer loop
      vertex -0.000000 -1.350000 -0.800000
      vertex 0.192125 -1.336259 0.800000
      vertex 0.192125 -1.336259 -0.800000
    endloop
  endfacet
  facet normal -0.071339 0.997452 0.000000
    outer loop
      vertex -0.000000 -1.350000 -0.800000
      vertex -0.000000 -1.350000 0.800000
      vertex 0.192125 -1.336259 0.800000
    endloop
  endfacet
  facet normal 0.000000 -0.000000 1.000000
    outer loop
      vertex 0.512333 -3.563357 0.800000
      vertex 1.014237 -3.454175 0.800000
      vertex 0.380339 -1.295316 0.800000
    endloop
  endfacet
  facet normal 0.000000 0.000000 1.000000
    outer loop
      vertex 0.512333 -3.563357 0.800000
      vertex 0.380339 -1.295316 0.800000
      vertex 0.192125 -1.336259 0.800000
    endloop
  endfacet
  facet normal 0.000000 0.000000 -1.000000
    outer loop
      vertex 0.512333 -3.563357 -0.800000
      vertex 0.380339 -1.295316 -0.800000
      vertex 1.014237 -3.454175 -0.800000
    endloop
  endfacet
  facet normal 0.000000 0.000000 -1.000000
    outer loop
      vertex 0.512333 -3.563357 -0.800000
      vertex 0.192125 -1.336259 -0.800000
      vertex 0.380339 -1.295316 -0.800000
    endloop
  endfacet
  facet normal 0.212565 -0.977147 0.000000
    outer loop
      vertex 0.512333 -3.563357 -0.800000
      vertex 1.014237 -3.454175 -0.800000
      vertex 1.014237 -3.454175 0.800000
    endloop
  endfacet
  facet normal 0.212565 -0.977147 0.000000
    outer loop
      vertex 0.512333 -3.563357 -0.800000
      vertex 1.014237 -3.454175 0.800000
      vertex 0.512333 -3.563357 0.800000
    endloop
  endfacet
  facet normal -0.212565 0.977147 0.000000
    outer loop
      vertex 0.192125 -1.336259 -0.800000
      vertex 0.380339 -1.295316 0.800000
      vertex 0.380339 -1.295316 -0.800000
    endloop
  endfacet
  facet normal -0.212565 0.977147 0.000000
    outer loop
      vertex 0.192125 -1.336259 -0.800000
      vertex 0.192125 -1.336259 0.800000
      vertex 0.380339 -1.295316 0.800000
    endloop
  endfacet
  facet normal 0.000000 -0.000000 1.000000
    outer loop
      vertex 1.014237 -3.454175 0.800000
      vertex 1.495494 -3.274675 0.800000
      vertex 0.560810 -1.228003 0.800000
    endloop
  endfacet
  facet normal 0.000000 0.000000 1.000000
    outer loop
      vertex 1.014237 -3.454175 0.800000
      vertex 0.560810 -1.228003 0.800000
      vertex 0.380339 -1.295316 0.800000
    endloop
  endfacet
  facet normal 0.000000 0.000000 -1.000000
    outer loop
      vertex 1.014237 -3.454175 -0.800000
      vertex 0.560810 -1.228003 -0.800000
      vertex 1.495494 -3.274675 -0.800000
    endloop
  endfacet
  facet normal 0.000000 0.000000 -1.000000
    outer loop
      vertex 1.014237 -3.454175 -0.800000
      vertex 0.380339 -1.295316 -0.800000
      vertex 0.560810 -1.228003 -0.800000
    endloop
  endfacet
  facet normal 0.349464 -0.936950 0.000000
    outer loop
      vertex 1.014237 -3.454175 -0.800000
      vertex 1.495494 -3.274675 -0.800000
      vertex 1.495494 -3.274675 0.800000
    endloop
  endfacet
  facet normal 0.349464 -0.936950 0.000000
    outer loop
      vertex 1.014237 -3.454175 -0.800000
      vertex 1.495494 -3.274675 0.800000
      vertex 1.014237 -3.454175 0.800000
    endloop
  endfacet
  facet normal -0.349464 0.936950 0.000000
    outer loop
      vertex 0.380339 -1.295316 -0.800000
      vertex 0.560810 -1.228003 0.800000
      vertex 0.560810 -1.228003 -0.800000
    endloop
  endfacet
  facet normal -0.349464 0.936950 0.000000
    outer loop
      vertex 0.380339 -1.295316 -0.800000
      vertex 0.380339 -1.295316 0.800000
      vertex 0.560810 -1.228003 0.800000
    endloop
  endfacet
  facet normal 0.000000 -0.000000 1.000000
    outer loop
      vertex 1.495494 -3.274675 0.800000
      vertex 1.946307 -3.028513 0.800000
      vertex 0.729865 -1.135692 0.800000
    endloop
  endfacet
  facet normal 0.000000 0.000000 1.000000
    outer loop
      vertex 1.495494 -3.274675 0.800000
      vertex 0.729865 -1.135692 0.800000
      vertex 0.560810 -1.228003 0.800000
    endloop
  endfacet
  facet normal 0.000000 0.000000 -1.000000
    outer loop
      vertex 1.495494 -3.274675 -0.800000
      vertex 0.729865 -1.135692 -0.800000
      vertex 1.946307 -3.028513 -0.800000
    endloop
  endfacet
  facet normal 0.000000 0.000000 -1.000000
    outer loop
      vertex 1.495494 -3.274675 -0.800000
      vertex 0.560810 -1.228003 -0.800000
      vertex 0.729865 -1.135692 -0.800000
    endloop
  endfacet
  facet normal 0.479249 -0.877679 0.000000
    outer loop
      vertex 1.495494 -3.274675 -0.800000
      vertex 1.946307 -3.028513 -0.800000
      vertex 1.946307 -3.028513 0.800000
    endloop
  endfacet
  facet normal 0.479249 -0.877679 0.000000
    outer loop
      vertex 1.495494 -3.274675 -0.800000
      vertex 1.946307 -3.028513 0.800000
      vertex 1.495494 -3.274675 0.800000
    endloop
  endfacet
  facet normal -0.479249 0.877679 0.000000
    outer loop
      vertex 0.560810 -1.228003 -0.800000
      vertex 0.729865 -1.135692 0.800000
      vertex 0.729865 -1.135692 -0.800000
    endloop
  endfacet
  facet normal -0.479249 0.877679 0.000000
    outer loop
      vertex 0.560810 -1.228003 -0.800000
      vertex 0.560810 -1.228003 0.800000
      vertex 0.729865 -1.135692 0.800000
    endloop
  endfacet
  facet normal 0.000000 -0.000000 1.000000
    outer loop
      vertex 1.946307 -3.028513 0.800000
      vertex 2.357499 -2.720698 0.800000
      vertex 0.884062 -1.020262 0.800000
    endloop
  endfacet
  facet normal 0.000000 0.000000 1.000000
    outer loop
      vertex 1.946307 -3.028513 0.800000
      vertex 0.884062 -1.020262 0.800000
      vertex 0.729865 -1.135692 0.800000
    endloop
  endfacet
  facet normal 0.000000 0.000000 -1.000000
    outer loop
      vertex 1.946307 -3.028513 -0.800000
      vertex 0.884062 -1.020262 -0.800000
      vertex 2.357499 -2.720698 -0.800000
    endloop
  endfacet
  facet normal 0.000000 0.000000 -1.000000
    outer loop
      vertex 1.946307 -3.028513 -0.800000
      vertex 0.729865 -1.135692 -0.800000
      vertex 0.884062 -1.020262 -0.800000
    endloop
  endfacet
  facet normal 0.599278 -0.800541 0.000000
    outer loop
      vertex 1.946307 -3.028513 -0.800000
      vertex 2.357499 -2.720698 -0.800000
      vertex 2.357499 -2.720698 0.800000
    endloop
  endfacet
  facet normal 0.599278 -0.800541 0.000000
    outer loop
      vertex 1.946307 -3.028513 -0.800000
      vertex 2.357499 -2.720698 0.800000
      vertex 1.946307 -3.028513 0.800000
    endloop
  endfacet
  facet normal -0.599278 0.800541 0.000000
    outer loop
      vertex 0.729865 -1.135692 -0.800000
      vertex 0.884062 -1.020262 0.800000
      vertex 0.884062 -1.020262 -0.800000
    endloop
  endfacet
  facet normal -0.599278 0.800541 0.000000
    outer loop
      vertex 0.729865 -1.135692 -0.800000
      vertex 0.729865 -1.135692 0.800000
      vertex 0.884062 -1.020262 0.800000
    endloop
  endfacet
  facet normal 0.000000 -0.000000 1.000000
    outer loop
      vertex 2.357499 -2.720698 0.800000
      vertex 2.720698 -2.357499 0.800000
      vertex 1.020262 -0.884062 0.800000
    endloop
  endfacet
  facet normal 0.000000 0.000000 1.000000
    outer loop
      vertex 2.357499 -2.720698 0.800000
      vertex 1.020262 -0.884062 0.800000
      vertex 0.884062 -1.020262 0.800000
    endloop
  endfacet
  facet normal 0.000000 0.000000 -1.000000
    outer loop
      vertex 2.357499 -2.720698 -0.800000
      vertex 1.020262 -0.884062 -0.800000
      vertex 2.720698 -2.357499 -0.800000
    endloop
  endfacet
  facet normal 0.000000 0.000000 -1.000000
    outer loop
      vertex 2.357499 -2.720698 -0.800000
      vertex 0.884062 -1.020262 -0.800000
      vertex 1.020262 -0.884062 -0.800000
    endloop
  endfacet
  facet normal 0.707107 -0.707107 0.000000
    outer loop
      vertex 2.357499 -2.720698 -0.800000
      vertex 2.720698 -2.357499 -0.800000
      vertex 2.720698 -2.357499 0.800000
    endloop
  endfacet
  facet normal 0.707107 -0.707107 0.000000
    outer loop
      vertex 2.357499 -2.720698 -0.800000
      vertex 2.720698 -2.357499 0.800000
      vertex 2.357499 -2.720698 0.800000
    endloop
  endfacet
  facet normal -0.707107 0.707107 0.000000
    outer loop
      vertex 0.884062 -1.020262 -0.800000
      vertex 1.020262 -0.884062 0.800000
      vertex 1.020262 -0.884062 -0.800000
    endloop
  endfacet
  facet normal -0.707107 0.707107 0.000000
    outer loop
      vertex 0.884062 -1.020262 -0.800000
      vertex 0.884062 -1.020262 0.800000
      vertex 1.020262 -0.884062 0.800000
    endloop
  endfacet
  facet normal 0.000000 -0.000000 1.000000
    outer loop
      vertex 2.720698 -2.357499 0.800000
      vertex 3.028513 -1.946307 0.800000
      vertex 1.135692 -0.729865 0.800000
    endloop
  endfacet
  facet normal 0.000000 0.000000 1.000000
    outer loop
      vertex 2.720698 -2.357499 0.800000
      vertex 1.135692 -0.729865 0.800000
      vertex 1.020262 -0.884062 0.800000
    endloop
  endfacet
  facet normal 0.000000 0.000000 -1.000000
    outer loop
      vertex 2.720698 -2.357499 -0.800000
      vertex 1.135692 -0.729865 -0.800000
      vertex 3.028513 -1.946307 -0.800000
    endloop
  endfacet
  facet normal 0.000000 0.000000 -1.000000
    outer loop
      vertex 2.720698 -2.357499 -0.800000
      vertex 1.020262 -0.884062 -0.800000
      vertex 1.135692 -0.729865 -0.800000
    endloop
  endfacet
  facet normal 0.800541 -0.599278 0.000000
    outer loop
      vertex 2.720698 -2.357499 -0.800000
      vertex 3.028513 -1.946307 -0.800000
      vertex 3.028513 -1.946307 0.800000
    endloop
  endfacet
  facet normal 0.800541 -0.599278 0.000000
    outer loop
      vertex 2.720698 -2.357499 -0.800000
      vertex 3.028513 -1.946307 0.800000
      vertex 2.720698 -2.357499 0.800000
    endloop
  endfacet
  facet normal -0.800541 0.599278 0.000000
    outer loop
      vertex 1.020262 -0.884062 -0.800000
      vertex 1.135692 -0.729865 0.800000
      vertex 1.135692 -0.729865 -0.800000
    endloop
  endfacet
  facet normal -0.800541 0.599278 0.000000
    outer loop
      vertex 1.020262 -0.884062 -0.800000
      vertex 1.020262 -0.884062 0.800000
      vertex 1.135692 -0.729865 0.800000
    endloop
  endfacet
  facet normal 0.000000 -0.000000 1.000000
    outer loop
      vertex 3.028513 -1.946307 0.800000
      vertex 3.274675 -1.495494 0.800000
      vertex 1.228003 -0.560810 0.800000
    endloop
  endfacet
  facet normal 0.000000 0.000000 1.000000
    outer loop
      vertex 3.028513 -1.946307 0.800000
      vertex 1.228003 -0.560810 0.800000
      vertex 1.135692 -0.729865 0.800000
    endloop
  endfacet
  facet normal 0.000000 0.000000 -1.000000
    outer loop
      vertex 3.028513 -1.946307 -0.800000
      vertex 1.228003 -0.560810 -0.800000
      vertex 3.274675 -1.495494 -0.800000
    endloop
  endfacet
  facet normal 0.000000 0.000000 -1.000000
    outer loop
      vertex 3.028513 -1.946307 -0.800000
      vertex 1.135692 -0.729865 -0.800000
      vertex 1.228003 -0.560810 -0.800000
    endloop
  endfacet
  facet normal 0.877679 -0.479249 0.000000
    outer loop
      vertex 3.028513 -1.946307 -0.800000
      vertex 3.274675 -1.495494 -0.800000
      vertex 3.274675 -1.495494 0.800000
    endloop
  endfacet
  facet normal 0.877679 -0.479249 0.000000
    outer loop
      vertex 3.028513 -1.946307 -0.800000
      vertex 3.274675 -1.495494 0.800000
      vertex 3.028513 -1.946307 0.800000
    endloop
  endfacet
  facet normal -0.877679 0.479249 0.000000
    outer loop
      vertex 1.135692 -0.729865 -0.800000
      vertex 1.228003 -0.560810 0.800000
      vertex 1.228003 -0.560810 -0.800000
    endloop
  endfacet
  facet normal -0.877679 0.479249 0.000000
    outer loop
      vertex 1.135692 -0.729865 -0.800000
      vertex 1.135692 -0.729865 0.800000
      vertex 1.228003 -0.560810 0.800000
    endloop
  endfacet
  facet normal 0.000000 -0.000000 1.000000
    outer loop
      vertex 3.274675 -1.495494 0.800000
      vertex 3.454175 -1.014237 0.800000
      vertex 1.295316 -0.380339 0.800000
    endloop
  endfacet
  facet normal 0.000000 0.000000 1.000000
    outer loop
      vertex 3.274675 -1.495494 0.800000
      vertex 1.295316 -0.380339 0.800000
      vertex 1.228003 -0.560810 0.800000
    endloop
  endfacet
  facet normal 0.000000 0.000000 -1.000000
    outer loop
      vertex 3.274675 -1.495494 -0.800000
      vertex 1.295316 -0.380339 -0.800000
      vertex 3.454175 -1.014237 -0.800000
    endloop
  endfacet
  facet normal 0.000000 0.000000 -1.000000
    outer loop
      vertex 3.274675 -1.495494 -0.800000
      vertex 1.228003 -0.560810 -0.800000
      vertex 1.295316 -0.380339 -0.800000
    endloop
  endfacet
  facet normal 0.936950 -0.349464 0.000000
    outer loop
      vertex 3.274675 -1.495494 -0.800000
      vertex 3.454175 -1.014237 -0.800000
      vertex 3.454175 -1.014237 0.800000
    endloop
  endfacet
  facet normal 0.936950 -0.349464 0.000000
    outer loop
      vertex 3.274675 -1.495494 -0.800000
      vertex 3.454175 -1.014237 0.800000
      vertex 3.274675 -1.495494 0.800000
    endloop
  endfacet
  facet normal -0.936950 0.349464 0.000000
    outer loop
      vertex 1.228003 -0.560810 -0.800000
      vertex 1.295316 -0.380339 0.800000
      vertex 1.295316 -0.380339 -0.800000
    endloop
  endfacet
  facet normal -0.936950 0.349464 0.000000
    outer loop
      vertex 1.228003 -0.560810 -0.800000
      vertex 1.228003 -0.560810 0.800000
      vertex 1.295316 -0.380339 0.800000
    endloop
  endfacet
  facet normal 0.000000 -0.000000 1.000000
    outer loop
      vertex 3.454175 -1.014237 0.800000
      vertex 3.563357 -0.512333 0.800000
      vertex 1.336259 -0.192125 0.800000
    endloop
  endfacet
  facet normal 0.000000 0.000000 1.000000
    outer loop
      vertex 3.454175 -1.014237 0.800000
      vertex 1.336259 -0.192125 0.800000
      vertex 1.295316 -0.380339 0.800000
    endloop
  endfacet
  facet normal 0.000000 0.000000 -1.000000
    outer loop
      vertex 3.454175 -1.014237 -0.800000
      vertex 1.336259 -0.192125 -0.800000
      vertex 3.563357 -0.512333 -0.800000
    endloop
  endfacet
  facet normal 0.000000 0.000000 -1.000000
    outer loop
      vertex 3.454175 -1.014237 -0.800000
      vertex 1.295316 -0.380339 -0.800000
      vertex 1.336259 -0.192125 -0.800000
    endloop
  endfacet
  facet normal 0.977147 -0.212565 0.000000
    outer loop
      vertex 3.454175 -1.014237 -0.800000
      vertex 3.563357 -0.512333 -0.800000
      vertex 3.563357 -0.512333 0.800000
    endloop
  endfacet
  facet normal 0.977147 -0.212565 0.000000
    outer loop
      vertex 3.454175 -1.014237 -0.800000
      vertex 3.563357 -0.512333 0.800000
      vertex 3.454175 -1.014237 0.800000
    endloop
  endfacet
  facet normal -0.977147 0.212565 0.000000
    outer loop
      vertex 1.295316 -0.380339 -0.800000
      vertex 1.336259 -0.192125 0.800000
      vertex 1.336259 -0.192125 -0.800000
    endloop
  endfacet
  facet normal -0.977147 0.212565 0.000000
    outer loop
      vertex 1.295316 -0.380339 -0.800000
      vertex 1.295316 -0.380339 0.800000
      vertex 1.336259 -0.192125 0.800000
    endloop
  endfacet
  facet normal 0.000000 -0.000000 1.000000
    outer loop
      vertex 3.563357 -0.512333 0.800000
      vertex 3.600000 -0.000000 0.800000
      vertex 1.350000 -0.000000 0.800000
    endloop
  endfacet
  facet normal 0.000000 0.000000 1.000000
    outer loop
      vertex 3.563357 -0.512333 0.800000
      vertex 1.350000 -0.000000 0.800000
      vertex 1.336259 -0.192125 0.800000
    endloop
  endfacet
  facet normal 0.000000 0.000000 -1.000000
    outer loop
      vertex 3.563357 -0.512333 -0.800000
      vertex 1.350000 -0.000000 -0.800000
      vertex 3.600000 -0.000000 -0.800000
    endloop
  endfacet
  facet normal 0.000000 0.000000 -1.000000
    outer loop
      vertex 3.563357 -0.512333 -0.800000
      vertex 1.336259 -0.192125 -0.800000
      vertex 1.350000 -0.000000 -0.800000
    endloop
  endfacet
  facet normal 0.997452 -0.071339 0.000000
    outer loop
      vertex 3.563357 -0.512333 -0.800000
      vertex 3.600000 -0.000000 -0.800000
      vertex 3.600000 -0.000000 0.800000
    endloop
  endfacet
  facet normal 0.997452 -0.071339 0.000000
    outer loop
      vertex 3.563357 -0.512333 -0.800000
      vertex 3.600000 -0.000000 0.800000
      vertex 3.563357 -0.512333 0.800000
    endloop
  endfacet
  facet normal -0.997452 0.071339 0.000000
    outer loop
      vertex 1.336259 -0.192125 -0.800000
      vertex 1.350000 -0.000000 0.800000
      vertex 1.350000 -0.000000 -0.800000
    endloop
  endfacet
  facet normal -0.997452 0.071339 0.000000
    outer loop
      vertex 1.336259 -0.192125 -0.800000
      vertex 1.336259 -0.192125 0.800000
      vertex 1.350000 -0.000000 0.800000
    endloop
  endfacet
  facet normal 0.000000 0.000000 1.000000
    outer loop
      vertex 13.600000 4.000000 0.800000
      vertex 13.563357 4.512333 0.800000
      vertex 11.336259 4.192125 0.800000
    endloop
  endfacet
  facet normal 0.000000 0.000000 1.000000
    outer loop
      vertex 13.600000 4.000000 0.800000
      vertex 11.336259 4.192125 0.800000
      vertex 11.350000 4.000000 0.800000
    endloop
  endfacet
  facet normal 0.000000 0.000000 -1.000000
    outer loop
      vertex 13.600000 4.000000 -0.800000
      vertex 11.336259 4.192125 -0.800000
      vertex 13.563357 4.512333 -0.800000
    endloop
  endfacet
  facet normal 0.000000 0.000000 -1.000000
    outer loop
      vertex 13.600000 4.000000 -0.800000
      vertex 11.350000 4.000000 -0.800000
      vertex 11.336259 4.192125 -0.800000
    endloop
  endfacet
  facet normal 0.997452 0.071339 0.000000
    outer loop
      vertex 13.600000 4.000000 -0.800000
      vertex 13.563357 4.512333 -0.800000
      vertex 13.563357 4.512333 0.800000
    endloop
  endfacet
  facet normal 0.997452 0.071339 -0.000000
    outer loop
      vertex 13.600000 4.000000 -0.800000
      vertex 13.563357 4.512333 0.800000
      vertex 13.600000 4.000000 0.800000
    endloop
  endfacet
  facet normal -0.997452 -0.071339 0.000000
    outer loop
      vertex 11.350000 4.000000 -0.800000
      vertex 11.336259 4.192125 0.800000
      vertex 11.336259 4.192125 -0.800000
    endloop
  endfacet
  facet normal -0.997452 -0.071339 0.000000
    outer loop
      vertex 11.350000 4.000000 -0.800000
      vertex 11.350000 4.000000 0.800000
      vertex 11.336259 4.192125 0.800000
    endloop
  endfacet
  facet normal 0.000000 0.000000 1.000000
    outer loop
      vertex 13.563357 4.512333 0.800000
      vertex 13.454175 5.014237 0.800000
      vertex 11.295316 4.380339 0.800000
    endloop
  endfacet
  facet normal 0.000000 0.000000 1.000000
    outer loop
      vertex 13.563357 4.512333 0.800000
      vertex 11.295316 4.380339 0.800000
      vertex 11.336259 4.192125 0.800000
    endloop
  endfacet
  facet normal -0.000000 0.000000 -1.000000
    outer loop
      vertex 13.563357 4.512333 -0.800000
      vertex 11.295316 4.380339 -0.800000
      vertex 13.454175 5.014237 -0.800000
    endloop
  endfacet
  facet normal 0.000000 0.000000 -1.000000
    outer loop
      vertex 13.563357 4.512333 -0.800000
      vertex 11.336259 4.192125 -0.800000
      vertex 11.295316 4.380339 -0.800000
    endloop
  endfacet
  facet normal 0.977147 0.212565 0.000000
    outer loop
      vertex 13.563357 4.512333 -0.800000
      vertex 13.454175 5.014237 -0.800000
      vertex 13.454175 5.014237 0.800000
    endloop
  endfacet
  facet normal 0.977147 0.212565 -0.000000
    outer loop
      vertex 13.563357 4.512333 -0.800000
      vertex 13.454175 5.014237 0.800000
      vertex 13.563357 4.512333 0.800000
    endloop
  endfacet
  facet normal -0.977147 -0.212565 0.000000
    outer loop
      vertex 11.336259 4.192125 -0.800000
      vertex 11.295316 4.380339 0.800000
      vertex 11.295316 4.380339 -0.800000
    endloop
  endfacet
  facet normal -0.977147 -0.212565 0.000000
    outer loop
      vertex 11.336259 4.192125 -0.800000
      vertex 11.336259 4.192125 0.800000
      vertex 11.295316 4.380339 0.800000
    endloop
  endfacet
  facet normal 0.000000 0.000000 1.000000
    outer loop
      vertex 13.454175 5.014237 0.800000
      vertex 13.274675 5.495494 0.800000
      vertex 11.228003 4.560810 0.800000
    endloop
  endfacet
  facet normal 0.000000 0.000000 1.000000
    outer loop
      vertex 13.454175 5.014237 0.800000
      vertex 11.228003 4.560810 0.800000
      vertex 11.295316 4.380339 0.800000
    endloop
  endfacet
  facet normal -0.000000 0.000000 -1.000000
    outer loop
      vertex 13.454175 5.014237 -0.800000
      vertex 11.228003 4.560810 -0.800000
      vertex 13.274675 5.495494 -0.800000
    endloop
  endfacet
  facet normal 0.000000 0.000000 -1.000000
    outer loop
      vertex 13.454175 5.014237 -0.800000
      vertex 11.295316 4.380339 -0.800000
      vertex 11.228003 4.560810 -0.800000
    endloop
  endfacet
  facet normal 0.936950 0.349464 0.000000
    outer loop
      vertex 13.454175 5.014237 -0.800000
      vertex 13.274675 5.495494 -0.800000
      vertex 13.274675 5.495494 0.800000
    endloop
  endfacet
  facet normal 0.936950 0.349464 -0.000000
    outer loop
      vertex 13.454175 5.014237 -0.800000
      vertex 13.274675 5.495494 0.800000
      vertex 13.454175 5.014237 0.800000
    endloop
  endfacet
  facet normal -0.936950 -0.349464 0.000000
    outer loop
      vertex 11.295316 4.380339 -0.800000
      vertex 11.228003 4.560810 0.800000
      vertex 11.228003 4.560810 -0.800000
    endloop
  endfacet
  facet normal -0.936950 -0.349464 0.000000
    outer loop
      vertex 11.295316 4.380339 -0.800000
      vertex 11.295316 4.380339 0.800000
      vertex 11.228003 4.560810 0.800000
    endloop
  endfacet
  facet normal 0.000000 0.000000 1.000000
    outer loop
      vertex 13.274675 5.495494 0.800000
      vertex 13.028513 5.946307 0.800000
      vertex 11.135692 4.729865 0.800000
    endloop
  endfacet
  facet normal 0.000000 0.000000 1.000000
    outer loop
      vertex 13.274675 5.495494 0.800000
      vertex 11.135692 4.729865 0.800000
      vertex 11.228003 4.560810 0.800000
    endloop
  endfacet
  facet normal -0.000000 0.000000 -1.000000
    outer loop
      vertex 13.274675 5.495494 -0.800000
      vertex 11.135692 4.729865 -0.800000
      vertex 13.028513 5.946307 -0.800000
    endloop
  endfacet
  facet normal 0.000000 0.000000 -1.000000
    outer loop
      vertex 13.274675 5.495494 -0.800000
      vertex 11.228003 4.560810 -0.800000
      vertex 11.135692 4.729865 -0.800000
    endloop
  endfacet
  facet normal 0.877679 0.479249 0.000000
    outer loop
      vertex 13.274675 5.495494 -0.800000
      vertex 13.028513 5.946307 -0.800000
      vertex 13.028513 5.946307 0.800000
    endloop
  endfacet
  facet normal 0.877679 0.479249 -0.000000
    outer loop
      vertex 13.274675 5.495494 -0.800000
      vertex 13.028513 5.946307 0.800000
      vertex 13.274675 5.495494 0.800000
    endloop
  endfacet
  facet normal -0.877679 -0.479249 0.000000
    outer loop
      vertex 11.228003 4.560810 -0.800000
      vertex 11.135692 4.729865 0.800000
      vertex 11.135692 4.729865 -0.800000
    endloop
  endfacet
  facet normal -0.877679 -0.479249 0.000000
    outer loop
      vertex 11.228003 4.560810 -0.800000
      vertex 11.228003 4.560810 0.800000
      vertex 11.135692 4.729865 0.800000
    endloop
  endfacet
  facet normal 0.000000 0.000000 1.000000
    outer loop
      vertex 13.028513 5.946307 0.800000
      vertex 12.720698 6.357499 0.800000
      vertex 11.020262 4.884062 0.800000
    endloop
  endfacet
  facet normal 0.000000 0.000000 1.000000
    outer loop
      vertex 13.028513 5.946307 0.800000
      vertex 11.020262 4.884062 0.800000
      vertex 11.135692 4.729865 0.800000
    endloop
  endfacet
  facet normal -0.000000 0.000000 -1.000000
    outer loop
      vertex 13.028513 5.946307 -0.800000
      vertex 11.020262 4.884062 -0.800000
      vertex 12.720698 6.357499 -0.800000
    endloop
  endfacet
  facet normal 0.000000 0.000000 -1.000000
    outer loop
      vertex 13.028513 5.946307 -0.800000
      vertex 11.135692 4.729865 -0.800000
      vertex 11.020262 4.884062 -0.800000
    endloop
  endfacet
  facet normal 0.800541 0.599278 0.000000
    outer loop
      vertex 13.028513 5.946307 -0.800000
      vertex 12.720698 6.357499 -0.800000
      vertex 12.720698 6.357499 0.800000
    endloop
  endfacet
  facet normal 0.800541 0.599278 -0.000000
    outer loop
      vertex 13.028513 5.946307 -0.800000
      vertex 12.720698 6.357499 0.800000
      vertex 13.028513 5.946307 0.800000
    endloop
  endfacet
  facet normal -0.800541 -0.599278 0.000000
    outer loop
      vertex 11.135692 4.729865 -0.800000
      vertex 11.020262 4.884062 0.800000
      vertex 11.020262 4.884062 -0.800000
    endloop
  endfacet
  facet normal -0.800541 -0.599278 0.000000
    outer loop
      vertex 11.135692 4.729865 -0.800000
      vertex 11.135692 4.729865 0.800000
      vertex 11.020262 4.884062 0.800000
    endloop
  endfacet
  facet normal 0.000000 0.000000 1.000000
    outer loop
      vertex 12.720698 6.357499 0.800000
      vertex 12.357499 6.720698 0.800000
      vertex 10.884062 5.020262 0.800000
    endloop
  endfacet
  facet normal 0.000000 0.000000 1.000000
    outer loop
      vertex 12.720698 6.357499 0.800000
      vertex 10.884062 5.020262 0.800000
      vertex 11.020262 4.884062 0.800000
    endloop
  endfacet
  facet normal -0.000000 0.000000 -1.000000
    outer loop
      vertex 12.720698 6.357499 -0.800000
      vertex 10.884062 5.020262 -0.800000
      vertex 12.357499 6.720698 -0.800000
    endloop
  endfacet
  facet normal 0.000000 0.000000 -1.000000
    outer loop
      vertex 12.720698 6.357499 -0.800000
      vertex 11.020262 4.884062 -0.800000
      vertex 10.884062 5.020262 -0.800000
    endloop
  endfacet
  facet normal 0.707107 0.707107 0.000000
    outer loop
      vertex 12.720698 6.357499 -0.800000
      vertex 12.357499 6.720698 -0.800000
      vertex 12.357499 6.720698 0.800000
    endloop
  endfacet
  facet normal 0.707107 0.707107 -0.000000
    outer loop
      vertex 12.720698 6.357499 -0.800000
      vertex 12.357499 6.720698 0.800000
      vertex 12.720698 6.357499 0.800000
    endloop
  endfacet
  facet normal -0.707107 -0.707107 0.000000
    outer loop
      vertex 11.020262 4.884062 -0.800000
      vertex 10.884062 5.020262 0.800000
      vertex 10.884062 5.020262 -0.800000
    endloop
  endfacet
  facet normal -0.707107 -0.707107 0.000000
    outer loop
      vertex 11.020262 4.884062 -0.800000
      vertex 11.020262 4.884062 0.800000
      vertex 10.884062 5.020262 0.800000
    endloop
  endfacet
  facet normal 0.000000 0.000000 1.000000
    outer loop
      vertex 12.357499 6.720698 0.800000
      vertex 11.946307 7.028513 0.800000
      vertex 10.729865 5.135692 0.800000
    endloop
  endfacet
  facet normal 0.000000 0.000000 1.000000
    outer loop
      vertex 12.357499 6.720698 0.800000
      vertex 10.729865 5.135692 0.800000
      vertex 10.884062 5.020262 0.800000
    endloop
  endfacet
  facet normal -0.000000 0.000000 -1.000000
    outer loop
      vertex 12.357499 6.720698 -0.800000
      vertex 10.729865 5.135692 -0.800000
      vertex 11.946307 7.028513 -0.800000
    endloop
  endfacet
  facet normal 0.000000 0.000000 -1.000000
    outer loop
      vertex 12.357499 6.720698 -0.800000
      vertex 10.884062 5.020262 -0.800000
      vertex 10.729865 5.135692 -0.800000
    endloop
  endfacet
  facet normal 0.599278 0.800541 0.000000
    outer loop
      vertex 12.357499 6.720698 -0.800000
      vertex 11.946307 7.028513 -0.800000
      vertex 11.946307 7.028513 0.800000
    endloop
  endfacet
  facet normal 0.599278 0.800541 -0.000000
    outer loop
      vertex 12.357499 6.720698 -0.800000
      vertex 11.946307 7.028513 0.800000
      vertex 12.357499 6.720698 0.800000
    endloop
  endfacet
  facet normal -0.599278 -0.800541 0.000000
    outer loop
      vertex 10.884062 5.020262 -0.800000
      vertex 10.729865 5.135692 0.800000
      vertex 10.729865 5.135692 -0.800000
    endloop
  endfacet
  facet normal -0.599278 -0.800541 0.000000
    outer loop
      vertex 10.884062 5.020262 -0.800000
      vertex 10.884062 5.020262 0.800000
      vertex 10.729865 5.135692 0.800000
    endloop
  endfacet
  facet normal 0.000000 0.000000 1.000000
    outer loop
      vertex 11.946307 7.028513 0.800000
      vertex 11.495494 7.274675 0.800000
      vertex 10.560810 5.228003 0.800000
    endloop
  endfacet
  facet normal 0.000000 0.000000 1.000000
    outer loop
      vertex 11.946307 7.028513 0.800000
      vertex 10.560810 5.228003 0.800000
      vertex 10.729865 5.135692 0.800000
    endloop
  endfacet
  facet normal -0.000000 0.000000 -1.000000
    outer loop
      vertex 11.946307 7.028513 -0.800000
      vertex 10.560810 5.228003 -0.800000
      vertex 11.495494 7.274675 -0.800000
    endloop
  endfacet
  facet normal 0.000000 0.000000 -1.000000
    outer loop
      vertex 11.946307 7.028513 -0.800000
      vertex 10.729865 5.135692 -0.800000
      vertex 10.560810 5.228003 -0.800000
    endloop
  endfacet
  facet normal 0.479249 0.877679 0.000000
    outer loop
      vertex 11.946307 7.028513 -0.800000
      vertex 11.495494 7.274675 -0.800000
      vertex 11.495494 7.274675 0.800000
    endloop
  endfacet
  facet normal 0.479249 0.877679 -0.000000
    outer loop
      vertex 11.946307 7.028513 -0.800000
      vertex 11.495494 7.274675 0.800000
      vertex 11.946307 7.028513 0.800000
    endloop
  endfacet
  facet normal -0.479249 -0.877679 0.000000
    outer loop
      vertex 10.729865 5.135692 -0.800000
      vertex 10.560810 5.228003 0.800000
      vertex 10.560810 5.228003 -0.800000
    endloop
  endfacet
  facet normal -0.479249 -0.877679 0.000000
    outer loop
      vertex 10.729865 5.135692 -0.800000
      vertex 10.729865 5.135692 0.800000
      vertex 10.560810 5.228003 0.800000
    endloop
  endfacet
  facet normal 0.000000 0.000000 1.000000
    outer loop
      vertex 11.495494 7.274675 0.800000
      vertex 11.014237 7.454175 0.800000
      vertex 10.380339 5.295316 0.800000
    endloop
  endfacet
  facet normal 0.000000 0.000000 1.000000
    outer loop
      vertex 11.495494 7.274675 0.800000
      vertex 10.380339 5.295316 0.800000
      vertex 10.560810 5.228003 0.800000
    endloop
  endfacet
  facet normal -0.000000 0.000000 -1.000000
    outer loop
      vertex 11.495494 7.274675 -0.800000
      vertex 10.380339 5.295316 -0.800000
      vertex 11.014237 7.454175 -0.800000
    endloop
  endfacet
  facet normal 0.000000 0.000000 -1.000000
    outer loop
      vertex 11.495494 7.274675 -0.800000
      vertex 10.560810 5.228003 -0.800000
      vertex 10.380339 5.295316 -0.800000
    endloop
  endfacet
  facet normal 0.349464 0.936950 0.000000
    outer loop
      vertex 11.495494 7.274675 -0.800000
      vertex 11.014237 7.454175 -0.800000
      vertex 11.014237 7.454175 0.800000
    endloop
  endfacet
  facet normal 0.349464 0.936950 -0.000000
    outer loop
      vertex 11.495494 7.274675 -0.800000
      vertex 11.014237 7.454175 0.800000
      vertex 11.495494 7.274675 0.800000
    endloop
  endfacet
  facet normal -0.349464 -0.936950 0.000000
    outer loop
      vertex 10.560810 5.228003 -0.800000
      vertex 10.380339 5.295316 0.800000
      vertex 10.380339 5.295316 -0.800000
    endloop
  endfacet
  facet normal -0.349464 -0.936950 0.000000
    outer loop
      vertex 10.560810 5.228003 -0.800000
      vertex 10.560810 5.228003 0.800000
      vertex 10.380339 5.295316 0.800000
    endloop
  endfacet
  facet normal 0.000000 0.000000 1.000000
    outer loop
      vertex 11.014237 7.454175 0.800000
      vertex 10.512333 7.563357 0.800000
      vertex 10.192125 5.336259 0.800000
    endloop
  endfacet
  facet normal 0.000000 0.000000 1.000000
    outer loop
      vertex 11.014237 7.454175 0.800000
      vertex 10.192125 5.336259 0.800000
      vertex 10.380339 5.295316 0.800000
    endloop
  endfacet
  facet normal -0.000000 0.000000 -1.000000
    outer loop
      vertex 11.014237 7.454175 -0.800000
      vertex 10.192125 5.336259 -0.800000
      vertex 10.512333 7.563357 -0.800000
    endloop
  endfacet
  facet normal 0.000000 0.000000 -1.000000
    outer loop
      vertex 11.014237 7.454175 -0.800000
      vertex 10.380339 5.295316 -0.800000
      vertex 10.192125 5.336259 -0.800000
    endloop
  endfacet
  facet normal 0.212565 0.977147 0.000000
    outer loop
      vertex 11.014237 7.454175 -0.800000
      vertex 10.512333 7.563357 -0.800000
      vertex 10.512333 7.563357 0.800000
    endloop
  endfacet
  facet normal 0.212565 0.977147 -0.000000
    outer loop
      vertex 11.014237 7.454175 -0.800000
      vertex 10.512333 7.563357 0.800000
      vertex 11.014237 7.454175 0.800000
    endloop
  endfacet
  facet normal -0.212565 -0.977147 0.000000
    outer loop
      vertex 10.380339 5.295316 -0.800000
      vertex 10.192125 5.336259 0.800000
      vertex 10.192125 5.336259 -0.800000
    endloop
  endfacet
  facet normal -0.212565 -0.977147 0.000000
    outer loop
      vertex 10.380339 5.295316 -0.800000
      vertex 10.380339 5.295316 0.800000
      vertex 10.192125 5.336259 0.800000
    endloop
  endfacet
  facet normal 0.000000 0.000000 1.000000
    outer loop
      vertex 10.512333 7.563357 0.800000
      vertex 10.000000 7.600000 0.800000
      vertex 10.000000 5.350000 0.800000
    endloop
  endfacet
  facet normal 0.000000 0.000000 1.000000
    outer loop
      vertex 10.512333 7.563357 0.800000
      vertex 10.000000 5.350000 0.800000
      vertex 10.192125 5.336259 0.800000
    endloop
  endfacet
  facet normal -0.000000 0.000000 -1.000000
    outer loop
      vertex 10.512333 7.563357 -0.800000
      vertex 10.000000 5.350000 -0.800000
      vertex 10.000000 7.600000 -0.800000
    endloop
  endfacet
  facet normal 0.000000 0.000000 -1.000000
    outer loop
      vertex 10.512333 7.563357 -0.800000
      vertex 10.192125 5.336259 -0.800000
      vertex 10.000000 5.350000 -0.800000
    endloop
  endfacet
  facet normal 0.071339 0.997452 0.000000
    outer loop
      vertex 10.512333 7.563357 -0.800000
      vertex 10.000000 7.600000 -0.800000
      vertex 10.000000 7.600000 0.800000
    endloop
  endfacet
  facet normal 0.071339 0.997452 -0.000000
    outer loop
      vertex 10.512333 7.563357 -0.800000
      vertex 10.000000 7.600000 0.800000
      vertex 10.512333 7.563357 0.800000
    endloop
  endfacet
  facet normal -0.071339 -0.997452 0.000000
    outer loop
      vertex 10.192125 5.336259 -0.800000
      vertex 10.000000 5.350000 0.800000
      vertex 10.000000 5.350000 -0.800000
    endloop
  endfacet
  facet normal -0.071339 -0.997452 0.000000
    outer loop
      vertex 10.192125 5.336259 -0.800000
      vertex 10.192125 5.336259 0.800000
      vertex 10.000000 5.350000 0.800000
    endloop
  endfacet
  facet normal 0.000000 0.000000 1.000000
    outer loop
      vertex 10.000000 7.600000 0.800000
      vertex 9.487667 7.563357 0.800000
      vertex 9.807875 5.336259 0.800000
    endloop
  endfacet
  facet normal 0.000000 0.000000 1.000000
    outer loop
      vertex 10.000000 7.600000 0.800000
      vertex 9.807875 5.336259 0.800000
      vertex 10.000000 5.350000 0.800000
    endloop
  endfacet
  facet normal 0.000000 0.000000 -1.000000
    outer loop
      vertex 10.000000 7.600000 -0.800000
      vertex 9.807875 5.336259 -0.800000
      vertex 9.487667 7.563357 -0.800000
    endloop
  endfacet
  facet normal 0.000000 0.000000 -1.000000
    outer loop
      vertex 10.000000 7.600000 -0.800000
      vertex 10.000000 5.350000 -0.800000
      vertex 9.807875 5.336259 -0.800000
    endloop
  endfacet
  facet normal -0.071339 0.997452 0.000000
    outer loop
      vertex 10.000000 7.600000 -0.800000
      vertex 9.487667 7.563357 -0.800000
      vertex 9.487667 7.563357 0.800000
    endloop
  endfacet
  facet normal -0.071339 0.997452 0.000000
    outer loop
      vertex 10.000000 7.600000 -0.800000
      vertex 9.487667 7.563357 0.800000
      vertex 10.000000 7.600000 0.800000
    endloop
  endfacet
  facet normal 0.071339 -0.997452 0.000000
    outer loop
      vertex 10.000000 5.350000 -0.800000
      vertex 9.807875 5.336259 0.800000
      vertex 9.807875 5.336259 -0.800000
    endloop
  endfacet
  facet normal 0.071339 -0.997452 0.000000
    outer loop
      vertex 10.000000 5.350000 -0.800000
      vertex 10.000000 5.350000 0.800000
      vertex 9.807875 5.336259 0.800000
    endloop
  endfacet
  facet normal 0.000000 0.000000 1.000000
    outer loop
      vertex 9.487667 7.563357 0.800000
      vertex 8.985763 7.454175 0.800000
      vertex 9.619661 5.295316 0.800000
    endloop
  endfacet
  facet normal 0.000000 0.000000 1.000000
    outer loop
      vertex 9.487667 7.563357 0.800000
      vertex 9.619661 5.295316 0.800000
      vertex 9.807875 5.336259 0.800000
    endloop
  endfacet
  facet normal 0.000000 -0.000000 -1.000000
    outer loop
      vertex 9.487667 7.563357 -0.800000
      vertex 9.619661 5.295316 -0.800000
      vertex 8.985763 7.454175 -0.800000
    endloop
  endfacet
  facet normal 0.000000 0.000000 -1.000000
    outer loop
      vertex 9.487667 7.563357 -0.800000
      vertex 9.807875 5.336259 -0.800000
      vertex 9.619661 5.295316 -0.800000
    endloop
  endfacet
  facet normal -0.212565 0.977147 0.000000
    outer loop
      vertex 9.487667 7.563357 -0.800000
      vertex 8.985763 7.454175 -0.800000
      vertex 8.985763 7.454175 0.800000
    endloop
  endfacet
  facet normal -0.212565 0.977147 0.000000
    outer loop
      vertex 9.487667 7.563357 -0.800000
      vertex 8.985763 7.454175 0.800000
      vertex 9.487667 7.563357 0.800000
    endloop
  endfacet
  facet normal 0.212565 -0.977147 0.000000
    outer loop
      vertex 9.807875 5.336259 -0.800000
      vertex 9.619661 5.295316 0.800000
      vertex 9.619661 5.295316 -0.800000
    endloop
  endfacet
  facet normal 0.212565 -0.977147 0.000000
    outer loop
      vertex 9.807875 5.336259 -0.800000
      vertex 9.807875 5.336259 0.800000
      vertex 9.619661 5.295316 0.800000
    endloop
  endfacet
  facet normal 0.000000 0.000000 1.000000
    outer loop
      vertex 8.985763 7.454175 0.800000
      vertex 8.504506 7.274675 0.800000
      vertex 9.439190 5.228003 0.800000
    endloop
  endfacet
  facet normal 0.000000 0.000000 1.000000
    outer loop
      vertex 8.985763 7.454175 0.800000
      vertex 9.439190 5.228003 0.800000
      vertex 9.619661 5.295316 0.800000
    endloop
  endfacet
  facet normal 0.000000 -0.000000 -1.000000
    outer loop
      vertex 8.985763 7.454175 -0.800000
      vertex 9.439190 5.228003 -0.800000
      vertex 8.504506 7.274675 -0.800000
    endloop
  endfacet
  facet normal 0.000000 0.000000 -1.000000
    outer loop
      vertex 8.985763 7.454175 -0.800000
      vertex 9.619661 5.295316 -0.800000
      vertex 9.439190 5.228003 -0.800000
    endloop
  endfacet
  facet normal -0.349464 0.936950 0.000000
    outer loop
      vertex 8.985763 7.454175 -0.800000
      vertex 8.504506 7.274675 -0.800000
      vertex 8.504506 7.274675 0.800000
    endloop
  endfacet
  facet normal -0.349464 0.936950 0.000000
    outer loop
      vertex 8.985763 7.454175 -0.800000
      vertex 8.504506 7.274675 0.800000
      vertex 8.985763 7.454175 0.800000
    endloop
  endfacet
  facet normal 0.349464 -0.936950 0.000000
    outer loop
      vertex 9.619661 5.295316 -0.800000
      vertex 9.439190 5.228003 0.800000
      vertex 9.439190 5.228003 -0.800000
    endloop
  endfacet
  facet normal 0.349464 -0.936950 0.000000
    outer loop
      vertex 9.619661 5.295316 -0.800000
      vertex 9.619661 5.295316 0.800000
      vertex 9.439190 5.228003 0.800000
    endloop
  endfacet
  facet normal 0.000000 0.000000 1.000000
    outer loop
      vertex 8.504506 7.274675 0.800000
      vertex 8.053693 7.028513 0.800000
      vertex 9.270135 5.135692 0.800000
    endloop
  endfacet
  facet normal 0.000000 0.000000 1.000000
    outer loop
      vertex 8.504506 7.274675 0.800000
      vertex 9.270135 5.135692 0.800000
      vertex 9.439190 5.228003 0.800000
    endloop
  endfacet
  facet normal 0.000000 -0.000000 -1.000000
    outer loop
      vertex 8.504506 7.274675 -0.800000
      vertex 9.270135 5.135692 -0.800000
      vertex 8.053693 7.028513 -0.800000
    endloop
  endfacet
  facet normal 0.000000 0.000000 -1.000000
    outer loop
      vertex 8.504506 7.274675 -0.800000
      vertex 9.439190 5.228003 -0.800000
      vertex 9.270135 5.135692 -0.800000
    endloop
  endfacet
  facet normal -0.479249 0.877679 0.000000
    outer loop
      vertex 8.504506 7.274675 -0.800000
      vertex 8.053693 7.028513 -0.800000
      vertex 8.053693 7.028513 0.800000
    endloop
  endfacet
  facet normal -0.479249 0.877679 0.000000
    outer loop
      vertex 8.504506 7.274675 -0.800000
      vertex 8.053693 7.028513 0.800000
      vertex 8.504506 7.274675 0.800000
    endloop
  endfacet
  facet normal 0.479249 -0.877679 0.000000
    outer loop
      vertex 9.439190 5.228003 -0.800000
      vertex 9.270135 5.135692 0.800000
      vertex 9.270135 5.135692 -0.800000
    endloop
  endfacet
  facet normal 0.479249 -0.877679 0.000000
    outer loop
      vertex 9.439190 5.228003 -0.800000
      vertex 9.439190 5.228003 0.800000
      vertex 9.270135 5.135692 0.800000
    endloop
  endfacet
  facet normal 0.000000 0.000000 1.000000
    outer loop
      vertex 8.053693 7.028513 0.800000
      vertex 7.642501 6.720698 0.800000
      vertex 9.115938 5.020262 0.800000
    endloop
  endfacet
  facet normal 0.000000 0.000000 1.000000
    outer loop
      vertex 8.053693 7.028513 0.800000
      vertex 9.115938 5.020262 0.800000
      vertex 9.270135 5.135692 0.800000
    endloop
  endfacet
  facet normal 0.000000 -0.000000 -1.000000
    outer loop
      vertex 8.053693 7.028513 -0.800000
      vertex 9.115938 5.020262 -0.800000
      vertex 7.642501 6.720698 -0.800000
    endloop
  endfacet
  facet normal 0.000000 0.000000 -1.000000
    outer loop
      vertex 8.053693 7.028513 -0.800000
      vertex 9.270135 5.135692 -0.800000
      vertex 9.115938 5.020262 -0.800000
    endloop
  endfacet
  facet normal -0.599278 0.800541 0.000000
    outer loop
      vertex 8.053693 7.028513 -0.800000
      vertex 7.642501 6.720698 -0.800000
      vertex 7.642501 6.720698 0.800000
    endloop
  endfacet
  facet normal -0.599278 0.800541 0.000000
    outer loop
      vertex 8.053693 7.028513 -0.800000
      vertex 7.642501 6.720698 0.800000
      vertex 8.053693 7.028513 0.800000
    endloop
  endfacet
  facet normal 0.599278 -0.800541 0.000000
    outer loop
      vertex 9.270135 5.135692 -0.800000
      vertex 9.115938 5.020262 0.800000
      vertex 9.115938 5.020262 -0.800000
    endloop
  endfacet
  facet normal 0.599278 -0.800541 0.000000
    outer loop
      vertex 9.270135 5.135692 -0.800000
      vertex 9.270135 5.135692 0.800000
      vertex 9.115938 5.020262 0.800000
    endloop
  endfacet
  facet normal 0.000000 0.000000 1.000000
    outer loop
      vertex 7.642501 6.720698 0.800000
      vertex 7.279302 6.357499 0.800000
      vertex 8.979738 4.884062 0.800000
    endloop
  endfacet
  facet normal 0.000000 0.000000 1.000000
    outer loop
      vertex 7.642501 6.720698 0.800000
      vertex 8.979738 4.884062 0.800000
      vertex 9.115938 5.020262 0.800000
    endloop
  endfacet
  facet normal 0.000000 -0.000000 -1.000000
    outer loop
      vertex 7.642501 6.720698 -0.800000
      vertex 8.979738 4.884062 -0.800000
      vertex 7.279302 6.357499 -0.800000
    endloop
  endfacet
  facet normal 0.000000 0.000000 -1.000000
    outer loop
      vertex 7.642501 6.720698 -0.800000
      vertex 9.115938 5.020262 -0.800000
      vertex 8.979738 4.884062 -0.800000
    endloop
  endfacet
  facet normal -0.707107 0.707107 0.000000
    outer loop
      vertex 7.642501 6.720698 -0.800000
      vertex 7.279302 6.357499 -0.800000
      vertex 7.279302 6.357499 0.800000
    endloop
  endfacet
  facet normal -0.707107 0.707107 0.000000
    outer loop
      vertex 7.642501 6.720698 -0.800000
      vertex 7.279302 6.357499 0.800000
      vertex 7.642501 6.720698 0.800000
    endloop
  endfacet
  facet normal 0.707107 -0.707107 0.000000
    outer loop
      vertex 9.115938 5.020262 -0.800000
      vertex 8.979738 4.884062 0.800000
      vertex 8.979738 4.884062 -0.800000
    endloop
  endfacet
  facet normal 0.707107 -0.707107 0.000000
    outer loop
      vertex 9.115938 5.020262 -0.800000
      vertex 9.115938 5.020262 0.800000
      vertex 8.979738 4.884062 0.800000
    endloop
  endfacet
  facet normal 0.000000 0.000000 1.000000
    outer loop
      vertex 7.279302 6.357499 0.800000
      vertex 6.971487 5.946307 0.800000
      vertex 8.864308 4.729865 0.800000
    endloop
  endfacet
  facet normal 0.000000 0.000000 1.000000
    outer loop
      vertex 7.279302 6.357499 0.800000
      vertex 8.864308 4.729865 0.800000
      vertex 8.979738 4.884062 0.800000
    endloop
  endfacet
  facet normal 0.000000 -0.000000 -1.000000
    outer loop
      vertex 7.279302 6.357499 -0.800000
      vertex 8.864308 4.729865 -0.800000
      vertex 6.971487 5.946307 -0.800000
    endloop
  endfacet
  facet normal 0.000000 0.000000 -1.000000
    outer loop
      vertex 7.279302 6.357499 -0.800000
      vertex 8.979738 4.884062 -0.800000
      vertex 8.864308 4.729865 -0.800000
    endloop
  endfacet
  facet normal -0.800541 0.599278 0.000000
    outer loop
      vertex 7.279302 6.357499 -0.800000
      vertex 6.971487 5.946307 -0.800000
      vertex 6.971487 5.946307 0.800000
    endloop
  endfacet
  facet normal -0.800541 0.599278 0.000000
    outer loop
      vertex 7.279302 6.357499 -0.800000
      vertex 6.971487 5.946307 0.800000
      vertex 7.279302 6.357499 0.800000
    endloop
  endfacet
  facet normal 0.800541 -0.599278 0.000000
    outer loop
      vertex 8.979738 4.884062 -0.800000
      vertex 8.864308 4.729865 0.800000
      vertex 8.864308 4.729865 -0.800000
    endloop
  endfacet
  facet normal 0.800541 -0.599278 0.000000
    outer loop
      vertex 8.979738 4.884062 -0.800000
      vertex 8.979738 4.884062 0.800000
      vertex 8.864308 4.729865 0.800000
    endloop
  endfacet
  facet normal 0.000000 0.000000 1.000000
    outer loop
      vertex 6.971487 5.946307 0.800000
      vertex 6.725325 5.495494 0.800000
      vertex 8.771997 4.560810 0.800000
    endloop
  endfacet
  facet normal 0.000000 0.000000 1.000000
    outer loop
      vertex 6.971487 5.946307 0.800000
      vertex 8.771997 4.560810 0.800000
      vertex 8.864308 4.729865 0.800000
    endloop
  endfacet
  facet normal 0.000000 -0.000000 -1.000000
    outer loop
      vertex 6.971487 5.946307 -0.800000
      vertex 8.771997 4.560810 -0.800000
      vertex 6.725325 5.495494 -0.800000
    endloop
  endfacet
  facet normal 0.000000 0.000000 -1.000000
    outer loop
      vertex 6.971487 5.946307 -0.800000
      vertex 8.864308 4.729865 -0.800000
      vertex 8.771997 4.560810 -0.800000
    endloop
  endfacet
  facet normal -0.877679 0.479249 0.000000
    outer loop
      vertex 6.971487 5.946307 -0.800000
      vertex 6.725325 5.495494 -0.800000
      vertex 6.725325 5.495494 0.800000
    endloop
  endfacet
  facet normal -0.877679 0.479249 0.000000
    outer loop
      vertex 6.971487 5.946307 -0.800000
      vertex 6.725325 5.495494 0.800000
      vertex 6.971487 5.946307 0.800000
    endloop
  endfacet
  facet normal 0.877679 -0.479249 0.000000
    outer loop
      vertex 8.864308 4.729865 -0.800000
      vertex 8.771997 4.560810 0.800000
      vertex 8.771997 4.560810 -0.800000
    endloop
  endfacet
  facet normal 0.877679 -0.479249 0.000000
    outer loop
      vertex 8.864308 4.729865 -0.800000
      vertex 8.864308 4.729865 0.800000
      vertex 8.771997 4.560810 0.800000
    endloop
  endfacet
  facet normal 0.000000 0.000000 1.000000
    outer loop
      vertex 6.725325 5.495494 0.800000
      vertex 6.545825 5.014237 0.800000
      vertex 8.704684 4.380339 0.800000
    endloop
  endfacet
  facet normal 0.000000 0.000000 1.000000
    outer loop
      vertex 6.725325 5.495494 0.800000
      vertex 8.704684 4.380339 0.800000
      vertex 8.771997 4.560810 0.800000
    endloop
  endfacet
  facet normal 0.000000 -0.000000 -1.000000
    outer loop
      vertex 6.725325 5.495494 -0.800000
      vertex 8.704684 4.380339 -0.800000
      vertex 6.545825 5.014237 -0.800000
    endloop
  endfacet
  facet normal 0.000000 0.000000 -1.000000
    outer loop
      vertex 6.725325 5.495494 -0.800000
      vertex 8.771997 4.560810 -0.800000
      vertex 8.704684 4.380339 -0.800000
    endloop
  endfacet
  facet normal -0.936950 0.349464 0.000000
    outer loop
      vertex 6.725325 5.495494 -0.800000
      vertex 6.545825 5.014237 -0.800000
      vertex 6.545825 5.014237 0.800000
    endloop
  endfacet
  facet normal -0.936950 0.349464 0.000000
    outer loop
      vertex 6.725325 5.495494 -0.800000
      vertex 6.545825 5.014237 0.800000
      vertex 6.725325 5.495494 0.800000
    endloop
  endfacet
  facet normal 0.936950 -0.349464 0.000000
    outer loop
      vertex 8.771997 4.560810 -0.800000
      vertex 8.704684 4.380339 0.800000
      vertex 8.704684 4.380339 -0.800000
    endloop
  endfacet
  facet normal 0.936950 -0.349464 0.000000
    outer loop
      vertex 8.771997 4.560810 -0.800000
      vertex 8.771997 4.560810 0.800000
      vertex 8.704684 4.380339 0.800000
    endloop
  endfacet
  facet normal 0.000000 0.000000 1.000000
    outer loop
      vertex 6.545825 5.014237 0.800000
      vertex 6.436643 4.512333 0.800000
      vertex 8.663741 4.192125 0.800000
    endloop
  endfacet
  facet normal 0.000000 0.000000 1.000000
    outer loop
      vertex 6.545825 5.014237 0.800000
      vertex 8.663741 4.192125 0.800000
      vertex 8.704684 4.380339 0.800000
    endloop
  endfacet
  facet normal 0.000000 -0.000000 -1.000000
    outer loop
      vertex 6.545825 5.014237 -0.800000
      vertex 8.663741 4.192125 -0.800000
      vertex 6.436643 4.512333 -0.800000
    endloop
  endfacet
  facet normal 0.000000 0.000000 -1.000000
    outer loop
      vertex 6.545825 5.014237 -0.800000
      vertex 8.704684 4.380339 -0.800000
      vertex 8.663741 4.192125 -0.800000
    endloop
  endfacet
  facet normal -0.977147 0.212565 0.000000
    outer loop
      vertex 6.545825 5.014237 -0.800000
      vertex 6.436643 4.512333 -0.800000
      vertex 6.436643 4.512333 0.800000
    endloop
  endfacet
  facet normal -0.977147 0.212565 0.000000
    outer loop
      vertex 6.545825 5.014237 -0.800000
      vertex 6.436643 4.512333 0.800000
      vertex 6.545825 5.014237 0.800000
    endloop
  endfacet
  facet normal 0.977147 -0.212565 0.000000
    outer loop
      vertex 8.704684 4.380339 -0.800000
      vertex 8.663741 4.192125 0.800000
      vertex 8.663741 4.192125 -0.800000
    endloop
  endfacet
  facet normal 0.977147 -0.212565 0.000000
    outer loop
      vertex 8.704684 4.380339 -0.800000
      vertex 8.704684 4.380339 0.800000
      vertex 8.663741 4.192125 0.800000
    endloop
  endfacet
  facet normal 0.000000 0.000000 1.000000
    outer loop
      vertex 6.436643 4.512333 0.800000
      vertex 6.400000 4.000000 0.800000
      vertex 8.650000 4.000000 0.800000
    endloop
  endfacet
  facet normal 0.000000 0.000000 1.000000
    outer loop
      vertex 6.436643 4.512333 0.800000
      vertex 8.650000 4.000000 0.800000
      vertex 8.663741 4.192125 0.800000
    endloop
  endfacet
  facet normal 0.000000 -0.000000 -1.000000
    outer loop
      vertex 6.436643 4.512333 -0.800000
      vertex 8.650000 4.000000 -0.800000
      vertex 6.400000 4.000000 -0.800000
    endloop
  endfacet
  facet normal 0.000000 0.000000 -1.000000
    outer loop
      vertex 6.436643 4.512333 -0.800000
      vertex 8.663741 4.192125 -0.800000
      vertex 8.650000 4.000000 -0.800000
    endloop
  endfacet
  facet normal -0.997452 0.071339 0.000000
    outer loop
      vertex 6.436643 4.512333 -0.800000
      vertex 6.400000 4.000000 -0.800000
      vertex 6.400000 4.000000 0.800000
    endloop
  endfacet
  facet normal -0.997452 0.071339 0.000000
    outer loop
      vertex 6.436643 4.512333 -0.800000
      vertex 6.400000 4.000000 0.800000
      vertex 6.436643 4.512333 0.800000
    endloop
  endfacet
  facet normal 0.997452 -0.071339 0.000000
    outer loop
      vertex 8.663741 4.192125 -0.800000
      vertex 8.650000 4.000000 0.800000
      vertex 8.650000 4.000000 -0.800000
    endloop
  endfacet
  facet normal 0.997452 -0.071339 0.000000
    outer loop
      vertex 8.663741 4.192125 -0.800000
      vertex 8.663741 4.192125 0.800000
      vertex 8.650000 4.000000 0.800000
    endloop
  endfacet
  facet normal 0.000000 0.000000 1.000000
    outer loop
      vertex 6.400000 4.000000 0.800000
      vertex 6.436643 3.487667 0.800000
      vertex 8.663741 3.807875 0.800000
    endloop
  endfacet
  facet normal 0.000000 0.000000 1.000000
    outer loop
      vertex 6.400000 4.000000 0.800000
      vertex 8.663741 3.807875 0.800000
      vertex 8.650000 4.000000 0.800000
    endloop
  endfacet
  facet normal 0.000000 0.000000 -1.000000
    outer loop
      vertex 6.400000 4.000000 -0.800000
      vertex 8.663741 3.807875 -0.800000
      vertex 6.436643 3.487667 -0.800000
    endloop
  endfacet
  facet normal 0.000000 0.000000 -1.000000
    outer loop
      vertex 6.400000 4.000000 -0.800000
      vertex 8.650000 4.000000 -0.800000
      vertex 8.663741 3.807875 -0.800000
    endloop
  endfacet
  facet normal -0.997452 -0.071339 0.000000
    outer loop
      vertex 6.400000 4.000000 -0.800000
      vertex 6.436643 3.487667 -0.800000
      vertex 6.436643 3.487667 0.800000
    endloop
  endfacet
  facet normal -0.997452 -0.071339 0.000000
    outer loop
      vertex 6.400000 4.000000 -0.800000
      vertex 6.436643 3.487667 0.800000
      vertex 6.400000 4.000000 0.800000
    endloop
  endfacet
  facet normal 0.997452 0.071339 0.000000
    outer loop
      vertex 8.650000 4.000000 -0.800000
      vertex 8.663741 3.807875 0.800000
      vertex 8.663741 3.807875 -0.800000
    endloop
  endfacet
  facet normal 0.997452 0.071339 -0.000000
    outer loop
      vertex 8.650000 4.000000 -0.800000
      vertex 8.650000 4.000000 0.800000
      vertex 8.663741 3.807875 0.800000
    endloop
  endfacet
  facet normal -0.000000 0.000000 1.000000
    outer loop
      vertex 6.436643 3.487667 0.800000
      vertex 6.545825 2.985763 0.800000
      vertex 8.704684 3.619661 0.800000
    endloop
  endfacet
  facet normal 0.000000 0.000000 1.000000
    outer loop
      vertex 6.436643 3.487667 0.800000
      vertex 8.704684 3.619661 0.800000
      vertex 8.663741 3.807875 0.800000
    endloop
  endfacet
  facet normal 0.000000 0.000000 -1.000000
    outer loop
      vertex 6.436643 3.487667 -0.800000
      vertex 8.704684 3.619661 -0.800000
      vertex 6.545825 2.985763 -0.800000
    endloop
  endfacet
  facet normal 0.000000 0.000000 -1.000000
    outer loop
      vertex 6.436643 3.487667 -0.800000
      vertex 8.663741 3.807875 -0.800000
      vertex 8.704684 3.619661 -0.800000
    endloop
  endfacet
  facet normal -0.977147 -0.212565 0.000000
    outer loop
      vertex 6.436643 3.487667 -0.800000
      vertex 6.545825 2.985763 -0.800000
      vertex 6.545825 2.985763 0.800000
    endloop
  endfacet
  facet normal -0.977147 -0.212565 0.000000
    outer loop
      vertex 6.436643 3.487667 -0.800000
      vertex 6.545825 2.985763 0.800000
      vertex 6.436643 3.487667 0.800000
    endloop
  endfacet
  facet normal 0.977147 0.212565 0.000000
    outer loop
      vertex 8.663741 3.807875 -0.800000
      vertex 8.704684 3.619661 0.800000
      vertex 8.704684 3.619661 -0.800000
    endloop
  endfacet
  facet normal 0.977147 0.212565 -0.000000
    outer loop
      vertex 8.663741 3.807875 -0.800000
      vertex 8.663741 3.807875 0.800000
      vertex 8.704684 3.619661 0.800000
    endloop
  endfacet
  facet normal -0.000000 0.000000 1.000000
    outer loop
      vertex 6.545825 2.985763 0.800000
      vertex 6.725325 2.504506 0.800000
      vertex 8.771997 3.439190 0.800000
    endloop
  endfacet
  facet normal 0.000000 0.000000 1.000000
    outer loop
      vertex 6.545825 2.985763 0.800000
      vertex 8.771997 3.439190 0.800000
      vertex 8.704684 3.619661 0.800000
    endloop
  endfacet
  facet normal 0.000000 0.000000 -1.000000
    outer loop
      vertex 6.545825 2.985763 -0.800000
      vertex 8.771997 3.439190 -0.800000
      vertex 6.725325 2.504506 -0.800000
    endloop
  endfacet
  facet normal 0.000000 0.000000 -1.000000
    outer loop
      vertex 6.545825 2.985763 -0.800000
      vertex 8.704684 3.619661 -0.800000
      vertex 8.771997 3.439190 -0.800000
    endloop
  endfacet
  facet normal -0.936950 -0.349464 0.000000
    outer loop
      vertex 6.545825 2.985763 -0.800000
      vertex 6.725325 2.504506 -0.800000
      vertex 6.725325 2.504506 0.800000
    endloop
  endfacet
  facet normal -0.936950 -0.349464 0.000000
    outer loop
      vertex 6.545825 2.985763 -0.800000
      vertex 6.725325 2.504506 0.800000
      vertex 6.545825 2.985763 0.800000
    endloop
  endfacet
  facet normal 0.936950 0.349464 0.000000
    outer loop
      vertex 8.704684 3.619661 -0.800000
      vertex 8.771997 3.439190 0.800000
      vertex 8.771997 3.439190 -0.800000
    endloop
  endfacet
  facet normal 0.936950 0.349464 -0.000000
    outer loop
      vertex 8.704684 3.619661 -0.800000
      vertex 8.704684 3.619661 0.800000
      vertex 8.771997 3.439190 0.800000
    endloop
  endfacet
  facet normal -0.000000 0.000000 1.000000
    outer loop
      vertex 6.725325 2.504506 0.800000
      vertex 6.971487 2.053693 0.800000
      vertex 8.864308 3.270135 0.800000
    endloop
  endfacet
  facet normal 0.000000 0.000000 1.000000
    outer loop
      vertex 6.725325 2.504506 0.800000
      vertex 8.864308 3.270135 0.800000
      vertex 8.771997 3.439190 0.800000
    endloop
  endfacet
  facet normal 0.000000 0.000000 -1.000000
    outer loop
      vertex 6.725325 2.504506 -0.800000
      vertex 8.864308 3.270135 -0.800000
      vertex 6.971487 2.053693 -0.800000
    endloop
  endfacet
  facet normal 0.000000 0.000000 -1.000000
    outer loop
      vertex 6.725325 2.504506 -0.800000
      vertex 8.771997 3.439190 -0.800000
      vertex 8.864308 3.270135 -0.800000
    endloop
  endfacet
  facet normal -0.877679 -0.479249 0.000000
    outer loop
      vertex 6.725325 2.504506 -0.800000
      vertex 6.971487 2.053693 -0.800000
      vertex 6.971487 2.053693 0.800000
    endloop
  endfacet
  facet normal -0.877679 -0.479249 0.000000
    outer loop
      vertex 6.725325 2.504506 -0.800000
      vertex 6.971487 2.053693 0.800000
      vertex 6.725325 2.504506 0.800000
    endloop
  endfacet
  facet normal 0.877679 0.479249 0.000000
    outer loop
      vertex 8.771997 3.439190 -0.800000
      vertex 8.864308 3.270135 0.800000
      vertex 8.864308 3.270135 -0.800000
    endloop
  endfacet
  facet normal 0.877679 0.479249 -0.000000
    outer loop
      vertex 8.771997 3.439190 -0.800000
      vertex 8.771997 3.439190 0.800000
      vertex 8.864308 3.270135 0.800000
    endloop
  endfacet
  facet normal -0.000000 0.000000 1.000000
    outer loop
      vertex 6.971487 2.053693 0.800000
      vertex 7.279302 1.642501 0.800000
      vertex 8.979738 3.115938 0.800000
    endloop
  endfacet
  facet normal 0.000000 0.000000 1.000000
    outer loop
      vertex 6.971487 2.053693 0.800000
      vertex 8.979738 3.115938 0.800000
      vertex 8.864308 3.270135 0.800000
    endloop
  endfacet
  facet normal 0.000000 0.000000 -1.000000
    outer loop
      vertex 6.971487 2.053693 -0.800000
      vertex 8.979738 3.115938 -0.800000
      vertex 7.279302 1.642501 -0.800000
    endloop
  endfacet
  facet normal 0.000000 0.000000 -1.000000
    outer loop
      vertex 6.971487 2.053693 -0.800000
      vertex 8.864308 3.270135 -0.800000
      vertex 8.979738 3.115938 -0.800000
    endloop
  endfacet
  facet normal -0.800541 -0.599278 0.000000
    outer loop
      vertex 6.971487 2.053693 -0.800000
      vertex 7.279302 1.642501 -0.800000
      vertex 7.279302 1.642501 0.800000
    endloop
  endfacet
  facet normal -0.800541 -0.599278 0.000000
    outer loop
      vertex 6.971487 2.053693 -0.800000
      vertex 7.279302 1.642501 0.800000
      vertex 6.971487 2.053693 0.800000
    endloop
  endfacet
  facet normal 0.800541 0.599278 0.000000
    outer loop
      vertex 8.864308 3.270135 -0.800000
      vertex 8.979738 3.115938 0.800000
      vertex 8.979738 3.115938 -0.800000
    endloop
  endfacet
  facet normal 0.800541 0.599278 -0.000000
    outer loop
      vertex 8.864308 3.270135 -0.800000
      vertex 8.864308 3.270135 0.800000
      vertex 8.979738 3.115938 0.800000
    endloop
  endfacet
  facet normal -0.000000 0.000000 1.000000
    outer loop
      vertex 7.279302 1.642501 0.800000
      vertex 7.642501 1.279302 0.800000
      vertex 9.115938 2.979738 0.800000
    endloop
  endfacet
  facet normal 0.000000 0.000000 1.000000
    outer loop
      vertex 7.279302 1.642501 0.800000
      vertex 9.115938 2.979738 0.800000
      vertex 8.979738 3.115938 0.800000
    endloop
  endfacet
  facet normal 0.000000 0.000000 -1.000000
    outer loop
      vertex 7.279302 1.642501 -0.800000
      vertex 9.115938 2.979738 -0.800000
      vertex 7.642501 1.279302 -0.800000
    endloop
  endfacet
  facet normal 0.000000 0.000000 -1.000000
    outer loop
      vertex 7.279302 1.642501 -0.800000
      vertex 8.979738 3.115938 -0.800000
      vertex 9.115938 2.979738 -0.800000
    endloop
  endfacet
  facet normal -0.707107 -0.707107 0.000000
    outer loop
      vertex 7.279302 1.642501 -0.800000
      vertex 7.642501 1.279302 -0.800000
      vertex 7.642501 1.279302 0.800000
    endloop
  endfacet
  facet normal -0.707107 -0.707107 0.000000
    outer loop
      vertex 7.279302 1.642501 -0.800000
      vertex 7.642501 1.279302 0.800000
      vertex 7.279302 1.642501 0.800000
    endloop
  endfacet
  facet normal 0.707107 0.707107 0.000000
    outer loop
      vertex 8.979738 3.115938 -0.800000
      vertex 9.115938 2.979738 0.800000
      vertex 9.115938 2.979738 -0.800000
    endloop
  endfacet
  facet normal 0.707107 0.707107 -0.000000
    outer loop
      vertex 8.979738 3.115938 -0.800000
      vertex 8.979738 3.115938 0.800000
      vertex 9.115938 2.979738 0.800000
    endloop
  endfacet
  facet normal -0.000000 0.000000 1.000000
    outer loop
      vertex 7.642501 1.279302 0.800000
      vertex 8.053693 0.971487 0.800000
      vertex 9.270135 2.864308 0.800000
    endloop
  endfacet
  facet normal 0.000000 0.000000 1.000000
    outer loop
      vertex 7.642501 1.279302 0.800000
      vertex 9.270135 2.864308 0.800000
      vertex 9.115938 2.979738 0.800000
    endloop
  endfacet
  facet normal 0.000000 0.000000 -1.000000
    outer loop
      vertex 7.642501 1.279302 -0.800000
      vertex 9.270135 2.864308 -0.800000
      vertex 8.053693 0.971487 -0.800000
    endloop
  endfacet
  facet normal 0.000000 0.000000 -1.000000
    outer loop
      vertex 7.642501 1.279302 -0.800000
      vertex 9.115938 2.979738 -0.800000
      vertex 9.270135 2.864308 -0.800000
    endloop
  endfacet
  facet normal -0.599278 -0.800541 0.000000
    outer loop
      vertex 7.642501 1.279302 -0.800000
      vertex 8.053693 0.971487 -0.800000
      vertex 8.053693 0.971487 0.800000
    endloop
  endfacet
  facet normal -0.599278 -0.800541 0.000000
    outer loop
      vertex 7.642501 1.279302 -0.800000
      vertex 8.053693 0.971487 0.800000
      vertex 7.642501 1.279302 0.800000
    endloop
  endfacet
  facet normal 0.599278 0.800541 0.000000
    outer loop
      vertex 9.115938 2.979738 -0.800000
      vertex 9.270135 2.864308 0.800000
      vertex 9.270135 2.864308 -0.800000
    endloop
  endfacet
  facet normal 0.599278 0.800541 -0.000000
    outer loop
      vertex 9.115938 2.979738 -0.800000
      vertex 9.115938 2.979738 0.800000
      vertex 9.270135 2.864308 0.800000
    endloop
  endfacet
  facet normal -0.000000 0.000000 1.000000
    outer loop
      vertex 8.053693 0.971487 0.800000
      vertex 8.504506 0.725325 0.800000
      vertex 9.439190 2.771997 0.800000
    endloop
  endfacet
  facet normal 0.000000 0.000000 1.000000
    outer loop
      vertex 8.053693 0.971487 0.800000
      vertex 9.439190 2.771997 0.800000
      vertex 9.270135 2.864308 0.800000
    endloop
  endfacet
  facet normal 0.000000 0.000000 -1.000000
    outer loop
      vertex 8.053693 0.971487 -0.800000
      vertex 9.439190 2.771997 -0.800000
      vertex 8.504506 0.725325 -0.800000
    endloop
  endfacet
  facet normal 0.000000 0.000000 -1.000000
    outer loop
      vertex 8.053693 0.971487 -0.800000
      vertex 9.270135 2.864308 -0.800000
      vertex 9.439190 2.771997 -0.800000
    endloop
  endfacet
  facet normal -0.479249 -0.877679 0.000000
    outer loop
      vertex 8.053693 0.971487 -0.800000
      vertex 8.504506 0.725325 -0.800000
      vertex 8.504506 0.725325 0.800000
    endloop
  endfacet
  facet normal -0.479249 -0.877679 0.000000
    outer loop
      vertex 8.053693 0.971487 -0.800000
      vertex 8.504506 0.725325 0.800000
      vertex 8.053693 0.971487 0.800000
    endloop
  endfacet
  facet normal 0.479249 0.877679 0.000000
    outer loop
      vertex 9.270135 2.864308 -0.800000
      vertex 9.439190 2.771997 0.800000
      vertex 9.439190 2.771997 -0.800000
    endloop
  endfacet
  facet normal 0.479249 0.877679 -0.000000
    outer loop
      vertex 9.270135 2.864308 -0.800000
      vertex 9.270135 2.864308 0.800000
      vertex 9.439190 2.771997 0.800000
    endloop
  endfacet
  facet normal -0.000000 0.000000 1.000000
    outer loop
      vertex 8.504506 0.725325 0.800000
      vertex 8.985763 0.545825 0.800000
      vertex 9.619661 2.704684 0.800000
    endloop
  endfacet
  facet normal 0.000000 0.000000 1.000000
    outer loop
      vertex 8.504506 0.725325 0.800000
      vertex 9.619661 2.704684 0.800000
      vertex 9.439190 2.771997 0.800000
    endloop
  endfacet
  facet normal 0.000000 0.000000 -1.000000
    outer loop
      vertex 8.504506 0.725325 -0.800000
      vertex 9.619661 2.704684 -0.800000
      vertex 8.985763 0.545825 -0.800000
    endloop
  endfacet
  facet normal 0.000000 0.000000 -1.000000
    outer loop
      vertex 8.504506 0.725325 -0.800000
      vertex 9.439190 2.771997 -0.800000
      vertex 9.619661 2.704684 -0.800000
    endloop
  endfacet
  facet normal -0.349464 -0.936950 0.000000
    outer loop
      vertex 8.504506 0.725325 -0.800000
      vertex 8.985763 0.545825 -0.800000
      vertex 8.985763 0.545825 0.800000
    endloop
  endfacet
  facet normal -0.349464 -0.936950 0.000000
    outer loop
      vertex 8.504506 0.725325 -0.800000
      vertex 8.985763 0.545825 0.800000
      vertex 8.504506 0.725325 0.800000
    endloop
  endfacet
  facet normal 0.349464 0.936950 0.000000
    outer loop
      vertex 9.439190 2.771997 -0.800000
      vertex 9.619661 2.704684 0.800000
      vertex 9.619661 2.704684 -0.800000
    endloop
  endfacet
  facet normal 0.349464 0.936950 -0.000000
    outer loop
      vertex 9.439190 2.771997 -0.800000
      vertex 9.439190 2.771997 0.800000
      vertex 9.619661 2.704684 0.800000
    endloop
  endfacet
  facet normal -0.000000 0.000000 1.000000
    outer loop
      vertex 8.985763 0.545825 0.800000
      vertex 9.487667 0.436643 0.800000
      vertex 9.807875 2.663741 0.800000
    endloop
  endfacet
  facet normal 0.000000 0.000000 1.000000
    outer loop
      vertex 8.985763 0.545825 0.800000
      vertex 9.807875 2.663741 0.800000
      vertex 9.619661 2.704684 0.800000
    endloop
  endfacet
  facet normal 0.000000 0.000000 -1.000000
    outer loop
      vertex 8.985763 0.545825 -0.800000
      vertex 9.807875 2.663741 -0.800000
      vertex 9.487667 0.436643 -0.800000
    endloop
  endfacet
  facet normal 0.000000 0.000000 -1.000000
    outer loop
      vertex 8.985763 0.545825 -0.800000
      vertex 9.619661 2.704684 -0.800000
      vertex 9.807875 2.663741 -0.800000
    endloop
  endfacet
  facet normal -0.212565 -0.977147 0.000000
    outer loop
      vertex 8.985763 0.545825 -0.800000
      vertex 9.487667 0.436643 -0.800000
      vertex 9.487667 0.436643 0.800000
    endloop
  endfacet
  facet normal -0.212565 -0.977147 0.000000
    outer loop
      vertex 8.985763 0.545825 -0.800000
      vertex 9.487667 0.436643 0.800000
      vertex 8.985763 0.545825 0.800000
    endloop
  endfacet
  facet normal 0.212565 0.977147 0.000000
    outer loop
      vertex 9.619661 2.704684 -0.800000
      vertex 9.807875 2.663741 0.800000
      vertex 9.807875 2.663741 -0.800000
    endloop
  endfacet
  facet normal 0.212565 0.977147 -0.000000
    outer loop
      vertex 9.619661 2.704684 -0.800000
      vertex 9.619661 2.704684 0.800000
      vertex 9.807875 2.663741 0.800000
    endloop
  endfacet
  facet normal -0.000000 0.000000 1.000000
    outer loop
      vertex 9.487667 0.436643 0.800000
      vertex 10.000000 0.400000 0.800000
      vertex 10.000000 2.650000 0.800000
    endloop
  endfacet
  facet normal 0.000000 0.000000 1.000000
    outer loop
      vertex 9.487667 0.436643 0.800000
      vertex 10.000000 2.650000 0.800000
      vertex 9.807875 2.663741 0.800000
    endloop
  endfacet
  facet normal 0.000000 0.000000 -1.000000
    outer loop
      vertex 9.487667 0.436643 -0.800000
      vertex 10.000000 2.650000 -0.800000
      vertex 10.000000 0.400000 -0.800000
    endloop
  endfacet
  facet normal 0.000000 0.000000 -1.000000
    outer loop
      vertex 9.487667 0.436643 -0.800000
      vertex 9.807875 2.663741 -0.800000
      vertex 10.000000 2.650000 -0.800000
    endloop
  endfacet
  facet normal -0.071339 -0.997452 0.000000
    outer loop
      vertex 9.487667 0.436643 -0.800000
      vertex 10.000000 0.400000 -0.800000
      vertex 10.000000 0.400000 0.800000
    endloop
  endfacet
  facet normal -0.071339 -0.997452 0.000000
    outer loop
      vertex 9.487667 0.436643 -0.800000
      vertex 10.000000 0.400000 0.800000
      vertex 9.487667 0.436643 0.800000
    endloop
  endfacet
  facet normal 0.071339 0.997452 0.000000
    outer loop
      vertex 9.807875 2.663741 -0.800000
      vertex 10.000000 2.650000 0.800000
      vertex 10.000000 2.650000 -0.800000
    endloop
  endfacet
  facet normal 0.071339 0.997452 -0.000000
    outer loop
      vertex 9.807875 2.663741 -0.800000
      vertex 9.807875 2.663741 0.800000
      vertex 10.000000 2.650000 0.800000
    endloop
  endfacet
  facet normal 0.000000 0.000000 1.000000
    outer loop
      vertex 10.000000 0.400000 0.800000
      vertex 10.512333 0.436643 0.800000
      vertex 10.192125 2.663741 0.800000
    endloop
  endfacet
  facet normal 0.000000 0.000000 1.000000
    outer loop
      vertex 10.000000 0.400000 0.800000
      vertex 10.192125 2.663741 0.800000
      vertex 10.000000 2.650000 0.800000
    endloop
  endfacet
  facet normal 0.000000 0.000000 -1.000000
    outer loop
      vertex 10.000000 0.400000 -0.800000
      vertex 10.192125 2.663741 -0.800000
      vertex 10.512333 0.436643 -0.800000
    endloop
  endfacet
  facet normal 0.000000 0.000000 -1.000000
    outer loop
      vertex 10.000000 0.400000 -0.800000
      vertex 10.000000 2.650000 -0.800000
      vertex 10.192125 2.663741 -0.800000
    endloop
  endfacet
  facet normal 0.071339 -0.997452 0.000000
    outer loop
      vertex 10.000000 0.400000 -0.800000
      vertex 10.512333 0.436643 -0.800000
      vertex 10.512333 0.436643 0.800000
    endloop
  endfacet
  facet normal 0.071339 -0.997452 0.000000
    outer loop
      vertex 10.000000 0.400000 -0.800000
      vertex 10.512333 0.436643 0.800000
      vertex 10.000000 0.400000 0.800000
    endloop
  endfacet
  facet normal -0.071339 0.997452 0.000000
    outer loop
      vertex 10.000000 2.650000 -0.800000
      vertex 10.192125 2.663741 0.800000
      vertex 10.192125 2.663741 -0.800000
    endloop
  endfacet
  facet normal -0.071339 0.997452 0.000000
    outer loop
      vertex 10.000000 2.650000 -0.800000
      vertex 10.000000 2.650000 0.800000
      vertex 10.192125 2.663741 0.800000
    endloop
  endfacet
  facet normal 0.000000 -0.000000 1.000000
    outer loop
      vertex 10.512333 0.436643 0.800000
      vertex 11.014237 0.545825 0.800000
      vertex 10.380339 2.704684 0.800000
    endloop
  endfacet
  facet normal 0.000000 0.000000 1.000000
    outer loop
      vertex 10.512333 0.436643 0.800000
      vertex 10.380339 2.704684 0.800000
      vertex 10.192125 2.663741 0.800000
    endloop
  endfacet
  facet normal 0.000000 0.000000 -1.000000
    outer loop
      vertex 10.512333 0.436643 -0.800000
      vertex 10.380339 2.704684 -0.800000
      vertex 11.014237 0.545825 -0.800000
    endloop
  endfacet
  facet normal 0.000000 0.000000 -1.000000
    outer loop
      vertex 10.512333 0.436643 -0.800000
      vertex 10.192125 2.663741 -0.800000
      vertex 10.380339 2.704684 -0.800000
    endloop
  endfacet
  facet normal 0.212565 -0.977147 0.000000
    outer loop
      vertex 10.512333 0.436643 -0.800000
      vertex 11.014237 0.545825 -0.800000
      vertex 11.014237 0.545825 0.800000
    endloop
  endfacet
  facet normal 0.212565 -0.977147 0.000000
    outer loop
      vertex 10.512333 0.436643 -0.800000
      vertex 11.014237 0.545825 0.800000
      vertex 10.512333 0.436643 0.800000
    endloop
  endfacet
  facet normal -0.212565 0.977147 0.000000
    outer loop
      vertex 10.192125 2.663741 -0.800000
      vertex 10.380339 2.704684 0.800000
      vertex 10.380339 2.704684 -0.800000
    endloop
  endfacet
  facet normal -0.212565 0.977147 0.000000
    outer loop
      vertex 10.192125 2.663741 -0.800000
      vertex 10.192125 2.663741 0.800000
      vertex 10.380339 2.704684 0.800000
    endloop
  endfacet
  facet normal 0.000000 -0.000000 1.000000
    outer loop
      vertex 11.014237 0.545825 0.800000
      vertex 11.495494 0.725325 0.800000
      vertex 10.560810 2.771997 0.800000
    endloop
  endfacet
  facet normal 0.000000 0.000000 1.000000
    outer loop
      vertex 11.014237 0.545825 0.800000
      vertex 10.560810 2.771997 0.800000
      vertex 10.380339 2.704684 0.800000
    endloop
  endfacet
  facet normal 0.000000 0.000000 -1.000000
    outer loop
      vertex 11.014237 0.545825 -0.800000
      vertex 10.560810 2.771997 -0.800000
      vertex 11.495494 0.725325 -0.800000
    endloop
  endfacet
  facet normal 0.000000 0.000000 -1.000000
    outer loop
      vertex 11.014237 0.545825 -0.800000
      vertex 10.380339 2.704684 -0.800000
      vertex 10.560810 2.771997 -0.800000
    endloop
  endfacet
  facet normal 0.349464 -0.936950 0.000000
    outer loop
      vertex 11.014237 0.545825 -0.800000
      vertex 11.495494 0.725325 -0.800000
      vertex 11.495494 0.725325 0.800000
    endloop
  endfacet
  facet normal 0.349464 -0.936950 0.000000
    outer loop
      vertex 11.014237 0.545825 -0.800000
      vertex 11.495494 0.725325 0.800000
      vertex 11.014237 0.545825 0.800000
    endloop
  endfacet
  facet normal -0.349464 0.936950 0.000000
    outer loop
      vertex 10.380339 2.704684 -0.800000
      vertex 10.560810 2.771997 0.800000
      vertex 10.560810 2.771997 -0.800000
    endloop
  endfacet
  facet normal -0.349464 0.936950 0.000000
    outer loop
      vertex 10.380339 2.704684 -0.800000
      vertex 10.380339 2.704684 0.800000
      vertex 10.560810 2.771997 0.800000
    endloop
  endfacet
  facet normal 0.000000 -0.000000 1.000000
    outer loop
      vertex 11.495494 0.725325 0.800000
      vertex 11.946307 0.971487 0.800000
      vertex 10.729865 2.864308 0.800000
    endloop
  endfacet
  facet normal 0.000000 0.000000 1.000000
    outer loop
      vertex 11.495494 0.725325 0.800000
      vertex 10.729865 2.864308 0.800000
      vertex 10.560810 2.771997 0.800000
    endloop
  endfacet
  facet normal 0.000000 0.000000 -1.000000
    outer loop
      vertex 11.495494 0.725325 -0.800000
      vertex 10.729865 2.864308 -0.800000
      vertex 11.946307 0.971487 -0.800000
    endloop
  endfacet
  facet normal 0.000000 0.000000 -1.000000
    outer loop
      vertex 11.495494 0.725325 -0.800000
      vertex 10.560810 2.771997 -0.800000
      vertex 10.729865 2.864308 -0.800000
    endloop
  endfacet
  facet normal 0.479249 -0.877679 0.000000
    outer loop
      vertex 11.495494 0.725325 -0.800000
      vertex 11.946307 0.971487 -0.800000
      vertex 11.946307 0.971487 0.800000
    endloop
  endfacet
  facet normal 0.479249 -0.877679 0.000000
    outer loop
      vertex 11.495494 0.725325 -0.800000
      vertex 11.946307 0.971487 0.800000
      vertex 11.495494 0.725325 0.800000
    endloop
  endfacet
  facet normal -0.479249 0.877679 0.000000
    outer loop
      vertex 10.560810 2.771997 -0.800000
      vertex 10.729865 2.864308 0.800000
      vertex 10.729865 2.864308 -0.800000
    endloop
  endfacet
  facet normal -0.479249 0.877679 0.000000
    outer loop
      vertex 10.560810 2.771997 -0.800000
      vertex 10.560810 2.771997 0.800000
      vertex 10.729865 2.864308 0.800000
    endloop
  endfacet
  facet normal 0.000000 -0.000000 1.000000
    outer loop
      vertex 11.946307 0.971487 0.800000
      vertex 12.357499 1.279302 0.800000
      vertex 10.884062 2.979738 0.800000
    endloop
  endfacet
  facet normal 0.000000 0.000000 1.000000
    outer loop
      vertex 11.946307 0.971487 0.800000
      vertex 10.884062 2.979738 0.800000
      vertex 10.729865 2.864308 0.800000
    endloop
  endfacet
  facet normal 0.000000 0.000000 -1.000000
    outer loop
      vertex 11.946307 0.971487 -0.800000
      vertex 10.884062 2.979738 -0.800000
      vertex 12.357499 1.279302 -0.800000
    endloop
  endfacet
  facet normal 0.000000 0.000000 -1.000000
    outer loop
      vertex 11.946307 0.971487 -0.800000
      vertex 10.729865 2.864308 -0.800000
      vertex 10.884062 2.979738 -0.800000
    endloop
  endfacet
  facet normal 0.599278 -0.800541 0.000000
    outer loop
      vertex 11.946307 0.971487 -0.800000
      vertex 12.357499 1.279302 -0.800000
      vertex 12.357499 1.279302 0.800000
    endloop
  endfacet
  facet normal 0.599278 -0.800541 0.000000
    outer loop
      vertex 11.946307 0.971487 -0.800000
      vertex 12.357499 1.279302 0.800000
      vertex 11.946307 0.971487 0.800000
    endloop
  endfacet
  facet normal -0.599278 0.800541 0.000000
    outer loop
      vertex 10.729865 2.864308 -0.800000
      vertex 10.884062 2.979738 0.800000
      vertex 10.884062 2.979738 -0.800000
    endloop
  endfacet
  facet normal -0.599278 0.800541 0.000000
    outer loop
      vertex 10.729865 2.864308 -0.800000
      vertex 10.729865 2.864308 0.800000
      vertex 10.884062 2.979738 0.800000
    endloop
  endfacet
  facet normal 0.000000 -0.000000 1.000000
    outer loop
      vertex 12.357499 1.279302 0.800000
      vertex 12.720698 1.642501 0.800000
      vertex 11.020262 3.115938 0.800000
    endloop
  endfacet
  facet normal 0.000000 0.000000 1.000000
    outer loop
      vertex 12.357499 1.279302 0.800000
      vertex 11.020262 3.115938 0.800000
      vertex 10.884062 2.979738 0.800000
    endloop
  endfacet
  facet normal 0.000000 0.000000 -1.000000
    outer loop
      vertex 12.357499 1.279302 -0.800000
      vertex 11.020262 3.115938 -0.800000
      vertex 12.720698 1.642501 -0.800000
    endloop
  endfacet
  facet normal 0.000000 0.000000 -1.000000
    outer loop
      vertex 12.357499 1.279302 -0.800000
      vertex 10.884062 2.979738 -0.800000
      vertex 11.020262 3.115938 -0.800000
    endloop
  endfacet
  facet normal 0.707107 -0.707107 0.000000
    outer loop
      vertex 12.357499 1.279302 -0.800000
      vertex 12.720698 1.642501 -0.800000
      vertex 12.720698 1.642501 0.800000
    endloop
  endfacet
  facet normal 0.707107 -0.707107 0.000000
    outer loop
      vertex 12.357499 1.279302 -0.800000
      vertex 12.720698 1.642501 0.800000
      vertex 12.357499 1.279302 0.800000
    endloop
  endfacet
  facet normal -0.707107 0.707107 0.000000
    outer loop
      vertex 10.884062 2.979738 -0.800000
      vertex 11.020262 3.115938 0.800000
      vertex 11.020262 3.115938 -0.800000
    endloop
  endfacet
  facet normal -0.707107 0.707107 0.000000
    outer loop
      vertex 10.884062 2.979738 -0.800000
      vertex 10.884062 2.979738 0.800000
      vertex 11.020262 3.115938 0.800000
    endloop
  endfacet
  facet normal 0.000000 -0.000000 1.000000
    outer loop
      vertex 12.720698 1.642501 0.800000
      vertex 13.028513 2.053693 0.800000
      vertex 11.135692 3.270135 0.800000
    endloop
  endfacet
  facet normal 0.000000 0.000000 1.000000
    outer loop
      vertex 12.720698 1.642501 0.800000
      vertex 11.135692 3.270135 0.800000
      vertex 11.020262 3.115938 0.800000
    endloop
  endfacet
  facet normal 0.000000 0.000000 -1.000000
    outer loop
      vertex 12.720698 1.642501 -0.800000
      vertex 11.135692 3.270135 -0.800000
      vertex 13.028513 2.053693 -0.800000
    endloop
  endfacet
  facet normal 0.000000 0.000000 -1.000000
    outer loop
      vertex 12.720698 1.642501 -0.800000
      vertex 11.020262 3.115938 -0.800000
      vertex 11.135692 3.270135 -0.800000
    endloop
  endfacet
  facet normal 0.800541 -0.599278 0.000000
    outer loop
      vertex 12.720698 1.642501 -0.800000
      vertex 13.028513 2.053693 -0.800000
      vertex 13.028513 2.053693 0.800000
    endloop
  endfacet
  facet normal 0.800541 -0.599278 0.000000
    outer loop
      vertex 12.720698 1.642501 -0.800000
      vertex 13.028513 2.053693 0.800000
      vertex 12.720698 1.642501 0.800000
    endloop
  endfacet
  facet normal -0.800541 0.599278 0.000000
    outer loop
      vertex 11.020262 3.115938 -0.800000
      vertex 11.135692 3.270135 0.800000
      vertex 11.135692 3.270135 -0.800000
    endloop
  endfacet
  facet normal -0.800541 0.599278 0.000000
    outer loop
      vertex 11.020262 3.115938 -0.800000
      vertex 11.020262 3.115938 0.800000
      vertex 11.135692 3.270135 0.800000
    endloop
  endfacet
  facet normal 0.000000 -0.000000 1.000000
    outer loop
      vertex 13.028513 2.053693 0.800000
      vertex 13.274675 2.504506 0.800000
      vertex 11.228003 3.439190 0.800000
    endloop
  endfacet
  facet normal 0.000000 0.000000 1.000000
    outer loop
      vertex 13.028513 2.053693 0.800000
      vertex 11.228003 3.439190 0.800000
      vertex 11.135692 3.270135 0.800000
    endloop
  endfacet
  facet normal 0.000000 0.000000 -1.000000
    outer loop
      vertex 13.028513 2.053693 -0.800000
      vertex 11.228003 3.439190 -0.800000
      vertex 13.274675 2.504506 -0.800000
    endloop
  endfacet
  facet normal 0.000000 0.000000 -1.000000
    outer loop
      vertex 13.028513 2.053693 -0.800000
      vertex 11.135692 3.270135 -0.800000
      vertex 11.228003 3.439190 -0.800000
    endloop
  endfacet
  facet normal 0.877679 -0.479249 0.000000
    outer loop
      vertex 13.028513 2.053693 -0.800000
      vertex 13.274675 2.504506 -0.800000
      vertex 13.274675 2.504506 0.800000
    endloop
  endfacet
  facet normal 0.877679 -0.479249 0.000000
    outer loop
      vertex 13.028513 2.053693 -0.800000
      vertex 13.274675 2.504506 0.800000
      vertex 13.028513 2.053693 0.800000
    endloop
  endfacet
  facet normal -0.877679 0.479249 0.000000
    outer loop
      vertex 11.135692 3.270135 -0.800000
      vertex 11.228003 3.439190 0.800000
      vertex 11.228003 3.439190 -0.800000
    endloop
  endfacet
  facet normal -0.877679 0.479249 0.000000
    outer loop
      vertex 11.135692 3.270135 -0.800000
      vertex 11.135692 3.270135 0.800000
      vertex 11.228003 3.439190 0.800000
    endloop
  endfacet
  facet normal 0.000000 -0.000000 1.000000
    outer loop
      vertex 13.274675 2.504506 0.800000
      vertex 13.454175 2.985763 0.800000
      vertex 11.295316 3.619661 0.800000
    endloop
  endfacet
  facet normal 0.000000 0.000000 1.000000
    outer loop
      vertex 13.274675 2.504506 0.800000
      vertex 11.295316 3.619661 0.800000
      vertex 11.228003 3.439190 0.800000
    endloop
  endfacet
  facet normal 0.000000 0.000000 -1.000000
    outer loop
      vertex 13.274675 2.504506 -0.800000
      vertex 11.295316 3.619661 -0.800000
      vertex 13.454175 2.985763 -0.800000
    endloop
  endfacet
  facet normal 0.000000 0.000000 -1.000000
    outer loop
      vertex 13.274675 2.504506 -0.800000
      vertex 11.228003 3.439190 -0.800000
      vertex 11.295316 3.619661 -0.800000
    endloop
  endfacet
  facet normal 0.936950 -0.349464 0.000000
    outer loop
      vertex 13.274675 2.504506 -0.800000
      vertex 13.454175 2.985763 -0.800000
      vertex 13.454175 2.985763 0.800000
    endloop
  endfacet
  facet normal 0.936950 -0.349464 0.000000
    outer loop
      vertex 13.274675 2.504506 -0.800000
      vertex 13.454175 2.985763 0.800000
      vertex 13.274675 2.504506 0.800000
    endloop
  endfacet
  facet normal -0.936950 0.349464 0.000000
    outer loop
      vertex 11.228003 3.439190 -0.800000
      vertex 11.295316 3.619661 0.800000
      vertex 11.295316 3.619661 -0.800000
    endloop
  endfacet
  facet normal -0.936950 0.349464 0.000000
    outer loop
      vertex 11.228003 3.439190 -0.800000
      vertex 11.228003 3.439190 0.800000
      vertex 11.295316 3.619661 0.800000
    endloop
  endfacet
  facet normal 0.000000 -0.000000 1.000000
    outer loop
      vertex 13.454175 2.985763 0.800000
      vertex 13.563357 3.487667 0.800000
      vertex 11.336259 3.807875 0.800000
    endloop
  endfacet
  facet normal 0.000000 0.000000 1.000000
    outer loop
      vertex 13.454175 2.985763 0.800000
      vertex 11.336259 3.807875 0.800000
      vertex 11.295316 3.619661 0.800000
    endloop
  endfacet
  facet normal 0.000000 0.000000 -1.000000
    outer loop
      vertex 13.454175 2.985763 -0.800000
      vertex 11.336259 3.807875 -0.800000
      vertex 13.563357 3.487667 -0.800000
    endloop
  endfacet
  facet normal 0.000000 0.000000 -1.000000
    outer loop
      vertex 13.454175 2.985763 -0.800000
      vertex 11.295316 3.619661 -0.800000
      vertex 11.336259 3.807875 -0.800000
    endloop
  endfacet
  facet normal 0.977147 -0.212565 0.000000
    outer loop
      vertex 13.454175 2.985763 -0.800000
      vertex 13.563357 3.487667 -0.800000
      vertex 13.563357 3.487667 0.800000
    endloop
  endfacet
  facet normal 0.977147 -0.212565 0.000000
    outer loop
      vertex 13.454175 2.985763 -0.800000
      vertex 13.563357 3.487667 0.800000
      vertex 13.454175 2.985763 0.800000
    endloop
  endfacet
  facet normal -0.977147 0.212565 0.000000
    outer loop
      vertex 11.295316 3.619661 -0.800000
      vertex 11.336259 3.807875 0.800000
      vertex 11.336259 3.807875 -0.800000
    endloop
  endfacet
  facet normal -0.977147 0.212565 0.000000
    outer loop
      vertex 11.295316 3.619661 -0.800000
      vertex 11.295316 3.619661 0.800000
      vertex 11.336259 3.807875 0.800000
    endloop
  endfacet
  facet normal 0.000000 -0.000000 1.000000
    outer loop
      vertex 13.563357 3.487667 0.800000
      vertex 13.600000 4.000000 0.800000
      vertex 11.350000 4.000000 0.800000
    endloop
  endfacet
  facet normal 0.000000 0.000000 1.000000
    outer loop
      vertex 13.563357 3.487667 0.800000
      vertex 11.350000 4.000000 0.800000
      vertex 11.336259 3.807875 0.800000
    endloop
  endfacet
  facet normal 0.000000 0.000000 -1.000000
    outer loop
      vertex 13.563357 3.487667 -0.800000
      vertex 11.350000 4.000000 -0.800000
      vertex 13.600000 4.000000 -0.800000
    endloop
  endfacet
  facet normal 0.000000 0.000000 -1.000000
    outer loop
      vertex 13.563357 3.487667 -0.800000
      vertex 11.336259 3.807875 -0.800000
      vertex 11.350000 4.000000 -0.800000
    endloop
  endfacet
  facet normal 0.997452 -0.071339 0.000000
    outer loop
      vertex 13.563357 3.487667 -0.800000
      vertex 13.600000 4.000000 -0.800000
      vertex 13.600000 4.000000 0.800000
    endloop
  endfacet
  facet normal 0.997452 -0.071339 0.000000
    outer loop
      vertex 13.563357 3.487667 -0.800000
      vertex 13.600000 4.000000 0.800000
      vertex 13.563357 3.487667 0.800000
    endloop
  endfacet
  facet normal -0.997452 0.071339 0.000000
    outer loop
      vertex 11.336259 3.807875 -0.800000
      vertex 11.350000 4.000000 0.800000
      vertex 11.350000 4.000000 -0.800000
    endloop
  endfacet
  facet normal -0.997452 0.071339 0.000000
    outer loop
      vertex 11.336259 3.807875 -0.800000
      vertex 11.336259 3.807875 0.800000
      vertex 11.350000 4.000000 0.800000
    endloop
  endfacet
  facet normal 0.000000 0.000000 1.000000
    outer loop
      vertex 23.600000 6.928203 0.800000
      vertex 23.563357 7.440537 0.800000
      vertex 21.336259 7.120328 0.800000
    endloop
  endfacet
  facet normal 0.000000 0.000000 1.000000
    outer loop
      vertex 23.600000 6.928203 0.800000
      vertex 21.336259 7.120328 0.800000
      vertex 21.350000 6.928203 0.800000
    endloop
  endfacet
  facet normal 0.000000 0.000000 -1.000000
    outer loop
      vertex 23.600000 6.928203 -0.800000
      vertex 21.336259 7.120328 -0.800000
      vertex 23.563357 7.440537 -0.800000
    endloop
  endfacet
  facet normal 0.000000 0.000000 -1.000000
    outer loop
      vertex 23.600000 6.928203 -0.800000
      vertex 21.350000 6.928203 -0.800000
      vertex 21.336259 7.120328 -0.800000
    endloop
  endfacet
  facet normal 0.997452 0.071339 0.000000
    outer loop
      vertex 23.600000 6.928203 -0.800000
      vertex 23.563357 7.440537 -0.800000
      vertex 23.563357 7.440537 0.800000
    endloop
  endfacet
  facet normal 0.997452 0.071339 -0.000000
    outer loop
      vertex 23.600000 6.928203 -0.800000
      vertex 23.563357 7.440537 0.800000
      vertex 23.600000 6.928203 0.800000
    endloop
  endfacet
  facet normal -0.997452 -0.071339 0.000000
    outer loop
      vertex 21.350000 6.928203 -0.800000
      vertex 21.336259 7.120328 0.800000
      vertex 21.336259 7.120328 -0.800000
    endloop
  endfacet
  facet normal -0.997452 -0.071339 0.000000
    outer loop
      vertex 21.350000 6.928203 -0.800000
      vertex 21.350000 6.928203 0.800000
      vertex 21.336259 7.120328 0.800000
    endloop
  endfacet
  facet normal 0.000000 0.000000 1.000000
    outer loop
      vertex 23.563357 7.440537 0.800000
      vertex 23.454175 7.942440 0.800000
      vertex 21.295316 7.308542 0.800000
    endloop
  endfacet
  facet normal 0.000000 0.000000 1.000000
    outer loop
      vertex 23.563357 7.440537 0.800000
      vertex 21.295316 7.308542 0.800000
      vertex 21.336259 7.120328 0.800000
    endloop
  endfacet
  facet normal -0.000000 0.000000 -1.000000
    outer loop
      vertex 23.563357 7.440537 -0.800000
      vertex 21.295316 7.308542 -0.800000
      vertex 23.454175 7.942440 -0.800000
    endloop
  endfacet
  facet normal 0.000000 0.000000 -1.000000
    outer loop
      vertex 23.563357 7.440537 -0.800000
      vertex 21.336259 7.120328 -0.800000
      vertex 21.295316 7.308542 -0.800000
    endloop
  endfacet
  facet normal 0.977147 0.212565 0.000000
    outer loop
      vertex 23.563357 7.440537 -0.800000
      vertex 23.454175 7.942440 -0.800000
      vertex 23.454175 7.942440 0.800000
    endloop
  endfacet
  facet normal 0.977147 0.212565 -0.000000
    outer loop
      vertex 23.563357 7.440537 -0.800000
      vertex 23.454175 7.942440 0.800000
      vertex 23.563357 7.440537 0.800000
    endloop
  endfacet
  facet normal -0.977147 -0.212565 0.000000
    outer loop
      vertex 21.336259 7.120328 -0.800000
      vertex 21.295316 7.308542 0.800000
      vertex 21.295316 7.308542 -0.800000
    endloop
  endfacet
  facet normal -0.977147 -0.212565 0.000000
    outer loop
      vertex 21.336259 7.120328 -0.800000
      vertex 21.336259 7.120328 0.800000
      vertex 21.295316 7.308542 0.800000
    endloop
  endfacet
  facet normal 0.000000 0.000000 1.000000
    outer loop
      vertex 23.454175 7.942440 0.800000
      vertex 23.274675 8.423697 0.800000
      vertex 21.228003 7.489013 0.800000
    endloop
  endfacet
  facet normal 0.000000 0.000000 1.000000
    outer loop
      vertex 23.454175 7.942440 0.800000
      vertex 21.228003 7.489013 0.800000
      vertex 21.295316 7.308542 0.800000
    endloop
  endfacet
  facet normal -0.000000 0.000000 -1.000000
    outer loop
      vertex 23.454175 7.942440 -0.800000
      vertex 21.228003 7.489013 -0.800000
      vertex 23.274675 8.423697 -0.800000
    endloop
  endfacet
  facet normal 0.000000 0.000000 -1.000000
    outer loop
      vertex 23.454175 7.942440 -0.800000
      vertex 21.295316 7.308542 -0.800000
      vertex 21.228003 7.489013 -0.800000
    endloop
  endfacet
  facet normal 0.936950 0.349464 0.000000
    outer loop
      vertex 23.454175 7.942440 -0.800000
      vertex 23.274675 8.423697 -0.800000
      vertex 23.274675 8.423697 0.800000
    endloop
  endfacet
  facet normal 0.936950 0.349464 -0.000000
    outer loop
      vertex 23.454175 7.942440 -0.800000
      vertex 23.274675 8.423697 0.800000
      vertex 23.454175 7.942440 0.800000
    endloop
  endfacet
  facet normal -0.936950 -0.349464 0.000000
    outer loop
      vertex 21.295316 7.308542 -0.800000
      vertex 21.228003 7.489013 0.800000
      vertex 21.228003 7.489013 -0.800000
    endloop
  endfacet
  facet normal -0.936950 -0.349464 0.000000
    outer loop
      vertex 21.295316 7.308542 -0.800000
      vertex 21.295316 7.308542 0.800000
      vertex 21.228003 7.489013 0.800000
    endloop
  endfacet
  facet normal 0.000000 0.000000 1.000000
    outer loop
      vertex 23.274675 8.423697 0.800000
      vertex 23.028513 8.874510 0.800000
      vertex 21.135692 7.658068 0.800000
    endloop
  endfacet
  facet normal 0.000000 0.000000 1.000000
    outer loop
      vertex 23.274675 8.423697 0.800000
      vertex 21.135692 7.658068 0.800000
      vertex 21.228003 7.489013 0.800000
    endloop
  endfacet
  facet normal -0.000000 0.000000 -1.000000
    outer loop
      vertex 23.274675 8.423697 -0.800000
      vertex 21.135692 7.658068 -0.800000
      vertex 23.028513 8.874510 -0.800000
    endloop
  endfacet
  facet normal 0.000000 0.000000 -1.000000
    outer loop
      vertex 23.274675 8.423697 -0.800000
      vertex 21.228003 7.489013 -0.800000
      vertex 21.135692 7.658068 -0.800000
    endloop
  endfacet
  facet normal 0.877679 0.479249 0.000000
    outer loop
      vertex 23.274675 8.423697 -0.800000
      vertex 23.028513 8.874510 -0.800000
      vertex 23.028513 8.874510 0.800000
    endloop
  endfacet
  facet normal 0.877679 0.479249 -0.000000
    outer loop
      vertex 23.274675 8.423697 -0.800000
      vertex 23.028513 8.874510 0.800000
      vertex 23.274675 8.423697 0.800000
    endloop
  endfacet
  facet normal -0.877679 -0.479249 0.000000
    outer loop
      vertex 21.228003 7.489013 -0.800000
      vertex 21.135692 7.658068 0.800000
      vertex 21.135692 7.658068 -0.800000
    endloop
  endfacet
  facet normal -0.877679 -0.479249 0.000000
    outer loop
      vertex 21.228003 7.489013 -0.800000
      vertex 21.228003 7.489013 0.800000
      vertex 21.135692 7.658068 0.800000
    endloop
  endfacet
  facet normal 0.000000 0.000000 1.000000
    outer loop
      vertex 23.028513 8.874510 0.800000
      vertex 22.720698 9.285702 0.800000
      vertex 21.020262 7.812265 0.800000
    endloop
  endfacet
  facet normal 0.000000 0.000000 1.000000
    outer loop
      vertex 23.028513 8.874510 0.800000
      vertex 21.020262 7.812265 0.800000
      vertex 21.135692 7.658068 0.800000
    endloop
  endfacet
  facet normal -0.000000 0.000000 -1.000000
    outer loop
      vertex 23.028513 8.874510 -0.800000
      vertex 21.020262 7.812265 -0.800000
      vertex 22.720698 9.285702 -0.800000
    endloop
  endfacet
  facet normal 0.000000 0.000000 -1.000000
    outer loop
      vertex 23.028513 8.874510 -0.800000
      vertex 21.135692 7.658068 -0.800000
      vertex 21.020262 7.812265 -0.800000
    endloop
  endfacet
  facet normal 0.800541 0.599278 0.000000
    outer loop
      vertex 23.028513 8.874510 -0.800000
      vertex 22.720698 9.285702 -0.800000
      vertex 22.720698 9.285702 0.800000
    endloop
  endfacet
  facet normal 0.800541 0.599278 -0.000000
    outer loop
      vertex 23.028513 8.874510 -0.800000
      vertex 22.720698 9.285702 0.800000
      vertex 23.028513 8.874510 0.800000
    endloop
  endfacet
  facet normal -0.800541 -0.599278 0.000000
    outer loop
      vertex 21.135692 7.658068 -0.800000
      vertex 21.020262 7.812265 0.800000
      vertex 21.020262 7.812265 -0.800000
    endloop
  endfacet
  facet normal -0.800541 -0.599278 0.000000
    outer loop
      vertex 21.135692 7.658068 -0.800000
      vertex 21.135692 7.658068 0.800000
      vertex 21.020262 7.812265 0.800000
    endloop
  endfacet
  facet normal 0.000000 0.000000 1.000000
    outer loop
      vertex 22.720698 9.285702 0.800000
      vertex 22.357499 9.648902 0.800000
      vertex 20.884062 7.948465 0.800000
    endloop
  endfacet
  facet normal 0.000000 0.000000 1.000000
    outer loop
      vertex 22.720698 9.285702 0.800000
      vertex 20.884062 7.948465 0.800000
      vertex 21.020262 7.812265 0.800000
    endloop
  endfacet
  facet normal -0.000000 0.000000 -1.000000
    outer loop
      vertex 22.720698 9.285702 -0.800000
      vertex 20.884062 7.948465 -0.800000
      vertex 22.357499 9.648902 -0.800000
    endloop
  endfacet
  facet normal 0.000000 0.000000 -1.000000
    outer loop
      vertex 22.720698 9.285702 -0.800000
      vertex 21.020262 7.812265 -0.800000
      vertex 20.884062 7.948465 -0.800000
    endloop
  endfacet
  facet normal 0.707107 0.707107 0.000000
    outer loop
      vertex 22.720698 9.285702 -0.800000
      vertex 22.357499 9.648902 -0.800000
      vertex 22.357499 9.648902 0.800000
    endloop
  endfacet
  facet normal 0.707107 0.707107 -0.000000
    outer loop
      vertex 22.720698 9.285702 -0.800000
      vertex 22.357499 9.648902 0.800000
      vertex 22.720698 9.285702 0.800000
    endloop
  endfacet
  facet normal -0.707107 -0.707107 0.000000
    outer loop
      vertex 21.020262 7.812265 -0.800000
      vertex 20.884062 7.948465 0.800000
      vertex 20.884062 7.948465 -0.800000
    endloop
  endfacet
  facet normal -0.707107 -0.707107 0.000000
    outer loop
      vertex 21.020262 7.812265 -0.800000
      vertex 21.020262 7.812265 0.800000
      vertex 20.884062 7.948465 0.800000
    endloop
  endfacet
  facet normal 0.000000 0.000000 1.000000
    outer loop
      vertex 22.357499 9.648902 0.800000
      vertex 21.946307 9.956716 0.800000
      vertex 20.729865 8.063895 0.800000
    endloop
  endfacet
  facet normal 0.000000 0.000000 1.000000
    outer loop
      vertex 22.357499 9.648902 0.800000
      vertex 20.729865 8.063895 0.800000
      vertex 20.884062 7.948465 0.800000
    endloop
  endfacet
  facet normal -0.000000 0.000000 -1.000000
    outer loop
      vertex 22.357499 9.648902 -0.800000
      vertex 20.729865 8.063895 -0.800000
      vertex 21.946307 9.956716 -0.800000
    endloop
  endfacet
  facet normal 0.000000 0.000000 -1.000000
    outer loop
      vertex 22.357499 9.648902 -0.800000
      vertex 20.884062 7.948465 -0.800000
      vertex 20.729865 8.063895 -0.800000
    endloop
  endfacet
  facet normal 0.599278 0.800541 0.000000
    outer loop
      vertex 22.357499 9.648902 -0.800000
      vertex 21.946307 9.956716 -0.800000
      vertex 21.946307 9.956716 0.800000
    endloop
  endfacet
  facet normal 0.599278 0.800541 -0.000000
    outer loop
      vertex 22.357499 9.648902 -0.800000
      vertex 21.946307 9.956716 0.800000
      vertex 22.357499 9.648902 0.800000
    endloop
  endfacet
  facet normal -0.599278 -0.800541 0.000000
    outer loop
      vertex 20.884062 7.948465 -0.800000
      vertex 20.729865 8.063895 0.800000
      vertex 20.729865 8.063895 -0.800000
    endloop
  endfacet
  facet normal -0.599278 -0.800541 0.000000
    outer loop
      vertex 20.884062 7.948465 -0.800000
      vertex 20.884062 7.948465 0.800000
      vertex 20.729865 8.063895 0.800000
    endloop
  endfacet
  facet normal 0.000000 0.000000 1.000000
    outer loop
      vertex 21.946307 9.956716 0.800000
      vertex 21.495494 10.202878 0.800000
      vertex 20.560810 8.156206 0.800000
    endloop
  endfacet
  facet normal 0.000000 0.000000 1.000000
    outer loop
      vertex 21.946307 9.956716 0.800000
      vertex 20.560810 8.156206 0.800000
      vertex 20.729865 8.063895 0.800000
    endloop
  endfacet
  facet normal -0.000000 0.000000 -1.000000
    outer loop
      vertex 21.946307 9.956716 -0.800000
      vertex 20.560810 8.156206 -0.800000
      vertex 21.495494 10.202878 -0.800000
    endloop
  endfacet
  facet normal 0.000000 0.000000 -1.000000
    outer loop
      vertex 21.946307 9.956716 -0.800000
      vertex 20.729865 8.063895 -0.800000
      vertex 20.560810 8.156206 -0.800000
    endloop
  endfacet
  facet normal 0.479249 0.877679 0.000000
    outer loop
      vertex 21.946307 9.956716 -0.800000
      vertex 21.495494 10.202878 -0.800000
      vertex 21.495494 10.202878 0.800000
    endloop
  endfacet
  facet normal 0.479249 0.877679 -0.000000
    outer loop
      vertex 21.946307 9.956716 -0.800000
      vertex 21.495494 10.202878 0.800000
      vertex 21.946307 9.956716 0.800000
    endloop
  endfacet
  facet normal -0.479249 -0.877679 0.000000
    outer loop
      vertex 20.729865 8.063895 -0.800000
      vertex 20.560810 8.156206 0.800000
      vertex 20.560810 8.156206 -0.800000
    endloop
  endfacet
  facet normal -0.479249 -0.877679 0.000000
    outer loop
      vertex 20.729865 8.063895 -0.800000
      vertex 20.729865 8.063895 0.800000
      vertex 20.560810 8.156206 0.800000
    endloop
  endfacet
  facet normal 0.000000 0.000000 1.000000
    outer loop
      vertex 21.495494 10.202878 0.800000
      vertex 21.014237 10.382378 0.800000
      vertex 20.380339 8.223519 0.800000
    endloop
  endfacet
  facet normal 0.000000 0.000000 1.000000
    outer loop
      vertex 21.495494 10.202878 0.800000
      vertex 20.380339 8.223519 0.800000
      vertex 20.560810 8.156206 0.800000
    endloop
  endfacet
  facet normal -0.000000 0.000000 -1.000000
    outer loop
      vertex 21.495494 10.202878 -0.800000
      vertex 20.380339 8.223519 -0.800000
      vertex 21.014237 10.382378 -0.800000
    endloop
  endfacet
  facet normal 0.000000 0.000000 -1.000000
    outer loop
      vertex 21.495494 10.202878 -0.800000
      vertex 20.560810 8.156206 -0.800000
      vertex 20.380339 8.223519 -0.800000
    endloop
  endfacet
  facet normal 0.349464 0.936950 0.000000
    outer loop
      vertex 21.495494 10.202878 -0.800000
      vertex 21.014237 10.382378 -0.800000
      vertex 21.014237 10.382378 0.800000
    endloop
  endfacet
  facet normal 0.349464 0.936950 -0.000000
    outer loop
      vertex 21.495494 10.202878 -0.800000
      vertex 21.014237 10.382378 0.800000
      vertex 21.495494 10.202878 0.800000
    endloop
  endfacet
  facet normal -0.349464 -0.936950 0.000000
    outer loop
      vertex 20.560810 8.156206 -0.800000
      vertex 20.380339 8.223519 0.800000
      vertex 20.380339 8.223519 -0.800000
    endloop
  endfacet
  facet normal -0.349464 -0.936950 0.000000
    outer loop
      vertex 20.560810 8.156206 -0.800000
      vertex 20.560810 8.156206 0.800000
      vertex 20.380339 8.223519 0.800000
    endloop
  endfacet
  facet normal 0.000000 0.000000 1.000000
    outer loop
      vertex 21.014237 10.382378 0.800000
      vertex 20.512333 10.491560 0.800000
      vertex 20.192125 8.264462 0.800000
    endloop
  endfacet
  facet normal 0.000000 0.000000 1.000000
    outer loop
      vertex 21.014237 10.382378 0.800000
      vertex 20.192125 8.264462 0.800000
      vertex 20.380339 8.223519 0.800000
    endloop
  endfacet
  facet normal -0.000000 0.000000 -1.000000
    outer loop
      vertex 21.014237 10.382378 -0.800000
      vertex 20.192125 8.264462 -0.800000
      vertex 20.512333 10.491560 -0.800000
    endloop
  endfacet
  facet normal 0.000000 0.000000 -1.000000
    outer loop
      vertex 21.014237 10.382378 -0.800000
      vertex 20.380339 8.223519 -0.800000
      vertex 20.192125 8.264462 -0.800000
    endloop
  endfacet
  facet normal 0.212565 0.977147 0.000000
    outer loop
      vertex 21.014237 10.382378 -0.800000
      vertex 20.512333 10.491560 -0.800000
      vertex 20.512333 10.491560 0.800000
    endloop
  endfacet
  facet normal 0.212565 0.977147 -0.000000
    outer loop
      vertex 21.014237 10.382378 -0.800000
      vertex 20.512333 10.491560 0.800000
      vertex 21.014237 10.382378 0.800000
    endloop
  endfacet
  facet normal -0.212565 -0.977147 0.000000
    outer loop
      vertex 20.380339 8.223519 -0.800000
      vertex 20.192125 8.264462 0.800000
      vertex 20.192125 8.264462 -0.800000
    endloop
  endfacet
  facet normal -0.212565 -0.977147 0.000000
    outer loop
      vertex 20.380339 8.223519 -0.800000
      vertex 20.380339 8.223519 0.800000
      vertex 20.192125 8.264462 0.800000
    endloop
  endfacet
  facet normal 0.000000 0.000000 1.000000
    outer loop
      vertex 20.512333 10.491560 0.800000
      vertex 20.000000 10.528203 0.800000
      vertex 20.000000 8.278203 0.800000
    endloop
  endfacet
  facet normal 0.000000 0.000000 1.000000
    outer loop
      vertex 20.512333 10.491560 0.800000
      vertex 20.000000 8.278203 0.800000
      vertex 20.192125 8.264462 0.800000
    endloop
  endfacet
  facet normal -0.000000 0.000000 -1.000000
    outer loop
      vertex 20.512333 10.491560 -0.800000
      vertex 20.000000 8.278203 -0.800000
      vertex 20.000000 10.528203 -0.800000
    endloop
  endfacet
  facet normal 0.000000 0.000000 -1.000000
    outer loop
      vertex 20.512333 10.491560 -0.800000
      vertex 20.192125 8.264462 -0.800000
      vertex 20.000000 8.278203 -0.800000
    endloop
  endfacet
  facet normal 0.071339 0.997452 0.000000
    outer loop
      vertex 20.512333 10.491560 -0.800000
      vertex 20.000000 10.528203 -0.800000
      vertex 20.000000 10.528203 0.800000
    endloop
  endfacet
  facet normal 0.071339 0.997452 -0.000000
    outer loop
      vertex 20.512333 10.491560 -0.800000
      vertex 20.000000 10.528203 0.800000
      vertex 20.512333 10.491560 0.800000
    endloop
  endfacet
  facet normal -0.071339 -0.997452 0.000000
    outer loop
      vertex 20.192125 8.264462 -0.800000
      vertex 20.000000 8.278203 0.800000
      vertex 20.000000 8.278203 -0.800000
    endloop
  endfacet
  facet normal -0.071339 -0.997452 0.000000
    outer loop
      vertex 20.192125 8.264462 -0.800000
      vertex 20.192125 8.264462 0.800000
      vertex 20.000000 8.278203 0.800000
    endloop
  endfacet
  facet normal 0.000000 0.000000 1.000000
    outer loop
      vertex 20.000000 10.528203 0.800000
      vertex 19.487667 10.491560 0.800000
      vertex 19.807875 8.264462 0.800000
    endloop
  endfacet
  facet normal 0.000000 0.000000 1.000000
    outer loop
      vertex 20.000000 10.528203 0.800000
      vertex 19.807875 8.264462 0.800000
      vertex 20.000000 8.278203 0.800000
    endloop
  endfacet
  facet normal 0.000000 0.000000 -1.000000
    outer loop
      vertex 20.000000 10.528203 -0.800000
      vertex 19.807875 8.264462 -0.800000
      vertex 19.487667 10.491560 -0.800000
    endloop
  endfacet
  facet normal 0.000000 -0.000000 -1.000000
    outer loop
      vertex 20.000000 10.528203 -0.800000
      vertex 20.000000 8.278203 -0.800000
      vertex 19.807875 8.264462 -0.800000
    endloop
  endfacet
  facet normal -0.071339 0.997452 0.000000
    outer loop
      vertex 20.000000 10.528203 -0.800000
      vertex 19.487667 10.491560 -0.800000
      vertex 19.487667 10.491560 0.800000
    endloop
  endfacet
  facet normal -0.071339 0.997452 0.000000
    outer loop
      vertex 20.000000 10.528203 -0.800000
      vertex 19.487667 10.491560 0.800000
      vertex 20.000000 10.528203 0.800000
    endloop
  endfacet
  facet normal 0.071339 -0.997452 0.000000
    outer loop
      vertex 20.000000 8.278203 -0.800000
      vertex 19.807875 8.264462 0.800000
      vertex 19.807875 8.264462 -0.800000
    endloop
  endfacet
  facet normal 0.071339 -0.997452 0.000000
    outer loop
      vertex 20.000000 8.278203 -0.800000
      vertex 20.000000 8.278203 0.800000
      vertex 19.807875 8.264462 0.800000
    endloop
  endfacet
  facet normal 0.000000 0.000000 1.000000
    outer loop
      vertex 19.487667 10.491560 0.800000
      vertex 18.985763 10.382378 0.800000
      vertex 19.619661 8.223519 0.800000
    endloop
  endfacet
  facet normal 0.000000 0.000000 1.000000
    outer loop
      vertex 19.487667 10.491560 0.800000
      vertex 19.619661 8.223519 0.800000
      vertex 19.807875 8.264462 0.800000
    endloop
  endfacet
  facet normal 0.000000 -0.000000 -1.000000
    outer loop
      vertex 19.487667 10.491560 -0.800000
      vertex 19.619661 8.223519 -0.800000
      vertex 18.985763 10.382378 -0.800000
    endloop
  endfacet
  facet normal 0.000000 0.000000 -1.000000
    outer loop
      vertex 19.487667 10.491560 -0.800000
      vertex 19.807875 8.264462 -0.800000
      vertex 19.619661 8.223519 -0.800000
    endloop
  endfacet
  facet normal -0.212565 0.977147 0.000000
    outer loop
      vertex 19.487667 10.491560 -0.800000
      vertex 18.985763 10.382378 -0.800000
      vertex 18.985763 10.382378 0.800000
    endloop
  endfacet
  facet normal -0.212565 0.977147 0.000000
    outer loop
      vertex 19.487667 10.491560 -0.800000
      vertex 18.985763 10.382378 0.800000
      vertex 19.487667 10.491560 0.800000
    endloop
  endfacet
  facet normal 0.212565 -0.977147 0.000000
    outer loop
      vertex 19.807875 8.264462 -0.800000
      vertex 19.619661 8.223519 0.800000
      vertex 19.619661 8.223519 -0.800000
    endloop
  endfacet
  facet normal 0.212565 -0.977147 0.000000
    outer loop
      vertex 19.807875 8.264462 -0.800000
      vertex 19.807875 8.264462 0.800000
      vertex 19.619661 8.223519 0.800000
    endloop
  endfacet
  facet normal 0.000000 0.000000 1.000000
    outer loop
      vertex 18.985763 10.382378 0.800000
      vertex 18.504506 10.202878 0.800000
      vertex 19.439190 8.156206 0.800000
    endloop
  endfacet
  facet normal 0.000000 0.000000 1.000000
    outer loop
      vertex 18.985763 10.382378 0.800000
      vertex 19.439190 8.156206 0.800000
      vertex 19.619661 8.223519 0.800000
    endloop
  endfacet
  facet normal 0.000000 -0.000000 -1.000000
    outer loop
      vertex 18.985763 10.382378 -0.800000
      vertex 19.439190 8.156206 -0.800000
      vertex 18.504506 10.202878 -0.800000
    endloop
  endfacet
  facet normal 0.000000 0.000000 -1.000000
    outer loop
      vertex 18.985763 10.382378 -0.800000
      vertex 19.619661 8.223519 -0.800000
      vertex 19.439190 8.156206 -0.800000
    endloop
  endfacet
  facet normal -0.349464 0.936950 0.000000
    outer loop
      vertex 18.985763 10.382378 -0.800000
      vertex 18.504506 10.202878 -0.800000
      vertex 18.504506 10.202878 0.800000
    endloop
  endfacet
  facet normal -0.349464 0.936950 0.000000
    outer loop
      vertex 18.985763 10.382378 -0.800000
      vertex 18.504506 10.202878 0.800000
      vertex 18.985763 10.382378 0.800000
    endloop
  endfacet
  facet normal 0.349464 -0.936950 0.000000
    outer loop
      vertex 19.619661 8.223519 -0.800000
      vertex 19.439190 8.156206 0.800000
      vertex 19.439190 8.156206 -0.800000
    endloop
  endfacet
  facet normal 0.349464 -0.936950 0.000000
    outer loop
      vertex 19.619661 8.223519 -0.800000
      vertex 19.619661 8.223519 0.800000
      vertex 19.439190 8.156206 0.800000
    endloop
  endfacet
  facet normal 0.000000 0.000000 1.000000
    outer loop
      vertex 18.504506 10.202878 0.800000
      vertex 18.053693 9.956716 0.800000
      vertex 19.270135 8.063895 0.800000
    endloop
  endfacet
  facet normal 0.000000 0.000000 1.000000
    outer loop
      vertex 18.504506 10.202878 0.800000
      vertex 19.270135 8.063895 0.800000
      vertex 19.439190 8.156206 0.800000
    endloop
  endfacet
  facet normal 0.000000 -0.000000 -1.000000
    outer loop
      vertex 18.504506 10.202878 -0.800000
      vertex 19.270135 8.063895 -0.800000
      vertex 18.053693 9.956716 -0.800000
    endloop
  endfacet
  facet normal 0.000000 0.000000 -1.000000
    outer loop
      vertex 18.504506 10.202878 -0.800000
      vertex 19.439190 8.156206 -0.800000
      vertex 19.270135 8.063895 -0.800000
    endloop
  endfacet
  facet normal -0.479249 0.877679 0.000000
    outer loop
      vertex 18.504506 10.202878 -0.800000
      vertex 18.053693 9.956716 -0.800000
      vertex 18.053693 9.956716 0.800000
    endloop
  endfacet
  facet normal -0.479249 0.877679 0.000000
    outer loop
      vertex 18.504506 10.202878 -0.800000
      vertex 18.053693 9.956716 0.800000
      vertex 18.504506 10.202878 0.800000
    endloop
  endfacet
  facet normal 0.479249 -0.877679 0.000000
    outer loop
      vertex 19.439190 8.156206 -0.800000
      vertex 19.270135 8.063895 0.800000
      vertex 19.270135 8.063895 -0.800000
    endloop
  endfacet
  facet normal 0.479249 -0.877679 0.000000
    outer loop
      vertex 19.439190 8.156206 -0.800000
      vertex 19.439190 8.156206 0.800000
      vertex 19.270135 8.063895 0.800000
    endloop
  endfacet
  facet normal 0.000000 0.000000 1.000000
    outer loop
      vertex 18.053693 9.956716 0.800000
      vertex 17.642501 9.648902 0.800000
      vertex 19.115938 7.948465 0.800000
    endloop
  endfacet
  facet normal 0.000000 0.000000 1.000000
    outer loop
      vertex 18.053693 9.956716 0.800000
      vertex 19.115938 7.948465 0.800000
      vertex 19.270135 8.063895 0.800000
    endloop
  endfacet
  facet normal 0.000000 -0.000000 -1.000000
    outer loop
      vertex 18.053693 9.956716 -0.800000
      vertex 19.115938 7.948465 -0.800000
      vertex 17.642501 9.648902 -0.800000
    endloop
  endfacet
  facet normal 0.000000 0.000000 -1.000000
    outer loop
      vertex 18.053693 9.956716 -0.800000
      vertex 19.270135 8.063895 -0.800000
      vertex 19.115938 7.948465 -0.800000
    endloop
  endfacet
  facet normal -0.599278 0.800541 0.000000
    outer loop
      vertex 18.053693 9.956716 -0.800000
      vertex 17.642501 9.648902 -0.800000
      vertex 17.642501 9.648902 0.800000
    endloop
  endfacet
  facet normal -0.599278 0.800541 0.000000
    outer loop
      vertex 18.053693 9.956716 -0.800000
      vertex 17.642501 9.648902 0.800000
      vertex 18.053693 9.956716 0.800000
    endloop
  endfacet
  facet normal 0.599278 -0.800541 0.000000
    outer loop
      vertex 19.270135 8.063895 -0.800000
      vertex 19.115938 7.948465 0.800000
      vertex 19.115938 7.948465 -0.800000
    endloop
  endfacet
  facet normal 0.599278 -0.800541 0.000000
    outer loop
      vertex 19.270135 8.063895 -0.800000
      vertex 19.270135 8.063895 0.800000
      vertex 19.115938 7.948465 0.800000
    endloop
  endfacet
  facet normal 0.000000 0.000000 1.000000
    outer loop
      vertex 17.642501 9.648902 0.800000
      vertex 17.279302 9.285702 0.800000
      vertex 18.979738 7.812265 0.800000
    endloop
  endfacet
  facet normal 0.000000 0.000000 1.000000
    outer loop
      vertex 17.642501 9.648902 0.800000
      vertex 18.979738 7.812265 0.800000
      vertex 19.115938 7.948465 0.800000
    endloop
  endfacet
  facet normal 0.000000 -0.000000 -1.000000
    outer loop
      vertex 17.642501 9.648902 -0.800000
      vertex 18.979738 7.812265 -0.800000
      vertex 17.279302 9.285702 -0.800000
    endloop
  endfacet
  facet normal 0.000000 0.000000 -1.000000
    outer loop
      vertex 17.642501 9.648902 -0.800000
      vertex 19.115938 7.948465 -0.800000
      vertex 18.979738 7.812265 -0.800000
    endloop
  endfacet
  facet normal -0.707107 0.707107 0.000000
    outer loop
      vertex 17.642501 9.648902 -0.800000
      vertex 17.279302 9.285702 -0.800000
      vertex 17.279302 9.285702 0.800000
    endloop
  endfacet
  facet normal -0.707107 0.707107 0.000000
    outer loop
      vertex 17.642501 9.648902 -0.800000
      vertex 17.279302 9.285702 0.800000
      vertex 17.642501 9.648902 0.800000
    endloop
  endfacet
  facet normal 0.707107 -0.707107 0.000000
    outer loop
      vertex 19.115938 7.948465 -0.800000
      vertex 18.979738 7.812265 0.800000
      vertex 18.979738 7.812265 -0.800000
    endloop
  endfacet
  facet normal 0.707107 -0.707107 0.000000
    outer loop
      vertex 19.115938 7.948465 -0.800000
      vertex 19.115938 7.948465 0.800000
      vertex 18.979738 7.812265 0.800000
    endloop
  endfacet
  facet normal 0.000000 0.000000 1.000000
    outer loop
      vertex 17.279302 9.285702 0.800000
      vertex 16.971487 8.874510 0.800000
      vertex 18.864308 7.658068 0.800000
    endloop
  endfacet
  facet normal 0.000000 0.000000 1.000000
    outer loop
      vertex 17.279302 9.285702 0.800000
      vertex 18.864308 7.658068 0.800000
      vertex 18.979738 7.812265 0.800000
    endloop
  endfacet
  facet normal 0.000000 -0.000000 -1.000000
    outer loop
      vertex 17.279302 9.285702 -0.800000
      vertex 18.864308 7.658068 -0.800000
      vertex 16.971487 8.874510 -0.800000
    endloop
  endfacet
  facet normal 0.000000 0.000000 -1.000000
    outer loop
      vertex 17.279302 9.285702 -0.800000
      vertex 18.979738 7.812265 -0.800000
      vertex 18.864308 7.658068 -0.800000
    endloop
  endfacet
  facet normal -0.800541 0.599278 0.000000
    outer loop
      vertex 17.279302 9.285702 -0.800000
      vertex 16.971487 8.874510 -0.800000
      vertex 16.971487 8.874510 0.800000
    endloop
  endfacet
  facet normal -0.800541 0.599278 0.000000
    outer loop
      vertex 17.279302 9.285702 -0.800000
      vertex 16.971487 8.874510 0.800000
      vertex 17.279302 9.285702 0.800000
    endloop
  endfacet
  facet normal 0.800541 -0.599278 0.000000
    outer loop
      vertex 18.979738 7.812265 -0.800000
      vertex 18.864308 7.658068 0.800000
      vertex 18.864308 7.658068 -0.800000
    endloop
  endfacet
  facet normal 0.800541 -0.599278 0.000000
    outer loop
      vertex 18.979738 7.812265 -0.800000
      vertex 18.979738 7.812265 0.800000
      vertex 18.864308 7.658068 0.800000
    endloop
  endfacet
  facet normal 0.000000 0.000000 1.000000
    outer loop
      vertex 16.971487 8.874510 0.800000
      vertex 16.725325 8.423697 0.800000
      vertex 18.771997 7.489013 0.800000
    endloop
  endfacet
  facet normal 0.000000 0.000000 1.000000
    outer loop
      vertex 16.971487 8.874510 0.800000
      vertex 18.771997 7.489013 0.800000
      vertex 18.864308 7.658068 0.800000
    endloop
  endfacet
  facet normal 0.000000 -0.000000 -1.000000
    outer loop
      vertex 16.971487 8.874510 -0.800000
      vertex 18.771997 7.489013 -0.800000
      vertex 16.725325 8.423697 -0.800000
    endloop
  endfacet
  facet normal 0.000000 0.000000 -1.000000
    outer loop
      vertex 16.971487 8.874510 -0.800000
      vertex 18.864308 7.658068 -0.800000
      vertex 18.771997 7.489013 -0.800000
    endloop
  endfacet
  facet normal -0.877679 0.479249 0.000000
    outer loop
      vertex 16.971487 8.874510 -0.800000
      vertex 16.725325 8.423697 -0.800000
      vertex 16.725325 8.423697 0.800000
    endloop
  endfacet
  facet normal -0.877679 0.479249 0.000000
    outer loop
      vertex 16.971487 8.874510 -0.800000
      vertex 16.725325 8.423697 0.800000
      vertex 16.971487 8.874510 0.800000
    endloop
  endfacet
  facet normal 0.877679 -0.479249 0.000000
    outer loop
      vertex 18.864308 7.658068 -0.800000
      vertex 18.771997 7.489013 0.800000
      vertex 18.771997 7.489013 -0.800000
    endloop
  endfacet
  facet normal 0.877679 -0.479249 0.000000
    outer loop
      vertex 18.864308 7.658068 -0.800000
      vertex 18.864308 7.658068 0.800000
      vertex 18.771997 7.489013 0.800000
    endloop
  endfacet
  facet normal 0.000000 0.000000 1.000000
    outer loop
      vertex 16.725325 8.423697 0.800000
      vertex 16.545825 7.942440 0.800000
      vertex 18.704684 7.308542 0.800000
    endloop
  endfacet
  facet normal 0.000000 0.000000 1.000000
    outer loop
      vertex 16.725325 8.423697 0.800000
      vertex 18.704684 7.308542 0.800000
      vertex 18.771997 7.489013 0.800000
    endloop
  endfacet
  facet normal 0.000000 -0.000000 -1.000000
    outer loop
      vertex 16.725325 8.423697 -0.800000
      vertex 18.704684 7.308542 -0.800000
      vertex 16.545825 7.942440 -0.800000
    endloop
  endfacet
  facet normal 0.000000 0.000000 -1.000000
    outer loop
      vertex 16.725325 8.423697 -0.800000
      vertex 18.771997 7.489013 -0.800000
      vertex 18.704684 7.308542 -0.800000
    endloop
  endfacet
  facet normal -0.936950 0.349464 0.000000
    outer loop
      vertex 16.725325 8.423697 -0.800000
      vertex 16.545825 7.942440 -0.800000
      vertex 16.545825 7.942440 0.800000
    endloop
  endfacet
  facet normal -0.936950 0.349464 0.000000
    outer loop
      vertex 16.725325 8.423697 -0.800000
      vertex 16.545825 7.942440 0.800000
      vertex 16.725325 8.423697 0.800000
    endloop
  endfacet
  facet normal 0.936950 -0.349464 0.000000
    outer loop
      vertex 18.771997 7.489013 -0.800000
      vertex 18.704684 7.308542 0.800000
      vertex 18.704684 7.308542 -0.800000
    endloop
  endfacet
  facet normal 0.936950 -0.349464 0.000000
    outer loop
      vertex 18.771997 7.489013 -0.800000
      vertex 18.771997 7.489013 0.800000
      vertex 18.704684 7.308542 0.800000
    endloop
  endfacet
  facet normal 0.000000 0.000000 1.000000
    outer loop
      vertex 16.545825 7.942440 0.800000
      vertex 16.436643 7.440537 0.800000
      vertex 18.663741 7.120328 0.800000
    endloop
  endfacet
  facet normal 0.000000 0.000000 1.000000
    outer loop
      vertex 16.545825 7.942440 0.800000
      vertex 18.663741 7.120328 0.800000
      vertex 18.704684 7.308542 0.800000
    endloop
  endfacet
  facet normal 0.000000 -0.000000 -1.000000
    outer loop
      vertex 16.545825 7.942440 -0.800000
      vertex 18.663741 7.120328 -0.800000
      vertex 16.436643 7.440537 -0.800000
    endloop
  endfacet
  facet normal 0.000000 0.000000 -1.000000
    outer loop
      vertex 16.545825 7.942440 -0.800000
      vertex 18.704684 7.308542 -0.800000
      vertex 18.663741 7.120328 -0.800000
    endloop
  endfacet
  facet normal -0.977147 0.212565 0.000000
    outer loop
      vertex 16.545825 7.942440 -0.800000
      vertex 16.436643 7.440537 -0.800000
      vertex 16.436643 7.440537 0.800000
    endloop
  endfacet
  facet normal -0.977147 0.212565 0.000000
    outer loop
      vertex 16.545825 7.942440 -0.800000
      vertex 16.436643 7.440537 0.800000
      vertex 16.545825 7.942440 0.800000
    endloop
  endfacet
  facet normal 0.977147 -0.212565 0.000000
    outer loop
      vertex 18.704684 7.308542 -0.800000
      vertex 18.663741 7.120328 0.800000
      vertex 18.663741 7.120328 -0.800000
    endloop
  endfacet
  facet normal 0.977147 -0.212565 0.000000
    outer loop
      vertex 18.704684 7.308542 -0.800000
      vertex 18.704684 7.308542 0.800000
      vertex 18.663741 7.120328 0.800000
    endloop
  endfacet
  facet normal 0.000000 0.000000 1.000000
    outer loop
      vertex 16.436643 7.440537 0.800000
      vertex 16.400000 6.928203 0.800000
      vertex 18.650000 6.928203 0.800000
    endloop
  endfacet
  facet normal 0.000000 0.000000 1.000000
    outer loop
      vertex 16.436643 7.440537 0.800000
      vertex 18.650000 6.928203 0.800000
      vertex 18.663741 7.120328 0.800000
    endloop
  endfacet
  facet normal 0.000000 -0.000000 -1.000000
    outer loop
      vertex 16.436643 7.440537 -0.800000
      vertex 18.650000 6.928203 -0.800000
      vertex 16.400000 6.928203 -0.800000
    endloop
  endfacet
  facet normal 0.000000 0.000000 -1.000000
    outer loop
      vertex 16.436643 7.440537 -0.800000
      vertex 18.663741 7.120328 -0.800000
      vertex 18.650000 6.928203 -0.800000
    endloop
  endfacet
  facet normal -0.997452 0.071339 0.000000
    outer loop
      vertex 16.436643 7.440537 -0.800000
      vertex 16.400000 6.928203 -0.800000
      vertex 16.400000 6.928203 0.800000
    endloop
  endfacet
  facet normal -0.997452 0.071339 0.000000
    outer loop
      vertex 16.436643 7.440537 -0.800000
      vertex 16.400000 6.928203 0.800000
      vertex 16.436643 7.440537 0.800000
    endloop
  endfacet
  facet normal 0.997452 -0.071339 0.000000
    outer loop
      vertex 18.663741 7.120328 -0.800000
      vertex 18.650000 6.928203 0.800000
      vertex 18.650000 6.928203 -0.800000
    endloop
  endfacet
  facet normal 0.997452 -0.071339 0.000000
    outer loop
      vertex 18.663741 7.120328 -0.800000
      vertex 18.663741 7.120328 0.800000
      vertex 18.650000 6.928203 0.800000
    endloop
  endfacet
  facet normal 0.000000 0.000000 1.000000
    outer loop
      vertex 16.400000 6.928203 0.800000
      vertex 16.436643 6.415870 0.800000
      vertex 18.663741 6.736078 0.800000
    endloop
  endfacet
  facet normal 0.000000 0.000000 1.000000
    outer loop
      vertex 16.400000 6.928203 0.800000
      vertex 18.663741 6.736078 0.800000
      vertex 18.650000 6.928203 0.800000
    endloop
  endfacet
  facet normal 0.000000 0.000000 -1.000000
    outer loop
      vertex 16.400000 6.928203 -0.800000
      vertex 18.663741 6.736078 -0.800000
      vertex 16.436643 6.415870 -0.800000
    endloop
  endfacet
  facet normal 0.000000 0.000000 -1.000000
    outer loop
      vertex 16.400000 6.928203 -0.800000
      vertex 18.650000 6.928203 -0.800000
      vertex 18.663741 6.736078 -0.800000
    endloop
  endfacet
  facet normal -0.997452 -0.071339 0.000000
    outer loop
      vertex 16.400000 6.928203 -0.800000
      vertex 16.436643 6.415870 -0.800000
      vertex 16.436643 6.415870 0.800000
    endloop
  endfacet
  facet normal -0.997452 -0.071339 0.000000
    outer loop
      vertex 16.400000 6.928203 -0.800000
      vertex 16.436643 6.415870 0.800000
      vertex 16.400000 6.928203 0.800000
    endloop
  endfacet
  facet normal 0.997452 0.071339 0.000000
    outer loop
      vertex 18.650000 6.928203 -0.800000
      vertex 18.663741 6.736078 0.800000
      vertex 18.663741 6.736078 -0.800000
    endloop
  endfacet
  facet normal 0.997452 0.071339 -0.000000
    outer loop
      vertex 18.650000 6.928203 -0.800000
      vertex 18.650000 6.928203 0.800000
      vertex 18.663741 6.736078 0.800000
    endloop
  endfacet
  facet normal -0.000000 0.000000 1.000000
    outer loop
      vertex 16.436643 6.415870 0.800000
      vertex 16.545825 5.913966 0.800000
      vertex 18.704684 6.547864 0.800000
    endloop
  endfacet
  facet normal 0.000000 0.000000 1.000000
    outer loop
      vertex 16.436643 6.415870 0.800000
      vertex 18.704684 6.547864 0.800000
      vertex 18.663741 6.736078 0.800000
    endloop
  endfacet
  facet normal 0.000000 0.000000 -1.000000
    outer loop
      vertex 16.436643 6.415870 -0.800000
      vertex 18.704684 6.547864 -0.800000
      vertex 16.545825 5.913966 -0.800000
    endloop
  endfacet
  facet normal 0.000000 0.000000 -1.000000
    outer loop
      vertex 16.436643 6.415870 -0.800000
      vertex 18.663741 6.736078 -0.800000
      vertex 18.704684 6.547864 -0.800000
    endloop
  endfacet
  facet normal -0.977147 -0.212565 0.000000
    outer loop
      vertex 16.436643 6.415870 -0.800000
      vertex 16.545825 5.913966 -0.800000
      vertex 16.545825 5.913966 0.800000
    endloop
  endfacet
  facet normal -0.977147 -0.212565 0.000000
    outer loop
      vertex 16.436643 6.415870 -0.800000
      vertex 16.545825 5.913966 0.800000
      vertex 16.436643 6.415870 0.800000
    endloop
  endfacet
  facet normal 0.977147 0.212565 0.000000
    outer loop
      vertex 18.663741 6.736078 -0.800000
      vertex 18.704684 6.547864 0.800000
      vertex 18.704684 6.547864 -0.800000
    endloop
  endfacet
  facet normal 0.977147 0.212565 -0.000000
    outer loop
      vertex 18.663741 6.736078 -0.800000
      vertex 18.663741 6.736078 0.800000
      vertex 18.704684 6.547864 0.800000
    endloop
  endfacet
  facet normal -0.000000 0.000000 1.000000
    outer loop
      vertex 16.545825 5.913966 0.800000
      vertex 16.725325 5.432709 0.800000
      vertex 18.771997 6.367393 0.800000
    endloop
  endfacet
  facet normal 0.000000 0.000000 1.000000
    outer loop
      vertex 16.545825 5.913966 0.800000
      vertex 18.771997 6.367393 0.800000
      vertex 18.704684 6.547864 0.800000
    endloop
  endfacet
  facet normal 0.000000 0.000000 -1.000000
    outer loop
      vertex 16.545825 5.913966 -0.800000
      vertex 18.771997 6.367393 -0.800000
      vertex 16.725325 5.432709 -0.800000
    endloop
  endfacet
  facet normal 0.000000 0.000000 -1.000000
    outer loop
      vertex 16.545825 5.913966 -0.800000
      vertex 18.704684 6.547864 -0.800000
      vertex 18.771997 6.367393 -0.800000
    endloop
  endfacet
  facet normal -0.936950 -0.349464 0.000000
    outer loop
      vertex 16.545825 5.913966 -0.800000
      vertex 16.725325 5.432709 -0.800000
      vertex 16.725325 5.432709 0.800000
    endloop
  endfacet
  facet normal -0.936950 -0.349464 0.000000
    outer loop
      vertex 16.545825 5.913966 -0.800000
      vertex 16.725325 5.432709 0.800000
      vertex 16.545825 5.913966 0.800000
    endloop
  endfacet
  facet normal 0.936950 0.349464 0.000000
    outer loop
      vertex 18.704684 6.547864 -0.800000
      vertex 18.771997 6.367393 0.800000
      vertex 18.771997 6.367393 -0.800000
    endloop
  endfacet
  facet normal 0.936950 0.349464 -0.000000
    outer loop
      vertex 18.704684 6.547864 -0.800000
      vertex 18.704684 6.547864 0.800000
      vertex 18.771997 6.367393 0.800000
    endloop
  endfacet
  facet normal -0.000000 0.000000 1.000000
    outer loop
      vertex 16.725325 5.432709 0.800000
      vertex 16.971487 4.981896 0.800000
      vertex 18.864308 6.198338 0.800000
    endloop
  endfacet
  facet normal 0.000000 0.000000 1.000000
    outer loop
      vertex 16.725325 5.432709 0.800000
      vertex 18.864308 6.198338 0.800000
      vertex 18.771997 6.367393 0.800000
    endloop
  endfacet
  facet normal 0.000000 0.000000 -1.000000
    outer loop
      vertex 16.725325 5.432709 -0.800000
      vertex 18.864308 6.198338 -0.800000
      vertex 16.971487 4.981896 -0.800000
    endloop
  endfacet
  facet normal 0.000000 0.000000 -1.000000
    outer loop
      vertex 16.725325 5.432709 -0.800000
      vertex 18.771997 6.367393 -0.800000
      vertex 18.864308 6.198338 -0.800000
    endloop
  endfacet
  facet normal -0.877679 -0.479249 0.000000
    outer loop
      vertex 16.725325 5.432709 -0.800000
      vertex 16.971487 4.981896 -0.800000
      vertex 16.971487 4.981896 0.800000
    endloop
  endfacet
  facet normal -0.877679 -0.479249 0.000000
    outer loop
      vertex 16.725325 5.432709 -0.800000
      vertex 16.971487 4.981896 0.800000
      vertex 16.725325 5.432709 0.800000
    endloop
  endfacet
  facet normal 0.877679 0.479249 0.000000
    outer loop
      vertex 18.771997 6.367393 -0.800000
      vertex 18.864308 6.198338 0.800000
      vertex 18.864308 6.198338 -0.800000
    endloop
  endfacet
  facet normal 0.877679 0.479249 -0.000000
    outer loop
      vertex 18.771997 6.367393 -0.800000
      vertex 18.771997 6.367393 0.800000
      vertex 18.864308 6.198338 0.800000
    endloop
  endfacet
  facet normal -0.000000 0.000000 1.000000
    outer loop
      vertex 16.971487 4.981896 0.800000
      vertex 17.279302 4.570705 0.800000
      vertex 18.979738 6.044141 0.800000
    endloop
  endfacet
  facet normal 0.000000 0.000000 1.000000
    outer loop
      vertex 16.971487 4.981896 0.800000
      vertex 18.979738 6.044141 0.800000
      vertex 18.864308 6.198338 0.800000
    endloop
  endfacet
  facet normal 0.000000 0.000000 -1.000000
    outer loop
      vertex 16.971487 4.981896 -0.800000
      vertex 18.979738 6.044141 -0.800000
      vertex 17.279302 4.570705 -0.800000
    endloop
  endfacet
  facet normal 0.000000 0.000000 -1.000000
    outer loop
      vertex 16.971487 4.981896 -0.800000
      vertex 18.864308 6.198338 -0.800000
      vertex 18.979738 6.044141 -0.800000
    endloop
  endfacet
  facet normal -0.800541 -0.599278 0.000000
    outer loop
      vertex 16.971487 4.981896 -0.800000
      vertex 17.279302 4.570705 -0.800000
      vertex 17.279302 4.570705 0.800000
    endloop
  endfacet
  facet normal -0.800541 -0.599278 0.000000
    outer loop
      vertex 16.971487 4.981896 -0.800000
      vertex 17.279302 4.570705 0.800000
      vertex 16.971487 4.981896 0.800000
    endloop
  endfacet
  facet normal 0.800541 0.599278 0.000000
    outer loop
      vertex 18.864308 6.198338 -0.800000
      vertex 18.979738 6.044141 0.800000
      vertex 18.979738 6.044141 -0.800000
    endloop
  endfacet
  facet normal 0.800541 0.599278 -0.000000
    outer loop
      vertex 18.864308 6.198338 -0.800000
      vertex 18.864308 6.198338 0.800000
      vertex 18.979738 6.044141 0.800000
    endloop
  endfacet
  facet normal -0.000000 0.000000 1.000000
    outer loop
      vertex 17.279302 4.570705 0.800000
      vertex 17.642501 4.207505 0.800000
      vertex 19.115938 5.907941 0.800000
    endloop
  endfacet
  facet normal 0.000000 0.000000 1.000000
    outer loop
      vertex 17.279302 4.570705 0.800000
      vertex 19.115938 5.907941 0.800000
      vertex 18.979738 6.044141 0.800000
    endloop
  endfacet
  facet normal 0.000000 0.000000 -1.000000
    outer loop
      vertex 17.279302 4.570705 -0.800000
      vertex 19.115938 5.907941 -0.800000
      vertex 17.642501 4.207505 -0.800000
    endloop
  endfacet
  facet normal 0.000000 0.000000 -1.000000
    outer loop
      vertex 17.279302 4.570705 -0.800000
      vertex 18.979738 6.044141 -0.800000
      vertex 19.115938 5.907941 -0.800000
    endloop
  endfacet
  facet normal -0.707107 -0.707107 0.000000
    outer loop
      vertex 17.279302 4.570705 -0.800000
      vertex 17.642501 4.207505 -0.800000
      vertex 17.642501 4.207505 0.800000
    endloop
  endfacet
  facet normal -0.707107 -0.707107 0.000000
    outer loop
      vertex 17.279302 4.570705 -0.800000
      vertex 17.642501 4.207505 0.800000
      vertex 17.279302 4.570705 0.800000
    endloop
  endfacet
  facet normal 0.707107 0.707107 0.000000
    outer loop
      vertex 18.979738 6.044141 -0.800000
      vertex 19.115938 5.907941 0.800000
      vertex 19.115938 5.907941 -0.800000
    endloop
  endfacet
  facet normal 0.707107 0.707107 -0.000000
    outer loop
      vertex 18.979738 6.044141 -0.800000
      vertex 18.979738 6.044141 0.800000
      vertex 19.115938 5.907941 0.800000
    endloop
  endfacet
  facet normal -0.000000 0.000000 1.000000
    outer loop
      vertex 17.642501 4.207505 0.800000
      vertex 18.053693 3.899691 0.800000
      vertex 19.270135 5.792511 0.800000
    endloop
  endfacet
  facet normal 0.000000 0.000000 1.000000
    outer loop
      vertex 17.642501 4.207505 0.800000
      vertex 19.270135 5.792511 0.800000
      vertex 19.115938 5.907941 0.800000
    endloop
  endfacet
  facet normal 0.000000 0.000000 -1.000000
    outer loop
      vertex 17.642501 4.207505 -0.800000
      vertex 19.270135 5.792511 -0.800000
      vertex 18.053693 3.899691 -0.800000
    endloop
  endfacet
  facet normal 0.000000 0.000000 -1.000000
    outer loop
      vertex 17.642501 4.207505 -0.800000
      vertex 19.115938 5.907941 -0.800000
      vertex 19.270135 5.792511 -0.800000
    endloop
  endfacet
  facet normal -0.599278 -0.800541 0.000000
    outer loop
      vertex 17.642501 4.207505 -0.800000
      vertex 18.053693 3.899691 -0.800000
      vertex 18.053693 3.899691 0.800000
    endloop
  endfacet
  facet normal -0.599278 -0.800541 0.000000
    outer loop
      vertex 17.642501 4.207505 -0.800000
      vertex 18.053693 3.899691 0.800000
      vertex 17.642501 4.207505 0.800000
    endloop
  endfacet
  facet normal 0.599278 0.800541 0.000000
    outer loop
      vertex 19.115938 5.907941 -0.800000
      vertex 19.270135 5.792511 0.800000
      vertex 19.270135 5.792511 -0.800000
    endloop
  endfacet
  facet normal 0.599278 0.800541 -0.000000
    outer loop
      vertex 19.115938 5.907941 -0.800000
      vertex 19.115938 5.907941 0.800000
      vertex 19.270135 5.792511 0.800000
    endloop
  endfacet
  facet normal -0.000000 0.000000 1.000000
    outer loop
      vertex 18.053693 3.899691 0.800000
      vertex 18.504506 3.653528 0.800000
      vertex 19.439190 5.700200 0.800000
    endloop
  endfacet
  facet normal 0.000000 0.000000 1.000000
    outer loop
      vertex 18.053693 3.899691 0.800000
      vertex 19.439190 5.700200 0.800000
      vertex 19.270135 5.792511 0.800000
    endloop
  endfacet
  facet normal 0.000000 0.000000 -1.000000
    outer loop
      vertex 18.053693 3.899691 -0.800000
      vertex 19.439190 5.700200 -0.800000
      vertex 18.504506 3.653528 -0.800000
    endloop
  endfacet
  facet normal 0.000000 0.000000 -1.000000
    outer loop
      vertex 18.053693 3.899691 -0.800000
      vertex 19.270135 5.792511 -0.800000
      vertex 19.439190 5.700200 -0.800000
    endloop
  endfacet
  facet normal -0.479249 -0.877679 0.000000
    outer loop
      vertex 18.053693 3.899691 -0.800000
      vertex 18.504506 3.653528 -0.800000
      vertex 18.504506 3.653528 0.800000
    endloop
  endfacet
  facet normal -0.479249 -0.877679 0.000000
    outer loop
      vertex 18.053693 3.899691 -0.800000
      vertex 18.504506 3.653528 0.800000
      vertex 18.053693 3.899691 0.800000
    endloop
  endfacet
  facet normal 0.479249 0.877679 0.000000
    outer loop
      vertex 19.270135 5.792511 -0.800000
      vertex 19.439190 5.700200 0.800000
      vertex 19.439190 5.700200 -0.800000
    endloop
  endfacet
  facet normal 0.479249 0.877679 -0.000000
    outer loop
      vertex 19.270135 5.792511 -0.800000
      vertex 19.270135 5.792511 0.800000
      vertex 19.439190 5.700200 0.800000
    endloop
  endfacet
  facet normal -0.000000 0.000000 1.000000
    outer loop
      vertex 18.504506 3.653528 0.800000
      vertex 18.985763 3.474029 0.800000
      vertex 19.619661 5.632888 0.800000
    endloop
  endfacet
  facet normal 0.000000 0.000000 1.000000
    outer loop
      vertex 18.504506 3.653528 0.800000
      vertex 19.619661 5.632888 0.800000
      vertex 19.439190 5.700200 0.800000
    endloop
  endfacet
  facet normal 0.000000 0.000000 -1.000000
    outer loop
      vertex 18.504506 3.653528 -0.800000
      vertex 19.619661 5.632888 -0.800000
      vertex 18.985763 3.474029 -0.800000
    endloop
  endfacet
  facet normal 0.000000 0.000000 -1.000000
    outer loop
      vertex 18.504506 3.653528 -0.800000
      vertex 19.439190 5.700200 -0.800000
      vertex 19.619661 5.632888 -0.800000
    endloop
  endfacet
  facet normal -0.349464 -0.936950 0.000000
    outer loop
      vertex 18.504506 3.653528 -0.800000
      vertex 18.985763 3.474029 -0.800000
      vertex 18.985763 3.474029 0.800000
    endloop
  endfacet
  facet normal -0.349464 -0.936950 0.000000
    outer loop
      vertex 18.504506 3.653528 -0.800000
      vertex 18.985763 3.474029 0.800000
      vertex 18.504506 3.653528 0.800000
    endloop
  endfacet
  facet normal 0.349464 0.936950 0.000000
    outer loop
      vertex 19.439190 5.700200 -0.800000
      vertex 19.619661 5.632888 0.800000
      vertex 19.619661 5.632888 -0.800000
    endloop
  endfacet
  facet normal 0.349464 0.936950 -0.000000
    outer loop
      vertex 19.439190 5.700200 -0.800000
      vertex 19.439190 5.700200 0.800000
      vertex 19.619661 5.632888 0.800000
    endloop
  endfacet
  facet normal -0.000000 0.000000 1.000000
    outer loop
      vertex 18.985763 3.474029 0.800000
      vertex 19.487667 3.364846 0.800000
      vertex 19.807875 5.591944 0.800000
    endloop
  endfacet
  facet normal 0.000000 0.000000 1.000000
    outer loop
      vertex 18.985763 3.474029 0.800000
      vertex 19.807875 5.591944 0.800000
      vertex 19.619661 5.632888 0.800000
    endloop
  endfacet
  facet normal 0.000000 0.000000 -1.000000
    outer loop
      vertex 18.985763 3.474029 -0.800000
      vertex 19.807875 5.591944 -0.800000
      vertex 19.487667 3.364846 -0.800000
    endloop
  endfacet
  facet normal 0.000000 0.000000 -1.000000
    outer loop
      vertex 18.985763 3.474029 -0.800000
      vertex 19.619661 5.632888 -0.800000
      vertex 19.807875 5.591944 -0.800000
    endloop
  endfacet
  facet normal -0.212565 -0.977147 0.000000
    outer loop
      vertex 18.985763 3.474029 -0.800000
      vertex 19.487667 3.364846 -0.800000
      vertex 19.487667 3.364846 0.800000
    endloop
  endfacet
  facet normal -0.212565 -0.977147 0.000000
    outer loop
      vertex 18.985763 3.474029 -0.800000
      vertex 19.487667 3.364846 0.800000
      vertex 18.985763 3.474029 0.800000
    endloop
  endfacet
  facet normal 0.212565 0.977147 0.000000
    outer loop
      vertex 19.619661 5.632888 -0.800000
      vertex 19.807875 5.591944 0.800000
      vertex 19.807875 5.591944 -0.800000
    endloop
  endfacet
  facet normal 0.212565 0.977147 -0.000000
    outer loop
      vertex 19.619661 5.632888 -0.800000
      vertex 19.619661 5.632888 0.800000
      vertex 19.807875 5.591944 0.800000
    endloop
  endfacet
  facet normal -0.000000 0.000000 1.000000
    outer loop
      vertex 19.487667 3.364846 0.800000
      vertex 20.000000 3.328203 0.800000
      vertex 20.000000 5.578203 0.800000
    endloop
  endfacet
  facet normal 0.000000 0.000000 1.000000
    outer loop
      vertex 19.487667 3.364846 0.800000
      vertex 20.000000 5.578203 0.800000
      vertex 19.807875 5.591944 0.800000
    endloop
  endfacet
  facet normal 0.000000 0.000000 -1.000000
    outer loop
      vertex 19.487667 3.364846 -0.800000
      vertex 20.000000 5.578203 -0.800000
      vertex 20.000000 3.328203 -0.800000
    endloop
  endfacet
  facet normal 0.000000 0.000000 -1.000000
    outer loop
      vertex 19.487667 3.364846 -0.800000
      vertex 19.807875 5.591944 -0.800000
      vertex 20.000000 5.578203 -0.800000
    endloop
  endfacet
  facet normal -0.071339 -0.997452 0.000000
    outer loop
      vertex 19.487667 3.364846 -0.800000
      vertex 20.000000 3.328203 -0.800000
      vertex 20.000000 3.328203 0.800000
    endloop
  endfacet
  facet normal -0.071339 -0.997452 0.000000
    outer loop
      vertex 19.487667 3.364846 -0.800000
      vertex 20.000000 3.328203 0.800000
      vertex 19.487667 3.364846 0.800000
    endloop
  endfacet
  facet normal 0.071339 0.997452 0.000000
    outer loop
      vertex 19.807875 5.591944 -0.800000
      vertex 20.000000 5.578203 0.800000
      vertex 20.000000 5.578203 -0.800000
    endloop
  endfacet
  facet normal 0.071339 0.997452 -0.000000
    outer loop
      vertex 19.807875 5.591944 -0.800000
      vertex 19.807875 5.591944 0.800000
      vertex 20.000000 5.578203 0.800000
    endloop
  endfacet
  facet normal 0.000000 0.000000 1.000000
    outer loop
      vertex 20.000000 3.328203 0.800000
      vertex 20.512333 3.364846 0.800000
      vertex 20.192125 5.591944 0.800000
    endloop
  endfacet
  facet normal 0.000000 0.000000 1.000000
    outer loop
      vertex 20.000000 3.328203 0.800000
      vertex 20.192125 5.591944 0.800000
      vertex 20.000000 5.578203 0.800000
    endloop
  endfacet
  facet normal 0.000000 0.000000 -1.000000
    outer loop
      vertex 20.000000 3.328203 -0.800000
      vertex 20.192125 5.591944 -0.800000
      vertex 20.512333 3.364846 -0.800000
    endloop
  endfacet
  facet normal 0.000000 0.000000 -1.000000
    outer loop
      vertex 20.000000 3.328203 -0.800000
      vertex 20.000000 5.578203 -0.800000
      vertex 20.192125 5.591944 -0.800000
    endloop
  endfacet
  facet normal 0.071339 -0.997452 0.000000
    outer loop
      vertex 20.000000 3.328203 -0.800000
      vertex 20.512333 3.364846 -0.800000
      vertex 20.512333 3.364846 0.800000
    endloop
  endfacet
  facet normal 0.071339 -0.997452 0.000000
    outer loop
      vertex 20.000000 3.328203 -0.800000
      vertex 20.512333 3.364846 0.800000
      vertex 20.000000 3.328203 0.800000
    endloop
  endfacet
  facet normal -0.071339 0.997452 0.000000
    outer loop
      vertex 20.000000 5.578203 -0.800000
      vertex 20.192125 5.591944 0.800000
      vertex 20.192125 5.591944 -0.800000
    endloop
  endfacet
  facet normal -0.071339 0.997452 0.000000
    outer loop
      vertex 20.000000 5.578203 -0.800000
      vertex 20.000000 5.578203 0.800000
      vertex 20.192125 5.591944 0.800000
    endloop
  endfacet
  facet normal 0.000000 -0.000000 1.000000
    outer loop
      vertex 20.512333 3.364846 0.800000
      vertex 21.014237 3.474029 0.800000
      vertex 20.380339 5.632888 0.800000
    endloop
  endfacet
  facet normal 0.000000 0.000000 1.000000
    outer loop
      vertex 20.512333 3.364846 0.800000
      vertex 20.380339 5.632888 0.800000
      vertex 20.192125 5.591944 0.800000
    endloop
  endfacet
  facet normal 0.000000 0.000000 -1.000000
    outer loop
      vertex 20.512333 3.364846 -0.800000
      vertex 20.380339 5.632888 -0.800000
      vertex 21.014237 3.474029 -0.800000
    endloop
  endfacet
  facet normal 0.000000 0.000000 -1.000000
    outer loop
      vertex 20.512333 3.364846 -0.800000
      vertex 20.192125 5.591944 -0.800000
      vertex 20.380339 5.632888 -0.800000
    endloop
  endfacet
  facet normal 0.212565 -0.977147 0.000000
    outer loop
      vertex 20.512333 3.364846 -0.800000
      vertex 21.014237 3.474029 -0.800000
      vertex 21.014237 3.474029 0.800000
    endloop
  endfacet
  facet normal 0.212565 -0.977147 0.000000
    outer loop
      vertex 20.512333 3.364846 -0.800000
      vertex 21.014237 3.474029 0.800000
      vertex 20.512333 3.364846 0.800000
    endloop
  endfacet
  facet normal -0.212565 0.977147 0.000000
    outer loop
      vertex 20.192125 5.591944 -0.800000
      vertex 20.380339 5.632888 0.800000
      vertex 20.380339 5.632888 -0.800000
    endloop
  endfacet
  facet normal -0.212565 0.977147 0.000000
    outer loop
      vertex 20.192125 5.591944 -0.800000
      vertex 20.192125 5.591944 0.800000
      vertex 20.380339 5.632888 0.800000
    endloop
  endfacet
  facet normal 0.000000 -0.000000 1.000000
    outer loop
      vertex 21.014237 3.474029 0.800000
      vertex 21.495494 3.653528 0.800000
      vertex 20.560810 5.700200 0.800000
    endloop
  endfacet
  facet normal 0.000000 0.000000 1.000000
    outer loop
      vertex 21.014237 3.474029 0.800000
      vertex 20.560810 5.700200 0.800000
      vertex 20.380339 5.632888 0.800000
    endloop
  endfacet
  facet normal 0.000000 0.000000 -1.000000
    outer loop
      vertex 21.014237 3.474029 -0.800000
      vertex 20.560810 5.700200 -0.800000
      vertex 21.495494 3.653528 -0.800000
    endloop
  endfacet
  facet normal 0.000000 0.000000 -1.000000
    outer loop
      vertex 21.014237 3.474029 -0.800000
      vertex 20.380339 5.632888 -0.800000
      vertex 20.560810 5.700200 -0.800000
    endloop
  endfacet
  facet normal 0.349464 -0.936950 0.000000
    outer loop
      vertex 21.014237 3.474029 -0.800000
      vertex 21.495494 3.653528 -0.800000
      vertex 21.495494 3.653528 0.800000
    endloop
  endfacet
  facet normal 0.349464 -0.936950 0.000000
    outer loop
      vertex 21.014237 3.474029 -0.800000
      vertex 21.495494 3.653528 0.800000
      vertex 21.014237 3.474029 0.800000
    endloop
  endfacet
  facet normal -0.349464 0.936950 0.000000
    outer loop
      vertex 20.380339 5.632888 -0.800000
      vertex 20.560810 5.700200 0.800000
      vertex 20.560810 5.700200 -0.800000
    endloop
  endfacet
  facet normal -0.349464 0.936950 0.000000
    outer loop
      vertex 20.380339 5.632888 -0.800000
      vertex 20.380339 5.632888 0.800000
      vertex 20.560810 5.700200 0.800000
    endloop
  endfacet
  facet normal 0.000000 -0.000000 1.000000
    outer loop
      vertex 21.495494 3.653528 0.800000
      vertex 21.946307 3.899691 0.800000
      vertex 20.729865 5.792511 0.800000
    endloop
  endfacet
  facet normal 0.000000 0.000000 1.000000
    outer loop
      vertex 21.495494 3.653528 0.800000
      vertex 20.729865 5.792511 0.800000
      vertex 20.560810 5.700200 0.800000
    endloop
  endfacet
  facet normal 0.000000 0.000000 -1.000000
    outer loop
      vertex 21.495494 3.653528 -0.800000
      vertex 20.729865 5.792511 -0.800000
      vertex 21.946307 3.899691 -0.800000
    endloop
  endfacet
  facet normal 0.000000 0.000000 -1.000000
    outer loop
      vertex 21.495494 3.653528 -0.800000
      vertex 20.560810 5.700200 -0.800000
      vertex 20.729865 5.792511 -0.800000
    endloop
  endfacet
  facet normal 0.479249 -0.877679 0.000000
    outer loop
      vertex 21.495494 3.653528 -0.800000
      vertex 21.946307 3.899691 -0.800000
      vertex 21.946307 3.899691 0.800000
    endloop
  endfacet
  facet normal 0.479249 -0.877679 0.000000
    outer loop
      vertex 21.495494 3.653528 -0.800000
      vertex 21.946307 3.899691 0.800000
      vertex 21.495494 3.653528 0.800000
    endloop
  endfacet
  facet normal -0.479249 0.877679 0.000000
    outer loop
      vertex 20.560810 5.700200 -0.800000
      vertex 20.729865 5.792511 0.800000
      vertex 20.729865 5.792511 -0.800000
    endloop
  endfacet
  facet normal -0.479249 0.877679 0.000000
    outer loop
      vertex 20.560810 5.700200 -0.800000
      vertex 20.560810 5.700200 0.800000
      vertex 20.729865 5.792511 0.800000
    endloop
  endfacet
  facet normal 0.000000 -0.000000 1.000000
    outer loop
      vertex 21.946307 3.899691 0.800000
      vertex 22.357499 4.207505 0.800000
      vertex 20.884062 5.907941 0.800000
    endloop
  endfacet
  facet normal 0.000000 0.000000 1.000000
    outer loop
      vertex 21.946307 3.899691 0.800000
      vertex 20.884062 5.907941 0.800000
      vertex 20.729865 5.792511 0.800000
    endloop
  endfacet
  facet normal 0.000000 0.000000 -1.000000
    outer loop
      vertex 21.946307 3.899691 -0.800000
      vertex 20.884062 5.907941 -0.800000
      vertex 22.357499 4.207505 -0.800000
    endloop
  endfacet
  facet normal 0.000000 0.000000 -1.000000
    outer loop
      vertex 21.946307 3.899691 -0.800000
      vertex 20.729865 5.792511 -0.800000
      vertex 20.884062 5.907941 -0.800000
    endloop
  endfacet
  facet normal 0.599278 -0.800541 0.000000
    outer loop
      vertex 21.946307 3.899691 -0.800000
      vertex 22.357499 4.207505 -0.800000
      vertex 22.357499 4.207505 0.800000
    endloop
  endfacet
  facet normal 0.599278 -0.800541 0.000000
    outer loop
      vertex 21.946307 3.899691 -0.800000
      vertex 22.357499 4.207505 0.800000
      vertex 21.946307 3.899691 0.800000
    endloop
  endfacet
  facet normal -0.599278 0.800541 0.000000
    outer loop
      vertex 20.729865 5.792511 -0.800000
      vertex 20.884062 5.907941 0.800000
      vertex 20.884062 5.907941 -0.800000
    endloop
  endfacet
  facet normal -0.599278 0.800541 0.000000
    outer loop
      vertex 20.729865 5.792511 -0.800000
      vertex 20.729865 5.792511 0.800000
      vertex 20.884062 5.907941 0.800000
    endloop
  endfacet
  facet normal 0.000000 -0.000000 1.000000
    outer loop
      vertex 22.357499 4.207505 0.800000
      vertex 22.720698 4.570705 0.800000
      vertex 21.020262 6.044141 0.800000
    endloop
  endfacet
  facet normal 0.000000 0.000000 1.000000
    outer loop
      vertex 22.357499 4.207505 0.800000
      vertex 21.020262 6.044141 0.800000
      vertex 20.884062 5.907941 0.800000
    endloop
  endfacet
  facet normal 0.000000 0.000000 -1.000000
    outer loop
      vertex 22.357499 4.207505 -0.800000
      vertex 21.020262 6.044141 -0.800000
      vertex 22.720698 4.570705 -0.800000
    endloop
  endfacet
  facet normal 0.000000 0.000000 -1.000000
    outer loop
      vertex 22.357499 4.207505 -0.800000
      vertex 20.884062 5.907941 -0.800000
      vertex 21.020262 6.044141 -0.800000
    endloop
  endfacet
  facet normal 0.707107 -0.707107 0.000000
    outer loop
      vertex 22.357499 4.207505 -0.800000
      vertex 22.720698 4.570705 -0.800000
      vertex 22.720698 4.570705 0.800000
    endloop
  endfacet
  facet normal 0.707107 -0.707107 0.000000
    outer loop
      vertex 22.357499 4.207505 -0.800000
      vertex 22.720698 4.570705 0.800000
      vertex 22.357499 4.207505 0.800000
    endloop
  endfacet
  facet normal -0.707107 0.707107 0.000000
    outer loop
      vertex 20.884062 5.907941 -0.800000
      vertex 21.020262 6.044141 0.800000
      vertex 21.020262 6.044141 -0.800000
    endloop
  endfacet
  facet normal -0.707107 0.707107 0.000000
    outer loop
      vertex 20.884062 5.907941 -0.800000
      vertex 20.884062 5.907941 0.800000
      vertex 21.020262 6.044141 0.800000
    endloop
  endfacet
  facet normal 0.000000 -0.000000 1.000000
    outer loop
      vertex 22.720698 4.570705 0.800000
      vertex 23.028513 4.981896 0.800000
      vertex 21.135692 6.198338 0.800000
    endloop
  endfacet
  facet normal 0.000000 0.000000 1.000000
    outer loop
      vertex 22.720698 4.570705 0.800000
      vertex 21.135692 6.198338 0.800000
      vertex 21.020262 6.044141 0.800000
    endloop
  endfacet
  facet normal 0.000000 0.000000 -1.000000
    outer loop
      vertex 22.720698 4.570705 -0.800000
      vertex 21.135692 6.198338 -0.800000
      vertex 23.028513 4.981896 -0.800000
    endloop
  endfacet
  facet normal 0.000000 0.000000 -1.000000
    outer loop
      vertex 22.720698 4.570705 -0.800000
      vertex 21.020262 6.044141 -0.800000
      vertex 21.135692 6.198338 -0.800000
    endloop
  endfacet
  facet normal 0.800541 -0.599278 0.000000
    outer loop
      vertex 22.720698 4.570705 -0.800000
      vertex 23.028513 4.981896 -0.800000
      vertex 23.028513 4.981896 0.800000
    endloop
  endfacet
  facet normal 0.800541 -0.599278 0.000000
    outer loop
      vertex 22.720698 4.570705 -0.800000
      vertex 23.028513 4.981896 0.800000
      vertex 22.720698 4.570705 0.800000
    endloop
  endfacet
  facet normal -0.800541 0.599278 0.000000
    outer loop
      vertex 21.020262 6.044141 -0.800000
      vertex 21.135692 6.198338 0.800000
      vertex 21.135692 6.198338 -0.800000
    endloop
  endfacet
  facet normal -0.800541 0.599278 0.000000
    outer loop
      vertex 21.020262 6.044141 -0.800000
      vertex 21.020262 6.044141 0.800000
      vertex 21.135692 6.198338 0.800000
    endloop
  endfacet
  facet normal 0.000000 -0.000000 1.000000
    outer loop
      vertex 23.028513 4.981896 0.800000
      vertex 23.274675 5.432709 0.800000
      vertex 21.228003 6.367393 0.800000
    endloop
  endfacet
  facet normal 0.000000 0.000000 1.000000
    outer loop
      vertex 23.028513 4.981896 0.800000
      vertex 21.228003 6.367393 0.800000
      vertex 21.135692 6.198338 0.800000
    endloop
  endfacet
  facet normal 0.000000 0.000000 -1.000000
    outer loop
      vertex 23.028513 4.981896 -0.800000
      vertex 21.228003 6.367393 -0.800000
      vertex 23.274675 5.432709 -0.800000
    endloop
  endfacet
  facet normal 0.000000 0.000000 -1.000000
    outer loop
      vertex 23.028513 4.981896 -0.800000
      vertex 21.135692 6.198338 -0.800000
      vertex 21.228003 6.367393 -0.800000
    endloop
  endfacet
  facet normal 0.877679 -0.479249 0.000000
    outer loop
      vertex 23.028513 4.981896 -0.800000
      vertex 23.274675 5.432709 -0.800000
      vertex 23.274675 5.432709 0.800000
    endloop
  endfacet
  facet normal 0.877679 -0.479249 0.000000
    outer loop
      vertex 23.028513 4.981896 -0.800000
      vertex 23.274675 5.432709 0.800000
      vertex 23.028513 4.981896 0.800000
    endloop
  endfacet
  facet normal -0.877679 0.479249 0.000000
    outer loop
      vertex 21.135692 6.198338 -0.800000
      vertex 21.228003 6.367393 0.800000
      vertex 21.228003 6.367393 -0.800000
    endloop
  endfacet
  facet normal -0.877679 0.479249 0.000000
    outer loop
      vertex 21.135692 6.198338 -0.800000
      vertex 21.135692 6.198338 0.800000
      vertex 21.228003 6.367393 0.800000
    endloop
  endfacet
  facet normal 0.000000 -0.000000 1.000000
    outer loop
      vertex 23.274675 5.432709 0.800000
      vertex 23.454175 5.913966 0.800000
      vertex 21.295316 6.547864 0.800000
    endloop
  endfacet
  facet normal 0.000000 0.000000 1.000000
    outer loop
      vertex 23.274675 5.432709 0.800000
      vertex 21.295316 6.547864 0.800000
      vertex 21.228003 6.367393 0.800000
    endloop
  endfacet
  facet normal 0.000000 0.000000 -1.000000
    outer loop
      vertex 23.274675 5.432709 -0.800000
      vertex 21.295316 6.547864 -0.800000
      vertex 23.454175 5.913966 -0.800000
    endloop
  endfacet
  facet normal 0.000000 0.000000 -1.000000
    outer loop
      vertex 23.274675 5.432709 -0.800000
      vertex 21.228003 6.367393 -0.800000
      vertex 21.295316 6.547864 -0.800000
    endloop
  endfacet
  facet normal 0.936950 -0.349464 0.000000
    outer loop
      vertex 23.274675 5.432709 -0.800000
      vertex 23.454175 5.913966 -0.800000
      vertex 23.454175 5.913966 0.800000
    endloop
  endfacet
  facet normal 0.936950 -0.349464 0.000000
    outer loop
      vertex 23.274675 5.432709 -0.800000
      vertex 23.454175 5.913966 0.800000
      vertex 23.274675 5.432709 0.800000
    endloop
  endfacet
  facet normal -0.936950 0.349464 0.000000
    outer loop
      vertex 21.228003 6.367393 -0.800000
      vertex 21.295316 6.547864 0.800000
      vertex 21.295316 6.547864 -0.800000
    endloop
  endfacet
  facet normal -0.936950 0.349464 0.000000
    outer loop
      vertex 21.228003 6.367393 -0.800000
      vertex 21.228003 6.367393 0.800000
      vertex 21.295316 6.547864 0.800000
    endloop
  endfacet
  facet normal 0.000000 -0.000000 1.000000
    outer loop
      vertex 23.454175 5.913966 0.800000
      vertex 23.563357 6.415870 0.800000
      vertex 21.336259 6.736078 0.800000
    endloop
  endfacet
  facet normal 0.000000 0.000000 1.000000
    outer loop
      vertex 23.454175 5.913966 0.800000
      vertex 21.336259 6.736078 0.800000
      vertex 21.295316 6.547864 0.800000
    endloop
  endfacet
  facet normal 0.000000 0.000000 -1.000000
    outer loop
      vertex 23.454175 5.913966 -0.800000
      vertex 21.336259 6.736078 -0.800000
      vertex 23.563357 6.415870 -0.800000
    endloop
  endfacet
  facet normal 0.000000 0.000000 -1.000000
    outer loop
      vertex 23.454175 5.913966 -0.800000
      vertex 21.295316 6.547864 -0.800000
      vertex 21.336259 6.736078 -0.800000
    endloop
  endfacet
  facet normal 0.977147 -0.212565 0.000000
    outer loop
      vertex 23.454175 5.913966 -0.800000
      vertex 23.563357 6.415870 -0.800000
      vertex 23.563357 6.415870 0.800000
    endloop
  endfacet
  facet normal 0.977147 -0.212565 0.000000
    outer loop
      vertex 23.454175 5.913966 -0.800000
      vertex 23.563357 6.415870 0.800000
      vertex 23.454175 5.913966 0.800000
    endloop
  endfacet
  facet normal -0.977147 0.212565 0.000000
    outer loop
      vertex 21.295316 6.547864 -0.800000
      vertex 21.336259 6.736078 0.800000
      vertex 21.336259 6.736078 -0.800000
    endloop
  endfacet
  facet normal -0.977147 0.212565 0.000000
    outer loop
      vertex 21.295316 6.547864 -0.800000
      vertex 21.295316 6.547864 0.800000
      vertex 21.336259 6.736078 0.800000
    endloop
  endfacet
  facet normal 0.000000 -0.000000 1.000000
    outer loop
      vertex 23.563357 6.415870 0.800000
      vertex 23.600000 6.928203 0.800000
      vertex 21.350000 6.928203 0.800000
    endloop
  endfacet
  facet normal 0.000000 0.000000 1.000000
    outer loop
      vertex 23.563357 6.415870 0.800000
      vertex 21.350000 6.928203 0.800000
      vertex 21.336259 6.736078 0.800000
    endloop
  endfacet
  facet normal 0.000000 0.000000 -1.000000
    outer loop
      vertex 23.563357 6.415870 -0.800000
      vertex 21.350000 6.928203 -0.800000
      vertex 23.600000 6.928203 -0.800000
    endloop
  endfacet
  facet normal 0.000000 0.000000 -1.000000
    outer loop
      vertex 23.563357 6.415870 -0.800000
      vertex 21.336259 6.736078 -0.800000
      vertex 21.350000 6.928203 -0.800000
    endloop
  endfacet
  facet normal 0.997452 -0.071339 0.000000
    outer loop
      vertex 23.563357 6.415870 -0.800000
      vertex 23.600000 6.928203 -0.800000
      vertex 23.600000 6.928203 0.800000
    endloop
  endfacet
  facet normal 0.997452 -0.071339 0.000000
    outer loop
      vertex 23.563357 6.415870 -0.800000
      vertex 23.600000 6.928203 0.800000
      vertex 23.563357 6.415870 0.800000
    endloop
  endfacet
  facet normal -0.997452 0.071339 0.000000
    outer loop
      vertex 21.336259 6.736078 -0.800000
      vertex 21.350000 6.928203 0.800000
      vertex 21.350000 6.928203 -0.800000
    endloop
  endfacet
  facet normal -0.997452 0.071339 0.000000
    outer loop
      vertex 21.336259 6.736078 -0.800000
      vertex 21.336259 6.736078 0.800000
      vertex 21.350000 6.928203 0.800000
    endloop
  endfacet
  facet normal 0.000000 0.000000 1.000000
    outer loop
      vertex 33.600000 8.000000 0.800000
      vertex 33.563357 8.512333 0.800000
      vertex 31.336259 8.192125 0.800000
    endloop
  endfacet
  facet normal 0.000000 0.000000 1.000000
    outer loop
      vertex 33.600000 8.000000 0.800000
      vertex 31.336259 8.192125 0.800000
      vertex 31.350000 8.000000 0.800000
    endloop
  endfacet
  facet normal 0.000000 0.000000 -1.000000
    outer loop
      vertex 33.600000 8.000000 -0.800000
      vertex 31.336259 8.192125 -0.800000
      vertex 33.563357 8.512333 -0.800000
    endloop
  endfacet
  facet normal 0.000000 0.000000 -1.000000
    outer loop
      vertex 33.600000 8.000000 -0.800000
      vertex 31.350000 8.000000 -0.800000
      vertex 31.336259 8.192125 -0.800000
    endloop
  endfacet
  facet normal 0.997452 0.071339 0.000000
    outer loop
      vertex 33.600000 8.000000 -0.800000
      vertex 33.563357 8.512333 -0.800000
      vertex 33.563357 8.512333 0.800000
    endloop
  endfacet
  facet normal 0.997452 0.071339 -0.000000
    outer loop
      vertex 33.600000 8.000000 -0.800000
      vertex 33.563357 8.512333 0.800000
      vertex 33.600000 8.000000 0.800000
    endloop
  endfacet
  facet normal -0.997452 -0.071339 0.000000
    outer loop
      vertex 31.350000 8.000000 -0.800000
      vertex 31.336259 8.192125 0.800000
      vertex 31.336259 8.192125 -0.800000
    endloop
  endfacet
  facet normal -0.997452 -0.071339 0.000000
    outer loop
      vertex 31.350000 8.000000 -0.800000
      vertex 31.350000 8.000000 0.800000
      vertex 31.336259 8.192125 0.800000
    endloop
  endfacet
  facet normal 0.000000 0.000000 1.000000
    outer loop
      vertex 33.563357 8.512333 0.800000
      vertex 33.454175 9.014237 0.800000
      vertex 31.295316 8.380339 0.800000
    endloop
  endfacet
  facet normal 0.000000 0.000000 1.000000
    outer loop
      vertex 33.563357 8.512333 0.800000
      vertex 31.295316 8.380339 0.800000
      vertex 31.336259 8.192125 0.800000
    endloop
  endfacet
  facet normal -0.000000 0.000000 -1.000000
    outer loop
      vertex 33.563357 8.512333 -0.800000
      vertex 31.295316 8.380339 -0.800000
      vertex 33.454175 9.014237 -0.800000
    endloop
  endfacet
  facet normal 0.000000 0.000000 -1.000000
    outer loop
      vertex 33.563357 8.512333 -0.800000
      vertex 31.336259 8.192125 -0.800000
      vertex 31.295316 8.380339 -0.800000
    endloop
  endfacet
  facet normal 0.977147 0.212565 0.000000
    outer loop
      vertex 33.563357 8.512333 -0.800000
      vertex 33.454175 9.014237 -0.800000
      vertex 33.454175 9.014237 0.800000
    endloop
  endfacet
  facet normal 0.977147 0.212565 -0.000000
    outer loop
      vertex 33.563357 8.512333 -0.800000
      vertex 33.454175 9.014237 0.800000
      vertex 33.563357 8.512333 0.800000
    endloop
  endfacet
  facet normal -0.977147 -0.212565 0.000000
    outer loop
      vertex 31.336259 8.192125 -0.800000
      vertex 31.295316 8.380339 0.800000
      vertex 31.295316 8.380339 -0.800000
    endloop
  endfacet
  facet normal -0.977147 -0.212565 0.000000
    outer loop
      vertex 31.336259 8.192125 -0.800000
      vertex 31.336259 8.192125 0.800000
      vertex 31.295316 8.380339 0.800000
    endloop
  endfacet
  facet normal 0.000000 0.000000 1.000000
    outer loop
      vertex 33.454175 9.014237 0.800000
      vertex 33.274675 9.495494 0.800000
      vertex 31.228003 8.560810 0.800000
    endloop
  endfacet
  facet normal 0.000000 0.000000 1.000000
    outer loop
      vertex 33.454175 9.014237 0.800000
      vertex 31.228003 8.560810 0.800000
      vertex 31.295316 8.380339 0.800000
    endloop
  endfacet
  facet normal -0.000000 0.000000 -1.000000
    outer loop
      vertex 33.454175 9.014237 -0.800000
      vertex 31.228003 8.560810 -0.800000
      vertex 33.274675 9.495494 -0.800000
    endloop
  endfacet
  facet normal 0.000000 0.000000 -1.000000
    outer loop
      vertex 33.454175 9.014237 -0.800000
      vertex 31.295316 8.380339 -0.800000
      vertex 31.228003 8.560810 -0.800000
    endloop
  endfacet
  facet normal 0.936950 0.349464 0.000000
    outer loop
      vertex 33.454175 9.014237 -0.800000
      vertex 33.274675 9.495494 -0.800000
      vertex 33.274675 9.495494 0.800000
    endloop
  endfacet
  facet normal 0.936950 0.349464 -0.000000
    outer loop
      vertex 33.454175 9.014237 -0.800000
      vertex 33.274675 9.495494 0.800000
      vertex 33.454175 9.014237 0.800000
    endloop
  endfacet
  facet normal -0.936950 -0.349464 0.000000
    outer loop
      vertex 31.295316 8.380339 -0.800000
      vertex 31.228003 8.560810 0.800000
      vertex 31.228003 8.560810 -0.800000
    endloop
  endfacet
  facet normal -0.936950 -0.349464 0.000000
    outer loop
      vertex 31.295316 8.380339 -0.800000
      vertex 31.295316 8.380339 0.800000
      vertex 31.228003 8.560810 0.800000
    endloop
  endfacet
  facet normal 0.000000 0.000000 1.000000
    outer loop
      vertex 33.274675 9.495494 0.800000
      vertex 33.028513 9.946307 0.800000
      vertex 31.135692 8.729865 0.800000
    endloop
  endfacet
  facet normal 0.000000 0.000000 1.000000
    outer loop
      vertex 33.274675 9.495494 0.800000
      vertex 31.135692 8.729865 0.800000
      vertex 31.228003 8.560810 0.800000
    endloop
  endfacet
  facet normal -0.000000 0.000000 -1.000000
    outer loop
      vertex 33.274675 9.495494 -0.800000
      vertex 31.135692 8.729865 -0.800000
      vertex 33.028513 9.946307 -0.800000
    endloop
  endfacet
  facet normal 0.000000 0.000000 -1.000000
    outer loop
      vertex 33.274675 9.495494 -0.800000
      vertex 31.228003 8.560810 -0.800000
      vertex 31.135692 8.729865 -0.800000
    endloop
  endfacet
  facet normal 0.877679 0.479249 0.000000
    outer loop
      vertex 33.274675 9.495494 -0.800000
      vertex 33.028513 9.946307 -0.800000
      vertex 33.028513 9.946307 0.800000
    endloop
  endfacet
  facet normal 0.877679 0.479249 -0.000000
    outer loop
      vertex 33.274675 9.495494 -0.800000
      vertex 33.028513 9.946307 0.800000
      vertex 33.274675 9.495494 0.800000
    endloop
  endfacet
  facet normal -0.877679 -0.479249 0.000000
    outer loop
      vertex 31.228003 8.560810 -0.800000
      vertex 31.135692 8.729865 0.800000
      vertex 31.135692 8.729865 -0.800000
    endloop
  endfacet
  facet normal -0.877679 -0.479249 0.000000
    outer loop
      vertex 31.228003 8.560810 -0.800000
      vertex 31.228003 8.560810 0.800000
      vertex 31.135692 8.729865 0.800000
    endloop
  endfacet
  facet normal 0.000000 0.000000 1.000000
    outer loop
      vertex 33.028513 9.946307 0.800000
      vertex 32.720698 10.357499 0.800000
      vertex 31.020262 8.884062 0.800000
    endloop
  endfacet
  facet normal 0.000000 0.000000 1.000000
    outer loop
      vertex 33.028513 9.946307 0.800000
      vertex 31.020262 8.884062 0.800000
      vertex 31.135692 8.729865 0.800000
    endloop
  endfacet
  facet normal -0.000000 0.000000 -1.000000
    outer loop
      vertex 33.028513 9.946307 -0.800000
      vertex 31.020262 8.884062 -0.800000
      vertex 32.720698 10.357499 -0.800000
    endloop
  endfacet
  facet normal 0.000000 0.000000 -1.000000
    outer loop
      vertex 33.028513 9.946307 -0.800000
      vertex 31.135692 8.729865 -0.800000
      vertex 31.020262 8.884062 -0.800000
    endloop
  endfacet
  facet normal 0.800541 0.599278 0.000000
    outer loop
      vertex 33.028513 9.946307 -0.800000
      vertex 32.720698 10.357499 -0.800000
      vertex 32.720698 10.357499 0.800000
    endloop
  endfacet
  facet normal 0.800541 0.599278 -0.000000
    outer loop
      vertex 33.028513 9.946307 -0.800000
      vertex 32.720698 10.357499 0.800000
      vertex 33.028513 9.946307 0.800000
    endloop
  endfacet
  facet normal -0.800541 -0.599278 0.000000
    outer loop
      vertex 31.135692 8.729865 -0.800000
      vertex 31.020262 8.884062 0.800000
      vertex 31.020262 8.884062 -0.800000
    endloop
  endfacet
  facet normal -0.800541 -0.599278 0.000000
    outer loop
      vertex 31.135692 8.729865 -0.800000
      vertex 31.135692 8.729865 0.800000
      vertex 31.020262 8.884062 0.800000
    endloop
  endfacet
  facet normal 0.000000 0.000000 1.000000
    outer loop
      vertex 32.720698 10.357499 0.800000
      vertex 32.357499 10.720698 0.800000
      vertex 30.884062 9.020262 0.800000
    endloop
  endfacet
  facet normal 0.000000 0.000000 1.000000
    outer loop
      vertex 32.720698 10.357499 0.800000
      vertex 30.884062 9.020262 0.800000
      vertex 31.020262 8.884062 0.800000
    endloop
  endfacet
  facet normal -0.000000 0.000000 -1.000000
    outer loop
      vertex 32.720698 10.357499 -0.800000
      vertex 30.884062 9.020262 -0.800000
      vertex 32.357499 10.720698 -0.800000
    endloop
  endfacet
  facet normal 0.000000 0.000000 -1.000000
    outer loop
      vertex 32.720698 10.357499 -0.800000
      vertex 31.020262 8.884062 -0.800000
      vertex 30.884062 9.020262 -0.800000
    endloop
  endfacet
  facet normal 0.707107 0.707107 0.000000
    outer loop
      vertex 32.720698 10.357499 -0.800000
      vertex 32.357499 10.720698 -0.800000
      vertex 32.357499 10.720698 0.800000
    endloop
  endfacet
  facet normal 0.707107 0.707107 -0.000000
    outer loop
      vertex 32.720698 10.357499 -0.800000
      vertex 32.357499 10.720698 0.800000
      vertex 32.720698 10.357499 0.800000
    endloop
  endfacet
  facet normal -0.707107 -0.707107 0.000000
    outer loop
      vertex 31.020262 8.884062 -0.800000
      vertex 30.884062 9.020262 0.800000
      vertex 30.884062 9.020262 -0.800000
    endloop
  endfacet
  facet normal -0.707107 -0.707107 0.000000
    outer loop
      vertex 31.020262 8.884062 -0.800000
      vertex 31.020262 8.884062 0.800000
      vertex 30.884062 9.020262 0.800000
    endloop
  endfacet
  facet normal 0.000000 0.000000 1.000000
    outer loop
      vertex 32.357499 10.720698 0.800000
      vertex 31.946307 11.028513 0.800000
      vertex 30.729865 9.135692 0.800000
    endloop
  endfacet
  facet normal 0.000000 0.000000 1.000000
    outer loop
      vertex 32.357499 10.720698 0.800000
      vertex 30.729865 9.135692 0.800000
      vertex 30.884062 9.020262 0.800000
    endloop
  endfacet
  facet normal -0.000000 0.000000 -1.000000
    outer loop
      vertex 32.357499 10.720698 -0.800000
      vertex 30.729865 9.135692 -0.800000
      vertex 31.946307 11.028513 -0.800000
    endloop
  endfacet
  facet normal 0.000000 0.000000 -1.000000
    outer loop
      vertex 32.357499 10.720698 -0.800000
      vertex 30.884062 9.020262 -0.800000
      vertex 30.729865 9.135692 -0.800000
    endloop
  endfacet
  facet normal 0.599278 0.800541 0.000000
    outer loop
      vertex 32.357499 10.720698 -0.800000
      vertex 31.946307 11.028513 -0.800000
      vertex 31.946307 11.028513 0.800000
    endloop
  endfacet
  facet normal 0.599278 0.800541 -0.000000
    outer loop
      vertex 32.357499 10.720698 -0.800000
      vertex 31.946307 11.028513 0.800000
      vertex 32.357499 10.720698 0.800000
    endloop
  endfacet
  facet normal -0.599278 -0.800541 0.000000
    outer loop
      vertex 30.884062 9.020262 -0.800000
      vertex 30.729865 9.135692 0.800000
      vertex 30.729865 9.135692 -0.800000
    endloop
  endfacet
  facet normal -0.599278 -0.800541 0.000000
    outer loop
      vertex 30.884062 9.020262 -0.800000
      vertex 30.884062 9.020262 0.800000
      vertex 30.729865 9.135692 0.800000
    endloop
  endfacet
  facet normal 0.000000 0.000000 1.000000
    outer loop
      vertex 31.946307 11.028513 0.800000
      vertex 31.495494 11.274675 0.800000
      vertex 30.560810 9.228003 0.800000
    endloop
  endfacet
  facet normal 0.000000 0.000000 1.000000
    outer loop
      vertex 31.946307 11.028513 0.800000
      vertex 30.560810 9.228003 0.800000
      vertex 30.729865 9.135692 0.800000
    endloop
  endfacet
  facet normal -0.000000 0.000000 -1.000000
    outer loop
      vertex 31.946307 11.028513 -0.800000
      vertex 30.560810 9.228003 -0.800000
      vertex 31.495494 11.274675 -0.800000
    endloop
  endfacet
  facet normal 0.000000 0.000000 -1.000000
    outer loop
      vertex 31.946307 11.028513 -0.800000
      vertex 30.729865 9.135692 -0.800000
      vertex 30.560810 9.228003 -0.800000
    endloop
  endfacet
  facet normal 0.479249 0.877679 0.000000
    outer loop
      vertex 31.946307 11.028513 -0.800000
      vertex 31.495494 11.274675 -0.800000
      vertex 31.495494 11.274675 0.800000
    endloop
  endfacet
  facet normal 0.479249 0.877679 -0.000000
    outer loop
      vertex 31.946307 11.028513 -0.800000
      vertex 31.495494 11.274675 0.800000
      vertex 31.946307 11.028513 0.800000
    endloop
  endfacet
  facet normal -0.479249 -0.877679 0.000000
    outer loop
      vertex 30.729865 9.135692 -0.800000
      vertex 30.560810 9.228003 0.800000
      vertex 30.560810 9.228003 -0.800000
    endloop
  endfacet
  facet normal -0.479249 -0.877679 0.000000
    outer loop
      vertex 30.729865 9.135692 -0.800000
      vertex 30.729865 9.135692 0.800000
      vertex 30.560810 9.228003 0.800000
    endloop
  endfacet
  facet normal 0.000000 0.000000 1.000000
    outer loop
      vertex 31.495494 11.274675 0.800000
      vertex 31.014237 11.454175 0.800000
      vertex 30.380339 9.295316 0.800000
    endloop
  endfacet
  facet normal 0.000000 0.000000 1.000000
    outer loop
      vertex 31.495494 11.274675 0.800000
      vertex 30.380339 9.295316 0.800000
      vertex 30.560810 9.228003 0.800000
    endloop
  endfacet
  facet normal -0.000000 0.000000 -1.000000
    outer loop
      vertex 31.495494 11.274675 -0.800000
      vertex 30.380339 9.295316 -0.800000
      vertex 31.014237 11.454175 -0.800000
    endloop
  endfacet
  facet normal 0.000000 0.000000 -1.000000
    outer loop
      vertex 31.495494 11.274675 -0.800000
      vertex 30.560810 9.228003 -0.800000
      vertex 30.380339 9.295316 -0.800000
    endloop
  endfacet
  facet normal 0.349464 0.936950 0.000000
    outer loop
      vertex 31.495494 11.274675 -0.800000
      vertex 31.014237 11.454175 -0.800000
      vertex 31.014237 11.454175 0.800000
    endloop
  endfacet
  facet normal 0.349464 0.936950 -0.000000
    outer loop
      vertex 31.495494 11.274675 -0.800000
      vertex 31.014237 11.454175 0.800000
      vertex 31.495494 11.274675 0.800000
    endloop
  endfacet
  facet normal -0.349464 -0.936950 0.000000
    outer loop
      vertex 30.560810 9.228003 -0.800000
      vertex 30.380339 9.295316 0.800000
      vertex 30.380339 9.295316 -0.800000
    endloop
  endfacet
  facet normal -0.349464 -0.936950 0.000000
    outer loop
      vertex 30.560810 9.228003 -0.800000
      vertex 30.560810 9.228003 0.800000
      vertex 30.380339 9.295316 0.800000
    endloop
  endfacet
  facet normal 0.000000 0.000000 1.000000
    outer loop
      vertex 31.014237 11.454175 0.800000
      vertex 30.512333 11.563357 0.800000
      vertex 30.192125 9.336259 0.800000
    endloop
  endfacet
  facet normal 0.000000 0.000000 1.000000
    outer loop
      vertex 31.014237 11.454175 0.800000
      vertex 30.192125 9.336259 0.800000
      vertex 30.380339 9.295316 0.800000
    endloop
  endfacet
  facet normal -0.000000 0.000000 -1.000000
    outer loop
      vertex 31.014237 11.454175 -0.800000
      vertex 30.192125 9.336259 -0.800000
      vertex 30.512333 11.563357 -0.800000
    endloop
  endfacet
  facet normal 0.000000 0.000000 -1.000000
    outer loop
      vertex 31.014237 11.454175 -0.800000
      vertex 30.380339 9.295316 -0.800000
      vertex 30.192125 9.336259 -0.800000
    endloop
  endfacet
  facet normal 0.212565 0.977147 0.000000
    outer loop
      vertex 31.014237 11.454175 -0.800000
      vertex 30.512333 11.563357 -0.800000
      vertex 30.512333 11.563357 0.800000
    endloop
  endfacet
  facet normal 0.212565 0.977147 -0.000000
    outer loop
      vertex 31.014237 11.454175 -0.800000
      vertex 30.512333 11.563357 0.800000
      vertex 31.014237 11.454175 0.800000
    endloop
  endfacet
  facet normal -0.212565 -0.977147 0.000000
    outer loop
      vertex 30.380339 9.295316 -0.800000
      vertex 30.192125 9.336259 0.800000
      vertex 30.192125 9.336259 -0.800000
    endloop
  endfacet
  facet normal -0.212565 -0.977147 0.000000
    outer loop
      vertex 30.380339 9.295316 -0.800000
      vertex 30.380339 9.295316 0.800000
      vertex 30.192125 9.336259 0.800000
    endloop
  endfacet
  facet normal 0.000000 0.000000 1.000000
    outer loop
      vertex 30.512333 11.563357 0.800000
      vertex 30.000000 11.600000 0.800000
      vertex 30.000000 9.350000 0.800000
    endloop
  endfacet
  facet normal 0.000000 0.000000 1.000000
    outer loop
      vertex 30.512333 11.563357 0.800000
      vertex 30.000000 9.350000 0.800000
      vertex 30.192125 9.336259 0.800000
    endloop
  endfacet
  facet normal -0.000000 0.000000 -1.000000
    outer loop
      vertex 30.512333 11.563357 -0.800000
      vertex 30.000000 9.350000 -0.800000
      vertex 30.000000 11.600000 -0.800000
    endloop
  endfacet
  facet normal 0.000000 0.000000 -1.000000
    outer loop
      vertex 30.512333 11.563357 -0.800000
      vertex 30.192125 9.336259 -0.800000
      vertex 30.000000 9.350000 -0.800000
    endloop
  endfacet
  facet normal 0.071339 0.997452 0.000000
    outer loop
      vertex 30.512333 11.563357 -0.800000
      vertex 30.000000 11.600000 -0.800000
      vertex 30.000000 11.600000 0.800000
    endloop
  endfacet
  facet normal 0.071339 0.997452 -0.000000
    outer loop
      vertex 30.512333 11.563357 -0.800000
      vertex 30.000000 11.600000 0.800000
      vertex 30.512333 11.563357 0.800000
    endloop
  endfacet
  facet normal -0.071339 -0.997452 0.000000
    outer loop
      vertex 30.192125 9.336259 -0.800000
      vertex 30.000000 9.350000 0.800000
      vertex 30.000000 9.350000 -0.800000
    endloop
  endfacet
  facet normal -0.071339 -0.997452 0.000000
    outer loop
      vertex 30.192125 9.336259 -0.800000
      vertex 30.192125 9.336259 0.800000
      vertex 30.000000 9.350000 0.800000
    endloop
  endfacet
  facet normal 0.000000 0.000000 1.000000
    outer loop
      vertex 30.000000 11.600000 0.800000
      vertex 29.487667 11.563357 0.800000
      vertex 29.807875 9.336259 0.800000
    endloop
  endfacet
  facet normal 0.000000 0.000000 1.000000
    outer loop
      vertex 30.000000 11.600000 0.800000
      vertex 29.807875 9.336259 0.800000
      vertex 30.000000 9.350000 0.800000
    endloop
  endfacet
  facet normal 0.000000 0.000000 -1.000000
    outer loop
      vertex 30.000000 11.600000 -0.800000
      vertex 29.807875 9.336259 -0.800000
      vertex 29.487667 11.563357 -0.800000
    endloop
  endfacet
  facet normal 0.000000 -0.000000 -1.000000
    outer loop
      vertex 30.000000 11.600000 -0.800000
      vertex 30.000000 9.350000 -0.800000
      vertex 29.807875 9.336259 -0.800000
    endloop
  endfacet
  facet normal -0.071339 0.997452 0.000000
    outer loop
      vertex 30.000000 11.600000 -0.800000
      vertex 29.487667 11.563357 -0.800000
      vertex 29.487667 11.563357 0.800000
    endloop
  endfacet
  facet normal -0.071339 0.997452 0.000000
    outer loop
      vertex 30.000000 11.600000 -0.800000
      vertex 29.487667 11.563357 0.800000
      vertex 30.000000 11.600000 0.800000
    endloop
  endfacet
  facet normal 0.071339 -0.997452 0.000000
    outer loop
      vertex 30.000000 9.350000 -0.800000
      vertex 29.807875 9.336259 0.800000
      vertex 29.807875 9.336259 -0.800000
    endloop
  endfacet
  facet normal 0.071339 -0.997452 0.000000
    outer loop
      vertex 30.000000 9.350000 -0.800000
      vertex 30.000000 9.350000 0.800000
      vertex 29.807875 9.336259 0.800000
    endloop
  endfacet
  facet normal 0.000000 0.000000 1.000000
    outer loop
      vertex 29.487667 11.563357 0.800000
      vertex 28.985763 11.454175 0.800000
      vertex 29.619661 9.295316 0.800000
    endloop
  endfacet
  facet normal 0.000000 0.000000 1.000000
    outer loop
      vertex 29.487667 11.563357 0.800000
      vertex 29.619661 9.295316 0.800000
      vertex 29.807875 9.336259 0.800000
    endloop
  endfacet
  facet normal 0.000000 -0.000000 -1.000000
    outer loop
      vertex 29.487667 11.563357 -0.800000
      vertex 29.619661 9.295316 -0.800000
      vertex 28.985763 11.454175 -0.800000
    endloop
  endfacet
  facet normal 0.000000 0.000000 -1.000000
    outer loop
      vertex 29.487667 11.563357 -0.800000
      vertex 29.807875 9.336259 -0.800000
      vertex 29.619661 9.295316 -0.800000
    endloop
  endfacet
  facet normal -0.212565 0.977147 0.000000
    outer loop
      vertex 29.487667 11.563357 -0.800000
      vertex 28.985763 11.454175 -0.800000
      vertex 28.985763 11.454175 0.800000
    endloop
  endfacet
  facet normal -0.212565 0.977147 0.000000
    outer loop
      vertex 29.487667 11.563357 -0.800000
      vertex 28.985763 11.454175 0.800000
      vertex 29.487667 11.563357 0.800000
    endloop
  endfacet
  facet normal 0.212565 -0.977147 0.000000
    outer loop
      vertex 29.807875 9.336259 -0.800000
      vertex 29.619661 9.295316 0.800000
      vertex 29.619661 9.295316 -0.800000
    endloop
  endfacet
  facet normal 0.212565 -0.977147 0.000000
    outer loop
      vertex 29.807875 9.336259 -0.800000
      vertex 29.807875 9.336259 0.800000
      vertex 29.619661 9.295316 0.800000
    endloop
  endfacet
  facet normal 0.000000 0.000000 1.000000
    outer loop
      vertex 28.985763 11.454175 0.800000
      vertex 28.504506 11.274675 0.800000
      vertex 29.439190 9.228003 0.800000
    endloop
  endfacet
  facet normal 0.000000 0.000000 1.000000
    outer loop
      vertex 28.985763 11.454175 0.800000
      vertex 29.439190 9.228003 0.800000
      vertex 29.619661 9.295316 0.800000
    endloop
  endfacet
  facet normal 0.000000 -0.000000 -1.000000
    outer loop
      vertex 28.985763 11.454175 -0.800000
      vertex 29.439190 9.228003 -0.800000
      vertex 28.504506 11.274675 -0.800000
    endloop
  endfacet
  facet normal 0.000000 0.000000 -1.000000
    outer loop
      vertex 28.985763 11.454175 -0.800000
      vertex 29.619661 9.295316 -0.800000
      vertex 29.439190 9.228003 -0.800000
    endloop
  endfacet
  facet normal -0.349464 0.936950 0.000000
    outer loop
      vertex 28.985763 11.454175 -0.800000
      vertex 28.504506 11.274675 -0.800000
      vertex 28.504506 11.274675 0.800000
    endloop
  endfacet
  facet normal -0.349464 0.936950 0.000000
    outer loop
      vertex 28.985763 11.454175 -0.800000
      vertex 28.504506 11.274675 0.800000
      vertex 28.985763 11.454175 0.800000
    endloop
  endfacet
  facet normal 0.349464 -0.936950 0.000000
    outer loop
      vertex 29.619661 9.295316 -0.800000
      vertex 29.439190 9.228003 0.800000
      vertex 29.439190 9.228003 -0.800000
    endloop
  endfacet
  facet normal 0.349464 -0.936950 0.000000
    outer loop
      vertex 29.619661 9.295316 -0.800000
      vertex 29.619661 9.295316 0.800000
      vertex 29.439190 9.228003 0.800000
    endloop
  endfacet
  facet normal 0.000000 0.000000 1.000000
    outer loop
      vertex 28.504506 11.274675 0.800000
      vertex 28.053693 11.028513 0.800000
      vertex 29.270135 9.135692 0.800000
    endloop
  endfacet
  facet normal 0.000000 0.000000 1.000000
    outer loop
      vertex 28.504506 11.274675 0.800000
      vertex 29.270135 9.135692 0.800000
      vertex 29.439190 9.228003 0.800000
    endloop
  endfacet
  facet normal 0.000000 -0.000000 -1.000000
    outer loop
      vertex 28.504506 11.274675 -0.800000
      vertex 29.270135 9.135692 -0.800000
      vertex 28.053693 11.028513 -0.800000
    endloop
  endfacet
  facet normal 0.000000 0.000000 -1.000000
    outer loop
      vertex 28.504506 11.274675 -0.800000
      vertex 29.439190 9.228003 -0.800000
      vertex 29.270135 9.135692 -0.800000
    endloop
  endfacet
  facet normal -0.479249 0.877679 0.000000
    outer loop
      vertex 28.504506 11.274675 -0.800000
      vertex 28.053693 11.028513 -0.800000
      vertex 28.053693 11.028513 0.800000
    endloop
  endfacet
  facet normal -0.479249 0.877679 0.000000
    outer loop
      vertex 28.504506 11.274675 -0.800000
      vertex 28.053693 11.028513 0.800000
      vertex 28.504506 11.274675 0.800000
    endloop
  endfacet
  facet normal 0.479249 -0.877679 0.000000
    outer loop
      vertex 29.439190 9.228003 -0.800000
      vertex 29.270135 9.135692 0.800000
      vertex 29.270135 9.135692 -0.800000
    endloop
  endfacet
  facet normal 0.479249 -0.877679 0.000000
    outer loop
      vertex 29.439190 9.228003 -0.800000
      vertex 29.439190 9.228003 0.800000
      vertex 29.270135 9.135692 0.800000
    endloop
  endfacet
  facet normal 0.000000 0.000000 1.000000
    outer loop
      vertex 28.053693 11.028513 0.800000
      vertex 27.642501 10.720698 0.800000
      vertex 29.115938 9.020262 0.800000
    endloop
  endfacet
  facet normal 0.000000 0.000000 1.000000
    outer loop
      vertex 28.053693 11.028513 0.800000
      vertex 29.115938 9.020262 0.800000
      vertex 29.270135 9.135692 0.800000
    endloop
  endfacet
  facet normal 0.000000 -0.000000 -1.000000
    outer loop
      vertex 28.053693 11.028513 -0.800000
      vertex 29.115938 9.020262 -0.800000
      vertex 27.642501 10.720698 -0.800000
    endloop
  endfacet
  facet normal 0.000000 0.000000 -1.000000
    outer loop
      vertex 28.053693 11.028513 -0.800000
      vertex 29.270135 9.135692 -0.800000
      vertex 29.115938 9.020262 -0.800000
    endloop
  endfacet
  facet normal -0.599278 0.800541 0.000000
    outer loop
      vertex 28.053693 11.028513 -0.800000
      vertex 27.642501 10.720698 -0.800000
      vertex 27.642501 10.720698 0.800000
    endloop
  endfacet
  facet normal -0.599278 0.800541 0.000000
    outer loop
      vertex 28.053693 11.028513 -0.800000
      vertex 27.642501 10.720698 0.800000
      vertex 28.053693 11.028513 0.800000
    endloop
  endfacet
  facet normal 0.599278 -0.800541 0.000000
    outer loop
      vertex 29.270135 9.135692 -0.800000
      vertex 29.115938 9.020262 0.800000
      vertex 29.115938 9.020262 -0.800000
    endloop
  endfacet
  facet normal 0.599278 -0.800541 0.000000
    outer loop
      vertex 29.270135 9.135692 -0.800000
      vertex 29.270135 9.135692 0.800000
      vertex 29.115938 9.020262 0.800000
    endloop
  endfacet
  facet normal 0.000000 0.000000 1.000000
    outer loop
      vertex 27.642501 10.720698 0.800000
      vertex 27.279302 10.357499 0.800000
      vertex 28.979738 8.884062 0.800000
    endloop
  endfacet
  facet normal 0.000000 0.000000 1.000000
    outer loop
      vertex 27.642501 10.720698 0.800000
      vertex 28.979738 8.884062 0.800000
      vertex 29.115938 9.020262 0.800000
    endloop
  endfacet
  facet normal 0.000000 -0.000000 -1.000000
    outer loop
      vertex 27.642501 10.720698 -0.800000
      vertex 28.979738 8.884062 -0.800000
      vertex 27.279302 10.357499 -0.800000
    endloop
  endfacet
  facet normal 0.000000 0.000000 -1.000000
    outer loop
      vertex 27.642501 10.720698 -0.800000
      vertex 29.115938 9.020262 -0.800000
      vertex 28.979738 8.884062 -0.800000
    endloop
  endfacet
  facet normal -0.707107 0.707107 0.000000
    outer loop
      vertex 27.642501 10.720698 -0.800000
      vertex 27.279302 10.357499 -0.800000
      vertex 27.279302 10.357499 0.800000
    endloop
  endfacet
  facet normal -0.707107 0.707107 0.000000
    outer loop
      vertex 27.642501 10.720698 -0.800000
      vertex 27.279302 10.357499 0.800000
      vertex 27.642501 10.720698 0.800000
    endloop
  endfacet
  facet normal 0.707107 -0.707107 0.000000
    outer loop
      vertex 29.115938 9.020262 -0.800000
      vertex 28.979738 8.884062 0.800000
      vertex 28.979738 8.884062 -0.800000
    endloop
  endfacet
  facet normal 0.707107 -0.707107 0.000000
    outer loop
      vertex 29.115938 9.020262 -0.800000
      vertex 29.115938 9.020262 0.800000
      vertex 28.979738 8.884062 0.800000
    endloop
  endfacet
  facet normal 0.000000 0.000000 1.000000
    outer loop
      vertex 27.279302 10.357499 0.800000
      vertex 26.971487 9.946307 0.800000
      vertex 28.864308 8.729865 0.800000
    endloop
  endfacet
  facet normal 0.000000 0.000000 1.000000
    outer loop
      vertex 27.279302 10.357499 0.800000
      vertex 28.864308 8.729865 0.800000
      vertex 28.979738 8.884062 0.800000
    endloop
  endfacet
  facet normal 0.000000 -0.000000 -1.000000
    outer loop
      vertex 27.279302 10.357499 -0.800000
      vertex 28.864308 8.729865 -0.800000
      vertex 26.971487 9.946307 -0.800000
    endloop
  endfacet
  facet normal 0.000000 0.000000 -1.000000
    outer loop
      vertex 27.279302 10.357499 -0.800000
      vertex 28.979738 8.884062 -0.800000
      vertex 28.864308 8.729865 -0.800000
    endloop
  endfacet
  facet normal -0.800541 0.599278 0.000000
    outer loop
      vertex 27.279302 10.357499 -0.800000
      vertex 26.971487 9.946307 -0.800000
      vertex 26.971487 9.946307 0.800000
    endloop
  endfacet
  facet normal -0.800541 0.599278 0.000000
    outer loop
      vertex 27.279302 10.357499 -0.800000
      vertex 26.971487 9.946307 0.800000
      vertex 27.279302 10.357499 0.800000
    endloop
  endfacet
  facet normal 0.800541 -0.599278 0.000000
    outer loop
      vertex 28.979738 8.884062 -0.800000
      vertex 28.864308 8.729865 0.800000
      vertex 28.864308 8.729865 -0.800000
    endloop
  endfacet
  facet normal 0.800541 -0.599278 0.000000
    outer loop
      vertex 28.979738 8.884062 -0.800000
      vertex 28.979738 8.884062 0.800000
      vertex 28.864308 8.729865 0.800000
    endloop
  endfacet
  facet normal 0.000000 0.000000 1.000000
    outer loop
      vertex 26.971487 9.946307 0.800000
      vertex 26.725325 9.495494 0.800000
      vertex 28.771997 8.560810 0.800000
    endloop
  endfacet
  facet normal 0.000000 0.000000 1.000000
    outer loop
      vertex 26.971487 9.946307 0.800000
      vertex 28.771997 8.560810 0.800000
      vertex 28.864308 8.729865 0.800000
    endloop
  endfacet
  facet normal 0.000000 -0.000000 -1.000000
    outer loop
      vertex 26.971487 9.946307 -0.800000
      vertex 28.771997 8.560810 -0.800000
      vertex 26.725325 9.495494 -0.800000
    endloop
  endfacet
  facet normal 0.000000 0.000000 -1.000000
    outer loop
      vertex 26.971487 9.946307 -0.800000
      vertex 28.864308 8.729865 -0.800000
      vertex 28.771997 8.560810 -0.800000
    endloop
  endfacet
  facet normal -0.877679 0.479249 0.000000
    outer loop
      vertex 26.971487 9.946307 -0.800000
      vertex 26.725325 9.495494 -0.800000
      vertex 26.725325 9.495494 0.800000
    endloop
  endfacet
  facet normal -0.877679 0.479249 0.000000
    outer loop
      vertex 26.971487 9.946307 -0.800000
      vertex 26.725325 9.495494 0.800000
      vertex 26.971487 9.946307 0.800000
    endloop
  endfacet
  facet normal 0.877679 -0.479249 0.000000
    outer loop
      vertex 28.864308 8.729865 -0.800000
      vertex 28.771997 8.560810 0.800000
      vertex 28.771997 8.560810 -0.800000
    endloop
  endfacet
  facet normal 0.877679 -0.479249 0.000000
    outer loop
      vertex 28.864308 8.729865 -0.800000
      vertex 28.864308 8.729865 0.800000
      vertex 28.771997 8.560810 0.800000
    endloop
  endfacet
  facet normal 0.000000 0.000000 1.000000
    outer loop
      vertex 26.725325 9.495494 0.800000
      vertex 26.545825 9.014237 0.800000
      vertex 28.704684 8.380339 0.800000
    endloop
  endfacet
  facet normal 0.000000 0.000000 1.000000
    outer loop
      vertex 26.725325 9.495494 0.800000
      vertex 28.704684 8.380339 0.800000
      vertex 28.771997 8.560810 0.800000
    endloop
  endfacet
  facet normal 0.000000 -0.000000 -1.000000
    outer loop
      vertex 26.725325 9.495494 -0.800000
      vertex 28.704684 8.380339 -0.800000
      vertex 26.545825 9.014237 -0.800000
    endloop
  endfacet
  facet normal 0.000000 0.000000 -1.000000
    outer loop
      vertex 26.725325 9.495494 -0.800000
      vertex 28.771997 8.560810 -0.800000
      vertex 28.704684 8.380339 -0.800000
    endloop
  endfacet
  facet normal -0.936950 0.349464 0.000000
    outer loop
      vertex 26.725325 9.495494 -0.800000
      vertex 26.545825 9.014237 -0.800000
      vertex 26.545825 9.014237 0.800000
    endloop
  endfacet
  facet normal -0.936950 0.349464 0.000000
    outer loop
      vertex 26.725325 9.495494 -0.800000
      vertex 26.545825 9.014237 0.800000
      vertex 26.725325 9.495494 0.800000
    endloop
  endfacet
  facet normal 0.936950 -0.349464 0.000000
    outer loop
      vertex 28.771997 8.560810 -0.800000
      vertex 28.704684 8.380339 0.800000
      vertex 28.704684 8.380339 -0.800000
    endloop
  endfacet
  facet normal 0.936950 -0.349464 0.000000
    outer loop
      vertex 28.771997 8.560810 -0.800000
      vertex 28.771997 8.560810 0.800000
      vertex 28.704684 8.380339 0.800000
    endloop
  endfacet
  facet normal 0.000000 0.000000 1.000000
    outer loop
      vertex 26.545825 9.014237 0.800000
      vertex 26.436643 8.512333 0.800000
      vertex 28.663741 8.192125 0.800000
    endloop
  endfacet
  facet normal 0.000000 0.000000 1.000000
    outer loop
      vertex 26.545825 9.014237 0.800000
      vertex 28.663741 8.192125 0.800000
      vertex 28.704684 8.380339 0.800000
    endloop
  endfacet
  facet normal 0.000000 -0.000000 -1.000000
    outer loop
      vertex 26.545825 9.014237 -0.800000
      vertex 28.663741 8.192125 -0.800000
      vertex 26.436643 8.512333 -0.800000
    endloop
  endfacet
  facet normal 0.000000 0.000000 -1.000000
    outer loop
      vertex 26.545825 9.014237 -0.800000
      vertex 28.704684 8.380339 -0.800000
      vertex 28.663741 8.192125 -0.800000
    endloop
  endfacet
  facet normal -0.977147 0.212565 0.000000
    outer loop
      vertex 26.545825 9.014237 -0.800000
      vertex 26.436643 8.512333 -0.800000
      vertex 26.436643 8.512333 0.800000
    endloop
  endfacet
  facet normal -0.977147 0.212565 0.000000
    outer loop
      vertex 26.545825 9.014237 -0.800000
      vertex 26.436643 8.512333 0.800000
      vertex 26.545825 9.014237 0.800000
    endloop
  endfacet
  facet normal 0.977147 -0.212565 0.000000
    outer loop
      vertex 28.704684 8.380339 -0.800000
      vertex 28.663741 8.192125 0.800000
      vertex 28.663741 8.192125 -0.800000
    endloop
  endfacet
  facet normal 0.977147 -0.212565 0.000000
    outer loop
      vertex 28.704684 8.380339 -0.800000
      vertex 28.704684 8.380339 0.800000
      vertex 28.663741 8.192125 0.800000
    endloop
  endfacet
  facet normal 0.000000 0.000000 1.000000
    outer loop
      vertex 26.436643 8.512333 0.800000
      vertex 26.400000 8.000000 0.800000
      vertex 28.650000 8.000000 0.800000
    endloop
  endfacet
  facet normal 0.000000 0.000000 1.000000
    outer loop
      vertex 26.436643 8.512333 0.800000
      vertex 28.650000 8.000000 0.800000
      vertex 28.663741 8.192125 0.800000
    endloop
  endfacet
  facet normal 0.000000 -0.000000 -1.000000
    outer loop
      vertex 26.436643 8.512333 -0.800000
      vertex 28.650000 8.000000 -0.800000
      vertex 26.400000 8.000000 -0.800000
    endloop
  endfacet
  facet normal 0.000000 0.000000 -1.000000
    outer loop
      vertex 26.436643 8.512333 -0.800000
      vertex 28.663741 8.192125 -0.800000
      vertex 28.650000 8.000000 -0.800000
    endloop
  endfacet
  facet normal -0.997452 0.071339 0.000000
    outer loop
      vertex 26.436643 8.512333 -0.800000
      vertex 26.400000 8.000000 -0.800000
      vertex 26.400000 8.000000 0.800000
    endloop
  endfacet
  facet normal -0.997452 0.071339 0.000000
    outer loop
      vertex 26.436643 8.512333 -0.800000
      vertex 26.400000 8.000000 0.800000
      vertex 26.436643 8.512333 0.800000
    endloop
  endfacet
  facet normal 0.997452 -0.071339 0.000000
    outer loop
      vertex 28.663741 8.192125 -0.800000
      vertex 28.650000 8.000000 0.800000
      vertex 28.650000 8.000000 -0.800000
    endloop
  endfacet
  facet normal 0.997452 -0.071339 0.000000
    outer loop
      vertex 28.663741 8.192125 -0.800000
      vertex 28.663741 8.192125 0.800000
      vertex 28.650000 8.000000 0.800000
    endloop
  endfacet
  facet normal 0.000000 0.000000 1.000000
    outer loop
      vertex 26.400000 8.000000 0.800000
      vertex 26.436643 7.487667 0.800000
      vertex 28.663741 7.807875 0.800000
    endloop
  endfacet
  facet normal 0.000000 0.000000 1.000000
    outer loop
      vertex 26.400000 8.000000 0.800000
      vertex 28.663741 7.807875 0.800000
      vertex 28.650000 8.000000 0.800000
    endloop
  endfacet
  facet normal 0.000000 0.000000 -1.000000
    outer loop
      vertex 26.400000 8.000000 -0.800000
      vertex 28.663741 7.807875 -0.800000
      vertex 26.436643 7.487667 -0.800000
    endloop
  endfacet
  facet normal 0.000000 0.000000 -1.000000
    outer loop
      vertex 26.400000 8.000000 -0.800000
      vertex 28.650000 8.000000 -0.800000
      vertex 28.663741 7.807875 -0.800000
    endloop
  endfacet
  facet normal -0.997452 -0.071339 0.000000
    outer loop
      vertex 26.400000 8.000000 -0.800000
      vertex 26.436643 7.487667 -0.800000
      vertex 26.436643 7.487667 0.800000
    endloop
  endfacet
  facet normal -0.997452 -0.071339 0.000000
    outer loop
      vertex 26.400000 8.000000 -0.800000
      vertex 26.436643 7.487667 0.800000
      vertex 26.400000 8.000000 0.800000
    endloop
  endfacet
  facet normal 0.997452 0.071339 0.000000
    outer loop
      vertex 28.650000 8.000000 -0.800000
      vertex 28.663741 7.807875 0.800000
      vertex 28.663741 7.807875 -0.800000
    endloop
  endfacet
  facet normal 0.997452 0.071339 -0.000000
    outer loop
      vertex 28.650000 8.000000 -0.800000
      vertex 28.650000 8.000000 0.800000
      vertex 28.663741 7.807875 0.800000
    endloop
  endfacet
  facet normal -0.000000 0.000000 1.000000
    outer loop
      vertex 26.436643 7.487667 0.800000
      vertex 26.545825 6.985763 0.800000
      vertex 28.704684 7.619661 0.800000
    endloop
  endfacet
  facet normal 0.000000 0.000000 1.000000
    outer loop
      vertex 26.436643 7.487667 0.800000
      vertex 28.704684 7.619661 0.800000
      vertex 28.663741 7.807875 0.800000
    endloop
  endfacet
  facet normal 0.000000 0.000000 -1.000000
    outer loop
      vertex 26.436643 7.487667 -0.800000
      vertex 28.704684 7.619661 -0.800000
      vertex 26.545825 6.985763 -0.800000
    endloop
  endfacet
  facet normal 0.000000 0.000000 -1.000000
    outer loop
      vertex 26.436643 7.487667 -0.800000
      vertex 28.663741 7.807875 -0.800000
      vertex 28.704684 7.619661 -0.800000
    endloop
  endfacet
  facet normal -0.977147 -0.212565 0.000000
    outer loop
      vertex 26.436643 7.487667 -0.800000
      vertex 26.545825 6.985763 -0.800000
      vertex 26.545825 6.985763 0.800000
    endloop
  endfacet
  facet normal -0.977147 -0.212565 0.000000
    outer loop
      vertex 26.436643 7.487667 -0.800000
      vertex 26.545825 6.985763 0.800000
      vertex 26.436643 7.487667 0.800000
    endloop
  endfacet
  facet normal 0.977147 0.212565 0.000000
    outer loop
      vertex 28.663741 7.807875 -0.800000
      vertex 28.704684 7.619661 0.800000
      vertex 28.704684 7.619661 -0.800000
    endloop
  endfacet
  facet normal 0.977147 0.212565 -0.000000
    outer loop
      vertex 28.663741 7.807875 -0.800000
      vertex 28.663741 7.807875 0.800000
      vertex 28.704684 7.619661 0.800000
    endloop
  endfacet
  facet normal -0.000000 0.000000 1.000000
    outer loop
      vertex 26.545825 6.985763 0.800000
      vertex 26.725325 6.504506 0.800000
      vertex 28.771997 7.439190 0.800000
    endloop
  endfacet
  facet normal 0.000000 0.000000 1.000000
    outer loop
      vertex 26.545825 6.985763 0.800000
      vertex 28.771997 7.439190 0.800000
      vertex 28.704684 7.619661 0.800000
    endloop
  endfacet
  facet normal 0.000000 0.000000 -1.000000
    outer loop
      vertex 26.545825 6.985763 -0.800000
      vertex 28.771997 7.439190 -0.800000
      vertex 26.725325 6.504506 -0.800000
    endloop
  endfacet
  facet normal 0.000000 0.000000 -1.000000
    outer loop
      vertex 26.545825 6.985763 -0.800000
      vertex 28.704684 7.619661 -0.800000
      vertex 28.771997 7.439190 -0.800000
    endloop
  endfacet
  facet normal -0.936950 -0.349464 0.000000
    outer loop
      vertex 26.545825 6.985763 -0.800000
      vertex 26.725325 6.504506 -0.800000
      vertex 26.725325 6.504506 0.800000
    endloop
  endfacet
  facet normal -0.936950 -0.349464 0.000000
    outer loop
      vertex 26.545825 6.985763 -0.800000
      vertex 26.725325 6.504506 0.800000
      vertex 26.545825 6.985763 0.800000
    endloop
  endfacet
  facet normal 0.936950 0.349464 0.000000
    outer loop
      vertex 28.704684 7.619661 -0.800000
      vertex 28.771997 7.439190 0.800000
      vertex 28.771997 7.439190 -0.800000
    endloop
  endfacet
  facet normal 0.936950 0.349464 -0.000000
    outer loop
      vertex 28.704684 7.619661 -0.800000
      vertex 28.704684 7.619661 0.800000
      vertex 28.771997 7.439190 0.800000
    endloop
  endfacet
  facet normal -0.000000 0.000000 1.000000
    outer loop
      vertex 26.725325 6.504506 0.800000
      vertex 26.971487 6.053693 0.800000
      vertex 28.864308 7.270135 0.800000
    endloop
  endfacet
  facet normal 0.000000 0.000000 1.000000
    outer loop
      vertex 26.725325 6.504506 0.800000
      vertex 28.864308 7.270135 0.800000
      vertex 28.771997 7.439190 0.800000
    endloop
  endfacet
  facet normal 0.000000 0.000000 -1.000000
    outer loop
      vertex 26.725325 6.504506 -0.800000
      vertex 28.864308 7.270135 -0.800000
      vertex 26.971487 6.053693 -0.800000
    endloop
  endfacet
  facet normal 0.000000 0.000000 -1.000000
    outer loop
      vertex 26.725325 6.504506 -0.800000
      vertex 28.771997 7.439190 -0.800000
      vertex 28.864308 7.270135 -0.800000
    endloop
  endfacet
  facet normal -0.877679 -0.479249 0.000000
    outer loop
      vertex 26.725325 6.504506 -0.800000
      vertex 26.971487 6.053693 -0.800000
      vertex 26.971487 6.053693 0.800000
    endloop
  endfacet
  facet normal -0.877679 -0.479249 0.000000
    outer loop
      vertex 26.725325 6.504506 -0.800000
      vertex 26.971487 6.053693 0.800000
      vertex 26.725325 6.504506 0.800000
    endloop
  endfacet
  facet normal 0.877679 0.479249 0.000000
    outer loop
      vertex 28.771997 7.439190 -0.800000
      vertex 28.864308 7.270135 0.800000
      vertex 28.864308 7.270135 -0.800000
    endloop
  endfacet
  facet normal 0.877679 0.479249 -0.000000
    outer loop
      vertex 28.771997 7.439190 -0.800000
      vertex 28.771997 7.439190 0.800000
      vertex 28.864308 7.270135 0.800000
    endloop
  endfacet
  facet normal -0.000000 0.000000 1.000000
    outer loop
      vertex 26.971487 6.053693 0.800000
      vertex 27.279302 5.642501 0.800000
      vertex 28.979738 7.115938 0.800000
    endloop
  endfacet
  facet normal 0.000000 0.000000 1.000000
    outer loop
      vertex 26.971487 6.053693 0.800000
      vertex 28.979738 7.115938 0.800000
      vertex 28.864308 7.270135 0.800000
    endloop
  endfacet
  facet normal 0.000000 0.000000 -1.000000
    outer loop
      vertex 26.971487 6.053693 -0.800000
      vertex 28.979738 7.115938 -0.800000
      vertex 27.279302 5.642501 -0.800000
    endloop
  endfacet
  facet normal 0.000000 0.000000 -1.000000
    outer loop
      vertex 26.971487 6.053693 -0.800000
      vertex 28.864308 7.270135 -0.800000
      vertex 28.979738 7.115938 -0.800000
    endloop
  endfacet
  facet normal -0.800541 -0.599278 0.000000
    outer loop
      vertex 26.971487 6.053693 -0.800000
      vertex 27.279302 5.642501 -0.800000
      vertex 27.279302 5.642501 0.800000
    endloop
  endfacet
  facet normal -0.800541 -0.599278 0.000000
    outer loop
      vertex 26.971487 6.053693 -0.800000
      vertex 27.279302 5.642501 0.800000
      vertex 26.971487 6.053693 0.800000
    endloop
  endfacet
  facet normal 0.800541 0.599278 0.000000
    outer loop
      vertex 28.864308 7.270135 -0.800000
      vertex 28.979738 7.115938 0.800000
      vertex 28.979738 7.115938 -0.800000
    endloop
  endfacet
  facet normal 0.800541 0.599278 -0.000000
    outer loop
      vertex 28.864308 7.270135 -0.800000
      vertex 28.864308 7.270135 0.800000
      vertex 28.979738 7.115938 0.800000
    endloop
  endfacet
  facet normal -0.000000 0.000000 1.000000
    outer loop
      vertex 27.279302 5.642501 0.800000
      vertex 27.642501 5.279302 0.800000
      vertex 29.115938 6.979738 0.800000
    endloop
  endfacet
  facet normal 0.000000 0.000000 1.000000
    outer loop
      vertex 27.279302 5.642501 0.800000
      vertex 29.115938 6.979738 0.800000
      vertex 28.979738 7.115938 0.800000
    endloop
  endfacet
  facet normal 0.000000 0.000000 -1.000000
    outer loop
      vertex 27.279302 5.642501 -0.800000
      vertex 29.115938 6.979738 -0.800000
      vertex 27.642501 5.279302 -0.800000
    endloop
  endfacet
  facet normal 0.000000 0.000000 -1.000000
    outer loop
      vertex 27.279302 5.642501 -0.800000
      vertex 28.979738 7.115938 -0.800000
      vertex 29.115938 6.979738 -0.800000
    endloop
  endfacet
  facet normal -0.707107 -0.707107 0.000000
    outer loop
      vertex 27.279302 5.642501 -0.800000
      vertex 27.642501 5.279302 -0.800000
      vertex 27.642501 5.279302 0.800000
    endloop
  endfacet
  facet normal -0.707107 -0.707107 0.000000
    outer loop
      vertex 27.279302 5.642501 -0.800000
      vertex 27.642501 5.279302 0.800000
      vertex 27.279302 5.642501 0.800000
    endloop
  endfacet
  facet normal 0.707107 0.707107 0.000000
    outer loop
      vertex 28.979738 7.115938 -0.800000
      vertex 29.115938 6.979738 0.800000
      vertex 29.115938 6.979738 -0.800000
    endloop
  endfacet
  facet normal 0.707107 0.707107 -0.000000
    outer loop
      vertex 28.979738 7.115938 -0.800000
      vertex 28.979738 7.115938 0.800000
      vertex 29.115938 6.979738 0.800000
    endloop
  endfacet
  facet normal -0.000000 0.000000 1.000000
    outer loop
      vertex 27.642501 5.279302 0.800000
      vertex 28.053693 4.971487 0.800000
      vertex 29.270135 6.864308 0.800000
    endloop
  endfacet
  facet normal 0.000000 0.000000 1.000000
    outer loop
      vertex 27.642501 5.279302 0.800000
      vertex 29.270135 6.864308 0.800000
      vertex 29.115938 6.979738 0.800000
    endloop
  endfacet
  facet normal 0.000000 0.000000 -1.000000
    outer loop
      vertex 27.642501 5.279302 -0.800000
      vertex 29.270135 6.864308 -0.800000
      vertex 28.053693 4.971487 -0.800000
    endloop
  endfacet
  facet normal 0.000000 0.000000 -1.000000
    outer loop
      vertex 27.642501 5.279302 -0.800000
      vertex 29.115938 6.979738 -0.800000
      vertex 29.270135 6.864308 -0.800000
    endloop
  endfacet
  facet normal -0.599278 -0.800541 0.000000
    outer loop
      vertex 27.642501 5.279302 -0.800000
      vertex 28.053693 4.971487 -0.800000
      vertex 28.053693 4.971487 0.800000
    endloop
  endfacet
  facet normal -0.599278 -0.800541 0.000000
    outer loop
      vertex 27.642501 5.279302 -0.800000
      vertex 28.053693 4.971487 0.800000
      vertex 27.642501 5.279302 0.800000
    endloop
  endfacet
  facet normal 0.599278 0.800541 0.000000
    outer loop
      vertex 29.115938 6.979738 -0.800000
      vertex 29.270135 6.864308 0.800000
      vertex 29.270135 6.864308 -0.800000
    endloop
  endfacet
  facet normal 0.599278 0.800541 -0.000000
    outer loop
      vertex 29.115938 6.979738 -0.800000
      vertex 29.115938 6.979738 0.800000
      vertex 29.270135 6.864308 0.800000
    endloop
  endfacet
  facet normal -0.000000 0.000000 1.000000
    outer loop
      vertex 28.053693 4.971487 0.800000
      vertex 28.504506 4.725325 0.800000
      vertex 29.439190 6.771997 0.800000
    endloop
  endfacet
  facet normal 0.000000 0.000000 1.000000
    outer loop
      vertex 28.053693 4.971487 0.800000
      vertex 29.439190 6.771997 0.800000
      vertex 29.270135 6.864308 0.800000
    endloop
  endfacet
  facet normal 0.000000 0.000000 -1.000000
    outer loop
      vertex 28.053693 4.971487 -0.800000
      vertex 29.439190 6.771997 -0.800000
      vertex 28.504506 4.725325 -0.800000
    endloop
  endfacet
  facet normal 0.000000 0.000000 -1.000000
    outer loop
      vertex 28.053693 4.971487 -0.800000
      vertex 29.270135 6.864308 -0.800000
      vertex 29.439190 6.771997 -0.800000
    endloop
  endfacet
  facet normal -0.479249 -0.877679 0.000000
    outer loop
      vertex 28.053693 4.971487 -0.800000
      vertex 28.504506 4.725325 -0.800000
      vertex 28.504506 4.725325 0.800000
    endloop
  endfacet
  facet normal -0.479249 -0.877679 0.000000
    outer loop
      vertex 28.053693 4.971487 -0.800000
      vertex 28.504506 4.725325 0.800000
      vertex 28.053693 4.971487 0.800000
    endloop
  endfacet
  facet normal 0.479249 0.877679 0.000000
    outer loop
      vertex 29.270135 6.864308 -0.800000
      vertex 29.439190 6.771997 0.800000
      vertex 29.439190 6.771997 -0.800000
    endloop
  endfacet
  facet normal 0.479249 0.877679 -0.000000
    outer loop
      vertex 29.270135 6.864308 -0.800000
      vertex 29.270135 6.864308 0.800000
      vertex 29.439190 6.771997 0.800000
    endloop
  endfacet
  facet normal -0.000000 0.000000 1.000000
    outer loop
      vertex 28.504506 4.725325 0.800000
      vertex 28.985763 4.545825 0.800000
      vertex 29.619661 6.704684 0.800000
    endloop
  endfacet
  facet normal 0.000000 0.000000 1.000000
    outer loop
      vertex 28.504506 4.725325 0.800000
      vertex 29.619661 6.704684 0.800000
      vertex 29.439190 6.771997 0.800000
    endloop
  endfacet
  facet normal 0.000000 0.000000 -1.000000
    outer loop
      vertex 28.504506 4.725325 -0.800000
      vertex 29.619661 6.704684 -0.800000
      vertex 28.985763 4.545825 -0.800000
    endloop
  endfacet
  facet normal 0.000000 0.000000 -1.000000
    outer loop
      vertex 28.504506 4.725325 -0.800000
      vertex 29.439190 6.771997 -0.800000
      vertex 29.619661 6.704684 -0.800000
    endloop
  endfacet
  facet normal -0.349464 -0.936950 0.000000
    outer loop
      vertex 28.504506 4.725325 -0.800000
      vertex 28.985763 4.545825 -0.800000
      vertex 28.985763 4.545825 0.800000
    endloop
  endfacet
  facet normal -0.349464 -0.936950 0.000000
    outer loop
      vertex 28.504506 4.725325 -0.800000
      vertex 28.985763 4.545825 0.800000
      vertex 28.504506 4.725325 0.800000
    endloop
  endfacet
  facet normal 0.349464 0.936950 0.000000
    outer loop
      vertex 29.439190 6.771997 -0.800000
      vertex 29.619661 6.704684 0.800000
      vertex 29.619661 6.704684 -0.800000
    endloop
  endfacet
  facet normal 0.349464 0.936950 -0.000000
    outer loop
      vertex 29.439190 6.771997 -0.800000
      vertex 29.439190 6.771997 0.800000
      vertex 29.619661 6.704684 0.800000
    endloop
  endfacet
  facet normal -0.000000 0.000000 1.000000
    outer loop
      vertex 28.985763 4.545825 0.800000
      vertex 29.487667 4.436643 0.800000
      vertex 29.807875 6.663741 0.800000
    endloop
  endfacet
  facet normal 0.000000 0.000000 1.000000
    outer loop
      vertex 28.985763 4.545825 0.800000
      vertex 29.807875 6.663741 0.800000
      vertex 29.619661 6.704684 0.800000
    endloop
  endfacet
  facet normal 0.000000 0.000000 -1.000000
    outer loop
      vertex 28.985763 4.545825 -0.800000
      vertex 29.807875 6.663741 -0.800000
      vertex 29.487667 4.436643 -0.800000
    endloop
  endfacet
  facet normal 0.000000 0.000000 -1.000000
    outer loop
      vertex 28.985763 4.545825 -0.800000
      vertex 29.619661 6.704684 -0.800000
      vertex 29.807875 6.663741 -0.800000
    endloop
  endfacet
  facet normal -0.212565 -0.977147 0.000000
    outer loop
      vertex 28.985763 4.545825 -0.800000
      vertex 29.487667 4.436643 -0.800000
      vertex 29.487667 4.436643 0.800000
    endloop
  endfacet
  facet normal -0.212565 -0.977147 0.000000
    outer loop
      vertex 28.985763 4.545825 -0.800000
      vertex 29.487667 4.436643 0.800000
      vertex 28.985763 4.545825 0.800000
    endloop
  endfacet
  facet normal 0.212565 0.977147 0.000000
    outer loop
      vertex 29.619661 6.704684 -0.800000
      vertex 29.807875 6.663741 0.800000
      vertex 29.807875 6.663741 -0.800000
    endloop
  endfacet
  facet normal 0.212565 0.977147 -0.000000
    outer loop
      vertex 29.619661 6.704684 -0.800000
      vertex 29.619661 6.704684 0.800000
      vertex 29.807875 6.663741 0.800000
    endloop
  endfacet
  facet normal -0.000000 0.000000 1.000000
    outer loop
      vertex 29.487667 4.436643 0.800000
      vertex 30.000000 4.400000 0.800000
      vertex 30.000000 6.650000 0.800000
    endloop
  endfacet
  facet normal 0.000000 0.000000 1.000000
    outer loop
      vertex 29.487667 4.436643 0.800000
      vertex 30.000000 6.650000 0.800000
      vertex 29.807875 6.663741 0.800000
    endloop
  endfacet
  facet normal 0.000000 0.000000 -1.000000
    outer loop
      vertex 29.487667 4.436643 -0.800000
      vertex 30.000000 6.650000 -0.800000
      vertex 30.000000 4.400000 -0.800000
    endloop
  endfacet
  facet normal 0.000000 0.000000 -1.000000
    outer loop
      vertex 29.487667 4.436643 -0.800000
      vertex 29.807875 6.663741 -0.800000
      vertex 30.000000 6.650000 -0.800000
    endloop
  endfacet
  facet normal -0.071339 -0.997452 0.000000
    outer loop
      vertex 29.487667 4.436643 -0.800000
      vertex 30.000000 4.400000 -0.800000
      vertex 30.000000 4.400000 0.800000
    endloop
  endfacet
  facet normal -0.071339 -0.997452 0.000000
    outer loop
      vertex 29.487667 4.436643 -0.800000
      vertex 30.000000 4.400000 0.800000
      vertex 29.487667 4.436643 0.800000
    endloop
  endfacet
  facet normal 0.071339 0.997452 0.000000
    outer loop
      vertex 29.807875 6.663741 -0.800000
      vertex 30.000000 6.650000 0.800000
      vertex 30.000000 6.650000 -0.800000
    endloop
  endfacet
  facet normal 0.071339 0.997452 -0.000000
    outer loop
      vertex 29.807875 6.663741 -0.800000
      vertex 29.807875 6.663741 0.800000
      vertex 30.000000 6.650000 0.800000
    endloop
  endfacet
  facet normal 0.000000 0.000000 1.000000
    outer loop
      vertex 30.000000 4.400000 0.800000
      vertex 30.512333 4.436643 0.800000
      vertex 30.192125 6.663741 0.800000
    endloop
  endfacet
  facet normal 0.000000 0.000000 1.000000
    outer loop
      vertex 30.000000 4.400000 0.800000
      vertex 30.192125 6.663741 0.800000
      vertex 30.000000 6.650000 0.800000
    endloop
  endfacet
  facet normal 0.000000 0.000000 -1.000000
    outer loop
      vertex 30.000000 4.400000 -0.800000
      vertex 30.192125 6.663741 -0.800000
      vertex 30.512333 4.436643 -0.800000
    endloop
  endfacet
  facet normal 0.000000 0.000000 -1.000000
    outer loop
      vertex 30.000000 4.400000 -0.800000
      vertex 30.000000 6.650000 -0.800000
      vertex 30.192125 6.663741 -0.800000
    endloop
  endfacet
  facet normal 0.071339 -0.997452 0.000000
    outer loop
      vertex 30.000000 4.400000 -0.800000
      vertex 30.512333 4.436643 -0.800000
      vertex 30.512333 4.436643 0.800000
    endloop
  endfacet
  facet normal 0.071339 -0.997452 0.000000
    outer loop
      vertex 30.000000 4.400000 -0.800000
      vertex 30.512333 4.436643 0.800000
      vertex 30.000000 4.400000 0.800000
    endloop
  endfacet
  facet normal -0.071339 0.997452 0.000000
    outer loop
      vertex 30.000000 6.650000 -0.800000
      vertex 30.192125 6.663741 0.800000
      vertex 30.192125 6.663741 -0.800000
    endloop
  endfacet
  facet normal -0.071339 0.997452 0.000000
    outer loop
      vertex 30.000000 6.650000 -0.800000
      vertex 30.000000 6.650000 0.800000
      vertex 30.192125 6.663741 0.800000
    endloop
  endfacet
  facet normal 0.000000 -0.000000 1.000000
    outer loop
      vertex 30.512333 4.436643 0.800000
      vertex 31.014237 4.545825 0.800000
      vertex 30.380339 6.704684 0.800000
    endloop
  endfacet
  facet normal 0.000000 0.000000 1.000000
    outer loop
      vertex 30.512333 4.436643 0.800000
      vertex 30.380339 6.704684 0.800000
      vertex 30.192125 6.663741 0.800000
    endloop
  endfacet
  facet normal 0.000000 0.000000 -1.000000
    outer loop
      vertex 30.512333 4.436643 -0.800000
      vertex 30.380339 6.704684 -0.800000
      vertex 31.014237 4.545825 -0.800000
    endloop
  endfacet
  facet normal 0.000000 0.000000 -1.000000
    outer loop
      vertex 30.512333 4.436643 -0.800000
      vertex 30.192125 6.663741 -0.800000
      vertex 30.380339 6.704684 -0.800000
    endloop
  endfacet
  facet normal 0.212565 -0.977147 0.000000
    outer loop
      vertex 30.512333 4.436643 -0.800000
      vertex 31.014237 4.545825 -0.800000
      vertex 31.014237 4.545825 0.800000
    endloop
  endfacet
  facet normal 0.212565 -0.977147 0.000000
    outer loop
      vertex 30.512333 4.436643 -0.800000
      vertex 31.014237 4.545825 0.800000
      vertex 30.512333 4.436643 0.800000
    endloop
  endfacet
  facet normal -0.212565 0.977147 0.000000
    outer loop
      vertex 30.192125 6.663741 -0.800000
      vertex 30.380339 6.704684 0.800000
      vertex 30.380339 6.704684 -0.800000
    endloop
  endfacet
  facet normal -0.212565 0.977147 0.000000
    outer loop
      vertex 30.192125 6.663741 -0.800000
      vertex 30.192125 6.663741 0.800000
      vertex 30.380339 6.704684 0.800000
    endloop
  endfacet
  facet normal 0.000000 -0.000000 1.000000
    outer loop
      vertex 31.014237 4.545825 0.800000
      vertex 31.495494 4.725325 0.800000
      vertex 30.560810 6.771997 0.800000
    endloop
  endfacet
  facet normal 0.000000 0.000000 1.000000
    outer loop
      vertex 31.014237 4.545825 0.800000
      vertex 30.560810 6.771997 0.800000
      vertex 30.380339 6.704684 0.800000
    endloop
  endfacet
  facet normal 0.000000 0.000000 -1.000000
    outer loop
      vertex 31.014237 4.545825 -0.800000
      vertex 30.560810 6.771997 -0.800000
      vertex 31.495494 4.725325 -0.800000
    endloop
  endfacet
  facet normal 0.000000 0.000000 -1.000000
    outer loop
      vertex 31.014237 4.545825 -0.800000
      vertex 30.380339 6.704684 -0.800000
      vertex 30.560810 6.771997 -0.800000
    endloop
  endfacet
  facet normal 0.349464 -0.936950 0.000000
    outer loop
      vertex 31.014237 4.545825 -0.800000
      vertex 31.495494 4.725325 -0.800000
      vertex 31.495494 4.725325 0.800000
    endloop
  endfacet
  facet normal 0.349464 -0.936950 0.000000
    outer loop
      vertex 31.014237 4.545825 -0.800000
      vertex 31.495494 4.725325 0.800000
      vertex 31.014237 4.545825 0.800000
    endloop
  endfacet
  facet normal -0.349464 0.936950 0.000000
    outer loop
      vertex 30.380339 6.704684 -0.800000
      vertex 30.560810 6.771997 0.800000
      vertex 30.560810 6.771997 -0.800000
    endloop
  endfacet
  facet normal -0.349464 0.936950 0.000000
    outer loop
      vertex 30.380339 6.704684 -0.800000
      vertex 30.380339 6.704684 0.800000
      vertex 30.560810 6.771997 0.800000
    endloop
  endfacet
  facet normal 0.000000 -0.000000 1.000000
    outer loop
      vertex 31.495494 4.725325 0.800000
      vertex 31.946307 4.971487 0.800000
      vertex 30.729865 6.864308 0.800000
    endloop
  endfacet
  facet normal 0.000000 0.000000 1.000000
    outer loop
      vertex 31.495494 4.725325 0.800000
      vertex 30.729865 6.864308 0.800000
      vertex 30.560810 6.771997 0.800000
    endloop
  endfacet
  facet normal 0.000000 0.000000 -1.000000
    outer loop
      vertex 31.495494 4.725325 -0.800000
      vertex 30.729865 6.864308 -0.800000
      vertex 31.946307 4.971487 -0.800000
    endloop
  endfacet
  facet normal 0.000000 0.000000 -1.000000
    outer loop
      vertex 31.495494 4.725325 -0.800000
      vertex 30.560810 6.771997 -0.800000
      vertex 30.729865 6.864308 -0.800000
    endloop
  endfacet
  facet normal 0.479249 -0.877679 0.000000
    outer loop
      vertex 31.495494 4.725325 -0.800000
      vertex 31.946307 4.971487 -0.800000
      vertex 31.946307 4.971487 0.800000
    endloop
  endfacet
  facet normal 0.479249 -0.877679 0.000000
    outer loop
      vertex 31.495494 4.725325 -0.800000
      vertex 31.946307 4.971487 0.800000
      vertex 31.495494 4.725325 0.800000
    endloop
  endfacet
  facet normal -0.479249 0.877679 0.000000
    outer loop
      vertex 30.560810 6.771997 -0.800000
      vertex 30.729865 6.864308 0.800000
      vertex 30.729865 6.864308 -0.800000
    endloop
  endfacet
  facet normal -0.479249 0.877679 0.000000
    outer loop
      vertex 30.560810 6.771997 -0.800000
      vertex 30.560810 6.771997 0.800000
      vertex 30.729865 6.864308 0.800000
    endloop
  endfacet
  facet normal 0.000000 -0.000000 1.000000
    outer loop
      vertex 31.946307 4.971487 0.800000
      vertex 32.357499 5.279302 0.800000
      vertex 30.884062 6.979738 0.800000
    endloop
  endfacet
  facet normal 0.000000 0.000000 1.000000
    outer loop
      vertex 31.946307 4.971487 0.800000
      vertex 30.884062 6.979738 0.800000
      vertex 30.729865 6.864308 0.800000
    endloop
  endfacet
  facet normal 0.000000 0.000000 -1.000000
    outer loop
      vertex 31.946307 4.971487 -0.800000
      vertex 30.884062 6.979738 -0.800000
      vertex 32.357499 5.279302 -0.800000
    endloop
  endfacet
  facet normal 0.000000 0.000000 -1.000000
    outer loop
      vertex 31.946307 4.971487 -0.800000
      vertex 30.729865 6.864308 -0.800000
      vertex 30.884062 6.979738 -0.800000
    endloop
  endfacet
  facet normal 0.599278 -0.800541 0.000000
    outer loop
      vertex 31.946307 4.971487 -0.800000
      vertex 32.357499 5.279302 -0.800000
      vertex 32.357499 5.279302 0.800000
    endloop
  endfacet
  facet normal 0.599278 -0.800541 0.000000
    outer loop
      vertex 31.946307 4.971487 -0.800000
      vertex 32.357499 5.279302 0.800000
      vertex 31.946307 4.971487 0.800000
    endloop
  endfacet
  facet normal -0.599278 0.800541 0.000000
    outer loop
      vertex 30.729865 6.864308 -0.800000
      vertex 30.884062 6.979738 0.800000
      vertex 30.884062 6.979738 -0.800000
    endloop
  endfacet
  facet normal -0.599278 0.800541 0.000000
    outer loop
      vertex 30.729865 6.864308 -0.800000
      vertex 30.729865 6.864308 0.800000
      vertex 30.884062 6.979738 0.800000
    endloop
  endfacet
  facet normal 0.000000 -0.000000 1.000000
    outer loop
      vertex 32.357499 5.279302 0.800000
      vertex 32.720698 5.642501 0.800000
      vertex 31.020262 7.115938 0.800000
    endloop
  endfacet
  facet normal 0.000000 0.000000 1.000000
    outer loop
      vertex 32.357499 5.279302 0.800000
      vertex 31.020262 7.115938 0.800000
      vertex 30.884062 6.979738 0.800000
    endloop
  endfacet
  facet normal 0.000000 0.000000 -1.000000
    outer loop
      vertex 32.357499 5.279302 -0.800000
      vertex 31.020262 7.115938 -0.800000
      vertex 32.720698 5.642501 -0.800000
    endloop
  endfacet
  facet normal 0.000000 0.000000 -1.000000
    outer loop
      vertex 32.357499 5.279302 -0.800000
      vertex 30.884062 6.979738 -0.800000
      vertex 31.020262 7.115938 -0.800000
    endloop
  endfacet
  facet normal 0.707107 -0.707107 0.000000
    outer loop
      vertex 32.357499 5.279302 -0.800000
      vertex 32.720698 5.642501 -0.800000
      vertex 32.720698 5.642501 0.800000
    endloop
  endfacet
  facet normal 0.707107 -0.707107 0.000000
    outer loop
      vertex 32.357499 5.279302 -0.800000
      vertex 32.720698 5.642501 0.800000
      vertex 32.357499 5.279302 0.800000
    endloop
  endfacet
  facet normal -0.707107 0.707107 0.000000
    outer loop
      vertex 30.884062 6.979738 -0.800000
      vertex 31.020262 7.115938 0.800000
      vertex 31.020262 7.115938 -0.800000
    endloop
  endfacet
  facet normal -0.707107 0.707107 0.000000
    outer loop
      vertex 30.884062 6.979738 -0.800000
      vertex 30.884062 6.979738 0.800000
      vertex 31.020262 7.115938 0.800000
    endloop
  endfacet
  facet normal 0.000000 -0.000000 1.000000
    outer loop
      vertex 32.720698 5.642501 0.800000
      vertex 33.028513 6.053693 0.800000
      vertex 31.135692 7.270135 0.800000
    endloop
  endfacet
  facet normal 0.000000 0.000000 1.000000
    outer loop
      vertex 32.720698 5.642501 0.800000
      vertex 31.135692 7.270135 0.800000
      vertex 31.020262 7.115938 0.800000
    endloop
  endfacet
  facet normal 0.000000 0.000000 -1.000000
    outer loop
      vertex 32.720698 5.642501 -0.800000
      vertex 31.135692 7.270135 -0.800000
      vertex 33.028513 6.053693 -0.800000
    endloop
  endfacet
  facet normal 0.000000 0.000000 -1.000000
    outer loop
      vertex 32.720698 5.642501 -0.800000
      vertex 31.020262 7.115938 -0.800000
      vertex 31.135692 7.270135 -0.800000
    endloop
  endfacet
  facet normal 0.800541 -0.599278 0.000000
    outer loop
      vertex 32.720698 5.642501 -0.800000
      vertex 33.028513 6.053693 -0.800000
      vertex 33.028513 6.053693 0.800000
    endloop
  endfacet
  facet normal 0.800541 -0.599278 0.000000
    outer loop
      vertex 32.720698 5.642501 -0.800000
      vertex 33.028513 6.053693 0.800000
      vertex 32.720698 5.642501 0.800000
    endloop
  endfacet
  facet normal -0.800541 0.599278 0.000000
    outer loop
      vertex 31.020262 7.115938 -0.800000
      vertex 31.135692 7.270135 0.800000
      vertex 31.135692 7.270135 -0.800000
    endloop
  endfacet
  facet normal -0.800541 0.599278 0.000000
    outer loop
      vertex 31.020262 7.115938 -0.800000
      vertex 31.020262 7.115938 0.800000
      vertex 31.135692 7.270135 0.800000
    endloop
  endfacet
  facet normal 0.000000 -0.000000 1.000000
    outer loop
      vertex 33.028513 6.053693 0.800000
      vertex 33.274675 6.504506 0.800000
      vertex 31.228003 7.439190 0.800000
    endloop
  endfacet
  facet normal 0.000000 0.000000 1.000000
    outer loop
      vertex 33.028513 6.053693 0.800000
      vertex 31.228003 7.439190 0.800000
      vertex 31.135692 7.270135 0.800000
    endloop
  endfacet
  facet normal 0.000000 0.000000 -1.000000
    outer loop
      vertex 33.028513 6.053693 -0.800000
      vertex 31.228003 7.439190 -0.800000
      vertex 33.274675 6.504506 -0.800000
    endloop
  endfacet
  facet normal 0.000000 0.000000 -1.000000
    outer loop
      vertex 33.028513 6.053693 -0.800000
      vertex 31.135692 7.270135 -0.800000
      vertex 31.228003 7.439190 -0.800000
    endloop
  endfacet
  facet normal 0.877679 -0.479249 0.000000
    outer loop
      vertex 33.028513 6.053693 -0.800000
      vertex 33.274675 6.504506 -0.800000
      vertex 33.274675 6.504506 0.800000
    endloop
  endfacet
  facet normal 0.877679 -0.479249 0.000000
    outer loop
      vertex 33.028513 6.053693 -0.800000
      vertex 33.274675 6.504506 0.800000
      vertex 33.028513 6.053693 0.800000
    endloop
  endfacet
  facet normal -0.877679 0.479249 0.000000
    outer loop
      vertex 31.135692 7.270135 -0.800000
      vertex 31.228003 7.439190 0.800000
      vertex 31.228003 7.439190 -0.800000
    endloop
  endfacet
  facet normal -0.877679 0.479249 0.000000
    outer loop
      vertex 31.135692 7.270135 -0.800000
      vertex 31.135692 7.270135 0.800000
      vertex 31.228003 7.439190 0.800000
    endloop
  endfacet
  facet normal 0.000000 -0.000000 1.000000
    outer loop
      vertex 33.274675 6.504506 0.800000
      vertex 33.454175 6.985763 0.800000
      vertex 31.295316 7.619661 0.800000
    endloop
  endfacet
  facet normal 0.000000 0.000000 1.000000
    outer loop
      vertex 33.274675 6.504506 0.800000
      vertex 31.295316 7.619661 0.800000
      vertex 31.228003 7.439190 0.800000
    endloop
  endfacet
  facet normal 0.000000 0.000000 -1.000000
    outer loop
      vertex 33.274675 6.504506 -0.800000
      vertex 31.295316 7.619661 -0.800000
      vertex 33.454175 6.985763 -0.800000
    endloop
  endfacet
  facet normal 0.000000 0.000000 -1.000000
    outer loop
      vertex 33.274675 6.504506 -0.800000
      vertex 31.228003 7.439190 -0.800000
      vertex 31.295316 7.619661 -0.800000
    endloop
  endfacet
  facet normal 0.936950 -0.349464 0.000000
    outer loop
      vertex 33.274675 6.504506 -0.800000
      vertex 33.454175 6.985763 -0.800000
      vertex 33.454175 6.985763 0.800000
    endloop
  endfacet
  facet normal 0.936950 -0.349464 0.000000
    outer loop
      vertex 33.274675 6.504506 -0.800000
      vertex 33.454175 6.985763 0.800000
      vertex 33.274675 6.504506 0.800000
    endloop
  endfacet
  facet normal -0.936950 0.349464 0.000000
    outer loop
      vertex 31.228003 7.439190 -0.800000
      vertex 31.295316 7.619661 0.800000
      vertex 31.295316 7.619661 -0.800000
    endloop
  endfacet
  facet normal -0.936950 0.349464 0.000000
    outer loop
      vertex 31.228003 7.439190 -0.800000
      vertex 31.228003 7.439190 0.800000
      vertex 31.295316 7.619661 0.800000
    endloop
  endfacet
  facet normal 0.000000 -0.000000 1.000000
    outer loop
      vertex 33.454175 6.985763 0.800000
      vertex 33.563357 7.487667 0.800000
      vertex 31.336259 7.807875 0.800000
    endloop
  endfacet
  facet normal 0.000000 0.000000 1.000000
    outer loop
      vertex 33.454175 6.985763 0.800000
      vertex 31.336259 7.807875 0.800000
      vertex 31.295316 7.619661 0.800000
    endloop
  endfacet
  facet normal 0.000000 0.000000 -1.000000
    outer loop
      vertex 33.454175 6.985763 -0.800000
      vertex 31.336259 7.807875 -0.800000
      vertex 33.563357 7.487667 -0.800000
    endloop
  endfacet
  facet normal 0.000000 0.000000 -1.000000
    outer loop
      vertex 33.454175 6.985763 -0.800000
      vertex 31.295316 7.619661 -0.800000
      vertex 31.336259 7.807875 -0.800000
    endloop
  endfacet
  facet normal 0.977147 -0.212565 0.000000
    outer loop
      vertex 33.454175 6.985763 -0.800000
      vertex 33.563357 7.487667 -0.800000
      vertex 33.563357 7.487667 0.800000
    endloop
  endfacet
  facet normal 0.977147 -0.212565 0.000000
    outer loop
      vertex 33.454175 6.985763 -0.800000
      vertex 33.563357 7.487667 0.800000
      vertex 33.454175 6.985763 0.800000
    endloop
  endfacet
  facet normal -0.977147 0.212565 0.000000
    outer loop
      vertex 31.295316 7.619661 -0.800000
      vertex 31.336259 7.807875 0.800000
      vertex 31.336259 7.807875 -0.800000
    endloop
  endfacet
  facet normal -0.977147 0.212565 0.000000
    outer loop
      vertex 31.295316 7.619661 -0.800000
      vertex 31.295316 7.619661 0.800000
      vertex 31.336259 7.807875 0.800000
    endloop
  endfacet
  facet normal 0.000000 -0.000000 1.000000
    outer loop
      vertex 33.563357 7.487667 0.800000
      vertex 33.600000 8.000000 0.800000
      vertex 31.350000 8.000000 0.800000
    endloop
  endfacet
  facet normal 0.000000 0.000000 1.000000
    outer loop
      vertex 33.563357 7.487667 0.800000
      vertex 31.350000 8.000000 0.800000
      vertex 31.336259 7.807875 0.800000
    endloop
  endfacet
  facet normal 0.000000 0.000000 -1.000000
    outer loop
      vertex 33.563357 7.487667 -0.800000
      vertex 31.350000 8.000000 -0.800000
      vertex 33.600000 8.000000 -0.800000
    endloop
  endfacet
  facet normal 0.000000 0.000000 -1.000000
    outer loop
      vertex 33.563357 7.487667 -0.800000
      vertex 31.336259 7.807875 -0.800000
      vertex 31.350000 8.000000 -0.800000
    endloop
  endfacet
  facet normal 0.997452 -0.071339 0.000000
    outer loop
      vertex 33.563357 7.487667 -0.800000
      vertex 33.600000 8.000000 -0.800000
      vertex 33.600000 8.000000 0.800000
    endloop
  endfacet
  facet normal 0.997452 -0.071339 0.000000
    outer loop
      vertex 33.563357 7.487667 -0.800000
      vertex 33.600000 8.000000 0.800000
      vertex 33.563357 7.487667 0.800000
    endloop
  endfacet
  facet normal -0.997452 0.071339 0.000000
    outer loop
      vertex 31.336259 7.807875 -0.800000
      vertex 31.350000 8.000000 0.800000
      vertex 31.350000 8.000000 -0.800000
    endloop
  endfacet
  facet normal -0.997452 0.071339 0.000000
    outer loop
      vertex 31.336259 7.807875 -0.800000
      vertex 31.336259 7.807875 0.800000
      vertex 31.350000 8.000000 0.800000
    endloop
  endfacet
  facet normal 0.000000 0.000000 1.000000
    outer loop
      vertex -36.517226 -8.075913 -0.800000
      vertex -35.482774 -11.524087 -0.800000
      vertex -29.482774 -9.724087 -0.800000
    endloop
  endfacet
  facet normal -0.000000 0.000000 1.000000
    outer loop
      vertex -36.517226 -8.075913 -0.800000
      vertex -29.482774 -9.724087 -0.800000
      vertex -30.517226 -6.275913 -0.800000
    endloop
  endfacet
  facet normal 0.000000 0.000000 -1.000000
    outer loop
      vertex -36.517226 -8.075913 0.800000
      vertex -30.517226 -6.275913 0.800000
      vertex -29.482774 -9.724087 0.800000
    endloop
  endfacet
  facet normal 0.000000 0.000000 -1.000000
    outer loop
      vertex -36.517226 -8.075913 0.800000
      vertex -29.482774 -9.724087 0.800000
      vertex -35.482774 -11.524087 0.800000
    endloop
  endfacet
  facet normal 0.957826 0.287348 -0.000000
    outer loop
      vertex -36.517226 -8.075913 -0.800000
      vertex -36.517226 -8.075913 0.800000
      vertex -35.482774 -11.524087 0.800000
    endloop
  endfacet
  facet normal 0.957826 0.287348 0.000000
    outer loop
      vertex -36.517226 -8.075913 -0.800000
      vertex -35.482774 -11.524087 0.800000
      vertex -35.482774 -11.524087 -0.800000
    endloop
  endfacet
  facet normal -0.287348 0.957826 0.000000
    outer loop
      vertex -35.482774 -11.524087 -0.800000
      vertex -35.482774 -11.524087 0.800000
      vertex -29.482774 -9.724087 0.800000
    endloop
  endfacet
  facet normal -0.287348 0.957826 0.000000
    outer loop
      vertex -35.482774 -11.524087 -0.800000
      vertex -29.482774 -9.724087 0.800000
      vertex -29.482774 -9.724087 -0.800000
    endloop
  endfacet
  facet normal -0.957826 -0.287348 0.000000
    outer loop
      vertex -29.482774 -9.724087 -0.800000
      vertex -29.482774 -9.724087 0.800000
      vertex -30.517226 -6.275913 0.800000
    endloop
  endfacet
  facet normal -0.957826 -0.287348 0.000000
    outer loop
      vertex -29.482774 -9.724087 -0.800000
      vertex -30.517226 -6.275913 0.800000
      vertex -30.517226 -6.275913 -0.800000
    endloop
  endfacet
  facet normal 0.287348 -0.957826 0.000000
    outer loop
      vertex -30.517226 -6.275913 -0.800000
      vertex -30.517226 -6.275913 0.800000
      vertex -36.517226 -8.075913 0.800000
    endloop
  endfacet
  facet normal 0.287348 -0.957826 0.000000
    outer loop
      vertex -30.517226 -6.275913 -0.800000
      vertex -36.517226 -8.075913 0.800000
      vertex -36.517226 -8.075913 -0.800000
    endloop
  endfacet
  facet normal 0.000000 0.000000 1.000000
    outer loop
      vertex 29.482774 9.724087 -0.800000
      vertex 30.517226 6.275913 -0.800000
      vertex 36.517226 8.075913 -0.800000
    endloop
  endfacet
  facet normal -0.000000 0.000000 1.000000
    outer loop
      vertex 29.482774 9.724087 -0.800000
      vertex 36.517226 8.075913 -0.800000
      vertex 35.482774 11.524087 -0.800000
    endloop
  endfacet
  facet normal 0.000000 0.000000 -1.000000
    outer loop
      vertex 29.482774 9.724087 0.800000
      vertex 35.482774 11.524087 0.800000
      vertex 36.517226 8.075913 0.800000
    endloop
  endfacet
  facet normal 0.000000 0.000000 -1.000000
    outer loop
      vertex 29.482774 9.724087 0.800000
      vertex 36.517226 8.075913 0.800000
      vertex 30.517226 6.275913 0.800000
    endloop
  endfacet
  facet normal 0.957826 0.287348 -0.000000
    outer loop
      vertex 29.482774 9.724087 -0.800000
      vertex 29.482774 9.724087 0.800000
      vertex 30.517226 6.275913 0.800000
    endloop
  endfacet
  facet normal 0.957826 0.287348 0.000000
    outer loop
      vertex 29.482774 9.724087 -0.800000
      vertex 30.517226 6.275913 0.800000
      vertex 30.517226 6.275913 -0.800000
    endloop
  endfacet
  facet normal -0.287348 0.957826 0.000000
    outer loop
      vertex 30.517226 6.275913 -0.800000
      vertex 30.517226 6.275913 0.800000
      vertex 36.517226 8.075913 0.800000
    endloop
  endfacet
  facet normal -0.287348 0.957826 0.000000
    outer loop
      vertex 30.517226 6.275913 -0.800000
      vertex 36.517226 8.075913 0.800000
      vertex 36.517226 8.075913 -0.800000
    endloop
  endfacet
  facet normal -0.957826 -0.287348 0.000000
    outer loop
      vertex 36.517226 8.075913 -0.800000
      vertex 36.517226 8.075913 0.800000
      vertex 35.482774 11.524087 0.800000
    endloop
  endfacet
  facet normal -0.957826 -0.287348 0.000000
    outer loop
      vertex 36.517226 8.075913 -0.800000
      vertex 35.482774 11.524087 0.800000
      vertex 35.482774 11.524087 -0.800000
    endloop
  endfacet
  facet normal 0.287348 -0.957826 0.000000
    outer loop
      vertex 35.482774 11.524087 -0.800000
      vertex 35.482774 11.524087 0.800000
      vertex 29.482774 9.724087 0.800000
    endloop
  endfacet
  facet normal 0.287348 -0.957826 0.000000
    outer loop
      vertex 35.482774 11.524087 -0.800000
      vertex 29.482774 9.724087 0.800000
      vertex 29.482774 9.724087 -0.800000
    endloop
  endfacet
endsolid mandibular_plate_v2
