solid surgical_guide_v1
  facet normal 0.000000 0.000000 1.000000
    outer loop
      vertex -22.409415 -1.831221 -0.800000
      vertex -21.590585 -7.168779 -0.800000
      vertex -6.923918 -4.918779 -0.800000
    endloop
  endfacet
  facet normal -0.000000 0.000000 1.000000
    outer loop
      vertex -22.409415 -1.831221 -0.800000
      vertex -6.923918 -4.918779 -0.800000
      vertex -7.742748 0.418779 -0.800000
    endloop
  endfacet
  facet normal 0.000000 0.000000 -1.000000
    outer loop
      vertex -22.409415 -1.831221 0.800000
      vertex -7.742748 0.418779 0.800000
      vertex -6.923918 -4.918779 0.800000
    endloop
  endfacet
  facet normal 0.000000 0.000000 -1.000000
    outer loop
      vertex -22.409415 -1.831221 0.800000
      vertex -6.923918 -4.918779 0.800000
      vertex -21.590585 -7.168779 0.800000
    endloop
  endfacet
  facet normal 0.988437 0.151635 -0.000000
    outer loop
      vertex -22.409415 -1.831221 -0.800000
      vertex -22.409415 -1.831221 0.800000
      vertex -21.590585 -7.168779 0.800000
    endloop
  endfacet
  facet normal 0.988437 0.151635 0.000000
    outer loop
      vertex -22.409415 -1.831221 -0.800000
      vertex -21.590585 -7.168779 0.800000
      vertex -21.590585 -7.168779 -0.800000
    endloop
  endfacet
  facet normal -0.151635 0.988437 0.000000
    outer loop
      vertex -21.590585 -7.168779 -0.800000
      vertex -21.590585 -7.168779 0.800000
      vertex -6.923918 -4.918779 0.800000
    endloop
  endfacet
  facet normal -0.151635 0.988437 0.000000
    outer loop
      vertex -21.590585 -7.168779 -0.800000
      vertex -6.923918 -4.918779 0.800000
      vertex -6.923918 -4.918779 -0.800000
    endloop
  endfacet
  facet normal -0.988437 -0.151635 0.000000
    outer loop
      vertex -6.923918 -4.918779 -0.800000
      vertex -6.923918 -4.918779 0.800000
      vertex -7.742748 0.418779 0.800000
    endloop
  endfacet
  facet normal -0.988437 -0.151635 0.000000
    outer loop
      vertex -6.923918 -4.918779 -0.800000
      vertex -7.742748 0.418779 0.800000
      vertex -7.742748 0.418779 -0.800000
    endloop
  endfacet
  facet normal 0.151635 -0.988437 0.000000
    outer loop
      vertex -7.742748 0.418779 -0.800000
      vertex -7.742748 0.418779 0.800000
      vertex -22.409415 -1.831221 0.800000
    endloop
  endfacet
  facet normal 0.151635 -0.988437 0.000000
    outer loop
      vertex -7.742748 0.418779 -0.800000
      vertex -22.409415 -1.831221 0.800000
      vertex -22.409415 -1.831221 -0.800000
    endloop
  endfacet
  facet normal 0.000000 0.000000 1.000000
    outer loop
      vertex -8.125304 0.331237 -0.800000
      vertex -6.541363 -4.831237 -0.800000
      vertex 8.125304 -0.331237 -0.800000
    endloop
  endfacet
  facet normal -0.000000 0.000000 1.000000
    outer loop
      vertex -8.125304 0.331237 -0.800000
      vertex 8.125304 -0.331237 -0.800000
      vertex 6.541363 4.831237 -0.800000
    endloop
  endfacet
  facet normal 0.000000 0.000000 -1.000000
    outer loop
      vertex -8.125304 0.331237 0.800000
      vertex 6.541363 4.831237 0.800000
      vertex 8.125304 -0.331237 0.800000
    endloop
  endfacet
  facet normal 0.000000 0.000000 -1.000000
    outer loop
      vertex -8.125304 0.331237 0.800000
      vertex 8.125304 -0.331237 0.800000
      vertex -6.541363 -4.831237 0.800000
    endloop
  endfacet
  facet normal 0.956014 0.293322 -0.000000
    outer loop
      vertex -8.125304 0.331237 -0.800000
      vertex -8.125304 0.331237 0.800000
      vertex -6.541363 -4.831237 0.800000
    endloop
  endfacet
  facet normal 0.956014 0.293322 0.000000
    outer loop
      vertex -8.125304 0.331237 -0.800000
      vertex -6.541363 -4.831237 0.800000
      vertex -6.541363 -4.831237 -0.800000
    endloop
  endfacet
  facet normal -0.293322 0.956014 0.000000
    outer loop
      vertex -6.541363 -4.831237 -0.800000
      vertex -6.541363 -4.831237 0.800000
      vertex 8.125304 -0.331237 0.800000
    endloop
  endfacet
  facet normal -0.293322 0.956014 0.000000
    outer loop
      vertex -6.541363 -4.831237 -0.800000
      vertex 8.125304 -0.331237 0.800000
      vertex 8.125304 -0.331237 -0.800000
    endloop
  endfacet
  facet normal -0.956014 -0.293322 0.000000
    outer loop
      vertex 8.125304 -0.331237 -0.800000
      vertex 8.125304 -0.331237 0.800000
      vertex 6.541363 4.831237 0.800000
    endloop
  endfacet
  facet normal -0.956014 -0.293322 0.000000
    outer loop
      vertex 8.125304 -0.331237 -0.800000
      vertex 6.541363 4.831237 0.800000
      vertex 6.541363 4.831237 -0.800000
    endloop
  endfacet
  facet normal 0.293322 -0.956014 0.000000
    outer loop
      vertex 6.541363 4.831237 -0.800000
      vertex 6.541363 4.831237 0.800000
      vertex -8.125304 0.331237 0.800000
    endloop
  endfacet
  facet normal 0.293322 -0.956014 0.000000
    outer loop
      vertex 6.541363 4.831237 -0.800000
      vertex -8.125304 0.331237 0.800000
      vertex -8.125304 0.331237 -0.800000
    endloop
  endfacet
  facet normal 0.000000 0.000000 1.000000
    outer loop
      vertex 6.923918 4.918779 -0.800000
      vertex 7.742748 -0.418779 -0.800000
      vertex 22.409415 1.831221 -0.800000
    endloop
  endfacet
  facet normal -0.000000 0.000000 1.000000
    outer loop
      vertex 6.923918 4.918779 -0.800000
      vertex 22.409415 1.831221 -0.800000
      vertex 21.590585 7.168779 -0.800000
    endloop
  endfacet
  facet normal 0.000000 0.000000 -1.000000
    outer loop
      vertex 6.923918 4.918779 0.800000
      vertex 21.590585 7.168779 0.800000
      vertex 22.409415 1.831221 0.800000
    endloop
  endfacet
  facet normal 0.000000 0.000000 -1.000000
    outer loop
      vertex 6.923918 4.918779 0.800000
      vertex 22.409415 1.831221 0.800000
      vertex 7.742748 -0.418779 0.800000
    endloop
  endfacet
  facet normal 0.988437 0.151635 -0.000000
    outer loop
      vertex 6.923918 4.918779 -0.800000
      vertex 6.923918 4.918779 0.800000
      vertex 7.742748 -0.418779 0.800000
    endloop
  endfacet
  facet normal 0.988437 0.151635 0.000000
    outer loop
      vertex 6.923918 4.918779 -0.800000
      vertex 7.742748 -0.418779 0.800000
      vertex 7.742748 -0.418779 -0.800000
    endloop
  endfacet
  facet normal -0.151635 0.988437 0.000000
    outer loop
      vertex 7.742748 -0.418779 -0.800000
      vertex 7.742748 -0.418779 0.800000
      vertex 22.409415 1.831221 0.800000
    endloop
  endfacet
  facet normal -0.151635 0.988437 0.000000
    outer loop
      vertex 7.742748 -0.418779 -0.800000
      vertex 22.409415 1.831221 0.800000
      vertex 22.409415 1.831221 -0.800000
    endloop
  endfacet
  facet normal -0.988437 -0.151635 0.000000
    outer loop
      vertex 22.409415 1.831221 -0.800000
      vertex 22.409415 1.831221 0.800000
      vertex 21.590585 7.168779 0.800000
    endloop
  endfacet
  facet normal -0.988437 -0.151635 0.000000
    outer loop
      vertex 22.409415 1.831221 -0.800000
      vertex 21.590585 7.168779 0.800000
      vertex 21.590585 7.168779 -0.800000
    endloop
  endfacet
  facet normal 0.151635 -0.988437 0.000000
    outer loop
      vertex 21.590585 7.168779 -0.800000
      vertex 21.590585 7.168779 0.800000
      vertex 6.923918 4.918779 0.800000
    endloop
  endfacet
  facet normal 0.151635 -0.988437 0.000000
    outer loop
      vertex 21.590585 7.168779 -0.800000
      vertex 6.923918 4.918779 0.800000
      vertex 6.923918 4.918779 -0.800000
    endloop
  endfacet
  facet normal 0.000000 0.000000 1.000000
    outer loop
      vertex -18.400000 -4.500000 0.800000
      vertex -18.436643 -3.987667 0.800000
      vertex -20.663741 -4.307875 0.800000
    endloop
  endfacet
  facet normal 0.000000 0.000000 1.000000
    outer loop
      vertex -18.400000 -4.500000 0.800000
      vertex -20.663741 -4.307875 0.800000
      vertex -20.650000 -4.500000 0.800000
    endloop
  endfacet
  facet normal 0.000000 0.000000 -1.000000
    outer loop
      vertex -18.400000 -4.500000 -0.800000
      vertex -20.663741 -4.307875 -0.800000
      vertex -18.436643 -3.987667 -0.800000
    endloop
  endfacet
  facet normal 0.000000 0.000000 -1.000000
    outer loop
      vertex -18.400000 -4.500000 -0.800000
      vertex -20.650000 -4.500000 -0.800000
      vertex -20.663741 -4.307875 -0.800000
    endloop
  endfacet
  facet normal 0.997452 0.071339 0.000000
    outer loop
      vertex -18.400000 -4.500000 -0.800000
      vertex -18.436643 -3.987667 -0.800000
      vertex -18.436643 -3.987667 0.800000
    endloop
  endfacet
  facet normal 0.997452 0.071339 -0.000000
    outer loop
      vertex -18.400000 -4.500000 -0.800000
      vertex -18.436643 -3.987667 0.800000
      vertex -18.400000 -4.500000 0.800000
    endloop
  endfacet
  facet normal -0.997452 -0.071339 0.000000
    outer loop
      vertex -20.650000 -4.500000 -0.800000
      vertex -20.663741 -4.307875 0.800000
      vertex -20.663741 -4.307875 -0.800000
    endloop
  endfacet
  facet normal -0.997452 -0.071339 0.000000
    outer loop
      vertex -20.650000 -4.500000 -0.800000
      vertex -20.650000 -4.500000 0.800000
      vertex -20.663741 -4.307875 0.800000
    endloop
  endfacet
  facet normal 0.000000 0.000000 1.000000
    outer loop
      vertex -18.436643 -3.987667 0.800000
      vertex -18.545825 -3.485763 0.800000
      vertex -20.704684 -4.119661 0.800000
    endloop
  endfacet
  facet normal 0.000000 0.000000 1.000000
    outer loop
      vertex -18.436643 -3.987667 0.800000
      vertex -20.704684 -4.119661 0.800000
      vertex -20.663741 -4.307875 0.800000
    endloop
  endfacet
  facet normal -0.000000 0.000000 -1.000000
    outer loop
      vertex -18.436643 -3.987667 -0.800000
      vertex -20.704684 -4.119661 -0.800000
      vertex -18.545825 -3.485763 -0.800000
    endloop
  endfacet
  facet normal 0.000000 0.000000 -1.000000
    outer loop
      vertex -18.436643 -3.987667 -0.800000
      vertex -20.663741 -4.307875 -0.800000
      vertex -20.704684 -4.119661 -0.800000
    endloop
  endfacet
  facet normal 0.977147 0.212565 0.000000
    outer loop
      vertex -18.436643 -3.987667 -0.800000
      vertex -18.545825 -3.485763 -0.800000
      vertex -18.545825 -3.485763 0.800000
    endloop
  endfacet
  facet normal 0.977147 0.212565 -0.000000
    outer loop
      vertex -18.436643 -3.987667 -0.800000
      vertex -18.545825 -3.485763 0.800000
      vertex -18.436643 -3.987667 0.800000
    endloop
  endfacet
  facet normal -0.977147 -0.212565 0.000000
    outer loop
      vertex -20.663741 -4.307875 -0.800000
      vertex -20.704684 -4.119661 0.800000
      vertex -20.704684 -4.119661 -0.800000
    endloop
  endfacet
  facet normal -0.977147 -0.212565 0.000000
    outer loop
      vertex -20.663741 -4.307875 -0.800000
      vertex -20.663741 -4.307875 0.800000
      vertex -20.704684 -4.119661 0.800000
    endloop
  endfacet
  facet normal 0.000000 0.000000 1.000000
    outer loop
      vertex -18.545825 -3.485763 0.800000
      vertex -18.725325 -3.004506 0.800000
      vertex -20.771997 -3.939190 0.800000
    endloop
  endfacet
  facet normal 0.000000 0.000000 1.000000
    outer loop
      vertex -18.545825 -3.485763 0.800000
      vertex -20.771997 -3.939190 0.800000
      vertex -20.704684 -4.119661 0.800000
    endloop
  endfacet
  facet normal -0.000000 0.000000 -1.000000
    outer loop
      vertex -18.545825 -3.485763 -0.800000
      vertex -20.771997 -3.939190 -0.800000
      vertex -18.725325 -3.004506 -0.800000
    endloop
  endfacet
  facet normal 0.000000 0.000000 -1.000000
    outer loop
      vertex -18.545825 -3.485763 -0.800000
      vertex -20.704684 -4.119661 -0.800000
      vertex -20.771997 -3.939190 -0.800000
    endloop
  endfacet
  facet normal 0.936950 0.349464 0.000000
    outer loop
      vertex -18.545825 -3.485763 -0.800000
      vertex -18.725325 -3.004506 -0.800000
      vertex -18.725325 -3.004506 0.800000
    endloop
  endfacet
  facet normal 0.936950 0.349464 -0.000000
    outer loop
      vertex -18.545825 -3.485763 -0.800000
      vertex -18.725325 -3.004506 0.800000
      vertex -18.545825 -3.485763 0.800000
    endloop
  endfacet
  facet normal -0.936950 -0.349464 0.000000
    outer loop
      vertex -20.704684 -4.119661 -0.800000
      vertex -20.771997 -3.939190 0.800000
      vertex -20.771997 -3.939190 -0.800000
    endloop
  endfacet
  facet normal -0.936950 -0.349464 0.000000
    outer loop
      vertex -20.704684 -4.119661 -0.800000
      vertex -20.704684 -4.119661 0.800000
      vertex -20.771997 -3.939190 0.800000
    endloop
  endfacet
  facet normal 0.000000 0.000000 1.000000
    outer loop
      vertex -18.725325 -3.004506 0.800000
      vertex -18.971487 -2.553693 0.800000
      vertex -20.864308 -3.770135 0.800000
    endloop
  endfacet
  facet normal 0.000000 0.000000 1.000000
    outer loop
      vertex -18.725325 -3.004506 0.800000
      vertex -20.864308 -3.770135 0.800000
      vertex -20.771997 -3.939190 0.800000
    endloop
  endfacet
  facet normal -0.000000 0.000000 -1.000000
    outer loop
      vertex -18.725325 -3.004506 -0.800000
      vertex -20.864308 -3.770135 -0.800000
      vertex -18.971487 -2.553693 -0.800000
    endloop
  endfacet
  facet normal 0.000000 0.000000 -1.000000
    outer loop
      vertex -18.725325 -3.004506 -0.800000
      vertex -20.771997 -3.939190 -0.800000
      vertex -20.864308 -3.770135 -0.800000
    endloop
  endfacet
  facet normal 0.877679 0.479249 0.000000
    outer loop
      vertex -18.725325 -3.004506 -0.800000
      vertex -18.971487 -2.553693 -0.800000
      vertex -18.971487 -2.553693 0.800000
    endloop
  endfacet
  facet normal 0.877679 0.479249 -0.000000
    outer loop
      vertex -18.725325 -3.004506 -0.800000
      vertex -18.971487 -2.553693 0.800000
      vertex -18.725325 -3.004506 0.800000
    endloop
  endfacet
  facet normal -0.877679 -0.479249 0.000000
    outer loop
      vertex -20.771997 -3.939190 -0.800000
      vertex -20.864308 -3.770135 0.800000
      vertex -20.864308 -3.770135 -0.800000
    endloop
  endfacet
  facet normal -0.877679 -0.479249 0.000000
    outer loop
      vertex -20.771997 -3.939190 -0.800000
      vertex -20.771997 -3.939190 0.800000
      vertex -20.864308 -3.770135 0.800000
    endloop
  endfacet
  facet normal 0.000000 0.000000 1.000000
    outer loop
      vertex -18.971487 -2.553693 0.800000
      vertex -19.279302 -2.142501 0.800000
      vertex -20.979738 -3.615938 0.800000
    endloop
  endfacet
  facet normal 0.000000 0.000000 1.000000
    outer loop
      vertex -18.971487 -2.553693 0.800000
      vertex -20.979738 -3.615938 0.800000
      vertex -20.864308 -3.770135 0.800000
    endloop
  endfacet
  facet normal -0.000000 0.000000 -1.000000
    outer loop
      vertex -18.971487 -2.553693 -0.800000
      vertex -20.979738 -3.615938 -0.800000
      vertex -19.279302 -2.142501 -0.800000
    endloop
  endfacet
  facet normal 0.000000 0.000000 -1.000000
    outer loop
      vertex -18.971487 -2.553693 -0.800000
      vertex -20.864308 -3.770135 -0.800000
      vertex -20.979738 -3.615938 -0.800000
    endloop
  endfacet
  facet normal 0.800541 0.599278 0.000000
    outer loop
      vertex -18.971487 -2.553693 -0.800000
      vertex -19.279302 -2.142501 -0.800000
      vertex -19.279302 -2.142501 0.800000
    endloop
  endfacet
  facet normal 0.800541 0.599278 -0.000000
    outer loop
      vertex -18.971487 -2.553693 -0.800000
      vertex -19.279302 -2.142501 0.800000
      vertex -18.971487 -2.553693 0.800000
    endloop
  endfacet
  facet normal -0.800541 -0.599278 0.000000
    outer loop
      vertex -20.864308 -3.770135 -0.800000
      vertex -20.979738 -3.615938 0.800000
      vertex -20.979738 -3.615938 -0.800000
    endloop
  endfacet
  facet normal -0.800541 -0.599278 0.000000
    outer loop
      vertex -20.864308 -3.770135 -0.800000
      vertex -20.864308 -3.770135 0.800000
      vertex -20.979738 -3.615938 0.800000
    endloop
  endfacet
  facet normal 0.000000 0.000000 1.000000
    outer loop
      vertex -19.279302 -2.142501 0.800000
      vertex -19.642501 -1.779302 0.800000
      vertex -21.115938 -3.479738 0.800000
    endloop
  endfacet
  facet normal 0.000000 0.000000 1.000000
    outer loop
      vertex -19.279302 -2.142501 0.800000
      vertex -21.115938 -3.479738 0.800000
      vertex -20.979738 -3.615938 0.800000
    endloop
  endfacet
  facet normal -0.000000 0.000000 -1.000000
    outer loop
      vertex -19.279302 -2.142501 -0.800000
      vertex -21.115938 -3.479738 -0.800000
      vertex -19.642501 -1.779302 -0.800000
    endloop
  endfacet
  facet normal 0.000000 0.000000 -1.000000
    outer loop
      vertex -19.279302 -2.142501 -0.800000
      vertex -20.979738 -3.615938 -0.800000
      vertex -21.115938 -3.479738 -0.800000
    endloop
  endfacet
  facet normal 0.707107 0.707107 0.000000
    outer loop
      vertex -19.279302 -2.142501 -0.800000
      vertex -19.642501 -1.779302 -0.800000
      vertex -19.642501 -1.779302 0.800000
    endloop
  endfacet
  facet normal 0.707107 0.707107 -0.000000
    outer loop
      vertex -19.279302 -2.142501 -0.800000
      vertex -19.642501 -1.779302 0.800000
      vertex -19.279302 -2.142501 0.800000
    endloop
  endfacet
  facet normal -0.707107 -0.707107 0.000000
    outer loop
      vertex -20.979738 -3.615938 -0.800000
      vertex -21.115938 -3.479738 0.800000
      vertex -21.115938 -3.479738 -0.800000
    endloop
  endfacet
  facet normal -0.707107 -0.707107 0.000000
    outer loop
      vertex -20.979738 -3.615938 -0.800000
      vertex -20.979738 -3.615938 0.800000
      vertex -21.115938 -3.479738 0.800000
    endloop
  endfacet
  facet normal 0.000000 0.000000 1.000000
    outer loop
      vertex -19.642501 -1.779302 0.800000
      vertex -20.053693 -1.471487 0.800000
      vertex -21.270135 -3.364308 0.800000
    endloop
  endfacet
  facet normal 0.000000 0.000000 1.000000
    outer loop
      vertex -19.642501 -1.779302 0.800000
      vertex -21.270135 -3.364308 0.800000
      vertex -21.115938 -3.479738 0.800000
    endloop
  endfacet
  facet normal -0.000000 0.000000 -1.000000
    outer loop
      vertex -19.642501 -1.779302 -0.800000
      vertex -21.270135 -3.364308 -0.800000
      vertex -20.053693 -1.471487 -0.800000
    endloop
  endfacet
  facet normal 0.000000 0.000000 -1.000000
    outer loop
      vertex -19.642501 -1.779302 -0.800000
      vertex -21.115938 -3.479738 -0.800000
      vertex -21.270135 -3.364308 -0.800000
    endloop
  endfacet
  facet normal 0.599278 0.800541 0.000000
    outer loop
      vertex -19.642501 -1.779302 -0.800000
      vertex -20.053693 -1.471487 -0.800000
      vertex -20.053693 -1.471487 0.800000
    endloop
  endfacet
  facet normal 0.599278 0.800541 -0.000000
    outer loop
      vertex -19.642501 -1.779302 -0.800000
      vertex -20.053693 -1.471487 0.800000
      vertex -19.642501 -1.779302 0.800000
    endloop
  endfacet
  facet normal -0.599278 -0.800541 0.000000
    outer loop
      vertex -21.115938 -3.479738 -0.800000
      vertex -21.270135 -3.364308 0.800000
      vertex -21.270135 -3.364308 -0.800000
    endloop
  endfacet
  facet normal -0.599278 -0.800541 0.000000
    outer loop
      vertex -21.115938 -3.479738 -0.800000
      vertex -21.115938 -3.479738 0.800000
      vertex -21.270135 -3.364308 0.800000
    endloop
  endfacet
  facet normal 0.000000 0.000000 1.000000
    outer loop
      vertex -20.053693 -1.471487 0.800000
      vertex -20.504506 -1.225325 0.800000
      vertex -21.439190 -3.271997 0.800000
    endloop
  endfacet
  facet normal 0.000000 0.000000 1.000000
    outer loop
      vertex -20.053693 -1.471487 0.800000
      vertex -21.439190 -3.271997 0.800000
      vertex -21.270135 -3.364308 0.800000
    endloop
  endfacet
  facet normal -0.000000 0.000000 -1.000000
    outer loop
      vertex -20.053693 -1.471487 -0.800000
      vertex -21.439190 -3.271997 -0.800000
      vertex -20.504506 -1.225325 -0.800000
    endloop
  endfacet
  facet normal 0.000000 0.000000 -1.000000
    outer loop
      vertex -20.053693 -1.471487 -0.800000
      vertex -21.270135 -3.364308 -0.800000
      vertex -21.439190 -3.271997 -0.800000
    endloop
  endfacet
  facet normal 0.479249 0.877679 0.000000
    outer loop
      vertex -20.053693 -1.471487 -0.800000
      vertex -20.504506 -1.225325 -0.800000
      vertex -20.504506 -1.225325 0.800000
    endloop
  endfacet
  facet normal 0.479249 0.877679 -0.000000
    outer loop
      vertex -20.053693 -1.471487 -0.800000
      vertex -20.504506 -1.225325 0.800000
      vertex -20.053693 -1.471487 0.800000
    endloop
  endfacet
  facet normal -0.479249 -0.877679 0.000000
    outer loop
      vertex -21.270135 -3.364308 -0.800000
      vertex -21.439190 -3.271997 0.800000
      vertex -21.439190 -3.271997 -0.800000
    endloop
  endfacet
  facet normal -0.479249 -0.877679 0.000000
    outer loop
      vertex -21.270135 -3.364308 -0.800000
      vertex -21.270135 -3.364308 0.800000
      vertex -21.439190 -3.271997 0.800000
    endloop
  endfacet
  facet normal 0.000000 0.000000 1.000000
    outer loop
      vertex -20.504506 -1.225325 0.800000
      vertex -20.985763 -1.045825 0.800000
      vertex -21.619661 -3.204684 0.800000
    endloop
  endfacet
  facet normal 0.000000 0.000000 1.000000
    outer loop
      vertex -20.504506 -1.225325 0.800000
      vertex -21.619661 -3.204684 0.800000
      vertex -21.439190 -3.271997 0.800000
    endloop
  endfacet
  facet normal -0.000000 0.000000 -1.000000
    outer loop
      vertex -20.504506 -1.225325 -0.800000
      vertex -21.619661 -3.204684 -0.800000
      vertex -20.985763 -1.045825 -0.800000
    endloop
  endfacet
  facet normal 0.000000 0.000000 -1.000000
    outer loop
      vertex -20.504506 -1.225325 -0.800000
      vertex -21.439190 -3.271997 -0.800000
      vertex -21.619661 -3.204684 -0.800000
    endloop
  endfacet
  facet normal 0.349464 0.936950 0.000000
    outer loop
      vertex -20.504506 -1.225325 -0.800000
      vertex -20.985763 -1.045825 -0.800000
      vertex -20.985763 -1.045825 0.800000
    endloop
  endfacet
  facet normal 0.349464 0.936950 -0.000000
    outer loop
      vertex -20.504506 -1.225325 -0.800000
      vertex -20.985763 -1.045825 0.800000
      vertex -20.504506 -1.225325 0.800000
    endloop
  endfacet
  facet normal -0.349464 -0.936950 0.000000
    outer loop
      vertex -21.439190 -3.271997 -0.800000
      vertex -21.619661 -3.204684 0.800000
      vertex -21.619661 -3.204684 -0.800000
    endloop
  endfacet
  facet normal -0.349464 -0.936950 0.000000
    outer loop
      vertex -21.439190 -3.271997 -0.800000
      vertex -21.439190 -3.271997 0.800000
      vertex -21.619661 -3.204684 0.800000
    endloop
  endfacet
  facet normal 0.000000 0.000000 1.000000
    outer loop
      vertex -20.985763 -1.045825 0.800000
      vertex -21.487667 -0.936643 0.800000
      vertex -21.807875 -3.163741 0.800000
    endloop
  endfacet
  facet normal 0.000000 0.000000 1.000000
    outer loop
      vertex -20.985763 -1.045825 0.800000
      vertex -21.807875 -3.163741 0.800000
      vertex -21.619661 -3.204684 0.800000
    endloop
  endfacet
  facet normal -0.000000 0.000000 -1.000000
    outer loop
      vertex -20.985763 -1.045825 -0.800000
      vertex -21.807875 -3.163741 -0.800000
      vertex -21.487667 -0.936643 -0.800000
    endloop
  endfacet
  facet normal 0.000000 0.000000 -1.000000
    outer loop
      vertex -20.985763 -1.045825 -0.800000
      vertex -21.619661 -3.204684 -0.800000
      vertex -21.807875 -3.163741 -0.800000
    endloop
  endfacet
  facet normal 0.212565 0.977147 0.000000
    outer loop
      vertex -20.985763 -1.045825 -0.800000
      vertex -21.487667 -0.936643 -0.800000
      vertex -21.487667 -0.936643 0.800000
    endloop
  endfacet
  facet normal 0.212565 0.977147 -0.000000
    outer loop
      vertex -20.985763 -1.045825 -0.800000
      vertex -21.487667 -0.936643 0.800000
      vertex -20.985763 -1.045825 0.800000
    endloop
  endfacet
  facet normal -0.212565 -0.977147 0.000000
    outer loop
      vertex -21.619661 -3.204684 -0.800000
      vertex -21.807875 -3.163741 0.800000
      vertex -21.807875 -3.163741 -0.800000
    endloop
  endfacet
  facet normal -0.212565 -0.977147 0.000000
    outer loop
      vertex -21.619661 -3.204684 -0.800000
      vertex -21.619661 -3.204684 0.800000
      vertex -21.807875 -3.163741 0.800000
    endloop
  endfacet
  facet normal 0.000000 0.000000 1.000000
    outer loop
      vertex -21.487667 -0.936643 0.800000
      vertex -22.000000 -0.900000 0.800000
      vertex -22.000000 -3.150000 0.800000
    endloop
  endfacet
  facet normal 0.000000 0.000000 1.000000
    outer loop
      vertex -21.487667 -0.936643 0.800000
      vertex -22.000000 -3.150000 0.800000
      vertex -21.807875 -3.163741 0.800000
    endloop
  endfacet
  facet normal -0.000000 0.000000 -1.000000
    outer loop
      vertex -21.487667 -0.936643 -0.800000
      vertex -22.000000 -3.150000 -0.800000
      vertex -22.000000 -0.900000 -0.800000
    endloop
  endfacet
  facet normal 0.000000 0.000000 -1.000000
    outer loop
      vertex -21.487667 -0.936643 -0.800000
      vertex -21.807875 -3.163741 -0.800000
      vertex -22.000000 -3.150000 -0.800000
    endloop
  endfacet
  facet normal 0.071339 0.997452 0.000000
    outer loop
      vertex -21.487667 -0.936643 -0.800000
      vertex -22.000000 -0.900000 -0.800000
      vertex -22.000000 -0.900000 0.800000
    endloop
  endfacet
  facet normal 0.071339 0.997452 -0.000000
    outer loop
      vertex -21.487667 -0.936643 -0.800000
      vertex -22.000000 -0.900000 0.800000
      vertex -21.487667 -0.936643 0.800000
    endloop
  endfacet
  facet normal -0.071339 -0.997452 0.000000
    outer loop
      vertex -21.807875 -3.163741 -0.800000
      vertex -22.000000 -3.150000 0.800000
      vertex -22.000000 -3.150000 -0.800000
    endloop
  endfacet
  facet normal -0.071339 -0.997452 0.000000
    outer loop
      vertex -21.807875 -3.163741 -0.800000
      vertex -21.807875 -3.163741 0.800000
      vertex -22.000000 -3.150000 0.800000
    endloop
  endfacet
  facet normal 0.000000 0.000000 1.000000
    outer loop
      vertex -22.000000 -0.900000 0.800000
      vertex -22.512333 -0.936643 0.800000
      vertex -22.192125 -3.163741 0.800000
    endloop
  endfacet
  facet normal 0.000000 0.000000 1.000000
    outer loop
      vertex -22.000000 -0.900000 0.800000
      vertex -22.192125 -3.163741 0.800000
      vertex -22.000000 -3.150000 0.800000
    endloop
  endfacet
  facet normal 0.000000 0.000000 -1.000000
    outer loop
      vertex -22.000000 -0.900000 -0.800000
      vertex -22.192125 -3.163741 -0.800000
      vertex -22.512333 -0.936643 -0.800000
    endloop
  endfacet
  facet normal 0.000000 -0.000000 -1.000000
    outer loop
      vertex -22.000000 -0.900000 -0.800000
      vertex -22.000000 -3.150000 -0.800000
      vertex -22.192125 -3.163741 -0.800000
    endloop
  endfacet
  facet normal -0.071339 0.997452 0.000000
    outer loop
      vertex -22.000000 -0.900000 -0.800000
      vertex -22.512333 -0.936643 -0.800000
      vertex -22.512333 -0.936643 0.800000
    endloop
  endfacet
  facet normal -0.071339 0.997452 0.000000
    outer loop
      vertex -22.000000 -0.900000 -0.800000
      vertex -22.512333 -0.936643 0.800000
      vertex -22.000000 -0.900000 0.800000
    endloop
  endfacet
  facet normal 0.071339 -0.997452 0.000000
    outer loop
      vertex -22.000000 -3.150000 -0.800000
      vertex -22.192125 -3.163741 0.800000
      vertex -22.192125 -3.163741 -0.800000
    endloop
  endfacet
  facet normal 0.071339 -0.997452 0.000000
    outer loop
      vertex -22.000000 -3.150000 -0.800000
      vertex -22.000000 -3.150000 0.800000
      vertex -22.192125 -3.163741 0.800000
    endloop
  endfacet
  facet normal 0.000000 0.000000 1.000000
    outer loop
      vertex -22.512333 -0.936643 0.800000
      vertex -23.014237 -1.045825 0.800000
      vertex -22.380339 -3.204684 0.800000
    endloop
  endfacet
  facet normal 0.000000 0.000000 1.000000
    outer loop
      vertex -22.512333 -0.936643 0.800000
      vertex -22.380339 -3.204684 0.800000
      vertex -22.192125 -3.163741 0.800000
    endloop
  endfacet
  facet normal 0.000000 -0.000000 -1.000000
    outer loop
      vertex -22.512333 -0.936643 -0.800000
      vertex -22.380339 -3.204684 -0.800000
      vertex -23.014237 -1.045825 -0.800000
    endloop
  endfacet
  facet normal 0.000000 0.000000 -1.000000
    outer loop
      vertex -22.512333 -0.936643 -0.800000
      vertex -22.192125 -3.163741 -0.800000
      vertex -22.380339 -3.204684 -0.800000
    endloop
  endfacet
  facet normal -0.212565 0.977147 0.000000
    outer loop
      vertex -22.512333 -0.936643 -0.800000
      vertex -23.014237 -1.045825 -0.800000
      vertex -23.014237 -1.045825 0.800000
    endloop
  endfacet
  facet normal -0.212565 0.977147 0.000000
    outer loop
      vertex -22.512333 -0.936643 -0.800000
      vertex -23.014237 -1.045825 0.800000
      vertex -22.512333 -0.936643 0.800000
    endloop
  endfacet
  facet normal 0.212565 -0.977147 0.000000
    outer loop
      vertex -22.192125 -3.163741 -0.800000
      vertex -22.380339 -3.204684 0.800000
      vertex -22.380339 -3.204684 -0.800000
    endloop
  endfacet
  facet normal 0.212565 -0.977147 0.000000
    outer loop
      vertex -22.192125 -3.163741 -0.800000
      vertex -22.192125 -3.163741 0.800000
      vertex -22.380339 -3.204684 0.800000
    endloop
  endfacet
  facet normal 0.000000 0.000000 1.000000
    outer loop
      vertex -23.014237 -1.045825 0.800000
      vertex -23.495494 -1.225325 0.800000
      vertex -22.560810 -3.271997 0.800000
    endloop
  endfacet
  facet normal 0.000000 0.000000 1.000000
    outer loop
      vertex -23.014237 -1.045825 0.800000
      vertex -22.560810 -3.271997 0.800000
      vertex -22.380339 -3.204684 0.800000
    endloop
  endfacet
  facet normal 0.000000 -0.000000 -1.000000
    outer loop
      vertex -23.014237 -1.045825 -0.800000
      vertex -22.560810 -3.271997 -0.800000
      vertex -23.495494 -1.225325 -0.800000
    endloop
  endfacet
  facet normal 0.000000 0.000000 -1.000000
    outer loop
      vertex -23.014237 -1.045825 -0.800000
      vertex -22.380339 -3.204684 -0.800000
      vertex -22.560810 -3.271997 -0.800000
    endloop
  endfacet
  facet normal -0.349464 0.936950 0.000000
    outer loop
      vertex -23.014237 -1.045825 -0.800000
      vertex -23.495494 -1.225325 -0.800000
      vertex -23.495494 -1.225325 0.800000
    endloop
  endfacet
  facet normal -0.349464 0.936950 0.000000
    outer loop
      vertex -23.014237 -1.045825 -0.800000
      vertex -23.495494 -1.225325 0.800000
      vertex -23.014237 -1.045825 0.800000
    endloop
  endfacet
  facet normal 0.349464 -0.936950 0.000000
    outer loop
      vertex -22.380339 -3.204684 -0.800000
      vertex -22.560810 -3.271997 0.800000
      vertex -22.560810 -3.271997 -0.800000
    endloop
  endfacet
  facet normal 0.349464 -0.936950 0.000000
    outer loop
      vertex -22.380339 -3.204684 -0.800000
      vertex -22.380339 -3.204684 0.800000
      vertex -22.560810 -3.271997 0.800000
    endloop
  endfacet
  facet normal 0.000000 0.000000 1.000000
    outer loop
      vertex -23.495494 -1.225325 0.800000
      vertex -23.946307 -1.471487 0.800000
      vertex -22.729865 -3.364308 0.800000
    endloop
  endfacet
  facet normal 0.000000 0.000000 1.000000
    outer loop
      vertex -23.495494 -1.225325 0.800000
      vertex -22.729865 -3.364308 0.800000
      vertex -22.560810 -3.271997 0.800000
    endloop
  endfacet
  facet normal 0.000000 -0.000000 -1.000000
    outer loop
      vertex -23.495494 -1.225325 -0.800000
      vertex -22.729865 -3.364308 -0.800000
      vertex -23.946307 -1.471487 -0.800000
    endloop
  endfacet
  facet normal 0.000000 0.000000 -1.000000
    outer loop
      vertex -23.495494 -1.225325 -0.800000
      vertex -22.560810 -3.271997 -0.800000
      vertex -22.729865 -3.364308 -0.800000
    endloop
  endfacet
  facet normal -0.479249 0.877679 0.000000
    outer loop
      vertex -23.495494 -1.225325 -0.800000
      vertex -23.946307 -1.471487 -0.800000
      vertex -23.946307 -1.471487 0.800000
    endloop
  endfacet
  facet normal -0.479249 0.877679 0.000000
    outer loop
      vertex -23.495494 -1.225325 -0.800000
      vertex -23.946307 -1.471487 0.800000
      vertex -23.495494 -1.225325 0.800000
    endloop
  endfacet
  facet normal 0.479249 -0.877679 0.000000
    outer loop
      vertex -22.560810 -3.271997 -0.800000
      vertex -22.729865 -3.364308 0.800000
      vertex -22.729865 -3.364308 -0.800000
    endloop
  endfacet
  facet normal 0.479249 -0.877679 0.000000
    outer loop
      vertex -22.560810 -3.271997 -0.800000
      vertex -22.560810 -3.271997 0.800000
      vertex -22.729865 -3.364308 0.800000
    endloop
  endfacet
  facet normal 0.000000 0.000000 1.000000
    outer loop
      vertex -23.946307 -1.471487 0.800000
      vertex -24.357499 -1.779302 0.800000
      vertex -22.884062 -3.479738 0.800000
    endloop
  endfacet
  facet normal 0.000000 0.000000 1.000000
    outer loop
      vertex -23.946307 -1.471487 0.800000
      vertex -22.884062 -3.479738 0.800000
      vertex -22.729865 -3.364308 0.800000
    endloop
  endfacet
  facet normal 0.000000 -0.000000 -1.000000
    outer loop
      vertex -23.946307 -1.471487 -0.800000
      vertex -22.884062 -3.479738 -0.800000
      vertex -24.357499 -1.779302 -0.800000
    endloop
  endfacet
  facet normal 0.000000 0.000000 -1.000000
    outer loop
      vertex -23.946307 -1.471487 -0.800000
      vertex -22.729865 -3.364308 -0.800000
      vertex -22.884062 -3.479738 -0.800000
    endloop
  endfacet
  facet normal -0.599278 0.800541 0.000000
    outer loop
      vertex -23.946307 -1.471487 -0.800000
      vertex -24.357499 -1.779302 -0.800000
      vertex -24.357499 -1.779302 0.800000
    endloop
  endfacet
  facet normal -0.599278 0.800541 0.000000
    outer loop
      vertex -23.946307 -1.471487 -0.800000
      vertex -24.357499 -1.779302 0.800000
      vertex -23.946307 -1.471487 0.800000
    endloop
  endfacet
  facet normal 0.599278 -0.800541 0.000000
    outer loop
      vertex -22.729865 -3.364308 -0.800000
      vertex -22.884062 -3.479738 0.800000
      vertex -22.884062 -3.479738 -0.800000
    endloop
  endfacet
  facet normal 0.599278 -0.800541 0.000000
    outer loop
      vertex -22.729865 -3.364308 -0.800000
      vertex -22.729865 -3.364308 0.800000
      vertex -22.884062 -3.479738 0.800000
    endloop
  endfacet
  facet normal 0.000000 0.000000 1.000000
    outer loop
      vertex -24.357499 -1.779302 0.800000
      vertex -24.720698 -2.142501 0.800000
      vertex -23.020262 -3.615938 0.800000
    endloop
  endfacet
  facet normal 0.000000 0.000000 1.000000
    outer loop
      vertex -24.357499 -1.779302 0.800000
      vertex -23.020262 -3.615938 0.800000
      vertex -22.884062 -3.479738 0.800000
    endloop
  endfacet
  facet normal 0.000000 -0.000000 -1.000000
    outer loop
      vertex -24.357499 -1.779302 -0.800000
      vertex -23.020262 -3.615938 -0.800000
      vertex -24.720698 -2.142501 -0.800000
    endloop
  endfacet
  facet normal 0.000000 0.000000 -1.000000
    outer loop
      vertex -24.357499 -1.779302 -0.800000
      vertex -22.884062 -3.479738 -0.800000
      vertex -23.020262 -3.615938 -0.800000
    endloop
  endfacet
  facet normal -0.707107 0.707107 0.000000
    outer loop
      vertex -24.357499 -1.779302 -0.800000
      vertex -24.720698 -2.142501 -0.800000
      vertex -24.720698 -2.142501 0.800000
    endloop
  endfacet
  facet normal -0.707107 0.707107 0.000000
    outer loop
      vertex -24.357499 -1.779302 -0.800000
      vertex -24.720698 -2.142501 0.800000
      vertex -24.357499 -1.779302 0.800000
    endloop
  endfacet
  facet normal 0.707107 -0.707107 0.000000
    outer loop
      vertex -22.884062 -3.479738 -0.800000
      vertex -23.020262 -3.615938 0.800000
      vertex -23.020262 -3.615938 -0.800000
    endloop
  endfacet
  facet normal 0.707107 -0.707107 0.000000
    outer loop
      vertex -22.884062 -3.479738 -0.800000
      vertex -22.884062 -3.479738 0.800000
      vertex -23.020262 -3.615938 0.800000
    endloop
  endfacet
  facet normal 0.000000 0.000000 1.000000
    outer loop
      vertex -24.720698 -2.142501 0.800000
      vertex -25.028513 -2.553693 0.800000
      vertex -23.135692 -3.770135 0.800000
    endloop
  endfacet
  facet normal 0.000000 0.000000 1.000000
    outer loop
      vertex -24.720698 -2.142501 0.800000
      vertex -23.135692 -3.770135 0.800000
      vertex -23.020262 -3.615938 0.800000
    endloop
  endfacet
  facet normal 0.000000 -0.000000 -1.000000
    outer loop
      vertex -24.720698 -2.142501 -0.800000
      vertex -23.135692 -3.770135 -0.800000
      vertex -25.028513 -2.553693 -0.800000
    endloop
  endfacet
  facet normal 0.000000 0.000000 -1.000000
    outer loop
      vertex -24.720698 -2.142501 -0.800000
      vertex -23.020262 -3.615938 -0.800000
      vertex -23.135692 -3.770135 -0.800000
    endloop
  endfacet
  facet normal -0.800541 0.599278 0.000000
    outer loop
      vertex -24.720698 -2.142501 -0.800000
      vertex -25.028513 -2.553693 -0.800000
      vertex -25.028513 -2.553693 0.800000
    endloop
  endfacet
  facet normal -0.800541 0.599278 0.000000
    outer loop
      vertex -24.720698 -2.142501 -0.800000
      vertex -25.028513 -2.553693 0.800000
      vertex -24.720698 -2.142501 0.800000
    endloop
  endfacet
  facet normal 0.800541 -0.599278 0.000000
    outer loop
      vertex -23.020262 -3.615938 -0.800000
      vertex -23.135692 -3.770135 0.800000
      vertex -23.135692 -3.770135 -0.800000
    endloop
  endfacet
  facet normal 0.800541 -0.599278 0.000000
    outer loop
      vertex -23.020262 -3.615938 -0.800000
      vertex -23.020262 -3.615938 0.800000
      vertex -23.135692 -3.770135 0.800000
    endloop
  endfacet
  facet normal 0.000000 0.000000 1.000000
    outer loop
      vertex -25.028513 -2.553693 0.800000
      vertex -25.274675 -3.004506 0.800000
      vertex -23.228003 -3.939190 0.800000
    endloop
  endfacet
  facet normal 0.000000 0.000000 1.000000
    outer loop
      vertex -25.028513 -2.553693 0.800000
      vertex -23.228003 -3.939190 0.800000
      vertex -23.135692 -3.770135 0.800000
    endloop
  endfacet
  facet normal 0.000000 -0.000000 -1.000000
    outer loop
      vertex -25.028513 -2.553693 -0.800000
      vertex -23.228003 -3.939190 -0.800000
      vertex -25.274675 -3.004506 -0.800000
    endloop
  endfacet
  facet normal 0.000000 0.000000 -1.000000
    outer loop
      vertex -25.028513 -2.553693 -0.800000
      vertex -23.135692 -3.770135 -0.800000
      vertex -23.228003 -3.939190 -0.800000
    endloop
  endfacet
  facet normal -0.877679 0.479249 0.000000
    outer loop
      vertex -25.028513 -2.553693 -0.800000
      vertex -25.274675 -3.004506 -0.800000
      vertex -25.274675 -3.004506 0.800000
    endloop
  endfacet
  facet normal -0.877679 0.479249 0.000000
    outer loop
      vertex -25.028513 -2.553693 -0.800000
      vertex -25.274675 -3.004506 0.800000
      vertex -25.028513 -2.553693 0.800000
    endloop
  endfacet
  facet normal 0.877679 -0.479249 0.000000
    outer loop
      vertex -23.135692 -3.770135 -0.800000
      vertex -23.228003 -3.939190 0.800000
      vertex -23.228003 -3.939190 -0.800000
    endloop
  endfacet
  facet normal 0.877679 -0.479249 0.000000
    outer loop
      vertex -23.135692 -3.770135 -0.800000
      vertex -23.135692 -3.770135 0.800000
      vertex -23.228003 -3.939190 0.800000
    endloop
  endfacet
  facet normal 0.000000 0.000000 1.000000
    outer loop
      vertex -25.274675 -3.004506 0.800000
      vertex -25.454175 -3.485763 0.800000
      vertex -23.295316 -4.119661 0.800000
    endloop
  endfacet
  facet normal 0.000000 0.000000 1.000000
    outer loop
      vertex -25.274675 -3.004506 0.800000
      vertex -23.295316 -4.119661 0.800000
      vertex -23.228003 -3.939190 0.800000
    endloop
  endfacet
  facet normal 0.000000 -0.000000 -1.000000
    outer loop
      vertex -25.274675 -3.004506 -0.800000
      vertex -23.295316 -4.119661 -0.800000
      vertex -25.454175 -3.485763 -0.800000
    endloop
  endfacet
  facet normal 0.000000 0.000000 -1.000000
    outer loop
      vertex -25.274675 -3.004506 -0.800000
      vertex -23.228003 -3.939190 -0.800000
      vertex -23.295316 -4.119661 -0.800000
    endloop
  endfacet
  facet normal -0.936950 0.349464 0.000000
    outer loop
      vertex -25.274675 -3.004506 -0.800000
      vertex -25.454175 -3.485763 -0.800000
      vertex -25.454175 -3.485763 0.800000
    endloop
  endfacet
  facet normal -0.936950 0.349464 0.000000
    outer loop
      vertex -25.274675 -3.004506 -0.800000
      vertex -25.454175 -3.485763 0.800000
      vertex -25.274675 -3.004506 0.800000
    endloop
  endfacet
  facet normal 0.936950 -0.349464 0.000000
    outer loop
      vertex -23.228003 -3.939190 -0.800000
      vertex -23.295316 -4.119661 0.800000
      vertex -23.295316 -4.119661 -0.800000
    endloop
  endfacet
  facet normal 0.936950 -0.349464 0.000000
    outer loop
      vertex -23.228003 -3.939190 -0.800000
      vertex -23.228003 -3.939190 0.800000
      vertex -23.295316 -4.119661 0.800000
    endloop
  endfacet
  facet normal 0.000000 0.000000 1.000000
    outer loop
      vertex -25.454175 -3.485763 0.800000
      vertex -25.563357 -3.987667 0.800000
      vertex -23.336259 -4.307875 0.800000
    endloop
  endfacet
  facet normal 0.000000 0.000000 1.000000
    outer loop
      vertex -25.454175 -3.485763 0.800000
      vertex -23.336259 -4.307875 0.800000
      vertex -23.295316 -4.119661 0.800000
    endloop
  endfacet
  facet normal 0.000000 -0.000000 -1.000000
    outer loop
      vertex -25.454175 -3.485763 -0.800000
      vertex -23.336259 -4.307875 -0.800000
      vertex -25.563357 -3.987667 -0.800000
    endloop
  endfacet
  facet normal 0.000000 0.000000 -1.000000
    outer loop
      vertex -25.454175 -3.485763 -0.800000
      vertex -23.295316 -4.119661 -0.800000
      vertex -23.336259 -4.307875 -0.800000
    endloop
  endfacet
  facet normal -0.977147 0.212565 0.000000
    outer loop
      vertex -25.454175 -3.485763 -0.800000
      vertex -25.563357 -3.987667 -0.800000
      vertex -25.563357 -3.987667 0.800000
    endloop
  endfacet
  facet normal -0.977147 0.212565 0.000000
    outer loop
      vertex -25.454175 -3.485763 -0.800000
      vertex -25.563357 -3.987667 0.800000
      vertex -25.454175 -3.485763 0.800000
    endloop
  endfacet
  facet normal 0.977147 -0.212565 0.000000
    outer loop
      vertex -23.295316 -4.119661 -0.800000
      vertex -23.336259 -4.307875 0.800000
      vertex -23.336259 -4.307875 -0.800000
    endloop
  endfacet
  facet normal 0.977147 -0.212565 0.000000
    outer loop
      vertex -23.295316 -4.119661 -0.800000
      vertex -23.295316 -4.119661 0.800000
      vertex -23.336259 -4.307875 0.800000
    endloop
  endfacet
  facet normal 0.000000 0.000000 1.000000
    outer loop
      vertex -25.563357 -3.987667 0.800000
      vertex -25.600000 -4.500000 0.800000
      vertex -23.350000 -4.500000 0.800000
    endloop
  endfacet
  facet normal 0.000000 0.000000 1.000000
    outer loop
      vertex -25.563357 -3.987667 0.800000
      vertex -23.350000 -4.500000 0.800000
      vertex -23.336259 -4.307875 0.800000
    endloop
  endfacet
  facet normal 0.000000 -0.000000 -1.000000
    outer loop
      vertex -25.563357 -3.987667 -0.800000
      vertex -23.350000 -4.500000 -0.800000
      vertex -25.600000 -4.500000 -0.800000
    endloop
  endfacet
  facet normal 0.000000 0.000000 -1.000000
    outer loop
      vertex -25.563357 -3.987667 -0.800000
      vertex -23.336259 -4.307875 -0.800000
      vertex -23.350000 -4.500000 -0.800000
    endloop
  endfacet
  facet normal -0.997452 0.071339 0.000000
    outer loop
      vertex -25.563357 -3.987667 -0.800000
      vertex -25.600000 -4.500000 -0.800000
      vertex -25.600000 -4.500000 0.800000
    endloop
  endfacet
  facet normal -0.997452 0.071339 0.000000
    outer loop
      vertex -25.563357 -3.987667 -0.800000
      vertex -25.600000 -4.500000 0.800000
      vertex -25.563357 -3.987667 0.800000
    endloop
  endfacet
  facet normal 0.997452 -0.071339 0.000000
    outer loop
      vertex -23.336259 -4.307875 -0.800000
      vertex -23.350000 -4.500000 0.800000
      vertex -23.350000 -4.500000 -0.800000
    endloop
  endfacet
  facet normal 0.997452 -0.071339 0.000000
    outer loop
      vertex -23.336259 -4.307875 -0.800000
      vertex -23.336259 -4.307875 0.800000
      vertex -23.350000 -4.500000 0.800000
    endloop
  endfacet
  facet normal 0.000000 0.000000 1.000000
    outer loop
      vertex -25.600000 -4.500000 0.800000
      vertex -25.563357 -5.012333 0.800000
      vertex -23.336259 -4.692125 0.800000
    endloop
  endfacet
  facet normal 0.000000 0.000000 1.000000
    outer loop
      vertex -25.600000 -4.500000 0.800000
      vertex -23.336259 -4.692125 0.800000
      vertex -23.350000 -4.500000 0.800000
    endloop
  endfacet
  facet normal 0.000000 0.000000 -1.000000
    outer loop
      vertex -25.600000 -4.500000 -0.800000
      vertex -23.336259 -4.692125 -0.800000
      vertex -25.563357 -5.012333 -0.800000
    endloop
  endfacet
  facet normal 0.000000 0.000000 -1.000000
    outer loop
      vertex -25.600000 -4.500000 -0.800000
      vertex -23.350000 -4.500000 -0.800000
      vertex -23.336259 -4.692125 -0.800000
    endloop
  endfacet
  facet normal -0.997452 -0.071339 0.000000
    outer loop
      vertex -25.600000 -4.500000 -0.800000
      vertex -25.563357 -5.012333 -0.800000
      vertex -25.563357 -5.012333 0.800000
    endloop
  endfacet
  facet normal -0.997452 -0.071339 0.000000
    outer loop
      vertex -25.600000 -4.500000 -0.800000
      vertex -25.563357 -5.012333 0.800000
      vertex -25.600000 -4.500000 0.800000
    endloop
  endfacet
  facet normal 0.997452 0.071339 0.000000
    outer loop
      vertex -23.350000 -4.500000 -0.800000
      vertex -23.336259 -4.692125 0.800000
      vertex -23.336259 -4.692125 -0.800000
    endloop
  endfacet
  facet normal 0.997452 0.071339 -0.000000
    outer loop
      vertex -23.350000 -4.500000 -0.800000
      vertex -23.350000 -4.500000 0.800000
      vertex -23.336259 -4.692125 0.800000
    endloop
  endfacet
  facet normal -0.000000 0.000000 1.000000
    outer loop
      vertex -25.563357 -5.012333 0.800000
      vertex -25.454175 -5.514237 0.800000
      vertex -23.295316 -4.880339 0.800000
    endloop
  endfacet
  facet normal 0.000000 0.000000 1.000000
    outer loop
      vertex -25.563357 -5.012333 0.800000
      vertex -23.295316 -4.880339 0.800000
      vertex -23.336259 -4.692125 0.800000
    endloop
  endfacet
  facet normal 0.000000 0.000000 -1.000000
    outer loop
      vertex -25.563357 -5.012333 -0.800000
      vertex -23.295316 -4.880339 -0.800000
      vertex -25.454175 -5.514237 -0.800000
    endloop
  endfacet
  facet normal 0.000000 0.000000 -1.000000
    outer loop
      vertex -25.563357 -5.012333 -0.800000
      vertex -23.336259 -4.692125 -0.800000
      vertex -23.295316 -4.880339 -0.800000
    endloop
  endfacet
  facet normal -0.977147 -0.212565 0.000000
    outer loop
      vertex -25.563357 -5.012333 -0.800000
      vertex -25.454175 -5.514237 -0.800000
      vertex -25.454175 -5.514237 0.800000
    endloop
  endfacet
  facet normal -0.977147 -0.212565 0.000000
    outer loop
      vertex -25.563357 -5.012333 -0.800000
      vertex -25.454175 -5.514237 0.800000
      vertex -25.563357 -5.012333 0.800000
    endloop
  endfacet
  facet normal 0.977147 0.212565 0.000000
    outer loop
      vertex -23.336259 -4.692125 -0.800000
      vertex -23.295316 -4.880339 0.800000
      vertex -23.295316 -4.880339 -0.800000
    endloop
  endfacet
  facet normal 0.977147 0.212565 -0.000000
    outer loop
      vertex -23.336259 -4.692125 -0.800000
      vertex -23.336259 -4.692125 0.800000
      vertex -23.295316 -4.880339 0.800000
    endloop
  endfacet
  facet normal -0.000000 0.000000 1.000000
    outer loop
      vertex -25.454175 -5.514237 0.800000
      vertex -25.274675 -5.995494 0.800000
      vertex -23.228003 -5.060810 0.800000
    endloop
  endfacet
  facet normal 0.000000 0.000000 1.000000
    outer loop
      vertex -25.454175 -5.514237 0.800000
      vertex -23.228003 -5.060810 0.800000
      vertex -23.295316 -4.880339 0.800000
    endloop
  endfacet
  facet normal 0.000000 0.000000 -1.000000
    outer loop
      vertex -25.454175 -5.514237 -0.800000
      vertex -23.228003 -5.060810 -0.800000
      vertex -25.274675 -5.995494 -0.800000
    endloop
  endfacet
  facet normal 0.000000 0.000000 -1.000000
    outer loop
      vertex -25.454175 -5.514237 -0.800000
      vertex -23.295316 -4.880339 -0.800000
      vertex -23.228003 -5.060810 -0.800000
    endloop
  endfacet
  facet normal -0.936950 -0.349464 0.000000
    outer loop
      vertex -25.454175 -5.514237 -0.800000
      vertex -25.274675 -5.995494 -0.800000
      vertex -25.274675 -5.995494 0.800000
    endloop
  endfacet
  facet normal -0.936950 -0.349464 0.000000
    outer loop
      vertex -25.454175 -5.514237 -0.800000
      vertex -25.274675 -5.995494 0.800000
      vertex -25.454175 -5.514237 0.800000
    endloop
  endfacet
  facet normal 0.936950 0.349464 0.000000
    outer loop
      vertex -23.295316 -4.880339 -0.800000
      vertex -23.228003 -5.060810 0.800000
      vertex -23.228003 -5.060810 -0.800000
    endloop
  endfacet
  facet normal 0.936950 0.349464 -0.000000
    outer loop
      vertex -23.295316 -4.880339 -0.800000
      vertex -23.295316 -4.880339 0.800000
      vertex -23.228003 -5.060810 0.800000
    endloop
  endfacet
  facet normal -0.000000 0.000000 1.000000
    outer loop
      vertex -25.274675 -5.995494 0.800000
      vertex -25.028513 -6.446307 0.800000
      vertex -23.135692 -5.229865 0.800000
    endloop
  endfacet
  facet normal 0.000000 0.000000 1.000000
    outer loop
      vertex -25.274675 -5.995494 0.800000
      vertex -23.135692 -5.229865 0.800000
      vertex -23.228003 -5.060810 0.800000
    endloop
  endfacet
  facet normal 0.000000 0.000000 -1.000000
    outer loop
      vertex -25.274675 -5.995494 -0.800000
      vertex -23.135692 -5.229865 -0.800000
      vertex -25.028513 -6.446307 -0.800000
    endloop
  endfacet
  facet normal 0.000000 0.000000 -1.000000
    outer loop
      vertex -25.274675 -5.995494 -0.800000
      vertex -23.228003 -5.060810 -0.800000
      vertex -23.135692 -5.229865 -0.800000
    endloop
  endfacet
  facet normal -0.877679 -0.479249 0.000000
    outer loop
      vertex -25.274675 -5.995494 -0.800000
      vertex -25.028513 -6.446307 -0.800000
      vertex -25.028513 -6.446307 0.800000
    endloop
  endfacet
  facet normal -0.877679 -0.479249 0.000000
    outer loop
      vertex -25.274675 -5.995494 -0.800000
      vertex -25.028513 -6.446307 0.800000
      vertex -25.274675 -5.995494 0.800000
    endloop
  endfacet
  facet normal 0.877679 0.479249 0.000000
    outer loop
      vertex -23.228003 -5.060810 -0.800000
      vertex -23.135692 -5.229865 0.800000
      vertex -23.135692 -5.229865 -0.800000
    endloop
  endfacet
  facet normal 0.877679 0.479249 -0.000000
    outer loop
      vertex -23.228003 -5.060810 -0.800000
      vertex -23.228003 -5.060810 0.800000
      vertex -23.135692 -5.229865 0.800000
    endloop
  endfacet
  facet normal -0.000000 0.000000 1.000000
    outer loop
      vertex -25.028513 -6.446307 0.800000
      vertex -24.720698 -6.857499 0.800000
      vertex -23.020262 -5.384062 0.800000
    endloop
  endfacet
  facet normal 0.000000 0.000000 1.000000
    outer loop
      vertex -25.028513 -6.446307 0.800000
      vertex -23.020262 -5.384062 0.800000
      vertex -23.135692 -5.229865 0.800000
    endloop
  endfacet
  facet normal 0.000000 0.000000 -1.000000
    outer loop
      vertex -25.028513 -6.446307 -0.800000
      vertex -23.020262 -5.384062 -0.800000
      vertex -24.720698 -6.857499 -0.800000
    endloop
  endfacet
  facet normal 0.000000 0.000000 -1.000000
    outer loop
      vertex -25.028513 -6.446307 -0.800000
      vertex -23.135692 -5.229865 -0.800000
      vertex -23.020262 -5.384062 -0.800000
    endloop
  endfacet
  facet normal -0.800541 -0.599278 0.000000
    outer loop
      vertex -25.028513 -6.446307 -0.800000
      vertex -24.720698 -6.857499 -0.800000
      vertex -24.720698 -6.857499 0.800000
    endloop
  endfacet
  facet normal -0.800541 -0.599278 0.000000
    outer loop
      vertex -25.028513 -6.446307 -0.800000
      vertex -24.720698 -6.857499 0.800000
      vertex -25.028513 -6.446307 0.800000
    endloop
  endfacet
  facet normal 0.800541 0.599278 0.000000
    outer loop
      vertex -23.135692 -5.229865 -0.800000
      vertex -23.020262 -5.384062 0.800000
      vertex -23.020262 -5.384062 -0.800000
    endloop
  endfacet
  facet normal 0.800541 0.599278 -0.000000
    outer loop
      vertex -23.135692 -5.229865 -0.800000
      vertex -23.135692 -5.229865 0.800000
      vertex -23.020262 -5.384062 0.800000
    endloop
  endfacet
  facet normal -0.000000 0.000000 1.000000
    outer loop
      vertex -24.720698 -6.857499 0.800000
      vertex -24.357499 -7.220698 0.800000
      vertex -22.884062 -5.520262 0.800000
    endloop
  endfacet
  facet normal 0.000000 0.000000 1.000000
    outer loop
      vertex -24.720698 -6.857499 0.800000
      vertex -22.884062 -5.520262 0.800000
      vertex -23.020262 -5.384062 0.800000
    endloop
  endfacet
  facet normal 0.000000 0.000000 -1.000000
    outer loop
      vertex -24.720698 -6.857499 -0.800000
      vertex -22.884062 -5.520262 -0.800000
      vertex -24.357499 -7.220698 -0.800000
    endloop
  endfacet
  facet normal 0.000000 0.000000 -1.000000
    outer loop
      vertex -24.720698 -6.857499 -0.800000
      vertex -23.020262 -5.384062 -0.800000
      vertex -22.884062 -5.520262 -0.800000
    endloop
  endfacet
  facet normal -0.707107 -0.707107 0.000000
    outer loop
      vertex -24.720698 -6.857499 -0.800000
      vertex -24.357499 -7.220698 -0.800000
      vertex -24.357499 -7.220698 0.800000
    endloop
  endfacet
  facet normal -0.707107 -0.707107 0.000000
    outer loop
      vertex -24.720698 -6.857499 -0.800000
      vertex -24.357499 -7.220698 0.800000
      vertex -24.720698 -6.857499 0.800000
    endloop
  endfacet
  facet normal 0.707107 0.707107 0.000000
    outer loop
      vertex -23.020262 -5.384062 -0.800000
      vertex -22.884062 -5.520262 0.800000
      vertex -22.884062 -5.520262 -0.800000
    endloop
  endfacet
  facet normal 0.707107 0.707107 -0.000000
    outer loop
      vertex -23.020262 -5.384062 -0.800000
      vertex -23.020262 -5.384062 0.800000
      vertex -22.884062 -5.520262 0.800000
    endloop
  endfacet
  facet normal -0.000000 0.000000 1.000000
    outer loop
      vertex -24.357499 -7.220698 0.800000
      vertex -23.946307 -7.528513 0.800000
      vertex -22.729865 -5.635692 0.800000
    endloop
  endfacet
  facet normal 0.000000 0.000000 1.000000
    outer loop
      vertex -24.357499 -7.220698 0.800000
      vertex -22.729865 -5.635692 0.800000
      vertex -22.884062 -5.520262 0.800000
    endloop
  endfacet
  facet normal 0.000000 0.000000 -1.000000
    outer loop
      vertex -24.357499 -7.220698 -0.800000
      vertex -22.729865 -5.635692 -0.800000
      vertex -23.946307 -7.528513 -0.800000
    endloop
  endfacet
  facet normal 0.000000 0.000000 -1.000000
    outer loop
      vertex -24.357499 -7.220698 -0.800000
      vertex -22.884062 -5.520262 -0.800000
      vertex -22.729865 -5.635692 -0.800000
    endloop
  endfacet
  facet normal -0.599278 -0.800541 0.000000
    outer loop
      vertex -24.357499 -7.220698 -0.800000
      vertex -23.946307 -7.528513 -0.800000
      vertex -23.946307 -7.528513 0.800000
    endloop
  endfacet
  facet normal -0.599278 -0.800541 0.000000
    outer loop
      vertex -24.357499 -7.220698 -0.800000
      vertex -23.946307 -7.528513 0.800000
      vertex -24.357499 -7.220698 0.800000
    endloop
  endfacet
  facet normal 0.599278 0.800541 0.000000
    outer loop
      vertex -22.884062 -5.520262 -0.800000
      vertex -22.729865 -5.635692 0.800000
      vertex -22.729865 -5.635692 -0.800000
    endloop
  endfacet
  facet normal 0.599278 0.800541 -0.000000
    outer loop
      vertex -22.884062 -5.520262 -0.800000
      vertex -22.884062 -5.520262 0.800000
      vertex -22.729865 -5.635692 0.800000
    endloop
  endfacet
  facet normal -0.000000 0.000000 1.000000
    outer loop
      vertex -23.946307 -7.528513 0.800000
      vertex -23.495494 -7.774675 0.800000
      vertex -22.560810 -5.728003 0.800000
    endloop
  endfacet
  facet normal 0.000000 0.000000 1.000000
    outer loop
      vertex -23.946307 -7.528513 0.800000
      vertex -22.560810 -5.728003 0.800000
      vertex -22.729865 -5.635692 0.800000
    endloop
  endfacet
  facet normal 0.000000 0.000000 -1.000000
    outer loop
      vertex -23.946307 -7.528513 -0.800000
      vertex -22.560810 -5.728003 -0.800000
      vertex -23.495494 -7.774675 -0.800000
    endloop
  endfacet
  facet normal 0.000000 0.000000 -1.000000
    outer loop
      vertex -23.946307 -7.528513 -0.800000
      vertex -22.729865 -5.635692 -0.800000
      vertex -22.560810 -5.728003 -0.800000
    endloop
  endfacet
  facet normal -0.479249 -0.877679 0.000000
    outer loop
      vertex -23.946307 -7.528513 -0.800000
      vertex -23.495494 -7.774675 -0.800000
      vertex -23.495494 -7.774675 0.800000
    endloop
  endfacet
  facet normal -0.479249 -0.877679 0.000000
    outer loop
      vertex -23.946307 -7.528513 -0.800000
      vertex -23.495494 -7.774675 0.800000
      vertex -23.946307 -7.528513 0.800000
    endloop
  endfacet
  facet normal 0.479249 0.877679 0.000000
    outer loop
      vertex -22.729865 -5.635692 -0.800000
      vertex -22.560810 -5.728003 0.800000
      vertex -22.560810 -5.728003 -0.800000
    endloop
  endfacet
  facet normal 0.479249 0.877679 -0.000000
    outer loop
      vertex -22.729865 -5.635692 -0.800000
      vertex -22.729865 -5.635692 0.800000
      vertex -22.560810 -5.728003 0.800000
    endloop
  endfacet
  facet normal -0.000000 0.000000 1.000000
    outer loop
      vertex -23.495494 -7.774675 0.800000
      vertex -23.014237 -7.954175 0.800000
      vertex -22.380339 -5.795316 0.800000
    endloop
  endfacet
  facet normal 0.000000 0.000000 1.000000
    outer loop
      vertex -23.495494 -7.774675 0.800000
      vertex -22.380339 -5.795316 0.800000
      vertex -22.560810 -5.728003 0.800000
    endloop
  endfacet
  facet normal 0.000000 0.000000 -1.000000
    outer loop
      vertex -23.495494 -7.774675 -0.800000
      vertex -22.380339 -5.795316 -0.800000
      vertex -23.014237 -7.954175 -0.800000
    endloop
  endfacet
  facet normal 0.000000 0.000000 -1.000000
    outer loop
      vertex -23.495494 -7.774675 -0.800000
      vertex -22.560810 -5.728003 -0.800000
      vertex -22.380339 -5.795316 -0.800000
    endloop
  endfacet
  facet normal -0.349464 -0.936950 0.000000
    outer loop
      vertex -23.495494 -7.774675 -0.800000
      vertex -23.014237 -7.954175 -0.800000
      vertex -23.014237 -7.954175 0.800000
    endloop
  endfacet
  facet normal -0.349464 -0.936950 0.000000
    outer loop
      vertex -23.495494 -7.774675 -0.800000
      vertex -23.014237 -7.954175 0.800000
      vertex -23.495494 -7.774675 0.800000
    endloop
  endfacet
  facet normal 0.349464 0.936950 0.000000
    outer loop
      vertex -22.560810 -5.728003 -0.800000
      vertex -22.380339 -5.795316 0.800000
      vertex -22.380339 -5.795316 -0.800000
    endloop
  endfacet
  facet normal 0.349464 0.936950 -0.000000
    outer loop
      vertex -22.560810 -5.728003 -0.800000
      vertex -22.560810 -5.728003 0.800000
      vertex -22.380339 -5.795316 0.800000
    endloop
  endfacet
  facet normal -0.000000 0.000000 1.000000
    outer loop
      vertex -23.014237 -7.954175 0.800000
      vertex -22.512333 -8.063357 0.800000
      vertex -22.192125 -5.836259 0.800000
    endloop
  endfacet
  facet normal 0.000000 0.000000 1.000000
    outer loop
      vertex -23.014237 -7.954175 0.800000
      vertex -22.192125 -5.836259 0.800000
      vertex -22.380339 -5.795316 0.800000
    endloop
  endfacet
  facet normal 0.000000 0.000000 -1.000000
    outer loop
      vertex -23.014237 -7.954175 -0.800000
      vertex -22.192125 -5.836259 -0.800000
      vertex -22.512333 -8.063357 -0.800000
    endloop
  endfacet
  facet normal 0.000000 0.000000 -1.000000
    outer loop
      vertex -23.014237 -7.954175 -0.800000
      vertex -22.380339 -5.795316 -0.800000
      vertex -22.192125 -5.836259 -0.800000
    endloop
  endfacet
  facet normal -0.212565 -0.977147 0.000000
    outer loop
      vertex -23.014237 -7.954175 -0.800000
      vertex -22.512333 -8.063357 -0.800000
      vertex -22.512333 -8.063357 0.800000
    endloop
  endfacet
  facet normal -0.212565 -0.977147 0.000000
    outer loop
      vertex -23.014237 -7.954175 -0.800000
      vertex -22.512333 -8.063357 0.800000
      vertex -23.014237 -7.954175 0.800000
    endloop
  endfacet
  facet normal 0.212565 0.977147 0.000000
    outer loop
      vertex -22.380339 -5.795316 -0.800000
      vertex -22.192125 -5.836259 0.800000
      vertex -22.192125 -5.836259 -0.800000
    endloop
  endfacet
  facet normal 0.212565 0.977147 -0.000000
    outer loop
      vertex -22.380339 -5.795316 -0.800000
      vertex -22.380339 -5.795316 0.800000
      vertex -22.192125 -5.836259 0.800000
    endloop
  endfacet
  facet normal -0.000000 0.000000 1.000000
    outer loop
      vertex -22.512333 -8.063357 0.800000
      vertex -22.000000 -8.100000 0.800000
      vertex -22.000000 -5.850000 0.800000
    endloop
  endfacet
  facet normal 0.000000 0.000000 1.000000
    outer loop
      vertex -22.512333 -8.063357 0.800000
      vertex -22.000000 -5.850000 0.800000
      vertex -22.192125 -5.836259 0.800000
    endloop
  endfacet
  facet normal 0.000000 0.000000 -1.000000
    outer loop
      vertex -22.512333 -8.063357 -0.800000
      vertex -22.000000 -5.850000 -0.800000
      vertex -22.000000 -8.100000 -0.800000
    endloop
  endfacet
  facet normal 0.000000 0.000000 -1.000000
    outer loop
      vertex -22.512333 -8.063357 -0.800000
      vertex -22.192125 -5.836259 -0.800000
      vertex -22.000000 -5.850000 -0.800000
    endloop
  endfacet
  facet normal -0.071339 -0.997452 0.000000
    outer loop
      vertex -22.512333 -8.063357 -0.800000
      vertex -22.000000 -8.100000 -0.800000
      vertex -22.000000 -8.100000 0.800000
    endloop
  endfacet
  facet normal -0.071339 -0.997452 0.000000
    outer loop
      vertex -22.512333 -8.063357 -0.800000
      vertex -22.000000 -8.100000 0.800000
      vertex -22.512333 -8.063357 0.800000
    endloop
  endfacet
  facet normal 0.071339 0.997452 0.000000
    outer loop
      vertex -22.192125 -5.836259 -0.800000
      vertex -22.000000 -5.850000 0.800000
      vertex -22.000000 -5.850000 -0.800000
    endloop
  endfacet
  facet normal 0.071339 0.997452 -0.000000
    outer loop
      vertex -22.192125 -5.836259 -0.800000
      vertex -22.192125 -5.836259 0.800000
      vertex -22.000000 -5.850000 0.800000
    endloop
  endfacet
  facet normal 0.000000 0.000000 1.000000
    outer loop
      vertex -22.000000 -8.100000 0.800000
      vertex -21.487667 -8.063357 0.800000
      vertex -21.807875 -5.836259 0.800000
    endloop
  endfacet
  facet normal 0.000000 0.000000 1.000000
    outer loop
      vertex -22.000000 -8.100000 0.800000
      vertex -21.807875 -5.836259 0.800000
      vertex -22.000000 -5.850000 0.800000
    endloop
  endfacet
  facet normal 0.000000 0.000000 -1.000000
    outer loop
      vertex -22.000000 -8.100000 -0.800000
      vertex -21.807875 -5.836259 -0.800000
      vertex -21.487667 -8.063357 -0.800000
    endloop
  endfacet
  facet normal 0.000000 0.000000 -1.000000
    outer loop
      vertex -22.000000 -8.100000 -0.800000
      vertex -22.000000 -5.850000 -0.800000
      vertex -21.807875 -5.836259 -0.800000
    endloop
  endfacet
  facet normal 0.071339 -0.997452 0.000000
    outer loop
      vertex -22.000000 -8.100000 -0.800000
      vertex -21.487667 -8.063357 -0.800000
      vertex -21.487667 -8.063357 0.800000
    endloop
  endfacet
  facet normal 0.071339 -0.997452 0.000000
    outer loop
      vertex -22.000000 -8.100000 -0.800000
      vertex -21.487667 -8.063357 0.800000
      vertex -22.000000 -8.100000 0.800000
    endloop
  endfacet
  facet normal -0.071339 0.997452 0.000000
    outer loop
      vertex -22.000000 -5.850000 -0.800000
      vertex -21.807875 -5.836259 0.800000
      vertex -21.807875 -5.836259 -0.800000
    endloop
  endfacet
  facet normal -0.071339 0.997452 0.000000
    outer loop
      vertex -22.000000 -5.850000 -0.800000
      vertex -22.000000 -5.850000 0.800000
      vertex -21.807875 -5.836259 0.800000
    endloop
  endfacet
  facet normal 0.000000 -0.000000 1.000000
    outer loop
      vertex -21.487667 -8.063357 0.800000
      vertex -20.985763 -7.954175 0.800000
      vertex -21.619661 -5.795316 0.800000
    endloop
  endfacet
  facet normal 0.000000 0.000000 1.000000
    outer loop
      vertex -21.487667 -8.063357 0.800000
      vertex -21.619661 -5.795316 0.800000
      vertex -21.807875 -5.836259 0.800000
    endloop
  endfacet
  facet normal 0.000000 0.000000 -1.000000
    outer loop
      vertex -21.487667 -8.063357 -0.800000
      vertex -21.619661 -5.795316 -0.800000
      vertex -20.985763 -7.954175 -0.800000
    endloop
  endfacet
  facet normal 0.000000 0.000000 -1.000000
    outer loop
      vertex -21.487667 -8.063357 -0.800000
      vertex -21.807875 -5.836259 -0.800000
      vertex -21.619661 -5.795316 -0.800000
    endloop
  endfacet
  facet normal 0.212565 -0.977147 0.000000
    outer loop
      vertex -21.487667 -8.063357 -0.800000
      vertex -20.985763 -7.954175 -0.800000
      vertex -20.985763 -7.954175 0.800000
    endloop
  endfacet
  facet normal 0.212565 -0.977147 0.000000
    outer loop
      vertex -21.487667 -8.063357 -0.800000
      vertex -20.985763 -7.954175 0.800000
      vertex -21.487667 -8.063357 0.800000
    endloop
  endfacet
  facet normal -0.212565 0.977147 0.000000
    outer loop
      vertex -21.807875 -5.836259 -0.800000
      vertex -21.619661 -5.795316 0.800000
      vertex -21.619661 -5.795316 -0.800000
    endloop
  endfacet
  facet normal -0.212565 0.977147 0.000000
    outer loop
      vertex -21.807875 -5.836259 -0.800000
      vertex -21.807875 -5.836259 0.800000
      vertex -21.619661 -5.795316 0.800000
    endloop
  endfacet
  facet normal 0.000000 -0.000000 1.000000
    outer loop
      vertex -20.985763 -7.954175 0.800000
      vertex -20.504506 -7.774675 0.800000
      vertex -21.439190 -5.728003 0.800000
    endloop
  endfacet
  facet normal 0.000000 0.000000 1.000000
    outer loop
      vertex -20.985763 -7.954175 0.800000
      vertex -21.439190 -5.728003 0.800000
      vertex -21.619661 -5.795316 0.800000
    endloop
  endfacet
  facet normal 0.000000 0.000000 -1.000000
    outer loop
      vertex -20.985763 -7.954175 -0.800000
      vertex -21.439190 -5.728003 -0.800000
      vertex -20.504506 -7.774675 -0.800000
    endloop
  endfacet
  facet normal 0.000000 0.000000 -1.000000
    outer loop
      vertex -20.985763 -7.954175 -0.800000
      vertex -21.619661 -5.795316 -0.800000
      vertex -21.439190 -5.728003 -0.800000
    endloop
  endfacet
  facet normal 0.349464 -0.936950 0.000000
    outer loop
      vertex -20.985763 -7.954175 -0.800000
      vertex -20.504506 -7.774675 -0.800000
      vertex -20.504506 -7.774675 0.800000
    endloop
  endfacet
  facet normal 0.349464 -0.936950 0.000000
    outer loop
      vertex -20.985763 -7.954175 -0.800000
      vertex -20.504506 -7.774675 0.800000
      vertex -20.985763 -7.954175 0.800000
    endloop
  endfacet
  facet normal -0.349464 0.936950 0.000000
    outer loop
      vertex -21.619661 -5.795316 -0.800000
      vertex -21.439190 -5.728003 0.800000
      vertex -21.439190 -5.728003 -0.800000
    endloop
  endfacet
  facet normal -0.349464 0.936950 0.000000
    outer loop
      vertex -21.619661 -5.795316 -0.800000
      vertex -21.619661 -5.795316 0.800000
      vertex -21.439190 -5.728003 0.800000
    endloop
  endfacet
  facet normal 0.000000 -0.000000 1.000000
    outer loop
      vertex -20.504506 -7.774675 0.800000
      vertex -20.053693 -7.528513 0.800000
      vertex -21.270135 -5.635692 0.800000
    endloop
  endfacet
  facet normal 0.000000 0.000000 1.000000
    outer loop
      vertex -20.504506 -7.774675 0.800000
      vertex -21.270135 -5.635692 0.800000
      vertex -21.439190 -5.728003 0.800000
    endloop
  endfacet
  facet normal 0.000000 0.000000 -1.000000
    outer loop
      vertex -20.504506 -7.774675 -0.800000
      vertex -21.270135 -5.635692 -0.800000
      vertex -20.053693 -7.528513 -0.800000
    endloop
  endfacet
  facet normal 0.000000 0.000000 -1.000000
    outer loop
      vertex -20.504506 -7.774675 -0.800000
      vertex -21.439190 -5.728003 -0.800000
      vertex -21.270135 -5.635692 -0.800000
    endloop
  endfacet
  facet normal 0.479249 -0.877679 0.000000
    outer loop
      vertex -20.504506 -7.774675 -0.800000
      vertex -20.053693 -7.528513 -0.800000
      vertex -20.053693 -7.528513 0.800000
    endloop
  endfacet
  facet normal 0.479249 -0.877679 0.000000
    outer loop
      vertex -20.504506 -7.774675 -0.800000
      vertex -20.053693 -7.528513 0.800000
      vertex -20.504506 -7.774675 0.800000
    endloop
  endfacet
  facet normal -0.479249 0.877679 0.000000
    outer loop
      vertex -21.439190 -5.728003 -0.800000
      vertex -21.270135 -5.635692 0.800000
      vertex -21.270135 -5.635692 -0.800000
    endloop
  endfacet
  facet normal -0.479249 0.877679 0.000000
    outer loop
      vertex -21.439190 -5.728003 -0.800000
      vertex -21.439190 -5.728003 0.800000
      vertex -21.270135 -5.635692 0.800000
    endloop
  endfacet
  facet normal 0.000000 -0.000000 1.000000
    outer loop
      vertex -20.053693 -7.528513 0.800000
      vertex -19.642501 -7.220698 0.800000
      vertex -21.115938 -5.520262 0.800000
    endloop
  endfacet
  facet normal 0.000000 0.000000 1.000000
    outer loop
      vertex -20.053693 -7.528513 0.800000
      vertex -21.115938 -5.520262 0.800000
      vertex -21.270135 -5.635692 0.800000
    endloop
  endfacet
  facet normal 0.000000 0.000000 -1.000000
    outer loop
      vertex -20.053693 -7.528513 -0.800000
      vertex -21.115938 -5.520262 -0.800000
      vertex -19.642501 -7.220698 -0.800000
    endloop
  endfacet
  facet normal 0.000000 0.000000 -1.000000
    outer loop
      vertex -20.053693 -7.528513 -0.800000
      vertex -21.270135 -5.635692 -0.800000
      vertex -21.115938 -5.520262 -0.800000
    endloop
  endfacet
  facet normal 0.599278 -0.800541 0.000000
    outer loop
      vertex -20.053693 -7.528513 -0.800000
      vertex -19.642501 -7.220698 -0.800000
      vertex -19.642501 -7.220698 0.800000
    endloop
  endfacet
  facet normal 0.599278 -0.800541 0.000000
    outer loop
      vertex -20.053693 -7.528513 -0.800000
      vertex -19.642501 -7.220698 0.800000
      vertex -20.053693 -7.528513 0.800000
    endloop
  endfacet
  facet normal -0.599278 0.800541 0.000000
    outer loop
      vertex -21.270135 -5.635692 -0.800000
      vertex -21.115938 -5.520262 0.800000
      vertex -21.115938 -5.520262 -0.800000
    endloop
  endfacet
  facet normal -0.599278 0.800541 0.000000
    outer loop
      vertex -21.270135 -5.635692 -0.800000
      vertex -21.270135 -5.635692 0.800000
      vertex -21.115938 -5.520262 0.800000
    endloop
  endfacet
  facet normal 0.000000 -0.000000 1.000000
    outer loop
      vertex -19.642501 -7.220698 0.800000
      vertex -19.279302 -6.857499 0.800000
      vertex -20.979738 -5.384062 0.800000
    endloop
  endfacet
  facet normal 0.000000 0.000000 1.000000
    outer loop
      vertex -19.642501 -7.220698 0.800000
      vertex -20.979738 -5.384062 0.800000
      vertex -21.115938 -5.520262 0.800000
    endloop
  endfacet
  facet normal 0.000000 0.000000 -1.000000
    outer loop
      vertex -19.642501 -7.220698 -0.800000
      vertex -20.979738 -5.384062 -0.800000
      vertex -19.279302 -6.857499 -0.800000
    endloop
  endfacet
  facet normal 0.000000 0.000000 -1.000000
    outer loop
      vertex -19.642501 -7.220698 -0.800000
      vertex -21.115938 -5.520262 -0.800000
      vertex -20.979738 -5.384062 -0.800000
    endloop
  endfacet
  facet normal 0.707107 -0.707107 0.000000
    outer loop
      vertex -19.642501 -7.220698 -0.800000
      vertex -19.279302 -6.857499 -0.800000
      vertex -19.279302 -6.857499 0.800000
    endloop
  endfacet
  facet normal 0.707107 -0.707107 0.000000
    outer loop
      vertex -19.642501 -7.220698 -0.800000
      vertex -19.279302 -6.857499 0.800000
      vertex -19.642501 -7.220698 0.800000
    endloop
  endfacet
  facet normal -0.707107 0.707107 0.000000
    outer loop
      vertex -21.115938 -5.520262 -0.800000
      vertex -20.979738 -5.384062 0.800000
      vertex -20.979738 -5.384062 -0.800000
    endloop
  endfacet
  facet normal -0.707107 0.707107 0.000000
    outer loop
      vertex -21.115938 -5.520262 -0.800000
      vertex -21.115938 -5.520262 0.800000
      vertex -20.979738 -5.384062 0.800000
    endloop
  endfacet
  facet normal 0.000000 -0.000000 1.000000
    outer loop
      vertex -19.279302 -6.857499 0.800000
      vertex -18.971487 -6.446307 0.800000
      vertex -20.864308 -5.229865 0.800000
    endloop
  endfacet
  facet normal 0.000000 0.000000 1.000000
    outer loop
      vertex -19.279302 -6.857499 0.800000
      vertex -20.864308 -5.229865 0.800000
      vertex -20.979738 -5.384062 0.800000
    endloop
  endfacet
  facet normal 0.000000 0.000000 -1.000000
    outer loop
      vertex -19.279302 -6.857499 -0.800000
      vertex -20.864308 -5.229865 -0.800000
      vertex -18.971487 -6.446307 -0.800000
    endloop
  endfacet
  facet normal 0.000000 0.000000 -1.000000
    outer loop
      vertex -19.279302 -6.857499 -0.800000
      vertex -20.979738 -5.384062 -0.800000
      vertex -20.864308 -5.229865 -0.800000
    endloop
  endfacet
  facet normal 0.800541 -0.599278 0.000000
    outer loop
      vertex -19.279302 -6.857499 -0.800000
      vertex -18.971487 -6.446307 -0.800000
      vertex -18.971487 -6.446307 0.800000
    endloop
  endfacet
  facet normal 0.800541 -0.599278 0.000000
    outer loop
      vertex -19.279302 -6.857499 -0.800000
      vertex -18.971487 -6.446307 0.800000
      vertex -19.279302 -6.857499 0.800000
    endloop
  endfacet
  facet normal -0.800541 0.599278 0.000000
    outer loop
      vertex -20.979738 -5.384062 -0.800000
      vertex -20.864308 -5.229865 0.800000
      vertex -20.864308 -5.229865 -0.800000
    endloop
  endfacet
  facet normal -0.800541 0.599278 0.000000
    outer loop
      vertex -20.979738 -5.384062 -0.800000
      vertex -20.979738 -5.384062 0.800000
      vertex -20.864308 -5.229865 0.800000
    endloop
  endfacet
  facet normal 0.000000 -0.000000 1.000000
    outer loop
      vertex -18.971487 -6.446307 0.800000
      vertex -18.725325 -5.995494 0.800000
      vertex -20.771997 -5.060810 0.800000
    endloop
  endfacet
  facet normal 0.000000 0.000000 1.000000
    outer loop
      vertex -18.971487 -6.446307 0.800000
      vertex -20.771997 -5.060810 0.800000
      vertex -20.864308 -5.229865 0.800000
    endloop
  endfacet
  facet normal 0.000000 0.000000 -1.000000
    outer loop
      vertex -18.971487 -6.446307 -0.800000
      vertex -20.771997 -5.060810 -0.800000
      vertex -18.725325 -5.995494 -0.800000
    endloop
  endfacet
  facet normal 0.000000 0.000000 -1.000000
    outer loop
      vertex -18.971487 -6.446307 -0.800000
      vertex -20.864308 -5.229865 -0.800000
      vertex -20.771997 -5.060810 -0.800000
    endloop
  endfacet
  facet normal 0.877679 -0.479249 0.000000
    outer loop
      vertex -18.971487 -6.446307 -0.800000
      vertex -18.725325 -5.995494 -0.800000
      vertex -18.725325 -5.995494 0.800000
    endloop
  endfacet
  facet normal 0.877679 -0.479249 0.000000
    outer loop
      vertex -18.971487 -6.446307 -0.800000
      vertex -18.725325 -5.995494 0.800000
      vertex -18.971487 -6.446307 0.800000
    endloop
  endfacet
  facet normal -0.877679 0.479249 0.000000
    outer loop
      vertex -20.864308 -5.229865 -0.800000
      vertex -20.771997 -5.060810 0.800000
      vertex -20.771997 -5.060810 -0.800000
    endloop
  endfacet
  facet normal -0.877679 0.479249 0.000000
    outer loop
      vertex -20.864308 -5.229865 -0.800000
      vertex -20.864308 -5.229865 0.800000
      vertex -20.771997 -5.060810 0.800000
    endloop
  endfacet
  facet normal 0.000000 -0.000000 1.000000
    outer loop
      vertex -18.725325 -5.995494 0.800000
      vertex -18.545825 -5.514237 0.800000
      vertex -20.704684 -4.880339 0.800000
    endloop
  endfacet
  facet normal 0.000000 0.000000 1.000000
    outer loop
      vertex -18.725325 -5.995494 0.800000
      vertex -20.704684 -4.880339 0.800000
      vertex -20.771997 -5.060810 0.800000
    endloop
  endfacet
  facet normal 0.000000 0.000000 -1.000000
    outer loop
      vertex -18.725325 -5.995494 -0.800000
      vertex -20.704684 -4.880339 -0.800000
      vertex -18.545825 -5.514237 -0.800000
    endloop
  endfacet
  facet normal 0.000000 0.000000 -1.000000
    outer loop
      vertex -18.725325 -5.995494 -0.800000
      vertex -20.771997 -5.060810 -0.800000
      vertex -20.704684 -4.880339 -0.800000
    endloop
  endfacet
  facet normal 0.936950 -0.349464 0.000000
    outer loop
      vertex -18.725325 -5.995494 -0.800000
      vertex -18.545825 -5.514237 -0.800000
      vertex -18.545825 -5.514237 0.800000
    endloop
  endfacet
  facet normal 0.936950 -0.349464 0.000000
    outer loop
      vertex -18.725325 -5.995494 -0.800000
      vertex -18.545825 -5.514237 0.800000
      vertex -18.725325 -5.995494 0.800000
    endloop
  endfacet
  facet normal -0.936950 0.349464 0.000000
    outer loop
      vertex -20.771997 -5.060810 -0.800000
      vertex -20.704684 -4.880339 0.800000
      vertex -20.704684 -4.880339 -0.800000
    endloop
  endfacet
  facet normal -0.936950 0.349464 0.000000
    outer loop
      vertex -20.771997 -5.060810 -0.800000
      vertex -20.771997 -5.060810 0.800000
      vertex -20.704684 -4.880339 0.800000
    endloop
  endfacet
  facet normal 0.000000 -0.000000 1.000000
    outer loop
      vertex -18.545825 -5.514237 0.800000
      vertex -18.436643 -5.012333 0.800000
      vertex -20.663741 -4.692125 0.800000
    endloop
  endfacet
  facet normal 0.000000 0.000000 1.000000
    outer loop
      vertex -18.545825 -5.514237 0.800000
      vertex -20.663741 -4.692125 0.800000
      vertex -20.704684 -4.880339 0.800000
    endloop
  endfacet
  facet normal 0.000000 0.000000 -1.000000
    outer loop
      vertex -18.545825 -5.514237 -0.800000
      vertex -20.663741 -4.692125 -0.800000
      vertex -18.436643 -5.012333 -0.800000
    endloop
  endfacet
  facet normal 0.000000 0.000000 -1.000000
    outer loop
      vertex -18.545825 -5.514237 -0.800000
      vertex -20.704684 -4.880339 -0.800000
      vertex -20.663741 -4.692125 -0.800000
    endloop
  endfacet
  facet normal 0.977147 -0.212565 0.000000
    outer loop
      vertex -18.545825 -5.514237 -0.800000
      vertex -18.436643 -5.012333 -0.800000
      vertex -18.436643 -5.012333 0.800000
    endloop
  endfacet
  facet normal 0.977147 -0.212565 0.000000
    outer loop
      vertex -18.545825 -5.514237 -0.800000
      vertex -18.436643 -5.012333 0.800000
      vertex -18.545825 -5.514237 0.800000
    endloop
  endfacet
  facet normal -0.977147 0.212565 0.000000
    outer loop
      vertex -20.704684 -4.880339 -0.800000
      vertex -20.663741 -4.692125 0.800000
      vertex -20.663741 -4.692125 -0.800000
    endloop
  endfacet
  facet normal -0.977147 0.212565 0.000000
    outer loop
      vertex -20.704684 -4.880339 -0.800000
      vertex -20.704684 -4.880339 0.800000
      vertex -20.663741 -4.692125 0.800000
    endloop
  endfacet
  facet normal 0.000000 -0.000000 1.000000
    outer loop
      vertex -18.436643 -5.012333 0.800000
      vertex -18.400000 -4.500000 0.800000
      vertex -20.650000 -4.500000 0.800000
    endloop
  endfacet
  facet normal 0.000000 0.000000 1.000000
    outer loop
      vertex -18.436643 -5.012333 0.800000
      vertex -20.650000 -4.500000 0.800000
      vertex -20.663741 -4.692125 0.800000
    endloop
  endfacet
  facet normal 0.000000 0.000000 -1.000000
    outer loop
      vertex -18.436643 -5.012333 -0.800000
      vertex -20.650000 -4.500000 -0.800000
      vertex -18.400000 -4.500000 -0.800000
    endloop
  endfacet
  facet normal 0.000000 0.000000 -1.000000
    outer loop
      vertex -18.436643 -5.012333 -0.800000
      vertex -20.663741 -4.692125 -0.800000
      vertex -20.650000 -4.500000 -0.800000
    endloop
  endfacet
  facet normal 0.997452 -0.071339 0.000000
    outer loop
      vertex -18.436643 -5.012333 -0.800000
      vertex -18.400000 -4.500000 -0.800000
      vertex -18.400000 -4.500000 0.800000
    endloop
  endfacet
  facet normal 0.997452 -0.071339 0.000000
    outer loop
      vertex -18.436643 -5.012333 -0.800000
      vertex -18.400000 -4.500000 0.800000
      vertex -18.436643 -5.012333 0.800000
    endloop
  endfacet
  facet normal -0.997452 0.071339 0.000000
    outer loop
      vertex -20.663741 -4.692125 -0.800000
      vertex -20.650000 -4.500000 0.800000
      vertex -20.650000 -4.500000 -0.800000
    endloop
  endfacet
  facet normal -0.997452 0.071339 0.000000
    outer loop
      vertex -20.663741 -4.692125 -0.800000
      vertex -20.663741 -4.692125 0.800000
      vertex -20.650000 -4.500000 0.800000
    endloop
  endfacet
  facet normal 0.000000 0.000000 1.000000
    outer loop
      vertex -3.733333 -2.250000 0.800000
      vertex -3.769976 -1.737667 0.800000
      vertex -5.997074 -2.057875 0.800000
    endloop
  endfacet
  facet normal 0.000000 0.000000 1.000000
    outer loop
      vertex -3.733333 -2.250000 0.800000
      vertex -5.997074 -2.057875 0.800000
      vertex -5.983333 -2.250000 0.800000
    endloop
  endfacet
  facet normal 0.000000 0.000000 -1.000000
    outer loop
      vertex -3.733333 -2.250000 -0.800000
      vertex -5.997074 -2.057875 -0.800000
      vertex -3.769976 -1.737667 -0.800000
    endloop
  endfacet
  facet normal 0.000000 0.000000 -1.000000
    outer loop
      vertex -3.733333 -2.250000 -0.800000
      vertex -5.983333 -2.250000 -0.800000
      vertex -5.997074 -2.057875 -0.800000
    endloop
  endfacet
  facet normal 0.997452 0.071339 0.000000
    outer loop
      vertex -3.733333 -2.250000 -0.800000
      vertex -3.769976 -1.737667 -0.800000
      vertex -3.769976 -1.737667 0.800000
    endloop
  endfacet
  facet normal 0.997452 0.071339 -0.000000
    outer loop
      vertex -3.733333 -2.250000 -0.800000
      vertex -3.769976 -1.737667 0.800000
      vertex -3.733333 -2.250000 0.800000
    endloop
  endfacet
  facet normal -0.997452 -0.071339 0.000000
    outer loop
      vertex -5.983333 -2.250000 -0.800000
      vertex -5.997074 -2.057875 0.800000
      vertex -5.997074 -2.057875 -0.800000
    endloop
  endfacet
  facet normal -0.997452 -0.071339 0.000000
    outer loop
      vertex -5.983333 -2.250000 -0.800000
      vertex -5.983333 -2.250000 0.800000
      vertex -5.997074 -2.057875 0.800000
    endloop
  endfacet
  facet normal 0.000000 0.000000 1.000000
    outer loop
      vertex -3.769976 -1.737667 0.800000
      vertex -3.879159 -1.235763 0.800000
      vertex -6.038018 -1.869661 0.800000
    endloop
  endfacet
  facet normal 0.000000 0.000000 1.000000
    outer loop
      vertex -3.769976 -1.737667 0.800000
      vertex -6.038018 -1.869661 0.800000
      vertex -5.997074 -2.057875 0.800000
    endloop
  endfacet
  facet normal -0.000000 0.000000 -1.000000
    outer loop
      vertex -3.769976 -1.737667 -0.800000
      vertex -6.038018 -1.869661 -0.800000
      vertex -3.879159 -1.235763 -0.800000
    endloop
  endfacet
  facet normal 0.000000 0.000000 -1.000000
    outer loop
      vertex -3.769976 -1.737667 -0.800000
      vertex -5.997074 -2.057875 -0.800000
      vertex -6.038018 -1.869661 -0.800000
    endloop
  endfacet
  facet normal 0.977147 0.212565 0.000000
    outer loop
      vertex -3.769976 -1.737667 -0.800000
      vertex -3.879159 -1.235763 -0.800000
      vertex -3.879159 -1.235763 0.800000
    endloop
  endfacet
  facet normal 0.977147 0.212565 -0.000000
    outer loop
      vertex -3.769976 -1.737667 -0.800000
      vertex -3.879159 -1.235763 0.800000
      vertex -3.769976 -1.737667 0.800000
    endloop
  endfacet
  facet normal -0.977147 -0.212565 0.000000
    outer loop
      vertex -5.997074 -2.057875 -0.800000
      vertex -6.038018 -1.869661 0.800000
      vertex -6.038018 -1.869661 -0.800000
    endloop
  endfacet
  facet normal -0.977147 -0.212565 0.000000
    outer loop
      vertex -5.997074 -2.057875 -0.800000
      vertex -5.997074 -2.057875 0.800000
      vertex -6.038018 -1.869661 0.800000
    endloop
  endfacet
  facet normal 0.000000 0.000000 1.000000
    outer loop
      vertex -3.879159 -1.235763 0.800000
      vertex -4.058658 -0.754506 0.800000
      vertex -6.105330 -1.689190 0.800000
    endloop
  endfacet
  facet normal 0.000000 0.000000 1.000000
    outer loop
      vertex -3.879159 -1.235763 0.800000
      vertex -6.105330 -1.689190 0.800000
      vertex -6.038018 -1.869661 0.800000
    endloop
  endfacet
  facet normal -0.000000 0.000000 -1.000000
    outer loop
      vertex -3.879159 -1.235763 -0.800000
      vertex -6.105330 -1.689190 -0.800000
      vertex -4.058658 -0.754506 -0.800000
    endloop
  endfacet
  facet normal 0.000000 0.000000 -1.000000
    outer loop
      vertex -3.879159 -1.235763 -0.800000
      vertex -6.038018 -1.869661 -0.800000
      vertex -6.105330 -1.689190 -0.800000
    endloop
  endfacet
  facet normal 0.936950 0.349464 0.000000
    outer loop
      vertex -3.879159 -1.235763 -0.800000
      vertex -4.058658 -0.754506 -0.800000
      vertex -4.058658 -0.754506 0.800000
    endloop
  endfacet
  facet normal 0.936950 0.349464 -0.000000
    outer loop
      vertex -3.879159 -1.235763 -0.800000
      vertex -4.058658 -0.754506 0.800000
      vertex -3.879159 -1.235763 0.800000
    endloop
  endfacet
  facet normal -0.936950 -0.349464 0.000000
    outer loop
      vertex -6.038018 -1.869661 -0.800000
      vertex -6.105330 -1.689190 0.800000
      vertex -6.105330 -1.689190 -0.800000
    endloop
  endfacet
  facet normal -0.936950 -0.349464 0.000000
    outer loop
      vertex -6.038018 -1.869661 -0.800000
      vertex -6.038018 -1.869661 0.800000
      vertex -6.105330 -1.689190 0.800000
    endloop
  endfacet
  facet normal 0.000000 0.000000 1.000000
    outer loop
      vertex -4.058658 -0.754506 0.800000
      vertex -4.304821 -0.303693 0.800000
      vertex -6.197641 -1.520135 0.800000
    endloop
  endfacet
  facet normal 0.000000 0.000000 1.000000
    outer loop
      vertex -4.058658 -0.754506 0.800000
      vertex -6.197641 -1.520135 0.800000
      vertex -6.105330 -1.689190 0.800000
    endloop
  endfacet
  facet normal -0.000000 0.000000 -1.000000
    outer loop
      vertex -4.058658 -0.754506 -0.800000
      vertex -6.197641 -1.520135 -0.800000
      vertex -4.304821 -0.303693 -0.800000
    endloop
  endfacet
  facet normal 0.000000 0.000000 -1.000000
    outer loop
      vertex -4.058658 -0.754506 -0.800000
      vertex -6.105330 -1.689190 -0.800000
      vertex -6.197641 -1.520135 -0.800000
    endloop
  endfacet
  facet normal 0.877679 0.479249 0.000000
    outer loop
      vertex -4.058658 -0.754506 -0.800000
      vertex -4.304821 -0.303693 -0.800000
      vertex -4.304821 -0.303693 0.800000
    endloop
  endfacet
  facet normal 0.877679 0.479249 -0.000000
    outer loop
      vertex -4.058658 -0.754506 -0.800000
      vertex -4.304821 -0.303693 0.800000
      vertex -4.058658 -0.754506 0.800000
    endloop
  endfacet
  facet normal -0.877679 -0.479249 0.000000
    outer loop
      vertex -6.105330 -1.689190 -0.800000
      vertex -6.197641 -1.520135 0.800000
      vertex -6.197641 -1.520135 -0.800000
    endloop
  endfacet
  facet normal -0.877679 -0.479249 0.000000
    outer loop
      vertex -6.105330 -1.689190 -0.800000
      vertex -6.105330 -1.689190 0.800000
      vertex -6.197641 -1.520135 0.800000
    endloop
  endfacet
  facet normal 0.000000 0.000000 1.000000
    outer loop
      vertex -4.304821 -0.303693 0.800000
      vertex -4.612635 0.107499 0.800000
      vertex -6.313071 -1.365938 0.800000
    endloop
  endfacet
  facet normal 0.000000 0.000000 1.000000
    outer loop
      vertex -4.304821 -0.303693 0.800000
      vertex -6.313071 -1.365938 0.800000
      vertex -6.197641 -1.520135 0.800000
    endloop
  endfacet
  facet normal -0.000000 0.000000 -1.000000
    outer loop
      vertex -4.304821 -0.303693 -0.800000
      vertex -6.313071 -1.365938 -0.800000
      vertex -4.612635 0.107499 -0.800000
    endloop
  endfacet
  facet normal 0.000000 0.000000 -1.000000
    outer loop
      vertex -4.304821 -0.303693 -0.800000
      vertex -6.197641 -1.520135 -0.800000
      vertex -6.313071 -1.365938 -0.800000
    endloop
  endfacet
  facet normal 0.800541 0.599278 0.000000
    outer loop
      vertex -4.304821 -0.303693 -0.800000
      vertex -4.612635 0.107499 -0.800000
      vertex -4.612635 0.107499 0.800000
    endloop
  endfacet
  facet normal 0.800541 0.599278 -0.000000
    outer loop
      vertex -4.304821 -0.303693 -0.800000
      vertex -4.612635 0.107499 0.800000
      vertex -4.304821 -0.303693 0.800000
    endloop
  endfacet
  facet normal -0.800541 -0.599278 0.000000
    outer loop
      vertex -6.197641 -1.520135 -0.800000
      vertex -6.313071 -1.365938 0.800000
      vertex -6.313071 -1.365938 -0.800000
    endloop
  endfacet
  facet normal -0.800541 -0.599278 0.000000
    outer loop
      vertex -6.197641 -1.520135 -0.800000
      vertex -6.197641 -1.520135 0.800000
      vertex -6.313071 -1.365938 0.800000
    endloop
  endfacet
  facet normal 0.000000 0.000000 1.000000
    outer loop
      vertex -4.612635 0.107499 0.800000
      vertex -4.975835 0.470698 0.800000
      vertex -6.449271 -1.229738 0.800000
    endloop
  endfacet
  facet normal 0.000000 0.000000 1.000000
    outer loop
      vertex -4.612635 0.107499 0.800000
      vertex -6.449271 -1.229738 0.800000
      vertex -6.313071 -1.365938 0.800000
    endloop
  endfacet
  facet normal -0.000000 0.000000 -1.000000
    outer loop
      vertex -4.612635 0.107499 -0.800000
      vertex -6.449271 -1.229738 -0.800000
      vertex -4.975835 0.470698 -0.800000
    endloop
  endfacet
  facet normal 0.000000 0.000000 -1.000000
    outer loop
      vertex -4.612635 0.107499 -0.800000
      vertex -6.313071 -1.365938 -0.800000
      vertex -6.449271 -1.229738 -0.800000
    endloop
  endfacet
  facet normal 0.707107 0.707107 0.000000
    outer loop
      vertex -4.612635 0.107499 -0.800000
      vertex -4.975835 0.470698 -0.800000
      vertex -4.975835 0.470698 0.800000
    endloop
  endfacet
  facet normal 0.707107 0.707107 -0.000000
    outer loop
      vertex -4.612635 0.107499 -0.800000
      vertex -4.975835 0.470698 0.800000
      vertex -4.612635 0.107499 0.800000
    endloop
  endfacet
  facet normal -0.707107 -0.707107 0.000000
    outer loop
      vertex -6.313071 -1.365938 -0.800000
      vertex -6.449271 -1.229738 0.800000
      vertex -6.449271 -1.229738 -0.800000
    endloop
  endfacet
  facet normal -0.707107 -0.707107 0.000000
    outer loop
      vertex -6.313071 -1.365938 -0.800000
      vertex -6.313071 -1.365938 0.800000
      vertex -6.449271 -1.229738 0.800000
    endloop
  endfacet
  facet normal 0.000000 0.000000 1.000000
    outer loop
      vertex -4.975835 0.470698 0.800000
      vertex -5.387026 0.778513 0.800000
      vertex -6.603468 -1.114308 0.800000
    endloop
  endfacet
  facet normal 0.000000 0.000000 1.000000
    outer loop
      vertex -4.975835 0.470698 0.800000
      vertex -6.603468 -1.114308 0.800000
      vertex -6.449271 -1.229738 0.800000
    endloop
  endfacet
  facet normal -0.000000 0.000000 -1.000000
    outer loop
      vertex -4.975835 0.470698 -0.800000
      vertex -6.603468 -1.114308 -0.800000
      vertex -5.387026 0.778513 -0.800000
    endloop
  endfacet
  facet normal 0.000000 0.000000 -1.000000
    outer loop
      vertex -4.975835 0.470698 -0.800000
      vertex -6.449271 -1.229738 -0.800000
      vertex -6.603468 -1.114308 -0.800000
    endloop
  endfacet
  facet normal 0.599278 0.800541 0.000000
    outer loop
      vertex -4.975835 0.470698 -0.800000
      vertex -5.387026 0.778513 -0.800000
      vertex -5.387026 0.778513 0.800000
    endloop
  endfacet
  facet normal 0.599278 0.800541 -0.000000
    outer loop
      vertex -4.975835 0.470698 -0.800000
      vertex -5.387026 0.778513 0.800000
      vertex -4.975835 0.470698 0.800000
    endloop
  endfacet
  facet normal -0.599278 -0.800541 0.000000
    outer loop
      vertex -6.449271 -1.229738 -0.800000
      vertex -6.603468 -1.114308 0.800000
      vertex -6.603468 -1.114308 -0.800000
    endloop
  endfacet
  facet normal -0.599278 -0.800541 0.000000
    outer loop
      vertex -6.449271 -1.229738 -0.800000
      vertex -6.449271 -1.229738 0.800000
      vertex -6.603468 -1.114308 0.800000
    endloop
  endfacet
  facet normal 0.000000 0.000000 1.000000
    outer loop
      vertex -5.387026 0.778513 0.800000
      vertex -5.837839 1.024675 0.800000
      vertex -6.772523 -1.021997 0.800000
    endloop
  endfacet
  facet normal 0.000000 0.000000 1.000000
    outer loop
      vertex -5.387026 0.778513 0.800000
      vertex -6.772523 -1.021997 0.800000
      vertex -6.603468 -1.114308 0.800000
    endloop
  endfacet
  facet normal -0.000000 0.000000 -1.000000
    outer loop
      vertex -5.387026 0.778513 -0.800000
      vertex -6.772523 -1.021997 -0.800000
      vertex -5.837839 1.024675 -0.800000
    endloop
  endfacet
  facet normal 0.000000 0.000000 -1.000000
    outer loop
      vertex -5.387026 0.778513 -0.800000
      vertex -6.603468 -1.114308 -0.800000
      vertex -6.772523 -1.021997 -0.800000
    endloop
  endfacet
  facet normal 0.479249 0.877679 0.000000
    outer loop
      vertex -5.387026 0.778513 -0.800000
      vertex -5.837839 1.024675 -0.800000
      vertex -5.837839 1.024675 0.800000
    endloop
  endfacet
  facet normal 0.479249 0.877679 -0.000000
    outer loop
      vertex -5.387026 0.778513 -0.800000
      vertex -5.837839 1.024675 0.800000
      vertex -5.387026 0.778513 0.800000
    endloop
  endfacet
  facet normal -0.479249 -0.877679 0.000000
    outer loop
      vertex -6.603468 -1.114308 -0.800000
      vertex -6.772523 -1.021997 0.800000
      vertex -6.772523 -1.021997 -0.800000
    endloop
  endfacet
  facet normal -0.479249 -0.877679 0.000000
    outer loop
      vertex -6.603468 -1.114308 -0.800000
      vertex -6.603468 -1.114308 0.800000
      vertex -6.772523 -1.021997 0.800000
    endloop
  endfacet
  facet normal 0.000000 0.000000 1.000000
    outer loop
      vertex -5.837839 1.024675 0.800000
      vertex -6.319096 1.204175 0.800000
      vertex -6.952994 -0.954684 0.800000
    endloop
  endfacet
  facet normal 0.000000 0.000000 1.000000
    outer loop
      vertex -5.837839 1.024675 0.800000
      vertex -6.952994 -0.954684 0.800000
      vertex -6.772523 -1.021997 0.800000
    endloop
  endfacet
  facet normal -0.000000 0.000000 -1.000000
    outer loop
      vertex -5.837839 1.024675 -0.800000
      vertex -6.952994 -0.954684 -0.800000
      vertex -6.319096 1.204175 -0.800000
    endloop
  endfacet
  facet normal 0.000000 0.000000 -1.000000
    outer loop
      vertex -5.837839 1.024675 -0.800000
      vertex -6.772523 -1.021997 -0.800000
      vertex -6.952994 -0.954684 -0.800000
    endloop
  endfacet
  facet normal 0.349464 0.936950 0.000000
    outer loop
      vertex -5.837839 1.024675 -0.800000
      vertex -6.319096 1.204175 -0.800000
      vertex -6.319096 1.204175 0.800000
    endloop
  endfacet
  facet normal 0.349464 0.936950 -0.000000
    outer loop
      vertex -5.837839 1.024675 -0.800000
      vertex -6.319096 1.204175 0.800000
      vertex -5.837839 1.024675 0.800000
    endloop
  endfacet
  facet normal -0.349464 -0.936950 0.000000
    outer loop
      vertex -6.772523 -1.021997 -0.800000
      vertex -6.952994 -0.954684 0.800000
      vertex -6.952994 -0.954684 -0.800000
    endloop
  endfacet
  facet normal -0.349464 -0.936950 0.000000
    outer loop
      vertex -6.772523 -1.021997 -0.800000
      vertex -6.772523 -1.021997 0.800000
      vertex -6.952994 -0.954684 0.800000
    endloop
  endfacet
  facet normal 0.000000 0.000000 1.000000
    outer loop
      vertex -6.319096 1.204175 0.800000
      vertex -6.821000 1.313357 0.800000
      vertex -7.141208 -0.913741 0.800000
    endloop
  endfacet
  facet normal 0.000000 0.000000 1.000000
    outer loop
      vertex -6.319096 1.204175 0.800000
      vertex -7.141208 -0.913741 0.800000
      vertex -6.952994 -0.954684 0.800000
    endloop
  endfacet
  facet normal -0.000000 0.000000 -1.000000
    outer loop
      vertex -6.319096 1.204175 -0.800000
      vertex -7.141208 -0.913741 -0.800000
      vertex -6.821000 1.313357 -0.800000
    endloop
  endfacet
  facet normal 0.000000 0.000000 -1.000000
    outer loop
      vertex -6.319096 1.204175 -0.800000
      vertex -6.952994 -0.954684 -0.800000
      vertex -7.141208 -0.913741 -0.800000
    endloop
  endfacet
  facet normal 0.212565 0.977147 0.000000
    outer loop
      vertex -6.319096 1.204175 -0.800000
      vertex -6.821000 1.313357 -0.800000
      vertex -6.821000 1.313357 0.800000
    endloop
  endfacet
  facet normal 0.212565 0.977147 -0.000000
    outer loop
      vertex -6.319096 1.204175 -0.800000
      vertex -6.821000 1.313357 0.800000
      vertex -6.319096 1.204175 0.800000
    endloop
  endfacet
  facet normal -0.212565 -0.977147 0.000000
    outer loop
      vertex -6.952994 -0.954684 -0.800000
      vertex -7.141208 -0.913741 0.800000
      vertex -7.141208 -0.913741 -0.800000
    endloop
  endfacet
  facet normal -0.212565 -0.977147 0.000000
    outer loop
      vertex -6.952994 -0.954684 -0.800000
      vertex -6.952994 -0.954684 0.800000
      vertex -7.141208 -0.913741 0.800000
    endloop
  endfacet
  facet normal 0.000000 0.000000 1.000000
    outer loop
      vertex -6.821000 1.313357 0.800000
      vertex -7.333333 1.350000 0.800000
      vertex -7.333333 -0.900000 0.800000
    endloop
  endfacet
  facet normal 0.000000 0.000000 1.000000
    outer loop
      vertex -6.821000 1.313357 0.800000
      vertex -7.333333 -0.900000 0.800000
      vertex -7.141208 -0.913741 0.800000
    endloop
  endfacet
  facet normal -0.000000 0.000000 -1.000000
    outer loop
      vertex -6.821000 1.313357 -0.800000
      vertex -7.333333 -0.900000 -0.800000
      vertex -7.333333 1.350000 -0.800000
    endloop
  endfacet
  facet normal 0.000000 0.000000 -1.000000
    outer loop
      vertex -6.821000 1.313357 -0.800000
      vertex -7.141208 -0.913741 -0.800000
      vertex -7.333333 -0.900000 -0.800000
    endloop
  endfacet
  facet normal 0.071339 0.997452 0.000000
    outer loop
      vertex -6.821000 1.313357 -0.800000
      vertex -7.333333 1.350000 -0.800000
      vertex -7.333333 1.350000 0.800000
    endloop
  endfacet
  facet normal 0.071339 0.997452 -0.000000
    outer loop
      vertex -6.821000 1.313357 -0.800000
      vertex -7.333333 1.350000 0.800000
      vertex -6.821000 1.313357 0.800000
    endloop
  endfacet
  facet normal -0.071339 -0.997452 0.000000
    outer loop
      vertex -7.141208 -0.913741 -0.800000
      vertex -7.333333 -0.900000 0.800000
      vertex -7.333333 -0.900000 -0.800000
    endloop
  endfacet
  facet normal -0.071339 -0.997452 0.000000
    outer loop
      vertex -7.141208 -0.913741 -0.800000
      vertex -7.141208 -0.913741 0.800000
      vertex -7.333333 -0.900000 0.800000
    endloop
  endfacet
  facet normal 0.000000 0.000000 1.000000
    outer loop
      vertex -7.333333 1.350000 0.800000
      vertex -7.845667 1.313357 0.800000
      vertex -7.525458 -0.913741 0.800000
    endloop
  endfacet
  facet normal 0.000000 0.000000 1.000000
    outer loop
      vertex -7.333333 1.350000 0.800000
      vertex -7.525458 -0.913741 0.800000
      vertex -7.333333 -0.900000 0.800000
    endloop
  endfacet
  facet normal 0.000000 0.000000 -1.000000
    outer loop
      vertex -7.333333 1.350000 -0.800000
      vertex -7.525458 -0.913741 -0.800000
      vertex -7.845667 1.313357 -0.800000
    endloop
  endfacet
  facet normal 0.000000 0.000000 -1.000000
    outer loop
      vertex -7.333333 1.350000 -0.800000
      vertex -7.333333 -0.900000 -0.800000
      vertex -7.525458 -0.913741 -0.800000
    endloop
  endfacet
  facet normal -0.071339 0.997452 0.000000
    outer loop
      vertex -7.333333 1.350000 -0.800000
      vertex -7.845667 1.313357 -0.800000
      vertex -7.845667 1.313357 0.800000
    endloop
  endfacet
  facet normal -0.071339 0.997452 0.000000
    outer loop
      vertex -7.333333 1.350000 -0.800000
      vertex -7.845667 1.313357 0.800000
      vertex -7.333333 1.350000 0.800000
    endloop
  endfacet
  facet normal 0.071339 -0.997452 0.000000
    outer loop
      vertex -7.333333 -0.900000 -0.800000
      vertex -7.525458 -0.913741 0.800000
      vertex -7.525458 -0.913741 -0.800000
    endloop
  endfacet
  facet normal 0.071339 -0.997452 0.000000
    outer loop
      vertex -7.333333 -0.900000 -0.800000
      vertex -7.333333 -0.900000 0.800000
      vertex -7.525458 -0.913741 0.800000
    endloop
  endfacet
  facet normal 0.000000 0.000000 1.000000
    outer loop
      vertex -7.845667 1.313357 0.800000
      vertex -8.347571 1.204175 0.800000
      vertex -7.713672 -0.954684 0.800000
    endloop
  endfacet
  facet normal 0.000000 0.000000 1.000000
    outer loop
      vertex -7.845667 1.313357 0.800000
      vertex -7.713672 -0.954684 0.800000
      vertex -7.525458 -0.913741 0.800000
    endloop
  endfacet
  facet normal 0.000000 -0.000000 -1.000000
    outer loop
      vertex -7.845667 1.313357 -0.800000
      vertex -7.713672 -0.954684 -0.800000
      vertex -8.347571 1.204175 -0.800000
    endloop
  endfacet
  facet normal 0.000000 0.000000 -1.000000
    outer loop
      vertex -7.845667 1.313357 -0.800000
      vertex -7.525458 -0.913741 -0.800000
      vertex -7.713672 -0.954684 -0.800000
    endloop
  endfacet
  facet normal -0.212565 0.977147 0.000000
    outer loop
      vertex -7.845667 1.313357 -0.800000
      vertex -8.347571 1.204175 -0.800000
      vertex -8.347571 1.204175 0.800000
    endloop
  endfacet
  facet normal -0.212565 0.977147 0.000000
    outer loop
      vertex -7.845667 1.313357 -0.800000
      vertex -8.347571 1.204175 0.800000
      vertex -7.845667 1.313357 0.800000
    endloop
  endfacet
  facet normal 0.212565 -0.977147 0.000000
    outer loop
      vertex -7.525458 -0.913741 -0.800000
      vertex -7.713672 -0.954684 0.800000
      vertex -7.713672 -0.954684 -0.800000
    endloop
  endfacet
  facet normal 0.212565 -0.977147 0.000000
    outer loop
      vertex -7.525458 -0.913741 -0.800000
      vertex -7.525458 -0.913741 0.800000
      vertex -7.713672 -0.954684 0.800000
    endloop
  endfacet
  facet normal 0.000000 0.000000 1.000000
    outer loop
      vertex -8.347571 1.204175 0.800000
      vertex -8.828827 1.024675 0.800000
      vertex -7.894144 -1.021997 0.800000
    endloop
  endfacet
  facet normal 0.000000 0.000000 1.000000
    outer loop
      vertex -8.347571 1.204175 0.800000
      vertex -7.894144 -1.021997 0.800000
      vertex -7.713672 -0.954684 0.800000
    endloop
  endfacet
  facet normal 0.000000 -0.000000 -1.000000
    outer loop
      vertex -8.347571 1.204175 -0.800000
      vertex -7.894144 -1.021997 -0.800000
      vertex -8.828827 1.024675 -0.800000
    endloop
  endfacet
  facet normal 0.000000 0.000000 -1.000000
    outer loop
      vertex -8.347571 1.204175 -0.800000
      vertex -7.713672 -0.954684 -0.800000
      vertex -7.894144 -1.021997 -0.800000
    endloop
  endfacet
  facet normal -0.349464 0.936950 0.000000
    outer loop
      vertex -8.347571 1.204175 -0.800000
      vertex -8.828827 1.024675 -0.800000
      vertex -8.828827 1.024675 0.800000
    endloop
  endfacet
  facet normal -0.349464 0.936950 0.000000
    outer loop
      vertex -8.347571 1.204175 -0.800000
      vertex -8.828827 1.024675 0.800000
      vertex -8.347571 1.204175 0.800000
    endloop
  endfacet
  facet normal 0.349464 -0.936950 0.000000
    outer loop
      vertex -7.713672 -0.954684 -0.800000
      vertex -7.894144 -1.021997 0.800000
      vertex -7.894144 -1.021997 -0.800000
    endloop
  endfacet
  facet normal 0.349464 -0.936950 0.000000
    outer loop
      vertex -7.713672 -0.954684 -0.800000
      vertex -7.713672 -0.954684 0.800000
      vertex -7.894144 -1.021997 0.800000
    endloop
  endfacet
  facet normal 0.000000 0.000000 1.000000
    outer loop
      vertex -8.828827 1.024675 0.800000
      vertex -9.279640 0.778513 0.800000
      vertex -8.063198 -1.114308 0.800000
    endloop
  endfacet
  facet normal 0.000000 0.000000 1.000000
    outer loop
      vertex -8.828827 1.024675 0.800000
      vertex -8.063198 -1.114308 0.800000
      vertex -7.894144 -1.021997 0.800000
    endloop
  endfacet
  facet normal 0.000000 -0.000000 -1.000000
    outer loop
      vertex -8.828827 1.024675 -0.800000
      vertex -8.063198 -1.114308 -0.800000
      vertex -9.279640 0.778513 -0.800000
    endloop
  endfacet
  facet normal 0.000000 0.000000 -1.000000
    outer loop
      vertex -8.828827 1.024675 -0.800000
      vertex -7.894144 -1.021997 -0.800000
      vertex -8.063198 -1.114308 -0.800000
    endloop
  endfacet
  facet normal -0.479249 0.877679 0.000000
    outer loop
      vertex -8.828827 1.024675 -0.800000
      vertex -9.279640 0.778513 -0.800000
      vertex -9.279640 0.778513 0.800000
    endloop
  endfacet
  facet normal -0.479249 0.877679 0.000000
    outer loop
      vertex -8.828827 1.024675 -0.800000
      vertex -9.279640 0.778513 0.800000
      vertex -8.828827 1.024675 0.800000
    endloop
  endfacet
  facet normal 0.479249 -0.877679 0.000000
    outer loop
      vertex -7.894144 -1.021997 -0.800000
      vertex -8.063198 -1.114308 0.800000
      vertex -8.063198 -1.114308 -0.800000
    endloop
  endfacet
  facet normal 0.479249 -0.877679 0.000000
    outer loop
      vertex -7.894144 -1.021997 -0.800000
      vertex -7.894144 -1.021997 0.800000
      vertex -8.063198 -1.114308 0.800000
    endloop
  endfacet
  facet normal 0.000000 0.000000 1.000000
    outer loop
      vertex -9.279640 0.778513 0.800000
      vertex -9.690832 0.470698 0.800000
      vertex -8.217395 -1.229738 0.800000
    endloop
  endfacet
  facet normal 0.000000 0.000000 1.000000
    outer loop
      vertex -9.279640 0.778513 0.800000
      vertex -8.217395 -1.229738 0.800000
      vertex -8.063198 -1.114308 0.800000
    endloop
  endfacet
  facet normal 0.000000 -0.000000 -1.000000
    outer loop
      vertex -9.279640 0.778513 -0.800000
      vertex -8.217395 -1.229738 -0.800000
      vertex -9.690832 0.470698 -0.800000
    endloop
  endfacet
  facet normal 0.000000 0.000000 -1.000000
    outer loop
      vertex -9.279640 0.778513 -0.800000
      vertex -8.063198 -1.114308 -0.800000
      vertex -8.217395 -1.229738 -0.800000
    endloop
  endfacet
  facet normal -0.599278 0.800541 0.000000
    outer loop
      vertex -9.279640 0.778513 -0.800000
      vertex -9.690832 0.470698 -0.800000
      vertex -9.690832 0.470698 0.800000
    endloop
  endfacet
  facet normal -0.599278 0.800541 0.000000
    outer loop
      vertex -9.279640 0.778513 -0.800000
      vertex -9.690832 0.470698 0.800000
      vertex -9.279640 0.778513 0.800000
    endloop
  endfacet
  facet normal 0.599278 -0.800541 0.000000
    outer loop
      vertex -8.063198 -1.114308 -0.800000
      vertex -8.217395 -1.229738 0.800000
      vertex -8.217395 -1.229738 -0.800000
    endloop
  endfacet
  facet normal 0.599278 -0.800541 0.000000
    outer loop
      vertex -8.063198 -1.114308 -0.800000
      vertex -8.063198 -1.114308 0.800000
      vertex -8.217395 -1.229738 0.800000
    endloop
  endfacet
  facet normal 0.000000 0.000000 1.000000
    outer loop
      vertex -9.690832 0.470698 0.800000
      vertex -10.054032 0.107499 0.800000
      vertex -8.353595 -1.365938 0.800000
    endloop
  endfacet
  facet normal 0.000000 0.000000 1.000000
    outer loop
      vertex -9.690832 0.470698 0.800000
      vertex -8.353595 -1.365938 0.800000
      vertex -8.217395 -1.229738 0.800000
    endloop
  endfacet
  facet normal 0.000000 -0.000000 -1.000000
    outer loop
      vertex -9.690832 0.470698 -0.800000
      vertex -8.353595 -1.365938 -0.800000
      vertex -10.054032 0.107499 -0.800000
    endloop
  endfacet
  facet normal 0.000000 0.000000 -1.000000
    outer loop
      vertex -9.690832 0.470698 -0.800000
      vertex -8.217395 -1.229738 -0.800000
      vertex -8.353595 -1.365938 -0.800000
    endloop
  endfacet
  facet normal -0.707107 0.707107 0.000000
    outer loop
      vertex -9.690832 0.470698 -0.800000
      vertex -10.054032 0.107499 -0.800000
      vertex -10.054032 0.107499 0.800000
    endloop
  endfacet
  facet normal -0.707107 0.707107 0.000000
    outer loop
      vertex -9.690832 0.470698 -0.800000
      vertex -10.054032 0.107499 0.800000
      vertex -9.690832 0.470698 0.800000
    endloop
  endfacet
  facet normal 0.707107 -0.707107 0.000000
    outer loop
      vertex -8.217395 -1.229738 -0.800000
      vertex -8.353595 -1.365938 0.800000
      vertex -8.353595 -1.365938 -0.800000
    endloop
  endfacet
  facet normal 0.707107 -0.707107 0.000000
    outer loop
      vertex -8.217395 -1.229738 -0.800000
      vertex -8.217395 -1.229738 0.800000
      vertex -8.353595 -1.365938 0.800000
    endloop
  endfacet
  facet normal 0.000000 0.000000 1.000000
    outer loop
      vertex -10.054032 0.107499 0.800000
      vertex -10.361846 -0.303693 0.800000
      vertex -8.469026 -1.520135 0.800000
    endloop
  endfacet
  facet normal 0.000000 0.000000 1.000000
    outer loop
      vertex -10.054032 0.107499 0.800000
      vertex -8.469026 -1.520135 0.800000
      vertex -8.353595 -1.365938 0.800000
    endloop
  endfacet
  facet normal 0.000000 -0.000000 -1.000000
    outer loop
      vertex -10.054032 0.107499 -0.800000
      vertex -8.469026 -1.520135 -0.800000
      vertex -10.361846 -0.303693 -0.800000
    endloop
  endfacet
  facet normal 0.000000 0.000000 -1.000000
    outer loop
      vertex -10.054032 0.107499 -0.800000
      vertex -8.353595 -1.365938 -0.800000
      vertex -8.469026 -1.520135 -0.800000
    endloop
  endfacet
  facet normal -0.800541 0.599278 0.000000
    outer loop
      vertex -10.054032 0.107499 -0.800000
      vertex -10.361846 -0.303693 -0.800000
      vertex -10.361846 -0.303693 0.800000
    endloop
  endfacet
  facet normal -0.800541 0.599278 0.000000
    outer loop
      vertex -10.054032 0.107499 -0.800000
      vertex -10.361846 -0.303693 0.800000
      vertex -10.054032 0.107499 0.800000
    endloop
  endfacet
  facet normal 0.800541 -0.599278 0.000000
    outer loop
      vertex -8.353595 -1.365938 -0.800000
      vertex -8.469026 -1.520135 0.800000
      vertex -8.469026 -1.520135 -0.800000
    endloop
  endfacet
  facet normal 0.800541 -0.599278 0.000000
    outer loop
      vertex -8.353595 -1.365938 -0.800000
      vertex -8.353595 -1.365938 0.800000
      vertex -8.469026 -1.520135 0.800000
    endloop
  endfacet
  facet normal 0.000000 0.000000 1.000000
    outer loop
      vertex -10.361846 -0.303693 0.800000
      vertex -10.608009 -0.754506 0.800000
      vertex -8.561337 -1.689190 0.800000
    endloop
  endfacet
  facet normal 0.000000 0.000000 1.000000
    outer loop
      vertex -10.361846 -0.303693 0.800000
      vertex -8.561337 -1.689190 0.800000
      vertex -8.469026 -1.520135 0.800000
    endloop
  endfacet
  facet normal 0.000000 -0.000000 -1.000000
    outer loop
      vertex -10.361846 -0.303693 -0.800000
      vertex -8.561337 -1.689190 -0.800000
      vertex -10.608009 -0.754506 -0.800000
    endloop
  endfacet
  facet normal 0.000000 0.000000 -1.000000
    outer loop
      vertex -10.361846 -0.303693 -0.800000
      vertex -8.469026 -1.520135 -0.800000
      vertex -8.561337 -1.689190 -0.800000
    endloop
  endfacet
  facet normal -0.877679 0.479249 0.000000
    outer loop
      vertex -10.361846 -0.303693 -0.800000
      vertex -10.608009 -0.754506 -0.800000
      vertex -10.608009 -0.754506 0.800000
    endloop
  endfacet
  facet normal -0.877679 0.479249 0.000000
    outer loop
      vertex -10.361846 -0.303693 -0.800000
      vertex -10.608009 -0.754506 0.800000
      vertex -10.361846 -0.303693 0.800000
    endloop
  endfacet
  facet normal 0.877679 -0.479249 0.000000
    outer loop
      vertex -8.469026 -1.520135 -0.800000
      vertex -8.561337 -1.689190 0.800000
      vertex -8.561337 -1.689190 -0.800000
    endloop
  endfacet
  facet normal 0.877679 -0.479249 0.000000
    outer loop
      vertex -8.469026 -1.520135 -0.800000
      vertex -8.469026 -1.520135 0.800000
      vertex -8.561337 -1.689190 0.800000
    endloop
  endfacet
  facet normal 0.000000 0.000000 1.000000
    outer loop
      vertex -10.608009 -0.754506 0.800000
      vertex -10.787508 -1.235763 0.800000
      vertex -8.628649 -1.869661 0.800000
    endloop
  endfacet
  facet normal 0.000000 0.000000 1.000000
    outer loop
      vertex -10.608009 -0.754506 0.800000
      vertex -8.628649 -1.869661 0.800000
      vertex -8.561337 -1.689190 0.800000
    endloop
  endfacet
  facet normal 0.000000 -0.000000 -1.000000
    outer loop
      vertex -10.608009 -0.754506 -0.800000
      vertex -8.628649 -1.869661 -0.800000
      vertex -10.787508 -1.235763 -0.800000
    endloop
  endfacet
  facet normal 0.000000 0.000000 -1.000000
    outer loop
      vertex -10.608009 -0.754506 -0.800000
      vertex -8.561337 -1.689190 -0.800000
      vertex -8.628649 -1.869661 -0.800000
    endloop
  endfacet
  facet normal -0.936950 0.349464 0.000000
    outer loop
      vertex -10.608009 -0.754506 -0.800000
      vertex -10.787508 -1.235763 -0.800000
      vertex -10.787508 -1.235763 0.800000
    endloop
  endfacet
  facet normal -0.936950 0.349464 0.000000
    outer loop
      vertex -10.608009 -0.754506 -0.800000
      vertex -10.787508 -1.235763 0.800000
      vertex -10.608009 -0.754506 0.800000
    endloop
  endfacet
  facet normal 0.936950 -0.349464 0.000000
    outer loop
      vertex -8.561337 -1.689190 -0.800000
      vertex -8.628649 -1.869661 0.800000
      vertex -8.628649 -1.869661 -0.800000
    endloop
  endfacet
  facet normal 0.936950 -0.349464 0.000000
    outer loop
      vertex -8.561337 -1.689190 -0.800000
      vertex -8.561337 -1.689190 0.800000
      vertex -8.628649 -1.869661 0.800000
    endloop
  endfacet
  facet normal 0.000000 0.000000 1.000000
    outer loop
      vertex -10.787508 -1.235763 0.800000
      vertex -10.896691 -1.737667 0.800000
      vertex -8.669592 -2.057875 0.800000
    endloop
  endfacet
  facet normal 0.000000 0.000000 1.000000
    outer loop
      vertex -10.787508 -1.235763 0.800000
      vertex -8.669592 -2.057875 0.800000
      vertex -8.628649 -1.869661 0.800000
    endloop
  endfacet
  facet normal 0.000000 -0.000000 -1.000000
    outer loop
      vertex -10.787508 -1.235763 -0.800000
      vertex -8.669592 -2.057875 -0.800000
      vertex -10.896691 -1.737667 -0.800000
    endloop
  endfacet
  facet normal 0.000000 0.000000 -1.000000
    outer loop
      vertex -10.787508 -1.235763 -0.800000
      vertex -8.628649 -1.869661 -0.800000
      vertex -8.669592 -2.057875 -0.800000
    endloop
  endfacet
  facet normal -0.977147 0.212565 0.000000
    outer loop
      vertex -10.787508 -1.235763 -0.800000
      vertex -10.896691 -1.737667 -0.800000
      vertex -10.896691 -1.737667 0.800000
    endloop
  endfacet
  facet normal -0.977147 0.212565 0.000000
    outer loop
      vertex -10.787508 -1.235763 -0.800000
      vertex -10.896691 -1.737667 0.800000
      vertex -10.787508 -1.235763 0.800000
    endloop
  endfacet
  facet normal 0.977147 -0.212565 0.000000
    outer loop
      vertex -8.628649 -1.869661 -0.800000
      vertex -8.669592 -2.057875 0.800000
      vertex -8.669592 -2.057875 -0.800000
    endloop
  endfacet
  facet normal 0.977147 -0.212565 0.000000
    outer loop
      vertex -8.628649 -1.869661 -0.800000
      vertex -8.628649 -1.869661 0.800000
      vertex -8.669592 -2.057875 0.800000
    endloop
  endfacet
  facet normal 0.000000 0.000000 1.000000
    outer loop
      vertex -10.896691 -1.737667 0.800000
      vertex -10.933333 -2.250000 0.800000
      vertex -8.683333 -2.250000 0.800000
    endloop
  endfacet
  facet normal 0.000000 0.000000 1.000000
    outer loop
      vertex -10.896691 -1.737667 0.800000
      vertex -8.683333 -2.250000 0.800000
      vertex -8.669592 -2.057875 0.800000
    endloop
  endfacet
  facet normal 0.000000 -0.000000 -1.000000
    outer loop
      vertex -10.896691 -1.737667 -0.800000
      vertex -8.683333 -2.250000 -0.800000
      vertex -10.933333 -2.250000 -0.800000
    endloop
  endfacet
  facet normal 0.000000 0.000000 -1.000000
    outer loop
      vertex -10.896691 -1.737667 -0.800000
      vertex -8.669592 -2.057875 -0.800000
      vertex -8.683333 -2.250000 -0.800000
    endloop
  endfacet
  facet normal -0.997452 0.071339 0.000000
    outer loop
      vertex -10.896691 -1.737667 -0.800000
      vertex -10.933333 -2.250000 -0.800000
      vertex -10.933333 -2.250000 0.800000
    endloop
  endfacet
  facet normal -0.997452 0.071339 0.000000
    outer loop
      vertex -10.896691 -1.737667 -0.800000
      vertex -10.933333 -2.250000 0.800000
      vertex -10.896691 -1.737667 0.800000
    endloop
  endfacet
  facet normal 0.997452 -0.071339 0.000000
    outer loop
      vertex -8.669592 -2.057875 -0.800000
      vertex -8.683333 -2.250000 0.800000
      vertex -8.683333 -2.250000 -0.800000
    endloop
  endfacet
  facet normal 0.997452 -0.071339 0.000000
    outer loop
      vertex -8.669592 -2.057875 -0.800000
      vertex -8.669592 -2.057875 0.800000
      vertex -8.683333 -2.250000 0.800000
    endloop
  endfacet
  facet normal 0.000000 0.000000 1.000000
    outer loop
      vertex -10.933333 -2.250000 0.800000
      vertex -10.896691 -2.762333 0.800000
      vertex -8.669592 -2.442125 0.800000
    endloop
  endfacet
  facet normal 0.000000 0.000000 1.000000
    outer loop
      vertex -10.933333 -2.250000 0.800000
      vertex -8.669592 -2.442125 0.800000
      vertex -8.683333 -2.250000 0.800000
    endloop
  endfacet
  facet normal 0.000000 0.000000 -1.000000
    outer loop
      vertex -10.933333 -2.250000 -0.800000
      vertex -8.669592 -2.442125 -0.800000
      vertex -10.896691 -2.762333 -0.800000
    endloop
  endfacet
  facet normal 0.000000 0.000000 -1.000000
    outer loop
      vertex -10.933333 -2.250000 -0.800000
      vertex -8.683333 -2.250000 -0.800000
      vertex -8.669592 -2.442125 -0.800000
    endloop
  endfacet
  facet normal -0.997452 -0.071339 0.000000
    outer loop
      vertex -10.933333 -2.250000 -0.800000
      vertex -10.896691 -2.762333 -0.800000
      vertex -10.896691 -2.762333 0.800000
    endloop
  endfacet
  facet normal -0.997452 -0.071339 0.000000
    outer loop
      vertex -10.933333 -2.250000 -0.800000
      vertex -10.896691 -2.762333 0.800000
      vertex -10.933333 -2.250000 0.800000
    endloop
  endfacet
  facet normal 0.997452 0.071339 0.000000
    outer loop
      vertex -8.683333 -2.250000 -0.800000
      vertex -8.669592 -2.442125 0.800000
      vertex -8.669592 -2.442125 -0.800000
    endloop
  endfacet
  facet normal 0.997452 0.071339 -0.000000
    outer loop
      vertex -8.683333 -2.250000 -0.800000
      vertex -8.683333 -2.250000 0.800000
      vertex -8.669592 -2.442125 0.800000
    endloop
  endfacet
  facet normal -0.000000 0.000000 1.000000
    outer loop
      vertex -10.896691 -2.762333 0.800000
      vertex -10.787508 -3.264237 0.800000
      vertex -8.628649 -2.630339 0.800000
    endloop
  endfacet
  facet normal 0.000000 0.000000 1.000000
    outer loop
      vertex -10.896691 -2.762333 0.800000
      vertex -8.628649 -2.630339 0.800000
      vertex -8.669592 -2.442125 0.800000
    endloop
  endfacet
  facet normal 0.000000 0.000000 -1.000000
    outer loop
      vertex -10.896691 -2.762333 -0.800000
      vertex -8.628649 -2.630339 -0.800000
      vertex -10.787508 -3.264237 -0.800000
    endloop
  endfacet
  facet normal 0.000000 0.000000 -1.000000
    outer loop
      vertex -10.896691 -2.762333 -0.800000
      vertex -8.669592 -2.442125 -0.800000
      vertex -8.628649 -2.630339 -0.800000
    endloop
  endfacet
  facet normal -0.977147 -0.212565 0.000000
    outer loop
      vertex -10.896691 -2.762333 -0.800000
      vertex -10.787508 -3.264237 -0.800000
      vertex -10.787508 -3.264237 0.800000
    endloop
  endfacet
  facet normal -0.977147 -0.212565 0.000000
    outer loop
      vertex -10.896691 -2.762333 -0.800000
      vertex -10.787508 -3.264237 0.800000
      vertex -10.896691 -2.762333 0.800000
    endloop
  endfacet
  facet normal 0.977147 0.212565 0.000000
    outer loop
      vertex -8.669592 -2.442125 -0.800000
      vertex -8.628649 -2.630339 0.800000
      vertex -8.628649 -2.630339 -0.800000
    endloop
  endfacet
  facet normal 0.977147 0.212565 -0.000000
    outer loop
      vertex -8.669592 -2.442125 -0.800000
      vertex -8.669592 -2.442125 0.800000
      vertex -8.628649 -2.630339 0.800000
    endloop
  endfacet
  facet normal -0.000000 0.000000 1.000000
    outer loop
      vertex -10.787508 -3.264237 0.800000
      vertex -10.608009 -3.745494 0.800000
      vertex -8.561337 -2.810810 0.800000
    endloop
  endfacet
  facet normal 0.000000 0.000000 1.000000
    outer loop
      vertex -10.787508 -3.264237 0.800000
      vertex -8.561337 -2.810810 0.800000
      vertex -8.628649 -2.630339 0.800000
    endloop
  endfacet
  facet normal 0.000000 0.000000 -1.000000
    outer loop
      vertex -10.787508 -3.264237 -0.800000
      vertex -8.561337 -2.810810 -0.800000
      vertex -10.608009 -3.745494 -0.800000
    endloop
  endfacet
  facet normal 0.000000 0.000000 -1.000000
    outer loop
      vertex -10.787508 -3.264237 -0.800000
      vertex -8.628649 -2.630339 -0.800000
      vertex -8.561337 -2.810810 -0.800000
    endloop
  endfacet
  facet normal -0.936950 -0.349464 0.000000
    outer loop
      vertex -10.787508 -3.264237 -0.800000
      vertex -10.608009 -3.745494 -0.800000
      vertex -10.608009 -3.745494 0.800000
    endloop
  endfacet
  facet normal -0.936950 -0.349464 0.000000
    outer loop
      vertex -10.787508 -3.264237 -0.800000
      vertex -10.608009 -3.745494 0.800000
      vertex -10.787508 -3.264237 0.800000
    endloop
  endfacet
  facet normal 0.936950 0.349464 0.000000
    outer loop
      vertex -8.628649 -2.630339 -0.800000
      vertex -8.561337 -2.810810 0.800000
      vertex -8.561337 -2.810810 -0.800000
    endloop
  endfacet
  facet normal 0.936950 0.349464 -0.000000
    outer loop
      vertex -8.628649 -2.630339 -0.800000
      vertex -8.628649 -2.630339 0.800000
      vertex -8.561337 -2.810810 0.800000
    endloop
  endfacet
  facet normal -0.000000 0.000000 1.000000
    outer loop
      vertex -10.608009 -3.745494 0.800000
      vertex -10.361846 -4.196307 0.800000
      vertex -8.469026 -2.979865 0.800000
    endloop
  endfacet
  facet normal 0.000000 0.000000 1.000000
    outer loop
      vertex -10.608009 -3.745494 0.800000
      vertex -8.469026 -2.979865 0.800000
      vertex -8.561337 -2.810810 0.800000
    endloop
  endfacet
  facet normal 0.000000 0.000000 -1.000000
    outer loop
      vertex -10.608009 -3.745494 -0.800000
      vertex -8.469026 -2.979865 -0.800000
      vertex -10.361846 -4.196307 -0.800000
    endloop
  endfacet
  facet normal 0.000000 0.000000 -1.000000
    outer loop
      vertex -10.608009 -3.745494 -0.800000
      vertex -8.561337 -2.810810 -0.800000
      vertex -8.469026 -2.979865 -0.800000
    endloop
  endfacet
  facet normal -0.877679 -0.479249 0.000000
    outer loop
      vertex -10.608009 -3.745494 -0.800000
      vertex -10.361846 -4.196307 -0.800000
      vertex -10.361846 -4.196307 0.800000
    endloop
  endfacet
  facet normal -0.877679 -0.479249 0.000000
    outer loop
      vertex -10.608009 -3.745494 -0.800000
      vertex -10.361846 -4.196307 0.800000
      vertex -10.608009 -3.745494 0.800000
    endloop
  endfacet
  facet normal 0.877679 0.479249 0.000000
    outer loop
      vertex -8.561337 -2.810810 -0.800000
      vertex -8.469026 -2.979865 0.800000
      vertex -8.469026 -2.979865 -0.800000
    endloop
  endfacet
  facet normal 0.877679 0.479249 -0.000000
    outer loop
      vertex -8.561337 -2.810810 -0.800000
      vertex -8.561337 -2.810810 0.800000
      vertex -8.469026 -2.979865 0.800000
    endloop
  endfacet
  facet normal -0.000000 0.000000 1.000000
    outer loop
      vertex -10.361846 -4.196307 0.800000
      vertex -10.054032 -4.607499 0.800000
      vertex -8.353595 -3.134062 0.800000
    endloop
  endfacet
  facet normal 0.000000 0.000000 1.000000
    outer loop
      vertex -10.361846 -4.196307 0.800000
      vertex -8.353595 -3.134062 0.800000
      vertex -8.469026 -2.979865 0.800000
    endloop
  endfacet
  facet normal 0.000000 0.000000 -1.000000
    outer loop
      vertex -10.361846 -4.196307 -0.800000
      vertex -8.353595 -3.134062 -0.800000
      vertex -10.054032 -4.607499 -0.800000
    endloop
  endfacet
  facet normal 0.000000 0.000000 -1.000000
    outer loop
      vertex -10.361846 -4.196307 -0.800000
      vertex -8.469026 -2.979865 -0.800000
      vertex -8.353595 -3.134062 -0.800000
    endloop
  endfacet
  facet normal -0.800541 -0.599278 0.000000
    outer loop
      vertex -10.361846 -4.196307 -0.800000
      vertex -10.054032 -4.607499 -0.800000
      vertex -10.054032 -4.607499 0.800000
    endloop
  endfacet
  facet normal -0.800541 -0.599278 0.000000
    outer loop
      vertex -10.361846 -4.196307 -0.800000
      vertex -10.054032 -4.607499 0.800000
      vertex -10.361846 -4.196307 0.800000
    endloop
  endfacet
  facet normal 0.800541 0.599278 0.000000
    outer loop
      vertex -8.469026 -2.979865 -0.800000
      vertex -8.353595 -3.134062 0.800000
      vertex -8.353595 -3.134062 -0.800000
    endloop
  endfacet
  facet normal 0.800541 0.599278 -0.000000
    outer loop
      vertex -8.469026 -2.979865 -0.800000
      vertex -8.469026 -2.979865 0.800000
      vertex -8.353595 -3.134062 0.800000
    endloop
  endfacet
  facet normal -0.000000 0.000000 1.000000
    outer loop
      vertex -10.054032 -4.607499 0.800000
      vertex -9.690832 -4.970698 0.800000
      vertex -8.217395 -3.270262 0.800000
    endloop
  endfacet
  facet normal 0.000000 0.000000 1.000000
    outer loop
      vertex -10.054032 -4.607499 0.800000
      vertex -8.217395 -3.270262 0.800000
      vertex -8.353595 -3.134062 0.800000
    endloop
  endfacet
  facet normal 0.000000 0.000000 -1.000000
    outer loop
      vertex -10.054032 -4.607499 -0.800000
      vertex -8.217395 -3.270262 -0.800000
      vertex -9.690832 -4.970698 -0.800000
    endloop
  endfacet
  facet normal 0.000000 0.000000 -1.000000
    outer loop
      vertex -10.054032 -4.607499 -0.800000
      vertex -8.353595 -3.134062 -0.800000
      vertex -8.217395 -3.270262 -0.800000
    endloop
  endfacet
  facet normal -0.707107 -0.707107 0.000000
    outer loop
      vertex -10.054032 -4.607499 -0.800000
      vertex -9.690832 -4.970698 -0.800000
      vertex -9.690832 -4.970698 0.800000
    endloop
  endfacet
  facet normal -0.707107 -0.707107 0.000000
    outer loop
      vertex -10.054032 -4.607499 -0.800000
      vertex -9.690832 -4.970698 0.800000
      vertex -10.054032 -4.607499 0.800000
    endloop
  endfacet
  facet normal 0.707107 0.707107 0.000000
    outer loop
      vertex -8.353595 -3.134062 -0.800000
      vertex -8.217395 -3.270262 0.800000
      vertex -8.217395 -3.270262 -0.800000
    endloop
  endfacet
  facet normal 0.707107 0.707107 -0.000000
    outer loop
      vertex -8.353595 -3.134062 -0.800000
      vertex -8.353595 -3.134062 0.800000
      vertex -8.217395 -3.270262 0.800000
    endloop
  endfacet
  facet normal -0.000000 0.000000 1.000000
    outer loop
      vertex -9.690832 -4.970698 0.800000
      vertex -9.279640 -5.278513 0.800000
      vertex -8.063198 -3.385692 0.800000
    endloop
  endfacet
  facet normal 0.000000 0.000000 1.000000
    outer loop
      vertex -9.690832 -4.970698 0.800000
      vertex -8.063198 -3.385692 0.800000
      vertex -8.217395 -3.270262 0.800000
    endloop
  endfacet
  facet normal 0.000000 0.000000 -1.000000
    outer loop
      vertex -9.690832 -4.970698 -0.800000
      vertex -8.063198 -3.385692 -0.800000
      vertex -9.279640 -5.278513 -0.800000
    endloop
  endfacet
  facet normal 0.000000 0.000000 -1.000000
    outer loop
      vertex -9.690832 -4.970698 -0.800000
      vertex -8.217395 -3.270262 -0.800000
      vertex -8.063198 -3.385692 -0.800000
    endloop
  endfacet
  facet normal -0.599278 -0.800541 0.000000
    outer loop
      vertex -9.690832 -4.970698 -0.800000
      vertex -9.279640 -5.278513 -0.800000
      vertex -9.279640 -5.278513 0.800000
    endloop
  endfacet
  facet normal -0.599278 -0.800541 0.000000
    outer loop
      vertex -9.690832 -4.970698 -0.800000
      vertex -9.279640 -5.278513 0.800000
      vertex -9.690832 -4.970698 0.800000
    endloop
  endfacet
  facet normal 0.599278 0.800541 0.000000
    outer loop
      vertex -8.217395 -3.270262 -0.800000
      vertex -8.063198 -3.385692 0.800000
      vertex -8.063198 -3.385692 -0.800000
    endloop
  endfacet
  facet normal 0.599278 0.800541 -0.000000
    outer loop
      vertex -8.217395 -3.270262 -0.800000
      vertex -8.217395 -3.270262 0.800000
      vertex -8.063198 -3.385692 0.800000
    endloop
  endfacet
  facet normal -0.000000 0.000000 1.000000
    outer loop
      vertex -9.279640 -5.278513 0.800000
      vertex -8.828827 -5.524675 0.800000
      vertex -7.894144 -3.478003 0.800000
    endloop
  endfacet
  facet normal 0.000000 0.000000 1.000000
    outer loop
      vertex -9.279640 -5.278513 0.800000
      vertex -7.894144 -3.478003 0.800000
      vertex -8.063198 -3.385692 0.800000
    endloop
  endfacet
  facet normal 0.000000 0.000000 -1.000000
    outer loop
      vertex -9.279640 -5.278513 -0.800000
      vertex -7.894144 -3.478003 -0.800000
      vertex -8.828827 -5.524675 -0.800000
    endloop
  endfacet
  facet normal 0.000000 0.000000 -1.000000
    outer loop
      vertex -9.279640 -5.278513 -0.800000
      vertex -8.063198 -3.385692 -0.800000
      vertex -7.894144 -3.478003 -0.800000
    endloop
  endfacet
  facet normal -0.479249 -0.877679 0.000000
    outer loop
      vertex -9.279640 -5.278513 -0.800000
      vertex -8.828827 -5.524675 -0.800000
      vertex -8.828827 -5.524675 0.800000
    endloop
  endfacet
  facet normal -0.479249 -0.877679 0.000000
    outer loop
      vertex -9.279640 -5.278513 -0.800000
      vertex -8.828827 -5.524675 0.800000
      vertex -9.279640 -5.278513 0.800000
    endloop
  endfacet
  facet normal 0.479249 0.877679 0.000000
    outer loop
      vertex -8.063198 -3.385692 -0.800000
      vertex -7.894144 -3.478003 0.800000
      vertex -7.894144 -3.478003 -0.800000
    endloop
  endfacet
  facet normal 0.479249 0.877679 -0.000000
    outer loop
      vertex -8.063198 -3.385692 -0.800000
      vertex -8.063198 -3.385692 0.800000
      vertex -7.894144 -3.478003 0.800000
    endloop
  endfacet
  facet normal -0.000000 0.000000 1.000000
    outer loop
      vertex -8.828827 -5.524675 0.800000
      vertex -8.347571 -5.704175 0.800000
      vertex -7.713672 -3.545316 0.800000
    endloop
  endfacet
  facet normal 0.000000 0.000000 1.000000
    outer loop
      vertex -8.828827 -5.524675 0.800000
      vertex -7.713672 -3.545316 0.800000
      vertex -7.894144 -3.478003 0.800000
    endloop
  endfacet
  facet normal 0.000000 0.000000 -1.000000
    outer loop
      vertex -8.828827 -5.524675 -0.800000
      vertex -7.713672 -3.545316 -0.800000
      vertex -8.347571 -5.704175 -0.800000
    endloop
  endfacet
  facet normal 0.000000 0.000000 -1.000000
    outer loop
      vertex -8.828827 -5.524675 -0.800000
      vertex -7.894144 -3.478003 -0.800000
      vertex -7.713672 -3.545316 -0.800000
    endloop
  endfacet
  facet normal -0.349464 -0.936950 0.000000
    outer loop
      vertex -8.828827 -5.524675 -0.800000
      vertex -8.347571 -5.704175 -0.800000
      vertex -8.347571 -5.704175 0.800000
    endloop
  endfacet
  facet normal -0.349464 -0.936950 0.000000
    outer loop
      vertex -8.828827 -5.524675 -0.800000
      vertex -8.347571 -5.704175 0.800000
      vertex -8.828827 -5.524675 0.800000
    endloop
  endfacet
  facet normal 0.349464 0.936950 0.000000
    outer loop
      vertex -7.894144 -3.478003 -0.800000
      vertex -7.713672 -3.545316 0.800000
      vertex -7.713672 -3.545316 -0.800000
    endloop
  endfacet
  facet normal 0.349464 0.936950 -0.000000
    outer loop
      vertex -7.894144 -3.478003 -0.800000
      vertex -7.894144 -3.478003 0.800000
      vertex -7.713672 -3.545316 0.800000
    endloop
  endfacet
  facet normal -0.000000 0.000000 1.000000
    outer loop
      vertex -8.347571 -5.704175 0.800000
      vertex -7.845667 -5.813357 0.800000
      vertex -7.525458 -3.586259 0.800000
    endloop
  endfacet
  facet normal 0.000000 0.000000 1.000000
    outer loop
      vertex -8.347571 -5.704175 0.800000
      vertex -7.525458 -3.586259 0.800000
      vertex -7.713672 -3.545316 0.800000
    endloop
  endfacet
  facet normal 0.000000 0.000000 -1.000000
    outer loop
      vertex -8.347571 -5.704175 -0.800000
      vertex -7.525458 -3.586259 -0.800000
      vertex -7.845667 -5.813357 -0.800000
    endloop
  endfacet
  facet normal 0.000000 0.000000 -1.000000
    outer loop
      vertex -8.347571 -5.704175 -0.800000
      vertex -7.713672 -3.545316 -0.800000
      vertex -7.525458 -3.586259 -0.800000
    endloop
  endfacet
  facet normal -0.212565 -0.977147 0.000000
    outer loop
      vertex -8.347571 -5.704175 -0.800000
      vertex -7.845667 -5.813357 -0.800000
      vertex -7.845667 -5.813357 0.800000
    endloop
  endfacet
  facet normal -0.212565 -0.977147 0.000000
    outer loop
      vertex -8.347571 -5.704175 -0.800000
      vertex -7.845667 -5.813357 0.800000
      vertex -8.347571 -5.704175 0.800000
    endloop
  endfacet
  facet normal 0.212565 0.977147 0.000000
    outer loop
      vertex -7.713672 -3.545316 -0.800000
      vertex -7.525458 -3.586259 0.800000
      vertex -7.525458 -3.586259 -0.800000
    endloop
  endfacet
  facet normal 0.212565 0.977147 -0.000000
    outer loop
      vertex -7.713672 -3.545316 -0.800000
      vertex -7.713672 -3.545316 0.800000
      vertex -7.525458 -3.586259 0.800000
    endloop
  endfacet
  facet normal -0.000000 0.000000 1.000000
    outer loop
      vertex -7.845667 -5.813357 0.800000
      vertex -7.333333 -5.850000 0.800000
      vertex -7.333333 -3.600000 0.800000
    endloop
  endfacet
  facet normal 0.000000 0.000000 1.000000
    outer loop
      vertex -7.845667 -5.813357 0.800000
      vertex -7.333333 -3.600000 0.800000
      vertex -7.525458 -3.586259 0.800000
    endloop
  endfacet
  facet normal 0.000000 0.000000 -1.000000
    outer loop
      vertex -7.845667 -5.813357 -0.800000
      vertex -7.333333 -3.600000 -0.800000
      vertex -7.333333 -5.850000 -0.800000
    endloop
  endfacet
  facet normal 0.000000 0.000000 -1.000000
    outer loop
      vertex -7.845667 -5.813357 -0.800000
      vertex -7.525458 -3.586259 -0.800000
      vertex -7.333333 -3.600000 -0.800000
    endloop
  endfacet
  facet normal -0.071339 -0.997452 0.000000
    outer loop
      vertex -7.845667 -5.813357 -0.800000
      vertex -7.333333 -5.850000 -0.800000
      vertex -7.333333 -5.850000 0.800000
    endloop
  endfacet
  facet normal -0.071339 -0.997452 0.000000
    outer loop
      vertex -7.845667 -5.813357 -0.800000
      vertex -7.333333 -5.850000 0.800000
      vertex -7.845667 -5.813357 0.800000
    endloop
  endfacet
  facet normal 0.071339 0.997452 0.000000
    outer loop
      vertex -7.525458 -3.586259 -0.800000
      vertex -7.333333 -3.600000 0.800000
      vertex -7.333333 -3.600000 -0.800000
    endloop
  endfacet
  facet normal 0.071339 0.997452 -0.000000
    outer loop
      vertex -7.525458 -3.586259 -0.800000
      vertex -7.525458 -3.586259 0.800000
      vertex -7.333333 -3.600000 0.800000
    endloop
  endfacet
  facet normal 0.000000 0.000000 1.000000
    outer loop
      vertex -7.333333 -5.850000 0.800000
      vertex -6.821000 -5.813357 0.800000
      vertex -7.141208 -3.586259 0.800000
    endloop
  endfacet
  facet normal 0.000000 0.000000 1.000000
    outer loop
      vertex -7.333333 -5.850000 0.800000
      vertex -7.141208 -3.586259 0.800000
      vertex -7.333333 -3.600000 0.800000
    endloop
  endfacet
  facet normal 0.000000 0.000000 -1.000000
    outer loop
      vertex -7.333333 -5.850000 -0.800000
      vertex -7.141208 -3.586259 -0.800000
      vertex -6.821000 -5.813357 -0.800000
    endloop
  endfacet
  facet normal 0.000000 0.000000 -1.000000
    outer loop
      vertex -7.333333 -5.850000 -0.800000
      vertex -7.333333 -3.600000 -0.800000
      vertex -7.141208 -3.586259 -0.800000
    endloop
  endfacet
  facet normal 0.071339 -0.997452 0.000000
    outer loop
      vertex -7.333333 -5.850000 -0.800000
      vertex -6.821000 -5.813357 -0.800000
      vertex -6.821000 -5.813357 0.800000
    endloop
  endfacet
  facet normal 0.071339 -0.997452 0.000000
    outer loop
      vertex -7.333333 -5.850000 -0.800000
      vertex -6.821000 -5.813357 0.800000
      vertex -7.333333 -5.850000 0.800000
    endloop
  endfacet
  facet normal -0.071339 0.997452 0.000000
    outer loop
      vertex -7.333333 -3.600000 -0.800000
      vertex -7.141208 -3.586259 0.800000
      vertex -7.141208 -3.586259 -0.800000
    endloop
  endfacet
  facet normal -0.071339 0.997452 0.000000
    outer loop
      vertex -7.333333 -3.600000 -0.800000
      vertex -7.333333 -3.600000 0.800000
      vertex -7.141208 -3.586259 0.800000
    endloop
  endfacet
  facet normal 0.000000 -0.000000 1.000000
    outer loop
      vertex -6.821000 -5.813357 0.800000
      vertex -6.319096 -5.704175 0.800000
      vertex -6.952994 -3.545316 0.800000
    endloop
  endfacet
  facet normal 0.000000 0.000000 1.000000
    outer loop
      vertex -6.821000 -5.813357 0.800000
      vertex -6.952994 -3.545316 0.800000
      vertex -7.141208 -3.586259 0.800000
    endloop
  endfacet
  facet normal 0.000000 0.000000 -1.000000
    outer loop
      vertex -6.821000 -5.813357 -0.800000
      vertex -6.952994 -3.545316 -0.800000
      vertex -6.319096 -5.704175 -0.800000
    endloop
  endfacet
  facet normal 0.000000 0.000000 -1.000000
    outer loop
      vertex -6.821000 -5.813357 -0.800000
      vertex -7.141208 -3.586259 -0.800000
      vertex -6.952994 -3.545316 -0.800000
    endloop
  endfacet
  facet normal 0.212565 -0.977147 0.000000
    outer loop
      vertex -6.821000 -5.813357 -0.800000
      vertex -6.319096 -5.704175 -0.800000
      vertex -6.319096 -5.704175 0.800000
    endloop
  endfacet
  facet normal 0.212565 -0.977147 0.000000
    outer loop
      vertex -6.821000 -5.813357 -0.800000
      vertex -6.319096 -5.704175 0.800000
      vertex -6.821000 -5.813357 0.800000
    endloop
  endfacet
  facet normal -0.212565 0.977147 0.000000
    outer loop
      vertex -7.141208 -3.586259 -0.800000
      vertex -6.952994 -3.545316 0.800000
      vertex -6.952994 -3.545316 -0.800000
    endloop
  endfacet
  facet normal -0.212565 0.977147 0.000000
    outer loop
      vertex -7.141208 -3.586259 -0.800000
      vertex -7.141208 -3.586259 0.800000
      vertex -6.952994 -3.545316 0.800000
    endloop
  endfacet
  facet normal 0.000000 -0.000000 1.000000
    outer loop
      vertex -6.319096 -5.704175 0.800000
      vertex -5.837839 -5.524675 0.800000
      vertex -6.772523 -3.478003 0.800000
    endloop
  endfacet
  facet normal 0.000000 0.000000 1.000000
    outer loop
      vertex -6.319096 -5.704175 0.800000
      vertex -6.772523 -3.478003 0.800000
      vertex -6.952994 -3.545316 0.800000
    endloop
  endfacet
  facet normal 0.000000 0.000000 -1.000000
    outer loop
      vertex -6.319096 -5.704175 -0.800000
      vertex -6.772523 -3.478003 -0.800000
      vertex -5.837839 -5.524675 -0.800000
    endloop
  endfacet
  facet normal 0.000000 0.000000 -1.000000
    outer loop
      vertex -6.319096 -5.704175 -0.800000
      vertex -6.952994 -3.545316 -0.800000
      vertex -6.772523 -3.478003 -0.800000
    endloop
  endfacet
  facet normal 0.349464 -0.936950 0.000000
    outer loop
      vertex -6.319096 -5.704175 -0.800000
      vertex -5.837839 -5.524675 -0.800000
      vertex -5.837839 -5.524675 0.800000
    endloop
  endfacet
  facet normal 0.349464 -0.936950 0.000000
    outer loop
      vertex -6.319096 -5.704175 -0.800000
      vertex -5.837839 -5.524675 0.800000
      vertex -6.319096 -5.704175 0.800000
    endloop
  endfacet
  facet normal -0.349464 0.936950 0.000000
    outer loop
      vertex -6.952994 -3.545316 -0.800000
      vertex -6.772523 -3.478003 0.800000
      vertex -6.772523 -3.478003 -0.800000
    endloop
  endfacet
  facet normal -0.349464 0.936950 0.000000
    outer loop
      vertex -6.952994 -3.545316 -0.800000
      vertex -6.952994 -3.545316 0.800000
      vertex -6.772523 -3.478003 0.800000
    endloop
  endfacet
  facet normal 0.000000 -0.000000 1.000000
    outer loop
      vertex -5.837839 -5.524675 0.800000
      vertex -5.387026 -5.278513 0.800000
      vertex -6.603468 -3.385692 0.800000
    endloop
  endfacet
  facet normal 0.000000 0.000000 1.000000
    outer loop
      vertex -5.837839 -5.524675 0.800000
      vertex -6.603468 -3.385692 0.800000
      vertex -6.772523 -3.478003 0.800000
    endloop
  endfacet
  facet normal 0.000000 0.000000 -1.000000
    outer loop
      vertex -5.837839 -5.524675 -0.800000
      vertex -6.603468 -3.385692 -0.800000
      vertex -5.387026 -5.278513 -0.800000
    endloop
  endfacet
  facet normal 0.000000 0.000000 -1.000000
    outer loop
      vertex -5.837839 -5.524675 -0.800000
      vertex -6.772523 -3.478003 -0.800000
      vertex -6.603468 -3.385692 -0.800000
    endloop
  endfacet
  facet normal 0.479249 -0.877679 0.000000
    outer loop
      vertex -5.837839 -5.524675 -0.800000
      vertex -5.387026 -5.278513 -0.800000
      vertex -5.387026 -5.278513 0.800000
    endloop
  endfacet
  facet normal 0.479249 -0.877679 0.000000
    outer loop
      vertex -5.837839 -5.524675 -0.800000
      vertex -5.387026 -5.278513 0.800000
      vertex -5.837839 -5.524675 0.800000
    endloop
  endfacet
  facet normal -0.479249 0.877679 0.000000
    outer loop
      vertex -6.772523 -3.478003 -0.800000
      vertex -6.603468 -3.385692 0.800000
      vertex -6.603468 -3.385692 -0.800000
    endloop
  endfacet
  facet normal -0.479249 0.877679 0.000000
    outer loop
      vertex -6.772523 -3.478003 -0.800000
      vertex -6.772523 -3.478003 0.800000
      vertex -6.603468 -3.385692 0.800000
    endloop
  endfacet
  facet normal 0.000000 -0.000000 1.000000
    outer loop
      vertex -5.387026 -5.278513 0.800000
      vertex -4.975835 -4.970698 0.800000
      vertex -6.449271 -3.270262 0.800000
    endloop
  endfacet
  facet normal 0.000000 0.000000 1.000000
    outer loop
      vertex -5.387026 -5.278513 0.800000
      vertex -6.449271 -3.270262 0.800000
      vertex -6.603468 -3.385692 0.800000
    endloop
  endfacet
  facet normal 0.000000 0.000000 -1.000000
    outer loop
      vertex -5.387026 -5.278513 -0.800000
      vertex -6.449271 -3.270262 -0.800000
      vertex -4.975835 -4.970698 -0.800000
    endloop
  endfacet
  facet normal 0.000000 0.000000 -1.000000
    outer loop
      vertex -5.387026 -5.278513 -0.800000
      vertex -6.603468 -3.385692 -0.800000
      vertex -6.449271 -3.270262 -0.800000
    endloop
  endfacet
  facet normal 0.599278 -0.800541 0.000000
    outer loop
      vertex -5.387026 -5.278513 -0.800000
      vertex -4.975835 -4.970698 -0.800000
      vertex -4.975835 -4.970698 0.800000
    endloop
  endfacet
  facet normal 0.599278 -0.800541 0.000000
    outer loop
      vertex -5.387026 -5.278513 -0.800000
      vertex -4.975835 -4.970698 0.800000
      vertex -5.387026 -5.278513 0.800000
    endloop
  endfacet
  facet normal -0.599278 0.800541 0.000000
    outer loop
      vertex -6.603468 -3.385692 -0.800000
      vertex -6.449271 -3.270262 0.800000
      vertex -6.449271 -3.270262 -0.800000
    endloop
  endfacet
  facet normal -0.599278 0.800541 0.000000
    outer loop
      vertex -6.603468 -3.385692 -0.800000
      vertex -6.603468 -3.385692 0.800000
      vertex -6.449271 -3.270262 0.800000
    endloop
  endfacet
  facet normal 0.000000 -0.000000 1.000000
    outer loop
      vertex -4.975835 -4.970698 0.800000
      vertex -4.612635 -4.607499 0.800000
      vertex -6.313071 -3.134062 0.800000
    endloop
  endfacet
  facet normal 0.000000 0.000000 1.000000
    outer loop
      vertex -4.975835 -4.970698 0.800000
      vertex -6.313071 -3.134062 0.800000
      vertex -6.449271 -3.270262 0.800000
    endloop
  endfacet
  facet normal 0.000000 0.000000 -1.000000
    outer loop
      vertex -4.975835 -4.970698 -0.800000
      vertex -6.313071 -3.134062 -0.800000
      vertex -4.612635 -4.607499 -0.800000
    endloop
  endfacet
  facet normal 0.000000 0.000000 -1.000000
    outer loop
      vertex -4.975835 -4.970698 -0.800000
      vertex -6.449271 -3.270262 -0.800000
      vertex -6.313071 -3.134062 -0.800000
    endloop
  endfacet
  facet normal 0.707107 -0.707107 0.000000
    outer loop
      vertex -4.975835 -4.970698 -0.800000
      vertex -4.612635 -4.607499 -0.800000
      vertex -4.612635 -4.607499 0.800000
    endloop
  endfacet
  facet normal 0.707107 -0.707107 0.000000
    outer loop
      vertex -4.975835 -4.970698 -0.800000
      vertex -4.612635 -4.607499 0.800000
      vertex -4.975835 -4.970698 0.800000
    endloop
  endfacet
  facet normal -0.707107 0.707107 0.000000
    outer loop
      vertex -6.449271 -3.270262 -0.800000
      vertex -6.313071 -3.134062 0.800000
      vertex -6.313071 -3.134062 -0.800000
    endloop
  endfacet
  facet normal -0.707107 0.707107 0.000000
    outer loop
      vertex -6.449271 -3.270262 -0.800000
      vertex -6.449271 -3.270262 0.800000
      vertex -6.313071 -3.134062 0.800000
    endloop
  endfacet
  facet normal 0.000000 -0.000000 1.000000
    outer loop
      vertex -4.612635 -4.607499 0.800000
      vertex -4.304821 -4.196307 0.800000
      vertex -6.197641 -2.979865 0.800000
    endloop
  endfacet
  facet normal 0.000000 0.000000 1.000000
    outer loop
      vertex -4.612635 -4.607499 0.800000
      vertex -6.197641 -2.979865 0.800000
      vertex -6.313071 -3.134062 0.800000
    endloop
  endfacet
  facet normal 0.000000 0.000000 -1.000000
    outer loop
      vertex -4.612635 -4.607499 -0.800000
      vertex -6.197641 -2.979865 -0.800000
      vertex -4.304821 -4.196307 -0.800000
    endloop
  endfacet
  facet normal 0.000000 0.000000 -1.000000
    outer loop
      vertex -4.612635 -4.607499 -0.800000
      vertex -6.313071 -3.134062 -0.800000
      vertex -6.197641 -2.979865 -0.800000
    endloop
  endfacet
  facet normal 0.800541 -0.599278 0.000000
    outer loop
      vertex -4.612635 -4.607499 -0.800000
      vertex -4.304821 -4.196307 -0.800000
      vertex -4.304821 -4.196307 0.800000
    endloop
  endfacet
  facet normal 0.800541 -0.599278 0.000000
    outer loop
      vertex -4.612635 -4.607499 -0.800000
      vertex -4.304821 -4.196307 0.800000
      vertex -4.612635 -4.607499 0.800000
    endloop
  endfacet
  facet normal -0.800541 0.599278 0.000000
    outer loop
      vertex -6.313071 -3.134062 -0.800000
      vertex -6.197641 -2.979865 0.800000
      vertex -6.197641 -2.979865 -0.800000
    endloop
  endfacet
  facet normal -0.800541 0.599278 0.000000
    outer loop
      vertex -6.313071 -3.134062 -0.800000
      vertex -6.313071 -3.134062 0.800000
      vertex -6.197641 -2.979865 0.800000
    endloop
  endfacet
  facet normal 0.000000 -0.000000 1.000000
    outer loop
      vertex -4.304821 -4.196307 0.800000
      vertex -4.058658 -3.745494 0.800000
      vertex -6.105330 -2.810810 0.800000
    endloop
  endfacet
  facet normal 0.000000 0.000000 1.000000
    outer loop
      vertex -4.304821 -4.196307 0.800000
      vertex -6.105330 -2.810810 0.800000
      vertex -6.197641 -2.979865 0.800000
    endloop
  endfacet
  facet normal 0.000000 0.000000 -1.000000
    outer loop
      vertex -4.304821 -4.196307 -0.800000
      vertex -6.105330 -2.810810 -0.800000
      vertex -4.058658 -3.745494 -0.800000
    endloop
  endfacet
  facet normal 0.000000 0.000000 -1.000000
    outer loop
      vertex -4.304821 -4.196307 -0.800000
      vertex -6.197641 -2.979865 -0.800000
      vertex -6.105330 -2.810810 -0.800000
    endloop
  endfacet
  facet normal 0.877679 -0.479249 0.000000
    outer loop
      vertex -4.304821 -4.196307 -0.800000
      vertex -4.058658 -3.745494 -0.800000
      vertex -4.058658 -3.745494 0.800000
    endloop
  endfacet
  facet normal 0.877679 -0.479249 0.000000
    outer loop
      vertex -4.304821 -4.196307 -0.800000
      vertex -4.058658 -3.745494 0.800000
      vertex -4.304821 -4.196307 0.800000
    endloop
  endfacet
  facet normal -0.877679 0.479249 0.000000
    outer loop
      vertex -6.197641 -2.979865 -0.800000
      vertex -6.105330 -2.810810 0.800000
      vertex -6.105330 -2.810810 -0.800000
    endloop
  endfacet
  facet normal -0.877679 0.479249 0.000000
    outer loop
      vertex -6.197641 -2.979865 -0.800000
      vertex -6.197641 -2.979865 0.800000
      vertex -6.105330 -2.810810 0.800000
    endloop
  endfacet
  facet normal 0.000000 -0.000000 1.000000
    outer loop
      vertex -4.058658 -3.745494 0.800000
      vertex -3.879159 -3.264237 0.800000
      vertex -6.038018 -2.630339 0.800000
    endloop
  endfacet
  facet normal 0.000000 0.000000 1.000000
    outer loop
      vertex -4.058658 -3.745494 0.800000
      vertex -6.038018 -2.630339 0.800000
      vertex -6.105330 -2.810810 0.800000
    endloop
  endfacet
  facet normal 0.000000 0.000000 -1.000000
    outer loop
      vertex -4.058658 -3.745494 -0.800000
      vertex -6.038018 -2.630339 -0.800000
      vertex -3.879159 -3.264237 -0.800000
    endloop
  endfacet
  facet normal 0.000000 0.000000 -1.000000
    outer loop
      vertex -4.058658 -3.745494 -0.800000
      vertex -6.105330 -2.810810 -0.800000
      vertex -6.038018 -2.630339 -0.800000
    endloop
  endfacet
  facet normal 0.936950 -0.349464 0.000000
    outer loop
      vertex -4.058658 -3.745494 -0.800000
      vertex -3.879159 -3.264237 -0.800000
      vertex -3.879159 -3.264237 0.800000
    endloop
  endfacet
  facet normal 0.936950 -0.349464 0.000000
    outer loop
      vertex -4.058658 -3.745494 -0.800000
      vertex -3.879159 -3.264237 0.800000
      vertex -4.058658 -3.745494 0.800000
    endloop
  endfacet
  facet normal -0.936950 0.349464 0.000000
    outer loop
      vertex -6.105330 -2.810810 -0.800000
      vertex -6.038018 -2.630339 0.800000
      vertex -6.038018 -2.630339 -0.800000
    endloop
  endfacet
  facet normal -0.936950 0.349464 0.000000
    outer loop
      vertex -6.105330 -2.810810 -0.800000
      vertex -6.105330 -2.810810 0.800000
      vertex -6.038018 -2.630339 0.800000
    endloop
  endfacet
  facet normal 0.000000 -0.000000 1.000000
    outer loop
      vertex -3.879159 -3.264237 0.800000
      vertex -3.769976 -2.762333 0.800000
      vertex -5.997074 -2.442125 0.800000
    endloop
  endfacet
  facet normal 0.000000 0.000000 1.000000
    outer loop
      vertex -3.879159 -3.264237 0.800000
      vertex -5.997074 -2.442125 0.800000
      vertex -6.038018 -2.630339 0.800000
    endloop
  endfacet
  facet normal 0.000000 0.000000 -1.000000
    outer loop
      vertex -3.879159 -3.264237 -0.800000
      vertex -5.997074 -2.442125 -0.800000
      vertex -3.769976 -2.762333 -0.800000
    endloop
  endfacet
  facet normal 0.000000 0.000000 -1.000000
    outer loop
      vertex -3.879159 -3.264237 -0.800000
      vertex -6.038018 -2.630339 -0.800000
      vertex -5.997074 -2.442125 -0.800000
    endloop
  endfacet
  facet normal 0.977147 -0.212565 0.000000
    outer loop
      vertex -3.879159 -3.264237 -0.800000
      vertex -3.769976 -2.762333 -0.800000
      vertex -3.769976 -2.762333 0.800000
    endloop
  endfacet
  facet normal 0.977147 -0.212565 0.000000
    outer loop
      vertex -3.879159 -3.264237 -0.800000
      vertex -3.769976 -2.762333 0.800000
      vertex -3.879159 -3.264237 0.800000
    endloop
  endfacet
  facet normal -0.977147 0.212565 0.000000
    outer loop
      vertex -6.038018 -2.630339 -0.800000
      vertex -5.997074 -2.442125 0.800000
      vertex -5.997074 -2.442125 -0.800000
    endloop
  endfacet
  facet normal -0.977147 0.212565 0.000000
    outer loop
      vertex -6.038018 -2.630339 -0.800000
      vertex -6.038018 -2.630339 0.800000
      vertex -5.997074 -2.442125 0.800000
    endloop
  endfacet
  facet normal 0.000000 -0.000000 1.000000
    outer loop
      vertex -3.769976 -2.762333 0.800000
      vertex -3.733333 -2.250000 0.800000
      vertex -5.983333 -2.250000 0.800000
    endloop
  endfacet
  facet normal 0.000000 0.000000 1.000000
    outer loop
      vertex -3.769976 -2.762333 0.800000
      vertex -5.983333 -2.250000 0.800000
      vertex -5.997074 -2.442125 0.800000
    endloop
  endfacet
  facet normal 0.000000 0.000000 -1.000000
    outer loop
      vertex -3.769976 -2.762333 -0.800000
      vertex -5.983333 -2.250000 -0.800000
      vertex -3.733333 -2.250000 -0.800000
    endloop
  endfacet
  facet normal 0.000000 0.000000 -1.000000
    outer loop
      vertex -3.769976 -2.762333 -0.800000
      vertex -5.997074 -2.442125 -0.800000
      vertex -5.983333 -2.250000 -0.800000
    endloop
  endfacet
  facet normal 0.997452 -0.071339 0.000000
    outer loop
      vertex -3.769976 -2.762333 -0.800000
      vertex -3.733333 -2.250000 -0.800000
      vertex -3.733333 -2.250000 0.800000
    endloop
  endfacet
  facet normal 0.997452 -0.071339 0.000000
    outer loop
      vertex -3.769976 -2.762333 -0.800000
      vertex -3.733333 -2.250000 0.800000
      vertex -3.769976 -2.762333 0.800000
    endloop
  endfacet
  facet normal -0.997452 0.071339 0.000000
    outer loop
      vertex -5.997074 -2.442125 -0.800000
      vertex -5.983333 -2.250000 0.800000
      vertex -5.983333 -2.250000 -0.800000
    endloop
  endfacet
  facet normal -0.997452 0.071339 0.000000
    outer loop
      vertex -5.997074 -2.442125 -0.800000
      vertex -5.997074 -2.442125 0.800000
      vertex -5.983333 -2.250000 0.800000
    endloop
  endfacet
  facet normal 0.000000 0.000000 1.000000
    outer loop
      vertex 10.933333 2.250000 0.800000
      vertex 10.896691 2.762333 0.800000
      vertex 8.669592 2.442125 0.800000
    endloop
  endfacet
  facet normal 0.000000 0.000000 1.000000
    outer loop
      vertex 10.933333 2.250000 0.800000
      vertex 8.669592 2.442125 0.800000
      vertex 8.683333 2.250000 0.800000
    endloop
  endfacet
  facet normal 0.000000 0.000000 -1.000000
    outer loop
      vertex 10.933333 2.250000 -0.800000
      vertex 8.669592 2.442125 -0.800000
      vertex 10.896691 2.762333 -0.800000
    endloop
  endfacet
  facet normal 0.000000 0.000000 -1.000000
    outer loop
      vertex 10.933333 2.250000 -0.800000
      vertex 8.683333 2.250000 -0.800000
      vertex 8.669592 2.442125 -0.800000
    endloop
  endfacet
  facet normal 0.997452 0.071339 0.000000
    outer loop
      vertex 10.933333 2.250000 -0.800000
      vertex 10.896691 2.762333 -0.800000
      vertex 10.896691 2.762333 0.800000
    endloop
  endfacet
  facet normal 0.997452 0.071339 -0.000000
    outer loop
      vertex 10.933333 2.250000 -0.800000
      vertex 10.896691 2.762333 0.800000
      vertex 10.933333 2.250000 0.800000
    endloop
  endfacet
  facet normal -0.997452 -0.071339 0.000000
    outer loop
      vertex 8.683333 2.250000 -0.800000
      vertex 8.669592 2.442125 0.800000
      vertex 8.669592 2.442125 -0.800000
    endloop
  endfacet
  facet normal -0.997452 -0.071339 0.000000
    outer loop
      vertex 8.683333 2.250000 -0.800000
      vertex 8.683333 2.250000 0.800000
      vertex 8.669592 2.442125 0.800000
    endloop
  endfacet
  facet normal 0.000000 0.000000 1.000000
    outer loop
      vertex 10.896691 2.762333 0.800000
      vertex 10.787508 3.264237 0.800000
      vertex 8.628649 2.630339 0.800000
    endloop
  endfacet
  facet normal 0.000000 0.000000 1.000000
    outer loop
      vertex 10.896691 2.762333 0.800000
      vertex 8.628649 2.630339 0.800000
      vertex 8.669592 2.442125 0.800000
    endloop
  endfacet
  facet normal -0.000000 0.000000 -1.000000
    outer loop
      vertex 10.896691 2.762333 -0.800000
      vertex 8.628649 2.630339 -0.800000
      vertex 10.787508 3.264237 -0.800000
    endloop
  endfacet
  facet normal 0.000000 0.000000 -1.000000
    outer loop
      vertex 10.896691 2.762333 -0.800000
      vertex 8.669592 2.442125 -0.800000
      vertex 8.628649 2.630339 -0.800000
    endloop
  endfacet
  facet normal 0.977147 0.212565 0.000000
    outer loop
      vertex 10.896691 2.762333 -0.800000
      vertex 10.787508 3.264237 -0.800000
      vertex 10.787508 3.264237 0.800000
    endloop
  endfacet
  facet normal 0.977147 0.212565 -0.000000
    outer loop
      vertex 10.896691 2.762333 -0.800000
      vertex 10.787508 3.264237 0.800000
      vertex 10.896691 2.762333 0.800000
    endloop
  endfacet
  facet normal -0.977147 -0.212565 0.000000
    outer loop
      vertex 8.669592 2.442125 -0.800000
      vertex 8.628649 2.630339 0.800000
      vertex 8.628649 2.630339 -0.800000
    endloop
  endfacet
  facet normal -0.977147 -0.212565 0.000000
    outer loop
      vertex 8.669592 2.442125 -0.800000
      vertex 8.669592 2.442125 0.800000
      vertex 8.628649 2.630339 0.800000
    endloop
  endfacet
  facet normal 0.000000 0.000000 1.000000
    outer loop
      vertex 10.787508 3.264237 0.800000
      vertex 10.608009 3.745494 0.800000
      vertex 8.561337 2.810810 0.800000
    endloop
  endfacet
  facet normal 0.000000 0.000000 1.000000
    outer loop
      vertex 10.787508 3.264237 0.800000
      vertex 8.561337 2.810810 0.800000
      vertex 8.628649 2.630339 0.800000
    endloop
  endfacet
  facet normal -0.000000 0.000000 -1.000000
    outer loop
      vertex 10.787508 3.264237 -0.800000
      vertex 8.561337 2.810810 -0.800000
      vertex 10.608009 3.745494 -0.800000
    endloop
  endfacet
  facet normal 0.000000 0.000000 -1.000000
    outer loop
      vertex 10.787508 3.264237 -0.800000
      vertex 8.628649 2.630339 -0.800000
      vertex 8.561337 2.810810 -0.800000
    endloop
  endfacet
  facet normal 0.936950 0.349464 0.000000
    outer loop
      vertex 10.787508 3.264237 -0.800000
      vertex 10.608009 3.745494 -0.800000
      vertex 10.608009 3.745494 0.800000
    endloop
  endfacet
  facet normal 0.936950 0.349464 -0.000000
    outer loop
      vertex 10.787508 3.264237 -0.800000
      vertex 10.608009 3.745494 0.800000
      vertex 10.787508 3.264237 0.800000
    endloop
  endfacet
  facet normal -0.936950 -0.349464 0.000000
    outer loop
      vertex 8.628649 2.630339 -0.800000
      vertex 8.561337 2.810810 0.800000
      vertex 8.561337 2.810810 -0.800000
    endloop
  endfacet
  facet normal -0.936950 -0.349464 0.000000
    outer loop
      vertex 8.628649 2.630339 -0.800000
      vertex 8.628649 2.630339 0.800000
      vertex 8.561337 2.810810 0.800000
    endloop
  endfacet
  facet normal 0.000000 0.000000 1.000000
    outer loop
      vertex 10.608009 3.745494 0.800000
      vertex 10.361846 4.196307 0.800000
      vertex 8.469026 2.979865 0.800000
    endloop
  endfacet
  facet normal 0.000000 0.000000 1.000000
    outer loop
      vertex 10.608009 3.745494 0.800000
      vertex 8.469026 2.979865 0.800000
      vertex 8.561337 2.810810 0.800000
    endloop
  endfacet
  facet normal -0.000000 0.000000 -1.000000
    outer loop
      vertex 10.608009 3.745494 -0.800000
      vertex 8.469026 2.979865 -0.800000
      vertex 10.361846 4.196307 -0.800000
    endloop
  endfacet
  facet normal 0.000000 0.000000 -1.000000
    outer loop
      vertex 10.608009 3.745494 -0.800000
      vertex 8.561337 2.810810 -0.800000
      vertex 8.469026 2.979865 -0.800000
    endloop
  endfacet
  facet normal 0.877679 0.479249 0.000000
    outer loop
      vertex 10.608009 3.745494 -0.800000
      vertex 10.361846 4.196307 -0.800000
      vertex 10.361846 4.196307 0.800000
    endloop
  endfacet
  facet normal 0.877679 0.479249 -0.000000
    outer loop
      vertex 10.608009 3.745494 -0.800000
      vertex 10.361846 4.196307 0.800000
      vertex 10.608009 3.745494 0.800000
    endloop
  endfacet
  facet normal -0.877679 -0.479249 0.000000
    outer loop
      vertex 8.561337 2.810810 -0.800000
      vertex 8.469026 2.979865 0.800000
      vertex 8.469026 2.979865 -0.800000
    endloop
  endfacet
  facet normal -0.877679 -0.479249 0.000000
    outer loop
      vertex 8.561337 2.810810 -0.800000
      vertex 8.561337 2.810810 0.800000
      vertex 8.469026 2.979865 0.800000
    endloop
  endfacet
  facet normal 0.000000 0.000000 1.000000
    outer loop
      vertex 10.361846 4.196307 0.800000
      vertex 10.054032 4.607499 0.800000
      vertex 8.353595 3.134062 0.800000
    endloop
  endfacet
  facet normal 0.000000 0.000000 1.000000
    outer loop
      vertex 10.361846 4.196307 0.800000
      vertex 8.353595 3.134062 0.800000
      vertex 8.469026 2.979865 0.800000
    endloop
  endfacet
  facet normal -0.000000 0.000000 -1.000000
    outer loop
      vertex 10.361846 4.196307 -0.800000
      vertex 8.353595 3.134062 -0.800000
      vertex 10.054032 4.607499 -0.800000
    endloop
  endfacet
  facet normal 0.000000 0.000000 -1.000000
    outer loop
      vertex 10.361846 4.196307 -0.800000
      vertex 8.469026 2.979865 -0.800000
      vertex 8.353595 3.134062 -0.800000
    endloop
  endfacet
  facet normal 0.800541 0.599278 0.000000
    outer loop
      vertex 10.361846 4.196307 -0.800000
      vertex 10.054032 4.607499 -0.800000
      vertex 10.054032 4.607499 0.800000
    endloop
  endfacet
  facet normal 0.800541 0.599278 -0.000000
    outer loop
      vertex 10.361846 4.196307 -0.800000
      vertex 10.054032 4.607499 0.800000
      vertex 10.361846 4.196307 0.800000
    endloop
  endfacet
  facet normal -0.800541 -0.599278 0.000000
    outer loop
      vertex 8.469026 2.979865 -0.800000
      vertex 8.353595 3.134062 0.800000
      vertex 8.353595 3.134062 -0.800000
    endloop
  endfacet
  facet normal -0.800541 -0.599278 0.000000
    outer loop
      vertex 8.469026 2.979865 -0.800000
      vertex 8.469026 2.979865 0.800000
      vertex 8.353595 3.134062 0.800000
    endloop
  endfacet
  facet normal 0.000000 0.000000 1.000000
    outer loop
      vertex 10.054032 4.607499 0.800000
      vertex 9.690832 4.970698 0.800000
      vertex 8.217395 3.270262 0.800000
    endloop
  endfacet
  facet normal 0.000000 0.000000 1.000000
    outer loop
      vertex 10.054032 4.607499 0.800000
      vertex 8.217395 3.270262 0.800000
      vertex 8.353595 3.134062 0.800000
    endloop
  endfacet
  facet normal -0.000000 0.000000 -1.000000
    outer loop
      vertex 10.054032 4.607499 -0.800000
      vertex 8.217395 3.270262 -0.800000
      vertex 9.690832 4.970698 -0.800000
    endloop
  endfacet
  facet normal 0.000000 0.000000 -1.000000
    outer loop
      vertex 10.054032 4.607499 -0.800000
      vertex 8.353595 3.134062 -0.800000
      vertex 8.217395 3.270262 -0.800000
    endloop
  endfacet
  facet normal 0.707107 0.707107 0.000000
    outer loop
      vertex 10.054032 4.607499 -0.800000
      vertex 9.690832 4.970698 -0.800000
      vertex 9.690832 4.970698 0.800000
    endloop
  endfacet
  facet normal 0.707107 0.707107 -0.000000
    outer loop
      vertex 10.054032 4.607499 -0.800000
      vertex 9.690832 4.970698 0.800000
      vertex 10.054032 4.607499 0.800000
    endloop
  endfacet
  facet normal -0.707107 -0.707107 0.000000
    outer loop
      vertex 8.353595 3.134062 -0.800000
      vertex 8.217395 3.270262 0.800000
      vertex 8.217395 3.270262 -0.800000
    endloop
  endfacet
  facet normal -0.707107 -0.707107 0.000000
    outer loop
      vertex 8.353595 3.134062 -0.800000
      vertex 8.353595 3.134062 0.800000
      vertex 8.217395 3.270262 0.800000
    endloop
  endfacet
  facet normal 0.000000 0.000000 1.000000
    outer loop
      vertex 9.690832 4.970698 0.800000
      vertex 9.279640 5.278513 0.800000
      vertex 8.063198 3.385692 0.800000
    endloop
  endfacet
  facet normal 0.000000 0.000000 1.000000
    outer loop
      vertex 9.690832 4.970698 0.800000
      vertex 8.063198 3.385692 0.800000
      vertex 8.217395 3.270262 0.800000
    endloop
  endfacet
  facet normal -0.000000 0.000000 -1.000000
    outer loop
      vertex 9.690832 4.970698 -0.800000
      vertex 8.063198 3.385692 -0.800000
      vertex 9.279640 5.278513 -0.800000
    endloop
  endfacet
  facet normal 0.000000 0.000000 -1.000000
    outer loop
      vertex 9.690832 4.970698 -0.800000
      vertex 8.217395 3.270262 -0.800000
      vertex 8.063198 3.385692 -0.800000
    endloop
  endfacet
  facet normal 0.599278 0.800541 0.000000
    outer loop
      vertex 9.690832 4.970698 -0.800000
      vertex 9.279640 5.278513 -0.800000
      vertex 9.279640 5.278513 0.800000
    endloop
  endfacet
  facet normal 0.599278 0.800541 -0.000000
    outer loop
      vertex 9.690832 4.970698 -0.800000
      vertex 9.279640 5.278513 0.800000
      vertex 9.690832 4.970698 0.800000
    endloop
  endfacet
  facet normal -0.599278 -0.800541 0.000000
    outer loop
      vertex 8.217395 3.270262 -0.800000
      vertex 8.063198 3.385692 0.800000
      vertex 8.063198 3.385692 -0.800000
    endloop
  endfacet
  facet normal -0.599278 -0.800541 0.000000
    outer loop
      vertex 8.217395 3.270262 -0.800000
      vertex 8.217395 3.270262 0.800000
      vertex 8.063198 3.385692 0.800000
    endloop
  endfacet
  facet normal 0.000000 0.000000 1.000000
    outer loop
      vertex 9.279640 5.278513 0.800000
      vertex 8.828827 5.524675 0.800000
      vertex 7.894144 3.478003 0.800000
    endloop
  endfacet
  facet normal 0.000000 0.000000 1.000000
    outer loop
      vertex 9.279640 5.278513 0.800000
      vertex 7.894144 3.478003 0.800000
      vertex 8.063198 3.385692 0.800000
    endloop
  endfacet
  facet normal -0.000000 0.000000 -1.000000
    outer loop
      vertex 9.279640 5.278513 -0.800000
      vertex 7.894144 3.478003 -0.800000
      vertex 8.828827 5.524675 -0.800000
    endloop
  endfacet
  facet normal 0.000000 0.000000 -1.000000
    outer loop
      vertex 9.279640 5.278513 -0.800000
      vertex 8.063198 3.385692 -0.800000
      vertex 7.894144 3.478003 -0.800000
    endloop
  endfacet
  facet normal 0.479249 0.877679 0.000000
    outer loop
      vertex 9.279640 5.278513 -0.800000
      vertex 8.828827 5.524675 -0.800000
      vertex 8.828827 5.524675 0.800000
    endloop
  endfacet
  facet normal 0.479249 0.877679 -0.000000
    outer loop
      vertex 9.279640 5.278513 -0.800000
      vertex 8.828827 5.524675 0.800000
      vertex 9.279640 5.278513 0.800000
    endloop
  endfacet
  facet normal -0.479249 -0.877679 0.000000
    outer loop
      vertex 8.063198 3.385692 -0.800000
      vertex 7.894144 3.478003 0.800000
      vertex 7.894144 3.478003 -0.800000
    endloop
  endfacet
  facet normal -0.479249 -0.877679 0.000000
    outer loop
      vertex 8.063198 3.385692 -0.800000
      vertex 8.063198 3.385692 0.800000
      vertex 7.894144 3.478003 0.800000
    endloop
  endfacet
  facet normal 0.000000 0.000000 1.000000
    outer loop
      vertex 8.828827 5.524675 0.800000
      vertex 8.347571 5.704175 0.800000
      vertex 7.713672 3.545316 0.800000
    endloop
  endfacet
  facet normal 0.000000 0.000000 1.000000
    outer loop
      vertex 8.828827 5.524675 0.800000
      vertex 7.713672 3.545316 0.800000
      vertex 7.894144 3.478003 0.800000
    endloop
  endfacet
  facet normal -0.000000 0.000000 -1.000000
    outer loop
      vertex 8.828827 5.524675 -0.800000
      vertex 7.713672 3.545316 -0.800000
      vertex 8.347571 5.704175 -0.800000
    endloop
  endfacet
  facet normal 0.000000 0.000000 -1.000000
    outer loop
      vertex 8.828827 5.524675 -0.800000
      vertex 7.894144 3.478003 -0.800000
      vertex 7.713672 3.545316 -0.800000
    endloop
  endfacet
  facet normal 0.349464 0.936950 0.000000
    outer loop
      vertex 8.828827 5.524675 -0.800000
      vertex 8.347571 5.704175 -0.800000
      vertex 8.347571 5.704175 0.800000
    endloop
  endfacet
  facet normal 0.349464 0.936950 -0.000000
    outer loop
      vertex 8.828827 5.524675 -0.800000
      vertex 8.347571 5.704175 0.800000
      vertex 8.828827 5.524675 0.800000
    endloop
  endfacet
  facet normal -0.349464 -0.936950 0.000000
    outer loop
      vertex 7.894144 3.478003 -0.800000
      vertex 7.713672 3.545316 0.800000
      vertex 7.713672 3.545316 -0.800000
    endloop
  endfacet
  facet normal -0.349464 -0.936950 0.000000
    outer loop
      vertex 7.894144 3.478003 -0.800000
      vertex 7.894144 3.478003 0.800000
      vertex 7.713672 3.545316 0.800000
    endloop
  endfacet
  facet normal 0.000000 0.000000 1.000000
    outer loop
      vertex 8.347571 5.704175 0.800000
      vertex 7.845667 5.813357 0.800000
      vertex 7.525458 3.586259 0.800000
    endloop
  endfacet
  facet normal 0.000000 0.000000 1.000000
    outer loop
      vertex 8.347571 5.704175 0.800000
      vertex 7.525458 3.586259 0.800000
      vertex 7.713672 3.545316 0.800000
    endloop
  endfacet
  facet normal -0.000000 0.000000 -1.000000
    outer loop
      vertex 8.347571 5.704175 -0.800000
      vertex 7.525458 3.586259 -0.800000
      vertex 7.845667 5.813357 -0.800000
    endloop
  endfacet
  facet normal 0.000000 0.000000 -1.000000
    outer loop
      vertex 8.347571 5.704175 -0.800000
      vertex 7.713672 3.545316 -0.800000
      vertex 7.525458 3.586259 -0.800000
    endloop
  endfacet
  facet normal 0.212565 0.977147 0.000000
    outer loop
      vertex 8.347571 5.704175 -0.800000
      vertex 7.845667 5.813357 -0.800000
      vertex 7.845667 5.813357 0.800000
    endloop
  endfacet
  facet normal 0.212565 0.977147 -0.000000
    outer loop
      vertex 8.347571 5.704175 -0.800000
      vertex 7.845667 5.813357 0.800000
      vertex 8.347571 5.704175 0.800000
    endloop
  endfacet
  facet normal -0.212565 -0.977147 0.000000
    outer loop
      vertex 7.713672 3.545316 -0.800000
      vertex 7.525458 3.586259 0.800000
      vertex 7.525458 3.586259 -0.800000
    endloop
  endfacet
  facet normal -0.212565 -0.977147 0.000000
    outer loop
      vertex 7.713672 3.545316 -0.800000
      vertex 7.713672 3.545316 0.800000
      vertex 7.525458 3.586259 0.800000
    endloop
  endfacet
  facet normal 0.000000 0.000000 1.000000
    outer loop
      vertex 7.845667 5.813357 0.800000
      vertex 7.333333 5.850000 0.800000
      vertex 7.333333 3.600000 0.800000
    endloop
  endfacet
  facet normal 0.000000 0.000000 1.000000
    outer loop
      vertex 7.845667 5.813357 0.800000
      vertex 7.333333 3.600000 0.800000
      vertex 7.525458 3.586259 0.800000
    endloop
  endfacet
  facet normal -0.000000 0.000000 -1.000000
    outer loop
      vertex 7.845667 5.813357 -0.800000
      vertex 7.333333 3.600000 -0.800000
      vertex 7.333333 5.850000 -0.800000
    endloop
  endfacet
  facet normal 0.000000 0.000000 -1.000000
    outer loop
      vertex 7.845667 5.813357 -0.800000
      vertex 7.525458 3.586259 -0.800000
      vertex 7.333333 3.600000 -0.800000
    endloop
  endfacet
  facet normal 0.071339 0.997452 0.000000
    outer loop
      vertex 7.845667 5.813357 -0.800000
      vertex 7.333333 5.850000 -0.800000
      vertex 7.333333 5.850000 0.800000
    endloop
  endfacet
  facet normal 0.071339 0.997452 -0.000000
    outer loop
      vertex 7.845667 5.813357 -0.800000
      vertex 7.333333 5.850000 0.800000
      vertex 7.845667 5.813357 0.800000
    endloop
  endfacet
  facet normal -0.071339 -0.997452 0.000000
    outer loop
      vertex 7.525458 3.586259 -0.800000
      vertex 7.333333 3.600000 0.800000
      vertex 7.333333 3.600000 -0.800000
    endloop
  endfacet
  facet normal -0.071339 -0.997452 0.000000
    outer loop
      vertex 7.525458 3.586259 -0.800000
      vertex 7.525458 3.586259 0.800000
      vertex 7.333333 3.600000 0.800000
    endloop
  endfacet
  facet normal 0.000000 0.000000 1.000000
    outer loop
      vertex 7.333333 5.850000 0.800000
      vertex 6.821000 5.813357 0.800000
      vertex 7.141208 3.586259 0.800000
    endloop
  endfacet
  facet normal 0.000000 0.000000 1.000000
    outer loop
      vertex 7.333333 5.850000 0.800000
      vertex 7.141208 3.586259 0.800000
      vertex 7.333333 3.600000 0.800000
    endloop
  endfacet
  facet normal 0.000000 0.000000 -1.000000
    outer loop
      vertex 7.333333 5.850000 -0.800000
      vertex 7.141208 3.586259 -0.800000
      vertex 6.821000 5.813357 -0.800000
    endloop
  endfacet
  facet normal 0.000000 0.000000 -1.000000
    outer loop
      vertex 7.333333 5.850000 -0.800000
      vertex 7.333333 3.600000 -0.800000
      vertex 7.141208 3.586259 -0.800000
    endloop
  endfacet
  facet normal -0.071339 0.997452 0.000000
    outer loop
      vertex 7.333333 5.850000 -0.800000
      vertex 6.821000 5.813357 -0.800000
      vertex 6.821000 5.813357 0.800000
    endloop
  endfacet
  facet normal -0.071339 0.997452 0.000000
    outer loop
      vertex 7.333333 5.850000 -0.800000
      vertex 6.821000 5.813357 0.800000
      vertex 7.333333 5.850000 0.800000
    endloop
  endfacet
  facet normal 0.071339 -0.997452 0.000000
    outer loop
      vertex 7.333333 3.600000 -0.800000
      vertex 7.141208 3.586259 0.800000
      vertex 7.141208 3.586259 -0.800000
    endloop
  endfacet
  facet normal 0.071339 -0.997452 0.000000
    outer loop
      vertex 7.333333 3.600000 -0.800000
      vertex 7.333333 3.600000 0.800000
      vertex 7.141208 3.586259 0.800000
    endloop
  endfacet
  facet normal 0.000000 0.000000 1.000000
    outer loop
      vertex 6.821000 5.813357 0.800000
      vertex 6.319096 5.704175 0.800000
      vertex 6.952994 3.545316 0.800000
    endloop
  endfacet
  facet normal 0.000000 0.000000 1.000000
    outer loop
      vertex 6.821000 5.813357 0.800000
      vertex 6.952994 3.545316 0.800000
      vertex 7.141208 3.586259 0.800000
    endloop
  endfacet
  facet normal 0.000000 -0.000000 -1.000000
    outer loop
      vertex 6.821000 5.813357 -0.800000
      vertex 6.952994 3.545316 -0.800000
      vertex 6.319096 5.704175 -0.800000
    endloop
  endfacet
  facet normal 0.000000 0.000000 -1.000000
    outer loop
      vertex 6.821000 5.813357 -0.800000
      vertex 7.141208 3.586259 -0.800000
      vertex 6.952994 3.545316 -0.800000
    endloop
  endfacet
  facet normal -0.212565 0.977147 0.000000
    outer loop
      vertex 6.821000 5.813357 -0.800000
      vertex 6.319096 5.704175 -0.800000
      vertex 6.319096 5.704175 0.800000
    endloop
  endfacet
  facet normal -0.212565 0.977147 0.000000
    outer loop
      vertex 6.821000 5.813357 -0.800000
      vertex 6.319096 5.704175 0.800000
      vertex 6.821000 5.813357 0.800000
    endloop
  endfacet
  facet normal 0.212565 -0.977147 0.000000
    outer loop
      vertex 7.141208 3.586259 -0.800000
      vertex 6.952994 3.545316 0.800000
      vertex 6.952994 3.545316 -0.800000
    endloop
  endfacet
  facet normal 0.212565 -0.977147 0.000000
    outer loop
      vertex 7.141208 3.586259 -0.800000
      vertex 7.141208 3.586259 0.800000
      vertex 6.952994 3.545316 0.800000
    endloop
  endfacet
  facet normal 0.000000 0.000000 1.000000
    outer loop
      vertex 6.319096 5.704175 0.800000
      vertex 5.837839 5.524675 0.800000
      vertex 6.772523 3.478003 0.800000
    endloop
  endfacet
  facet normal 0.000000 0.000000 1.000000
    outer loop
      vertex 6.319096 5.704175 0.800000
      vertex 6.772523 3.478003 0.800000
      vertex 6.952994 3.545316 0.800000
    endloop
  endfacet
  facet normal 0.000000 -0.000000 -1.000000
    outer loop
      vertex 6.319096 5.704175 -0.800000
      vertex 6.772523 3.478003 -0.800000
      vertex 5.837839 5.524675 -0.800000
    endloop
  endfacet
  facet normal 0.000000 0.000000 -1.000000
    outer loop
      vertex 6.319096 5.704175 -0.800000
      vertex 6.952994 3.545316 -0.800000
      vertex 6.772523 3.478003 -0.800000
    endloop
  endfacet
  facet normal -0.349464 0.936950 0.000000
    outer loop
      vertex 6.319096 5.704175 -0.800000
      vertex 5.837839 5.524675 -0.800000
      vertex 5.837839 5.524675 0.800000
    endloop
  endfacet
  facet normal -0.349464 0.936950 0.000000
    outer loop
      vertex 6.319096 5.704175 -0.800000
      vertex 5.837839 5.524675 0.800000
      vertex 6.319096 5.704175 0.800000
    endloop
  endfacet
  facet normal 0.349464 -0.936950 0.000000
    outer loop
      vertex 6.952994 3.545316 -0.800000
      vertex 6.772523 3.478003 0.800000
      vertex 6.772523 3.478003 -0.800000
    endloop
  endfacet
  facet normal 0.349464 -0.936950 0.000000
    outer loop
      vertex 6.952994 3.545316 -0.800000
      vertex 6.952994 3.545316 0.800000
      vertex 6.772523 3.478003 0.800000
    endloop
  endfacet
  facet normal 0.000000 0.000000 1.000000
    outer loop
      vertex 5.837839 5.524675 0.800000
      vertex 5.387026 5.278513 0.800000
      vertex 6.603468 3.385692 0.800000
    endloop
  endfacet
  facet normal 0.000000 0.000000 1.000000
    outer loop
      vertex 5.837839 5.524675 0.800000
      vertex 6.603468 3.385692 0.800000
      vertex 6.772523 3.478003 0.800000
    endloop
  endfacet
  facet normal 0.000000 -0.000000 -1.000000
    outer loop
      vertex 5.837839 5.524675 -0.800000
      vertex 6.603468 3.385692 -0.800000
      vertex 5.387026 5.278513 -0.800000
    endloop
  endfacet
  facet normal 0.000000 0.000000 -1.000000
    outer loop
      vertex 5.837839 5.524675 -0.800000
      vertex 6.772523 3.478003 -0.800000
      vertex 6.603468 3.385692 -0.800000
    endloop
  endfacet
  facet normal -0.479249 0.877679 0.000000
    outer loop
      vertex 5.837839 5.524675 -0.800000
      vertex 5.387026 5.278513 -0.800000
      vertex 5.387026 5.278513 0.800000
    endloop
  endfacet
  facet normal -0.479249 0.877679 0.000000
    outer loop
      vertex 5.837839 5.524675 -0.800000
      vertex 5.387026 5.278513 0.800000
      vertex 5.837839 5.524675 0.800000
    endloop
  endfacet
  facet normal 0.479249 -0.877679 0.000000
    outer loop
      vertex 6.772523 3.478003 -0.800000
      vertex 6.603468 3.385692 0.800000
      vertex 6.603468 3.385692 -0.800000
    endloop
  endfacet
  facet normal 0.479249 -0.877679 0.000000
    outer loop
      vertex 6.772523 3.478003 -0.800000
      vertex 6.772523 3.478003 0.800000
      vertex 6.603468 3.385692 0.800000
    endloop
  endfacet
  facet normal 0.000000 0.000000 1.000000
    outer loop
      vertex 5.387026 5.278513 0.800000
      vertex 4.975835 4.970698 0.800000
      vertex 6.449271 3.270262 0.800000
    endloop
  endfacet
  facet normal 0.000000 0.000000 1.000000
    outer loop
      vertex 5.387026 5.278513 0.800000
      vertex 6.449271 3.270262 0.800000
      vertex 6.603468 3.385692 0.800000
    endloop
  endfacet
  facet normal 0.000000 -0.000000 -1.000000
    outer loop
      vertex 5.387026 5.278513 -0.800000
      vertex 6.449271 3.270262 -0.800000
      vertex 4.975835 4.970698 -0.800000
    endloop
  endfacet
  facet normal 0.000000 0.000000 -1.000000
    outer loop
      vertex 5.387026 5.278513 -0.800000
      vertex 6.603468 3.385692 -0.800000
      vertex 6.449271 3.270262 -0.800000
    endloop
  endfacet
  facet normal -0.599278 0.800541 0.000000
    outer loop
      vertex 5.387026 5.278513 -0.800000
      vertex 4.975835 4.970698 -0.800000
      vertex 4.975835 4.970698 0.800000
    endloop
  endfacet
  facet normal -0.599278 0.800541 0.000000
    outer loop
      vertex 5.387026 5.278513 -0.800000
      vertex 4.975835 4.970698 0.800000
      vertex 5.387026 5.278513 0.800000
    endloop
  endfacet
  facet normal 0.599278 -0.800541 0.000000
    outer loop
      vertex 6.603468 3.385692 -0.800000
      vertex 6.449271 3.270262 0.800000
      vertex 6.449271 3.270262 -0.800000
    endloop
  endfacet
  facet normal 0.599278 -0.800541 0.000000
    outer loop
      vertex 6.603468 3.385692 -0.800000
      vertex 6.603468 3.385692 0.800000
      vertex 6.449271 3.270262 0.800000
    endloop
  endfacet
  facet normal 0.000000 0.000000 1.000000
    outer loop
      vertex 4.975835 4.970698 0.800000
      vertex 4.612635 4.607499 0.800000
      vertex 6.313071 3.134062 0.800000
    endloop
  endfacet
  facet normal 0.000000 0.000000 1.000000
    outer loop
      vertex 4.975835 4.970698 0.800000
      vertex 6.313071 3.134062 0.800000
      vertex 6.449271 3.270262 0.800000
    endloop
  endfacet
  facet normal 0.000000 -0.000000 -1.000000
    outer loop
      vertex 4.975835 4.970698 -0.800000
      vertex 6.313071 3.134062 -0.800000
      vertex 4.612635 4.607499 -0.800000
    endloop
  endfacet
  facet normal 0.000000 0.000000 -1.000000
    outer loop
      vertex 4.975835 4.970698 -0.800000
      vertex 6.449271 3.270262 -0.800000
      vertex 6.313071 3.134062 -0.800000
    endloop
  endfacet
  facet normal -0.707107 0.707107 0.000000
    outer loop
      vertex 4.975835 4.970698 -0.800000
      vertex 4.612635 4.607499 -0.800000
      vertex 4.612635 4.607499 0.800000
    endloop
  endfacet
  facet normal -0.707107 0.707107 0.000000
    outer loop
      vertex 4.975835 4.970698 -0.800000
      vertex 4.612635 4.607499 0.800000
      vertex 4.975835 4.970698 0.800000
    endloop
  endfacet
  facet normal 0.707107 -0.707107 0.000000
    outer loop
      vertex 6.449271 3.270262 -0.800000
      vertex 6.313071 3.134062 0.800000
      vertex 6.313071 3.134062 -0.800000
    endloop
  endfacet
  facet normal 0.707107 -0.707107 0.000000
    outer loop
      vertex 6.449271 3.270262 -0.800000
      vertex 6.449271 3.270262 0.800000
      vertex 6.313071 3.134062 0.800000
    endloop
  endfacet
  facet normal 0.000000 0.000000 1.000000
    outer loop
      vertex 4.612635 4.607499 0.800000
      vertex 4.304821 4.196307 0.800000
      vertex 6.197641 2.979865 0.800000
    endloop
  endfacet
  facet normal 0.000000 0.000000 1.000000
    outer loop
      vertex 4.612635 4.607499 0.800000
      vertex 6.197641 2.979865 0.800000
      vertex 6.313071 3.134062 0.800000
    endloop
  endfacet
  facet normal 0.000000 -0.000000 -1.000000
    outer loop
      vertex 4.612635 4.607499 -0.800000
      vertex 6.197641 2.979865 -0.800000
      vertex 4.304821 4.196307 -0.800000
    endloop
  endfacet
  facet normal 0.000000 0.000000 -1.000000
    outer loop
      vertex 4.612635 4.607499 -0.800000
      vertex 6.313071 3.134062 -0.800000
      vertex 6.197641 2.979865 -0.800000
    endloop
  endfacet
  facet normal -0.800541 0.599278 0.000000
    outer loop
      vertex 4.612635 4.607499 -0.800000
      vertex 4.304821 4.196307 -0.800000
      vertex 4.304821 4.196307 0.800000
    endloop
  endfacet
  facet normal -0.800541 0.599278 0.000000
    outer loop
      vertex 4.612635 4.607499 -0.800000
      vertex 4.304821 4.196307 0.800000
      vertex 4.612635 4.607499 0.800000
    endloop
  endfacet
  facet normal 0.800541 -0.599278 0.000000
    outer loop
      vertex 6.313071 3.134062 -0.800000
      vertex 6.197641 2.979865 0.800000
      vertex 6.197641 2.979865 -0.800000
    endloop
  endfacet
  facet normal 0.800541 -0.599278 0.000000
    outer loop
      vertex 6.313071 3.134062 -0.800000
      vertex 6.313071 3.134062 0.800000
      vertex 6.197641 2.979865 0.800000
    endloop
  endfacet
  facet normal 0.000000 0.000000 1.000000
    outer loop
      vertex 4.304821 4.196307 0.800000
      vertex 4.058658 3.745494 0.800000
      vertex 6.105330 2.810810 0.800000
    endloop
  endfacet
  facet normal 0.000000 0.000000 1.000000
    outer loop
      vertex 4.304821 4.196307 0.800000
      vertex 6.105330 2.810810 0.800000
      vertex 6.197641 2.979865 0.800000
    endloop
  endfacet
  facet normal 0.000000 -0.000000 -1.000000
    outer loop
      vertex 4.304821 4.196307 -0.800000
      vertex 6.105330 2.810810 -0.800000
      vertex 4.058658 3.745494 -0.800000
    endloop
  endfacet
  facet normal 0.000000 0.000000 -1.000000
    outer loop
      vertex 4.304821 4.196307 -0.800000
      vertex 6.197641 2.979865 -0.800000
      vertex 6.105330 2.810810 -0.800000
    endloop
  endfacet
  facet normal -0.877679 0.479249 0.000000
    outer loop
      vertex 4.304821 4.196307 -0.800000
      vertex 4.058658 3.745494 -0.800000
      vertex 4.058658 3.745494 0.800000
    endloop
  endfacet
  facet normal -0.877679 0.479249 0.000000
    outer loop
      vertex 4.304821 4.196307 -0.800000
      vertex 4.058658 3.745494 0.800000
      vertex 4.304821 4.196307 0.800000
    endloop
  endfacet
  facet normal 0.877679 -0.479249 0.000000
    outer loop
      vertex 6.197641 2.979865 -0.800000
      vertex 6.105330 2.810810 0.800000
      vertex 6.105330 2.810810 -0.800000
    endloop
  endfacet
  facet normal 0.877679 -0.479249 0.000000
    outer loop
      vertex 6.197641 2.979865 -0.800000
      vertex 6.197641 2.979865 0.800000
      vertex 6.105330 2.810810 0.800000
    endloop
  endfacet
  facet normal 0.000000 0.000000 1.000000
    outer loop
      vertex 4.058658 3.745494 0.800000
      vertex 3.879159 3.264237 0.800000
      vertex 6.038018 2.630339 0.800000
    endloop
  endfacet
  facet normal 0.000000 0.000000 1.000000
    outer loop
      vertex 4.058658 3.745494 0.800000
      vertex 6.038018 2.630339 0.800000
      vertex 6.105330 2.810810 0.800000
    endloop
  endfacet
  facet normal 0.000000 -0.000000 -1.000000
    outer loop
      vertex 4.058658 3.745494 -0.800000
      vertex 6.038018 2.630339 -0.800000
      vertex 3.879159 3.264237 -0.800000
    endloop
  endfacet
  facet normal 0.000000 0.000000 -1.000000
    outer loop
      vertex 4.058658 3.745494 -0.800000
      vertex 6.105330 2.810810 -0.800000
      vertex 6.038018 2.630339 -0.800000
    endloop
  endfacet
  facet normal -0.936950 0.349464 0.000000
    outer loop
      vertex 4.058658 3.745494 -0.800000
      vertex 3.879159 3.264237 -0.800000
      vertex 3.879159 3.264237 0.800000
    endloop
  endfacet
  facet normal -0.936950 0.349464 0.000000
    outer loop
      vertex 4.058658 3.745494 -0.800000
      vertex 3.879159 3.264237 0.800000
      vertex 4.058658 3.745494 0.800000
    endloop
  endfacet
  facet normal 0.936950 -0.349464 0.000000
    outer loop
      vertex 6.105330 2.810810 -0.800000
      vertex 6.038018 2.630339 0.800000
      vertex 6.038018 2.630339 -0.800000
    endloop
  endfacet
  facet normal 0.936950 -0.349464 0.000000
    outer loop
      vertex 6.105330 2.810810 -0.800000
      vertex 6.105330 2.810810 0.800000
      vertex 6.038018 2.630339 0.800000
    endloop
  endfacet
  facet normal 0.000000 0.000000 1.000000
    outer loop
      vertex 3.879159 3.264237 0.800000
      vertex 3.769976 2.762333 0.800000
      vertex 5.997074 2.442125 0.800000
    endloop
  endfacet
  facet normal 0.000000 0.000000 1.000000
    outer loop
      vertex 3.879159 3.264237 0.800000
      vertex 5.997074 2.442125 0.800000
      vertex 6.038018 2.630339 0.800000
    endloop
  endfacet
  facet normal 0.000000 -0.000000 -1.000000
    outer loop
      vertex 3.879159 3.264237 -0.800000
      vertex 5.997074 2.442125 -0.800000
      vertex 3.769976 2.762333 -0.800000
    endloop
  endfacet
  facet normal 0.000000 0.000000 -1.000000
    outer loop
      vertex 3.879159 3.264237 -0.800000
      vertex 6.038018 2.630339 -0.800000
      vertex 5.997074 2.442125 -0.800000
    endloop
  endfacet
  facet normal -0.977147 0.212565 0.000000
    outer loop
      vertex 3.879159 3.264237 -0.800000
      vertex 3.769976 2.762333 -0.800000
      vertex 3.769976 2.762333 0.800000
    endloop
  endfacet
  facet normal -0.977147 0.212565 0.000000
    outer loop
      vertex 3.879159 3.264237 -0.800000
      vertex 3.769976 2.762333 0.800000
      vertex 3.879159 3.264237 0.800000
    endloop
  endfacet
  facet normal 0.977147 -0.212565 0.000000
    outer loop
      vertex 6.038018 2.630339 -0.800000
      vertex 5.997074 2.442125 0.800000
      vertex 5.997074 2.442125 -0.800000
    endloop
  endfacet
  facet normal 0.977147 -0.212565 0.000000
    outer loop
      vertex 6.038018 2.630339 -0.800000
      vertex 6.038018 2.630339 0.800000
      vertex 5.997074 2.442125 0.800000
    endloop
  endfacet
  facet normal 0.000000 0.000000 1.000000
    outer loop
      vertex 3.769976 2.762333 0.800000
      vertex 3.733333 2.250000 0.800000
      vertex 5.983333 2.250000 0.800000
    endloop
  endfacet
  facet normal 0.000000 0.000000 1.000000
    outer loop
      vertex 3.769976 2.762333 0.800000
      vertex 5.983333 2.250000 0.800000
      vertex 5.997074 2.442125 0.800000
    endloop
  endfacet
  facet normal 0.000000 -0.000000 -1.000000
    outer loop
      vertex 3.769976 2.762333 -0.800000
      vertex 5.983333 2.250000 -0.800000
      vertex 3.733333 2.250000 -0.800000
    endloop
  endfacet
  facet normal 0.000000 0.000000 -1.000000
    outer loop
      vertex 3.769976 2.762333 -0.800000
      vertex 5.997074 2.442125 -0.800000
      vertex 5.983333 2.250000 -0.800000
    endloop
  endfacet
  facet normal -0.997452 0.071339 0.000000
    outer loop
      vertex 3.769976 2.762333 -0.800000
      vertex 3.733333 2.250000 -0.800000
      vertex 3.733333 2.250000 0.800000
    endloop
  endfacet
  facet normal -0.997452 0.071339 0.000000
    outer loop
      vertex 3.769976 2.762333 -0.800000
      vertex 3.733333 2.250000 0.800000
      vertex 3.769976 2.762333 0.800000
    endloop
  endfacet
  facet normal 0.997452 -0.071339 0.000000
    outer loop
      vertex 5.997074 2.442125 -0.800000
      vertex 5.983333 2.250000 0.800000
      vertex 5.983333 2.250000 -0.800000
    endloop
  endfacet
  facet normal 0.997452 -0.071339 0.000000
    outer loop
      vertex 5.997074 2.442125 -0.800000
      vertex 5.997074 2.442125 0.800000
      vertex 5.983333 2.250000 0.800000
    endloop
  endfacet
  facet normal 0.000000 0.000000 1.000000
    outer loop
      vertex 3.733333 2.250000 0.800000
      vertex 3.769976 1.737667 0.800000
      vertex 5.997074 2.057875 0.800000
    endloop
  endfacet
  facet normal 0.000000 0.000000 1.000000
    outer loop
      vertex 3.733333 2.250000 0.800000
      vertex 5.997074 2.057875 0.800000
      vertex 5.983333 2.250000 0.800000
    endloop
  endfacet
  facet normal 0.000000 0.000000 -1.000000
    outer loop
      vertex 3.733333 2.250000 -0.800000
      vertex 5.997074 2.057875 -0.800000
      vertex 3.769976 1.737667 -0.800000
    endloop
  endfacet
  facet normal 0.000000 0.000000 -1.000000
    outer loop
      vertex 3.733333 2.250000 -0.800000
      vertex 5.983333 2.250000 -0.800000
      vertex 5.997074 2.057875 -0.800000
    endloop
  endfacet
  facet normal -0.997452 -0.071339 0.000000
    outer loop
      vertex 3.733333 2.250000 -0.800000
      vertex 3.769976 1.737667 -0.800000
      vertex 3.769976 1.737667 0.800000
    endloop
  endfacet
  facet normal -0.997452 -0.071339 0.000000
    outer loop
      vertex 3.733333 2.250000 -0.800000
      vertex 3.769976 1.737667 0.800000
      vertex 3.733333 2.250000 0.800000
    endloop
  endfacet
  facet normal 0.997452 0.071339 0.000000
    outer loop
      vertex 5.983333 2.250000 -0.800000
      vertex 5.997074 2.057875 0.800000
      vertex 5.997074 2.057875 -0.800000
    endloop
  endfacet
  facet normal 0.997452 0.071339 -0.000000
    outer loop
      vertex 5.983333 2.250000 -0.800000
      vertex 5.983333 2.250000 0.800000
      vertex 5.997074 2.057875 0.800000
    endloop
  endfacet
  facet normal -0.000000 0.000000 1.000000
    outer loop
      vertex 3.769976 1.737667 0.800000
      vertex 3.879159 1.235763 0.800000
      vertex 6.038018 1.869661 0.800000
    endloop
  endfacet
  facet normal 0.000000 0.000000 1.000000
    outer loop
      vertex 3.769976 1.737667 0.800000
      vertex 6.038018 1.869661 0.800000
      vertex 5.997074 2.057875 0.800000
    endloop
  endfacet
  facet normal 0.000000 0.000000 -1.000000
    outer loop
      vertex 3.769976 1.737667 -0.800000
      vertex 6.038018 1.869661 -0.800000
      vertex 3.879159 1.235763 -0.800000
    endloop
  endfacet
  facet normal 0.000000 0.000000 -1.000000
    outer loop
      vertex 3.769976 1.737667 -0.800000
      vertex 5.997074 2.057875 -0.800000
      vertex 6.038018 1.869661 -0.800000
    endloop
  endfacet
  facet normal -0.977147 -0.212565 0.000000
    outer loop
      vertex 3.769976 1.737667 -0.800000
      vertex 3.879159 1.235763 -0.800000
      vertex 3.879159 1.235763 0.800000
    endloop
  endfacet
  facet normal -0.977147 -0.212565 0.000000
    outer loop
      vertex 3.769976 1.737667 -0.800000
      vertex 3.879159 1.235763 0.800000
      vertex 3.769976 1.737667 0.800000
    endloop
  endfacet
  facet normal 0.977147 0.212565 0.000000
    outer loop
      vertex 5.997074 2.057875 -0.800000
      vertex 6.038018 1.869661 0.800000
      vertex 6.038018 1.869661 -0.800000
    endloop
  endfacet
  facet normal 0.977147 0.212565 -0.000000
    outer loop
      vertex 5.997074 2.057875 -0.800000
      vertex 5.997074 2.057875 0.800000
      vertex 6.038018 1.869661 0.800000
    endloop
  endfacet
  facet normal -0.000000 0.000000 1.000000
    outer loop
      vertex 3.879159 1.235763 0.800000
      vertex 4.058658 0.754506 0.800000
      vertex 6.105330 1.689190 0.800000
    endloop
  endfacet
  facet normal 0.000000 0.000000 1.000000
    outer loop
      vertex 3.879159 1.235763 0.800000
      vertex 6.105330 1.689190 0.800000
      vertex 6.038018 1.869661 0.800000
    endloop
  endfacet
  facet normal 0.000000 0.000000 -1.000000
    outer loop
      vertex 3.879159 1.235763 -0.800000
      vertex 6.105330 1.689190 -0.800000
      vertex 4.058658 0.754506 -0.800000
    endloop
  endfacet
  facet normal 0.000000 0.000000 -1.000000
    outer loop
      vertex 3.879159 1.235763 -0.800000
      vertex 6.038018 1.869661 -0.800000
      vertex 6.105330 1.689190 -0.800000
    endloop
  endfacet
  facet normal -0.936950 -0.349464 0.000000
    outer loop
      vertex 3.879159 1.235763 -0.800000
      vertex 4.058658 0.754506 -0.800000
      vertex 4.058658 0.754506 0.800000
    endloop
  endfacet
  facet normal -0.936950 -0.349464 0.000000
    outer loop
      vertex 3.879159 1.235763 -0.800000
      vertex 4.058658 0.754506 0.800000
      vertex 3.879159 1.235763 0.800000
    endloop
  endfacet
  facet normal 0.936950 0.349464 0.000000
    outer loop
      vertex 6.038018 1.869661 -0.800000
      vertex 6.105330 1.689190 0.800000
      vertex 6.105330 1.689190 -0.800000
    endloop
  endfacet
  facet normal 0.936950 0.349464 -0.000000
    outer loop
      vertex 6.038018 1.869661 -0.800000
      vertex 6.038018 1.869661 0.800000
      vertex 6.105330 1.689190 0.800000
    endloop
  endfacet
  facet normal -0.000000 0.000000 1.000000
    outer loop
      vertex 4.058658 0.754506 0.800000
      vertex 4.304821 0.303693 0.800000
      vertex 6.197641 1.520135 0.800000
    endloop
  endfacet
  facet normal 0.000000 0.000000 1.000000
    outer loop
      vertex 4.058658 0.754506 0.800000
      vertex 6.197641 1.520135 0.800000
      vertex 6.105330 1.689190 0.800000
    endloop
  endfacet
  facet normal 0.000000 0.000000 -1.000000
    outer loop
      vertex 4.058658 0.754506 -0.800000
      vertex 6.197641 1.520135 -0.800000
      vertex 4.304821 0.303693 -0.800000
    endloop
  endfacet
  facet normal 0.000000 0.000000 -1.000000
    outer loop
      vertex 4.058658 0.754506 -0.800000
      vertex 6.105330 1.689190 -0.800000
      vertex 6.197641 1.520135 -0.800000
    endloop
  endfacet
  facet normal -0.877679 -0.479249 0.000000
    outer loop
      vertex 4.058658 0.754506 -0.800000
      vertex 4.304821 0.303693 -0.800000
      vertex 4.304821 0.303693 0.800000
    endloop
  endfacet
  facet normal -0.877679 -0.479249 0.000000
    outer loop
      vertex 4.058658 0.754506 -0.800000
      vertex 4.304821 0.303693 0.800000
      vertex 4.058658 0.754506 0.800000
    endloop
  endfacet
  facet normal 0.877679 0.479249 0.000000
    outer loop
      vertex 6.105330 1.689190 -0.800000
      vertex 6.197641 1.520135 0.800000
      vertex 6.197641 1.520135 -0.800000
    endloop
  endfacet
  facet normal 0.877679 0.479249 -0.000000
    outer loop
      vertex 6.105330 1.689190 -0.800000
      vertex 6.105330 1.689190 0.800000
      vertex 6.197641 1.520135 0.800000
    endloop
  endfacet
  facet normal -0.000000 0.000000 1.000000
    outer loop
      vertex 4.304821 0.303693 0.800000
      vertex 4.612635 -0.107499 0.800000
      vertex 6.313071 1.365938 0.800000
    endloop
  endfacet
  facet normal 0.000000 0.000000 1.000000
    outer loop
      vertex 4.304821 0.303693 0.800000
      vertex 6.313071 1.365938 0.800000
      vertex 6.197641 1.520135 0.800000
    endloop
  endfacet
  facet normal 0.000000 0.000000 -1.000000
    outer loop
      vertex 4.304821 0.303693 -0.800000
      vertex 6.313071 1.365938 -0.800000
      vertex 4.612635 -0.107499 -0.800000
    endloop
  endfacet
  facet normal 0.000000 0.000000 -1.000000
    outer loop
      vertex 4.304821 0.303693 -0.800000
      vertex 6.197641 1.520135 -0.800000
      vertex 6.313071 1.365938 -0.800000
    endloop
  endfacet
  facet normal -0.800541 -0.599278 0.000000
    outer loop
      vertex 4.304821 0.303693 -0.800000
      vertex 4.612635 -0.107499 -0.800000
      vertex 4.612635 -0.107499 0.800000
    endloop
  endfacet
  facet normal -0.800541 -0.599278 0.000000
    outer loop
      vertex 4.304821 0.303693 -0.800000
      vertex 4.612635 -0.107499 0.800000
      vertex 4.304821 0.303693 0.800000
    endloop
  endfacet
  facet normal 0.800541 0.599278 0.000000
    outer loop
      vertex 6.197641 1.520135 -0.800000
      vertex 6.313071 1.365938 0.800000
      vertex 6.313071 1.365938 -0.800000
    endloop
  endfacet
  facet normal 0.800541 0.599278 -0.000000
    outer loop
      vertex 6.197641 1.520135 -0.800000
      vertex 6.197641 1.520135 0.800000
      vertex 6.313071 1.365938 0.800000
    endloop
  endfacet
  facet normal -0.000000 0.000000 1.000000
    outer loop
      vertex 4.612635 -0.107499 0.800000
      vertex 4.975835 -0.470698 0.800000
      vertex 6.449271 1.229738 0.800000
    endloop
  endfacet
  facet normal 0.000000 0.000000 1.000000
    outer loop
      vertex 4.612635 -0.107499 0.800000
      vertex 6.449271 1.229738 0.800000
      vertex 6.313071 1.365938 0.800000
    endloop
  endfacet
  facet normal 0.000000 0.000000 -1.000000
    outer loop
      vertex 4.612635 -0.107499 -0.800000
      vertex 6.449271 1.229738 -0.800000
      vertex 4.975835 -0.470698 -0.800000
    endloop
  endfacet
  facet normal 0.000000 0.000000 -1.000000
    outer loop
      vertex 4.612635 -0.107499 -0.800000
      vertex 6.313071 1.365938 -0.800000
      vertex 6.449271 1.229738 -0.800000
    endloop
  endfacet
  facet normal -0.707107 -0.707107 0.000000
    outer loop
      vertex 4.612635 -0.107499 -0.800000
      vertex 4.975835 -0.470698 -0.800000
      vertex 4.975835 -0.470698 0.800000
    endloop
  endfacet
  facet normal -0.707107 -0.707107 0.000000
    outer loop
      vertex 4.612635 -0.107499 -0.800000
      vertex 4.975835 -0.470698 0.800000
      vertex 4.612635 -0.107499 0.800000
    endloop
  endfacet
  facet normal 0.707107 0.707107 0.000000
    outer loop
      vertex 6.313071 1.365938 -0.800000
      vertex 6.449271 1.229738 0.800000
      vertex 6.449271 1.229738 -0.800000
    endloop
  endfacet
  facet normal 0.707107 0.707107 -0.000000
    outer loop
      vertex 6.313071 1.365938 -0.800000
      vertex 6.313071 1.365938 0.800000
      vertex 6.449271 1.229738 0.800000
    endloop
  endfacet
  facet normal -0.000000 0.000000 1.000000
    outer loop
      vertex 4.975835 -0.470698 0.800000
      vertex 5.387026 -0.778513 0.800000
      vertex 6.603468 1.114308 0.800000
    endloop
  endfacet
  facet normal 0.000000 0.000000 1.000000
    outer loop
      vertex 4.975835 -0.470698 0.800000
      vertex 6.603468 1.114308 0.800000
      vertex 6.449271 1.229738 0.800000
    endloop
  endfacet
  facet normal 0.000000 0.000000 -1.000000
    outer loop
      vertex 4.975835 -0.470698 -0.800000
      vertex 6.603468 1.114308 -0.800000
      vertex 5.387026 -0.778513 -0.800000
    endloop
  endfacet
  facet normal 0.000000 0.000000 -1.000000
    outer loop
      vertex 4.975835 -0.470698 -0.800000
      vertex 6.449271 1.229738 -0.800000
      vertex 6.603468 1.114308 -0.800000
    endloop
  endfacet
  facet normal -0.599278 -0.800541 0.000000
    outer loop
      vertex 4.975835 -0.470698 -0.800000
      vertex 5.387026 -0.778513 -0.800000
      vertex 5.387026 -0.778513 0.800000
    endloop
  endfacet
  facet normal -0.599278 -0.800541 0.000000
    outer loop
      vertex 4.975835 -0.470698 -0.800000
      vertex 5.387026 -0.778513 0.800000
      vertex 4.975835 -0.470698 0.800000
    endloop
  endfacet
  facet normal 0.599278 0.800541 0.000000
    outer loop
      vertex 6.449271 1.229738 -0.800000
      vertex 6.603468 1.114308 0.800000
      vertex 6.603468 1.114308 -0.800000
    endloop
  endfacet
  facet normal 0.599278 0.800541 -0.000000
    outer loop
      vertex 6.449271 1.229738 -0.800000
      vertex 6.449271 1.229738 0.800000
      vertex 6.603468 1.114308 0.800000
    endloop
  endfacet
  facet normal -0.000000 0.000000 1.000000
    outer loop
      vertex 5.387026 -0.778513 0.800000
      vertex 5.837839 -1.024675 0.800000
      vertex 6.772523 1.021997 0.800000
    endloop
  endfacet
  facet normal 0.000000 0.000000 1.000000
    outer loop
      vertex 5.387026 -0.778513 0.800000
      vertex 6.772523 1.021997 0.800000
      vertex 6.603468 1.114308 0.800000
    endloop
  endfacet
  facet normal 0.000000 0.000000 -1.000000
    outer loop
      vertex 5.387026 -0.778513 -0.800000
      vertex 6.772523 1.021997 -0.800000
      vertex 5.837839 -1.024675 -0.800000
    endloop
  endfacet
  facet normal 0.000000 0.000000 -1.000000
    outer loop
      vertex 5.387026 -0.778513 -0.800000
      vertex 6.603468 1.114308 -0.800000
      vertex 6.772523 1.021997 -0.800000
    endloop
  endfacet
  facet normal -0.479249 -0.877679 0.000000
    outer loop
      vertex 5.387026 -0.778513 -0.800000
      vertex 5.837839 -1.024675 -0.800000
      vertex 5.837839 -1.024675 0.800000
    endloop
  endfacet
  facet normal -0.479249 -0.877679 0.000000
    outer loop
      vertex 5.387026 -0.778513 -0.800000
      vertex 5.837839 -1.024675 0.800000
      vertex 5.387026 -0.778513 0.800000
    endloop
  endfacet
  facet normal 0.479249 0.877679 0.000000
    outer loop
      vertex 6.603468 1.114308 -0.800000
      vertex 6.772523 1.021997 0.800000
      vertex 6.772523 1.021997 -0.800000
    endloop
  endfacet
  facet normal 0.479249 0.877679 -0.000000
    outer loop
      vertex 6.603468 1.114308 -0.800000
      vertex 6.603468 1.114308 0.800000
      vertex 6.772523 1.021997 0.800000
    endloop
  endfacet
  facet normal -0.000000 0.000000 1.000000
    outer loop
      vertex 5.837839 -1.024675 0.800000
      vertex 6.319096 -1.204175 0.800000
      vertex 6.952994 0.954684 0.800000
    endloop
  endfacet
  facet normal 0.000000 0.000000 1.000000
    outer loop
      vertex 5.837839 -1.024675 0.800000
      vertex 6.952994 0.954684 0.800000
      vertex 6.772523 1.021997 0.800000
    endloop
  endfacet
  facet normal 0.000000 0.000000 -1.000000
    outer loop
      vertex 5.837839 -1.024675 -0.800000
      vertex 6.952994 0.954684 -0.800000
      vertex 6.319096 -1.204175 -0.800000
    endloop
  endfacet
  facet normal 0.000000 0.000000 -1.000000
    outer loop
      vertex 5.837839 -1.024675 -0.800000
      vertex 6.772523 1.021997 -0.800000
      vertex 6.952994 0.954684 -0.800000
    endloop
  endfacet
  facet normal -0.349464 -0.936950 0.000000
    outer loop
      vertex 5.837839 -1.024675 -0.800000
      vertex 6.319096 -1.204175 -0.800000
      vertex 6.319096 -1.204175 0.800000
    endloop
  endfacet
  facet normal -0.349464 -0.936950 0.000000
    outer loop
      vertex 5.837839 -1.024675 -0.800000
      vertex 6.319096 -1.204175 0.800000
      vertex 5.837839 -1.024675 0.800000
    endloop
  endfacet
  facet normal 0.349464 0.936950 0.000000
    outer loop
      vertex 6.772523 1.021997 -0.800000
      vertex 6.952994 0.954684 0.800000
      vertex 6.952994 0.954684 -0.800000
    endloop
  endfacet
  facet normal 0.349464 0.936950 -0.000000
    outer loop
      vertex 6.772523 1.021997 -0.800000
      vertex 6.772523 1.021997 0.800000
      vertex 6.952994 0.954684 0.800000
    endloop
  endfacet
  facet normal -0.000000 0.000000 1.000000
    outer loop
      vertex 6.319096 -1.204175 0.800000
      vertex 6.821000 -1.313357 0.800000
      vertex 7.141208 0.913741 0.800000
    endloop
  endfacet
  facet normal 0.000000 0.000000 1.000000
    outer loop
      vertex 6.319096 -1.204175 0.800000
      vertex 7.141208 0.913741 0.800000
      vertex 6.952994 0.954684 0.800000
    endloop
  endfacet
  facet normal 0.000000 0.000000 -1.000000
    outer loop
      vertex 6.319096 -1.204175 -0.800000
      vertex 7.141208 0.913741 -0.800000
      vertex 6.821000 -1.313357 -0.800000
    endloop
  endfacet
  facet normal 0.000000 0.000000 -1.000000
    outer loop
      vertex 6.319096 -1.204175 -0.800000
      vertex 6.952994 0.954684 -0.800000
      vertex 7.141208 0.913741 -0.800000
    endloop
  endfacet
  facet normal -0.212565 -0.977147 0.000000
    outer loop
      vertex 6.319096 -1.204175 -0.800000
      vertex 6.821000 -1.313357 -0.800000
      vertex 6.821000 -1.313357 0.800000
    endloop
  endfacet
  facet normal -0.212565 -0.977147 0.000000
    outer loop
      vertex 6.319096 -1.204175 -0.800000
      vertex 6.821000 -1.313357 0.800000
      vertex 6.319096 -1.204175 0.800000
    endloop
  endfacet
  facet normal 0.212565 0.977147 0.000000
    outer loop
      vertex 6.952994 0.954684 -0.800000
      vertex 7.141208 0.913741 0.800000
      vertex 7.141208 0.913741 -0.800000
    endloop
  endfacet
  facet normal 0.212565 0.977147 -0.000000
    outer loop
      vertex 6.952994 0.954684 -0.800000
      vertex 6.952994 0.954684 0.800000
      vertex 7.141208 0.913741 0.800000
    endloop
  endfacet
  facet normal -0.000000 0.000000 1.000000
    outer loop
      vertex 6.821000 -1.313357 0.800000
      vertex 7.333333 -1.350000 0.800000
      vertex 7.333333 0.900000 0.800000
    endloop
  endfacet
  facet normal 0.000000 0.000000 1.000000
    outer loop
      vertex 6.821000 -1.313357 0.800000
      vertex 7.333333 0.900000 0.800000
      vertex 7.141208 0.913741 0.800000
    endloop
  endfacet
  facet normal 0.000000 0.000000 -1.000000
    outer loop
      vertex 6.821000 -1.313357 -0.800000
      vertex 7.333333 0.900000 -0.800000
      vertex 7.333333 -1.350000 -0.800000
    endloop
  endfacet
  facet normal 0.000000 0.000000 -1.000000
    outer loop
      vertex 6.821000 -1.313357 -0.800000
      vertex 7.141208 0.913741 -0.800000
      vertex 7.333333 0.900000 -0.800000
    endloop
  endfacet
  facet normal -0.071339 -0.997452 0.000000
    outer loop
      vertex 6.821000 -1.313357 -0.800000
      vertex 7.333333 -1.350000 -0.800000
      vertex 7.333333 -1.350000 0.800000
    endloop
  endfacet
  facet normal -0.071339 -0.997452 0.000000
    outer loop
      vertex 6.821000 -1.313357 -0.800000
      vertex 7.333333 -1.350000 0.800000
      vertex 6.821000 -1.313357 0.800000
    endloop
  endfacet
  facet normal 0.071339 0.997452 0.000000
    outer loop
      vertex 7.141208 0.913741 -0.800000
      vertex 7.333333 0.900000 0.800000
      vertex 7.333333 0.900000 -0.800000
    endloop
  endfacet
  facet normal 0.071339 0.997452 -0.000000
    outer loop
      vertex 7.141208 0.913741 -0.800000
      vertex 7.141208 0.913741 0.800000
      vertex 7.333333 0.900000 0.800000
    endloop
  endfacet
  facet normal 0.000000 0.000000 1.000000
    outer loop
      vertex 7.333333 -1.350000 0.800000
      vertex 7.845667 -1.313357 0.800000
      vertex 7.525458 0.913741 0.800000
    endloop
  endfacet
  facet normal 0.000000 0.000000 1.000000
    outer loop
      vertex 7.333333 -1.350000 0.800000
      vertex 7.525458 0.913741 0.800000
      vertex 7.333333 0.900000 0.800000
    endloop
  endfacet
  facet normal 0.000000 0.000000 -1.000000
    outer loop
      vertex 7.333333 -1.350000 -0.800000
      vertex 7.525458 0.913741 -0.800000
      vertex 7.845667 -1.313357 -0.800000
    endloop
  endfacet
  facet normal 0.000000 0.000000 -1.000000
    outer loop
      vertex 7.333333 -1.350000 -0.800000
      vertex 7.333333 0.900000 -0.800000
      vertex 7.525458 0.913741 -0.800000
    endloop
  endfacet
  facet normal 0.071339 -0.997452 0.000000
    outer loop
      vertex 7.333333 -1.350000 -0.800000
      vertex 7.845667 -1.313357 -0.800000
      vertex 7.845667 -1.313357 0.800000
    endloop
  endfacet
  facet normal 0.071339 -0.997452 0.000000
    outer loop
      vertex 7.333333 -1.350000 -0.800000
      vertex 7.845667 -1.313357 0.800000
      vertex 7.333333 -1.350000 0.800000
    endloop
  endfacet
  facet normal -0.071339 0.997452 0.000000
    outer loop
      vertex 7.333333 0.900000 -0.800000
      vertex 7.525458 0.913741 0.800000
      vertex 7.525458 0.913741 -0.800000
    endloop
  endfacet
  facet normal -0.071339 0.997452 0.000000
    outer loop
      vertex 7.333333 0.900000 -0.800000
      vertex 7.333333 0.900000 0.800000
      vertex 7.525458 0.913741 0.800000
    endloop
  endfacet
  facet normal 0.000000 -0.000000 1.000000
    outer loop
      vertex 7.845667 -1.313357 0.800000
      vertex 8.347571 -1.204175 0.800000
      vertex 7.713672 0.954684 0.800000
    endloop
  endfacet
  facet normal 0.000000 0.000000 1.000000
    outer loop
      vertex 7.845667 -1.313357 0.800000
      vertex 7.713672 0.954684 0.800000
      vertex 7.525458 0.913741 0.800000
    endloop
  endfacet
  facet normal 0.000000 0.000000 -1.000000
    outer loop
      vertex 7.845667 -1.313357 -0.800000
      vertex 7.713672 0.954684 -0.800000
      vertex 8.347571 -1.204175 -0.800000
    endloop
  endfacet
  facet normal 0.000000 0.000000 -1.000000
    outer loop
      vertex 7.845667 -1.313357 -0.800000
      vertex 7.525458 0.913741 -0.800000
      vertex 7.713672 0.954684 -0.800000
    endloop
  endfacet
  facet normal 0.212565 -0.977147 0.000000
    outer loop
      vertex 7.845667 -1.313357 -0.800000
      vertex 8.347571 -1.204175 -0.800000
      vertex 8.347571 -1.204175 0.800000
    endloop
  endfacet
  facet normal 0.212565 -0.977147 0.000000
    outer loop
      vertex 7.845667 -1.313357 -0.800000
      vertex 8.347571 -1.204175 0.800000
      vertex 7.845667 -1.313357 0.800000
    endloop
  endfacet
  facet normal -0.212565 0.977147 0.000000
    outer loop
      vertex 7.525458 0.913741 -0.800000
      vertex 7.713672 0.954684 0.800000
      vertex 7.713672 0.954684 -0.800000
    endloop
  endfacet
  facet normal -0.212565 0.977147 0.000000
    outer loop
      vertex 7.525458 0.913741 -0.800000
      vertex 7.525458 0.913741 0.800000
      vertex 7.713672 0.954684 0.800000
    endloop
  endfacet
  facet normal 0.000000 -0.000000 1.000000
    outer loop
      vertex 8.347571 -1.204175 0.800000
      vertex 8.828827 -1.024675 0.800000
      vertex 7.894144 1.021997 0.800000
    endloop
  endfacet
  facet normal 0.000000 0.000000 1.000000
    outer loop
      vertex 8.347571 -1.204175 0.800000
      vertex 7.894144 1.021997 0.800000
      vertex 7.713672 0.954684 0.800000
    endloop
  endfacet
  facet normal 0.000000 0.000000 -1.000000
    outer loop
      vertex 8.347571 -1.204175 -0.800000
      vertex 7.894144 1.021997 -0.800000
      vertex 8.828827 -1.024675 -0.800000
    endloop
  endfacet
  facet normal 0.000000 0.000000 -1.000000
    outer loop
      vertex 8.347571 -1.204175 -0.800000
      vertex 7.713672 0.954684 -0.800000
      vertex 7.894144 1.021997 -0.800000
    endloop
  endfacet
  facet normal 0.349464 -0.936950 0.000000
    outer loop
      vertex 8.347571 -1.204175 -0.800000
      vertex 8.828827 -1.024675 -0.800000
      vertex 8.828827 -1.024675 0.800000
    endloop
  endfacet
  facet normal 0.349464 -0.936950 0.000000
    outer loop
      vertex 8.347571 -1.204175 -0.800000
      vertex 8.828827 -1.024675 0.800000
      vertex 8.347571 -1.204175 0.800000
    endloop
  endfacet
  facet normal -0.349464 0.936950 0.000000
    outer loop
      vertex 7.713672 0.954684 -0.800000
      vertex 7.894144 1.021997 0.800000
      vertex 7.894144 1.021997 -0.800000
    endloop
  endfacet
  facet normal -0.349464 0.936950 0.000000
    outer loop
      vertex 7.713672 0.954684 -0.800000
      vertex 7.713672 0.954684 0.800000
      vertex 7.894144 1.021997 0.800000
    endloop
  endfacet
  facet normal 0.000000 -0.000000 1.000000
    outer loop
      vertex 8.828827 -1.024675 0.800000
      vertex 9.279640 -0.778513 0.800000
      vertex 8.063198 1.114308 0.800000
    endloop
  endfacet
  facet normal 0.000000 0.000000 1.000000
    outer loop
      vertex 8.828827 -1.024675 0.800000
      vertex 8.063198 1.114308 0.800000
      vertex 7.894144 1.021997 0.800000
    endloop
  endfacet
  facet normal 0.000000 0.000000 -1.000000
    outer loop
      vertex 8.828827 -1.024675 -0.800000
      vertex 8.063198 1.114308 -0.800000
      vertex 9.279640 -0.778513 -0.800000
    endloop
  endfacet
  facet normal 0.000000 0.000000 -1.000000
    outer loop
      vertex 8.828827 -1.024675 -0.800000
      vertex 7.894144 1.021997 -0.800000
      vertex 8.063198 1.114308 -0.800000
    endloop
  endfacet
  facet normal 0.479249 -0.877679 0.000000
    outer loop
      vertex 8.828827 -1.024675 -0.800000
      vertex 9.279640 -0.778513 -0.800000
      vertex 9.279640 -0.778513 0.800000
    endloop
  endfacet
  facet normal 0.479249 -0.877679 0.000000
    outer loop
      vertex 8.828827 -1.024675 -0.800000
      vertex 9.279640 -0.778513 0.800000
      vertex 8.828827 -1.024675 0.800000
    endloop
  endfacet
  facet normal -0.479249 0.877679 0.000000
    outer loop
      vertex 7.894144 1.021997 -0.800000
      vertex 8.063198 1.114308 0.800000
      vertex 8.063198 1.114308 -0.800000
    endloop
  endfacet
  facet normal -0.479249 0.877679 0.000000
    outer loop
      vertex 7.894144 1.021997 -0.800000
      vertex 7.894144 1.021997 0.800000
      vertex 8.063198 1.114308 0.800000
    endloop
  endfacet
  facet normal 0.000000 -0.000000 1.000000
    outer loop
      vertex 9.279640 -0.778513 0.800000
      vertex 9.690832 -0.470698 0.800000
      vertex 8.217395 1.229738 0.800000
    endloop
  endfacet
  facet normal 0.000000 0.000000 1.000000
    outer loop
      vertex 9.279640 -0.778513 0.800000
      vertex 8.217395 1.229738 0.800000
      vertex 8.063198 1.114308 0.800000
    endloop
  endfacet
  facet normal 0.000000 0.000000 -1.000000
    outer loop
      vertex 9.279640 -0.778513 -0.800000
      vertex 8.217395 1.229738 -0.800000
      vertex 9.690832 -0.470698 -0.800000
    endloop
  endfacet
  facet normal 0.000000 0.000000 -1.000000
    outer loop
      vertex 9.279640 -0.778513 -0.800000
      vertex 8.063198 1.114308 -0.800000
      vertex 8.217395 1.229738 -0.800000
    endloop
  endfacet
  facet normal 0.599278 -0.800541 0.000000
    outer loop
      vertex 9.279640 -0.778513 -0.800000
      vertex 9.690832 -0.470698 -0.800000
      vertex 9.690832 -0.470698 0.800000
    endloop
  endfacet
  facet normal 0.599278 -0.800541 0.000000
    outer loop
      vertex 9.279640 -0.778513 -0.800000
      vertex 9.690832 -0.470698 0.800000
      vertex 9.279640 -0.778513 0.800000
    endloop
  endfacet
  facet normal -0.599278 0.800541 0.000000
    outer loop
      vertex 8.063198 1.114308 -0.800000
      vertex 8.217395 1.229738 0.800000
      vertex 8.217395 1.229738 -0.800000
    endloop
  endfacet
  facet normal -0.599278 0.800541 0.000000
    outer loop
      vertex 8.063198 1.114308 -0.800000
      vertex 8.063198 1.114308 0.800000
      vertex 8.217395 1.229738 0.800000
    endloop
  endfacet
  facet normal 0.000000 -0.000000 1.000000
    outer loop
      vertex 9.690832 -0.470698 0.800000
      vertex 10.054032 -0.107499 0.800000
      vertex 8.353595 1.365938 0.800000
    endloop
  endfacet
  facet normal 0.000000 0.000000 1.000000
    outer loop
      vertex 9.690832 -0.470698 0.800000
      vertex 8.353595 1.365938 0.800000
      vertex 8.217395 1.229738 0.800000
    endloop
  endfacet
  facet normal 0.000000 0.000000 -1.000000
    outer loop
      vertex 9.690832 -0.470698 -0.800000
      vertex 8.353595 1.365938 -0.800000
      vertex 10.054032 -0.107499 -0.800000
    endloop
  endfacet
  facet normal 0.000000 0.000000 -1.000000
    outer loop
      vertex 9.690832 -0.470698 -0.800000
      vertex 8.217395 1.229738 -0.800000
      vertex 8.353595 1.365938 -0.800000
    endloop
  endfacet
  facet normal 0.707107 -0.707107 0.000000
    outer loop
      vertex 9.690832 -0.470698 -0.800000
      vertex 10.054032 -0.107499 -0.800000
      vertex 10.054032 -0.107499 0.800000
    endloop
  endfacet
  facet normal 0.707107 -0.707107 0.000000
    outer loop
      vertex 9.690832 -0.470698 -0.800000
      vertex 10.054032 -0.107499 0.800000
      vertex 9.690832 -0.470698 0.800000
    endloop
  endfacet
  facet normal -0.707107 0.707107 0.000000
    outer loop
      vertex 8.217395 1.229738 -0.800000
      vertex 8.353595 1.365938 0.800000
      vertex 8.353595 1.365938 -0.800000
    endloop
  endfacet
  facet normal -0.707107 0.707107 0.000000
    outer loop
      vertex 8.217395 1.229738 -0.800000
      vertex 8.217395 1.229738 0.800000
      vertex 8.353595 1.365938 0.800000
    endloop
  endfacet
  facet normal 0.000000 -0.000000 1.000000
    outer loop
      vertex 10.054032 -0.107499 0.800000
      vertex 10.361846 0.303693 0.800000
      vertex 8.469026 1.520135 0.800000
    endloop
  endfacet
  facet normal 0.000000 0.000000 1.000000
    outer loop
      vertex 10.054032 -0.107499 0.800000
      vertex 8.469026 1.520135 0.800000
      vertex 8.353595 1.365938 0.800000
    endloop
  endfacet
  facet normal 0.000000 0.000000 -1.000000
    outer loop
      vertex 10.054032 -0.107499 -0.800000
      vertex 8.469026 1.520135 -0.800000
      vertex 10.361846 0.303693 -0.800000
    endloop
  endfacet
  facet normal 0.000000 0.000000 -1.000000
    outer loop
      vertex 10.054032 -0.107499 -0.800000
      vertex 8.353595 1.365938 -0.800000
      vertex 8.469026 1.520135 -0.800000
    endloop
  endfacet
  facet normal 0.800541 -0.599278 0.000000
    outer loop
      vertex 10.054032 -0.107499 -0.800000
      vertex 10.361846 0.303693 -0.800000
      vertex 10.361846 0.303693 0.800000
    endloop
  endfacet
  facet normal 0.800541 -0.599278 0.000000
    outer loop
      vertex 10.054032 -0.107499 -0.800000
      vertex 10.361846 0.303693 0.800000
      vertex 10.054032 -0.107499 0.800000
    endloop
  endfacet
  facet normal -0.800541 0.599278 0.000000
    outer loop
      vertex 8.353595 1.365938 -0.800000
      vertex 8.469026 1.520135 0.800000
      vertex 8.469026 1.520135 -0.800000
    endloop
  endfacet
  facet normal -0.800541 0.599278 0.000000
    outer loop
      vertex 8.353595 1.365938 -0.800000
      vertex 8.353595 1.365938 0.800000
      vertex 8.469026 1.520135 0.800000
    endloop
  endfacet
  facet normal 0.000000 -0.000000 1.000000
    outer loop
      vertex 10.361846 0.303693 0.800000
      vertex 10.608009 0.754506 0.800000
      vertex 8.561337 1.689190 0.800000
    endloop
  endfacet
  facet normal 0.000000 0.000000 1.000000
    outer loop
      vertex 10.361846 0.303693 0.800000
      vertex 8.561337 1.689190 0.800000
      vertex 8.469026 1.520135 0.800000
    endloop
  endfacet
  facet normal 0.000000 0.000000 -1.000000
    outer loop
      vertex 10.361846 0.303693 -0.800000
      vertex 8.561337 1.689190 -0.800000
      vertex 10.608009 0.754506 -0.800000
    endloop
  endfacet
  facet normal 0.000000 0.000000 -1.000000
    outer loop
      vertex 10.361846 0.303693 -0.800000
      vertex 8.469026 1.520135 -0.800000
      vertex 8.561337 1.689190 -0.800000
    endloop
  endfacet
  facet normal 0.877679 -0.479249 0.000000
    outer loop
      vertex 10.361846 0.303693 -0.800000
      vertex 10.608009 0.754506 -0.800000
      vertex 10.608009 0.754506 0.800000
    endloop
  endfacet
  facet normal 0.877679 -0.479249 0.000000
    outer loop
      vertex 10.361846 0.303693 -0.800000
      vertex 10.608009 0.754506 0.800000
      vertex 10.361846 0.303693 0.800000
    endloop
  endfacet
  facet normal -0.877679 0.479249 0.000000
    outer loop
      vertex 8.469026 1.520135 -0.800000
      vertex 8.561337 1.689190 0.800000
      vertex 8.561337 1.689190 -0.800000
    endloop
  endfacet
  facet normal -0.877679 0.479249 0.000000
    outer loop
      vertex 8.469026 1.520135 -0.800000
      vertex 8.469026 1.520135 0.800000
      vertex 8.561337 1.689190 0.800000
    endloop
  endfacet
  facet normal 0.000000 -0.000000 1.000000
    outer loop
      vertex 10.608009 0.754506 0.800000
      vertex 10.787508 1.235763 0.800000
      vertex 8.628649 1.869661 0.800000
    endloop
  endfacet
  facet normal 0.000000 0.000000 1.000000
    outer loop
      vertex 10.608009 0.754506 0.800000
      vertex 8.628649 1.869661 0.800000
      vertex 8.561337 1.689190 0.800000
    endloop
  endfacet
  facet normal 0.000000 0.000000 -1.000000
    outer loop
      vertex 10.608009 0.754506 -0.800000
      vertex 8.628649 1.869661 -0.800000
      vertex 10.787508 1.235763 -0.800000
    endloop
  endfacet
  facet normal 0.000000 0.000000 -1.000000
    outer loop
      vertex 10.608009 0.754506 -0.800000
      vertex 8.561337 1.689190 -0.800000
      vertex 8.628649 1.869661 -0.800000
    endloop
  endfacet
  facet normal 0.936950 -0.349464 0.000000
    outer loop
      vertex 10.608009 0.754506 -0.800000
      vertex 10.787508 1.235763 -0.800000
      vertex 10.787508 1.235763 0.800000
    endloop
  endfacet
  facet normal 0.936950 -0.349464 0.000000
    outer loop
      vertex 10.608009 0.754506 -0.800000
      vertex 10.787508 1.235763 0.800000
      vertex 10.608009 0.754506 0.800000
    endloop
  endfacet
  facet normal -0.936950 0.349464 0.000000
    outer loop
      vertex 8.561337 1.689190 -0.800000
      vertex 8.628649 1.869661 0.800000
      vertex 8.628649 1.869661 -0.800000
    endloop
  endfacet
  facet normal -0.936950 0.349464 0.000000
    outer loop
      vertex 8.561337 1.689190 -0.800000
      vertex 8.561337 1.689190 0.800000
      vertex 8.628649 1.869661 0.800000
    endloop
  endfacet
  facet normal 0.000000 -0.000000 1.000000
    outer loop
      vertex 10.787508 1.235763 0.800000
      vertex 10.896691 1.737667 0.800000
      vertex 8.669592 2.057875 0.800000
    endloop
  endfacet
  facet normal 0.000000 0.000000 1.000000
    outer loop
      vertex 10.787508 1.235763 0.800000
      vertex 8.669592 2.057875 0.800000
      vertex 8.628649 1.869661 0.800000
    endloop
  endfacet
  facet normal 0.000000 0.000000 -1.000000
    outer loop
      vertex 10.787508 1.235763 -0.800000
      vertex 8.669592 2.057875 -0.800000
      vertex 10.896691 1.737667 -0.800000
    endloop
  endfacet
  facet normal 0.000000 0.000000 -1.000000
    outer loop
      vertex 10.787508 1.235763 -0.800000
      vertex 8.628649 1.869661 -0.800000
      vertex 8.669592 2.057875 -0.800000
    endloop
  endfacet
  facet normal 0.977147 -0.212565 0.000000
    outer loop
      vertex 10.787508 1.235763 -0.800000
      vertex 10.896691 1.737667 -0.800000
      vertex 10.896691 1.737667 0.800000
    endloop
  endfacet
  facet normal 0.977147 -0.212565 0.000000
    outer loop
      vertex 10.787508 1.235763 -0.800000
      vertex 10.896691 1.737667 0.800000
      vertex 10.787508 1.235763 0.800000
    endloop
  endfacet
  facet normal -0.977147 0.212565 0.000000
    outer loop
      vertex 8.628649 1.869661 -0.800000
      vertex 8.669592 2.057875 0.800000
      vertex 8.669592 2.057875 -0.800000
    endloop
  endfacet
  facet normal -0.977147 0.212565 0.000000
    outer loop
      vertex 8.628649 1.869661 -0.800000
      vertex 8.628649 1.869661 0.800000
      vertex 8.669592 2.057875 0.800000
    endloop
  endfacet
  facet normal 0.000000 -0.000000 1.000000
    outer loop
      vertex 10.896691 1.737667 0.800000
      vertex 10.933333 2.250000 0.800000
      vertex 8.683333 2.250000 0.800000
    endloop
  endfacet
  facet normal 0.000000 0.000000 1.000000
    outer loop
      vertex 10.896691 1.737667 0.800000
      vertex 8.683333 2.250000 0.800000
      vertex 8.669592 2.057875 0.800000
    endloop
  endfacet
  facet normal 0.000000 0.000000 -1.000000
    outer loop
      vertex 10.896691 1.737667 -0.800000
      vertex 8.683333 2.250000 -0.800000
      vertex 10.933333 2.250000 -0.800000
    endloop
  endfacet
  facet normal 0.000000 0.000000 -1.000000
    outer loop
      vertex 10.896691 1.737667 -0.800000
      vertex 8.669592 2.057875 -0.800000
      vertex 8.683333 2.250000 -0.800000
    endloop
  endfacet
  facet normal 0.997452 -0.071339 0.000000
    outer loop
      vertex 10.896691 1.737667 -0.800000
      vertex 10.933333 2.250000 -0.800000
      vertex 10.933333 2.250000 0.800000
    endloop
  endfacet
  facet normal 0.997452 -0.071339 0.000000
    outer loop
      vertex 10.896691 1.737667 -0.800000
      vertex 10.933333 2.250000 0.800000
      vertex 10.896691 1.737667 0.800000
    endloop
  endfacet
  facet normal -0.997452 0.071339 0.000000
    outer loop
      vertex 8.669592 2.057875 -0.800000
      vertex 8.683333 2.250000 0.800000
      vertex 8.683333 2.250000 -0.800000
    endloop
  endfacet
  facet normal -0.997452 0.071339 0.000000
    outer loop
      vertex 8.669592 2.057875 -0.800000
      vertex 8.669592 2.057875 0.800000
      vertex 8.683333 2.250000 0.800000
    endloop
  endfacet
  facet normal 0.000000 0.000000 1.000000
    outer loop
      vertex 25.600000 4.500000 0.800000
      vertex 25.563357 5.012333 0.800000
      vertex 23.336259 4.692125 0.800000
    endloop
  endfacet
  facet normal 0.000000 0.000000 1.000000
    outer loop
      vertex 25.600000 4.500000 0.800000
      vertex 23.336259 4.692125 0.800000
      vertex 23.350000 4.500000 0.800000
    endloop
  endfacet
  facet normal 0.000000 0.000000 -1.000000
    outer loop
      vertex 25.600000 4.500000 -0.800000
      vertex 23.336259 4.692125 -0.800000
      vertex 25.563357 5.012333 -0.800000
    endloop
  endfacet
  facet normal 0.000000 0.000000 -1.000000
    outer loop
      vertex 25.600000 4.500000 -0.800000
      vertex 23.350000 4.500000 -0.800000
      vertex 23.336259 4.692125 -0.800000
    endloop
  endfacet
  facet normal 0.997452 0.071339 0.000000
    outer loop
      vertex 25.600000 4.500000 -0.800000
      vertex 25.563357 5.012333 -0.800000
      vertex 25.563357 5.012333 0.800000
    endloop
  endfacet
  facet normal 0.997452 0.071339 -0.000000
    outer loop
      vertex 25.600000 4.500000 -0.800000
      vertex 25.563357 5.012333 0.800000
      vertex 25.600000 4.500000 0.800000
    endloop
  endfacet
  facet normal -0.997452 -0.071339 0.000000
    outer loop
      vertex 23.350000 4.500000 -0.800000
      vertex 23.336259 4.692125 0.800000
      vertex 23.336259 4.692125 -0.800000
    endloop
  endfacet
  facet normal -0.997452 -0.071339 0.000000
    outer loop
      vertex 23.350000 4.500000 -0.800000
      vertex 23.350000 4.500000 0.800000
      vertex 23.336259 4.692125 0.800000
    endloop
  endfacet
  facet normal 0.000000 0.000000 1.000000
    outer loop
      vertex 25.563357 5.012333 0.800000
      vertex 25.454175 5.514237 0.800000
      vertex 23.295316 4.880339 0.800000
    endloop
  endfacet
  facet normal 0.000000 0.000000 1.000000
    outer loop
      vertex 25.563357 5.012333 0.800000
      vertex 23.295316 4.880339 0.800000
      vertex 23.336259 4.692125 0.800000
    endloop
  endfacet
  facet normal -0.000000 0.000000 -1.000000
    outer loop
      vertex 25.563357 5.012333 -0.800000
      vertex 23.295316 4.880339 -0.800000
      vertex 25.454175 5.514237 -0.800000
    endloop
  endfacet
  facet normal 0.000000 0.000000 -1.000000
    outer loop
      vertex 25.563357 5.012333 -0.800000
      vertex 23.336259 4.692125 -0.800000
      vertex 23.295316 4.880339 -0.800000
    endloop
  endfacet
  facet normal 0.977147 0.212565 0.000000
    outer loop
      vertex 25.563357 5.012333 -0.800000
      vertex 25.454175 5.514237 -0.800000
      vertex 25.454175 5.514237 0.800000
    endloop
  endfacet
  facet normal 0.977147 0.212565 -0.000000
    outer loop
      vertex 25.563357 5.012333 -0.800000
      vertex 25.454175 5.514237 0.800000
      vertex 25.563357 5.012333 0.800000
    endloop
  endfacet
  facet normal -0.977147 -0.212565 0.000000
    outer loop
      vertex 23.336259 4.692125 -0.800000
      vertex 23.295316 4.880339 0.800000
      vertex 23.295316 4.880339 -0.800000
    endloop
  endfacet
  facet normal -0.977147 -0.212565 0.000000
    outer loop
      vertex 23.336259 4.692125 -0.800000
      vertex 23.336259 4.692125 0.800000
      vertex 23.295316 4.880339 0.800000
    endloop
  endfacet
  facet normal 0.000000 0.000000 1.000000
    outer loop
      vertex 25.454175 5.514237 0.800000
      vertex 25.274675 5.995494 0.800000
      vertex 23.228003 5.060810 0.800000
    endloop
  endfacet
  facet normal 0.000000 0.000000 1.000000
    outer loop
      vertex 25.454175 5.514237 0.800000
      vertex 23.228003 5.060810 0.800000
      vertex 23.295316 4.880339 0.800000
    endloop
  endfacet
  facet normal -0.000000 0.000000 -1.000000
    outer loop
      vertex 25.454175 5.514237 -0.800000
      vertex 23.228003 5.060810 -0.800000
      vertex 25.274675 5.995494 -0.800000
    endloop
  endfacet
  facet normal 0.000000 0.000000 -1.000000
    outer loop
      vertex 25.454175 5.514237 -0.800000
      vertex 23.295316 4.880339 -0.800000
      vertex 23.228003 5.060810 -0.800000
    endloop
  endfacet
  facet normal 0.936950 0.349464 0.000000
    outer loop
      vertex 25.454175 5.514237 -0.800000
      vertex 25.274675 5.995494 -0.800000
      vertex 25.274675 5.995494 0.800000
    endloop
  endfacet
  facet normal 0.936950 0.349464 -0.000000
    outer loop
      vertex 25.454175 5.514237 -0.800000
      vertex 25.274675 5.995494 0.800000
      vertex 25.454175 5.514237 0.800000
    endloop
  endfacet
  facet normal -0.936950 -0.349464 0.000000
    outer loop
      vertex 23.295316 4.880339 -0.800000
      vertex 23.228003 5.060810 0.800000
      vertex 23.228003 5.060810 -0.800000
    endloop
  endfacet
  facet normal -0.936950 -0.349464 0.000000
    outer loop
      vertex 23.295316 4.880339 -0.800000
      vertex 23.295316 4.880339 0.800000
      vertex 23.228003 5.060810 0.800000
    endloop
  endfacet
  facet normal 0.000000 0.000000 1.000000
    outer loop
      vertex 25.274675 5.995494 0.800000
      vertex 25.028513 6.446307 0.800000
      vertex 23.135692 5.229865 0.800000
    endloop
  endfacet
  facet normal 0.000000 0.000000 1.000000
    outer loop
      vertex 25.274675 5.995494 0.800000
      vertex 23.135692 5.229865 0.800000
      vertex 23.228003 5.060810 0.800000
    endloop
  endfacet
  facet normal -0.000000 0.000000 -1.000000
    outer loop
      vertex 25.274675 5.995494 -0.800000
      vertex 23.135692 5.229865 -0.800000
      vertex 25.028513 6.446307 -0.800000
    endloop
  endfacet
  facet normal 0.000000 0.000000 -1.000000
    outer loop
      vertex 25.274675 5.995494 -0.800000
      vertex 23.228003 5.060810 -0.800000
      vertex 23.135692 5.229865 -0.800000
    endloop
  endfacet
  facet normal 0.877679 0.479249 0.000000
    outer loop
      vertex 25.274675 5.995494 -0.800000
      vertex 25.028513 6.446307 -0.800000
      vertex 25.028513 6.446307 0.800000
    endloop
  endfacet
  facet normal 0.877679 0.479249 -0.000000
    outer loop
      vertex 25.274675 5.995494 -0.800000
      vertex 25.028513 6.446307 0.800000
      vertex 25.274675 5.995494 0.800000
    endloop
  endfacet
  facet normal -0.877679 -0.479249 0.000000
    outer loop
      vertex 23.228003 5.060810 -0.800000
      vertex 23.135692 5.229865 0.800000
      vertex 23.135692 5.229865 -0.800000
    endloop
  endfacet
  facet normal -0.877679 -0.479249 0.000000
    outer loop
      vertex 23.228003 5.060810 -0.800000
      vertex 23.228003 5.060810 0.800000
      vertex 23.135692 5.229865 0.800000
    endloop
  endfacet
  facet normal 0.000000 0.000000 1.000000
    outer loop
      vertex 25.028513 6.446307 0.800000
      vertex 24.720698 6.857499 0.800000
      vertex 23.020262 5.384062 0.800000
    endloop
  endfacet
  facet normal 0.000000 0.000000 1.000000
    outer loop
      vertex 25.028513 6.446307 0.800000
      vertex 23.020262 5.384062 0.800000
      vertex 23.135692 5.229865 0.800000
    endloop
  endfacet
  facet normal -0.000000 0.000000 -1.000000
    outer loop
      vertex 25.028513 6.446307 -0.800000
      vertex 23.020262 5.384062 -0.800000
      vertex 24.720698 6.857499 -0.800000
    endloop
  endfacet
  facet normal 0.000000 0.000000 -1.000000
    outer loop
      vertex 25.028513 6.446307 -0.800000
      vertex 23.135692 5.229865 -0.800000
      vertex 23.020262 5.384062 -0.800000
    endloop
  endfacet
  facet normal 0.800541 0.599278 0.000000
    outer loop
      vertex 25.028513 6.446307 -0.800000
      vertex 24.720698 6.857499 -0.800000
      vertex 24.720698 6.857499 0.800000
    endloop
  endfacet
  facet normal 0.800541 0.599278 -0.000000
    outer loop
      vertex 25.028513 6.446307 -0.800000
      vertex 24.720698 6.857499 0.800000
      vertex 25.028513 6.446307 0.800000
    endloop
  endfacet
  facet normal -0.800541 -0.599278 0.000000
    outer loop
      vertex 23.135692 5.229865 -0.800000
      vertex 23.020262 5.384062 0.800000
      vertex 23.020262 5.384062 -0.800000
    endloop
  endfacet
  facet normal -0.800541 -0.599278 0.000000
    outer loop
      vertex 23.135692 5.229865 -0.800000
      vertex 23.135692 5.229865 0.800000
      vertex 23.020262 5.384062 0.800000
    endloop
  endfacet
  facet normal 0.000000 0.000000 1.000000
    outer loop
      vertex 24.720698 6.857499 0.800000
      vertex 24.357499 7.220698 0.800000
      vertex 22.884062 5.520262 0.800000
    endloop
  endfacet
  facet normal 0.000000 0.000000 1.000000
    outer loop
      vertex 24.720698 6.857499 0.800000
      vertex 22.884062 5.520262 0.800000
      vertex 23.020262 5.384062 0.800000
    endloop
  endfacet
  facet normal -0.000000 0.000000 -1.000000
    outer loop
      vertex 24.720698 6.857499 -0.800000
      vertex 22.884062 5.520262 -0.800000
      vertex 24.357499 7.220698 -0.800000
    endloop
  endfacet
  facet normal 0.000000 0.000000 -1.000000
    outer loop
      vertex 24.720698 6.857499 -0.800000
      vertex 23.020262 5.384062 -0.800000
      vertex 22.884062 5.520262 -0.800000
    endloop
  endfacet
  facet normal 0.707107 0.707107 0.000000
    outer loop
      vertex 24.720698 6.857499 -0.800000
      vertex 24.357499 7.220698 -0.800000
      vertex 24.357499 7.220698 0.800000
    endloop
  endfacet
  facet normal 0.707107 0.707107 -0.000000
    outer loop
      vertex 24.720698 6.857499 -0.800000
      vertex 24.357499 7.220698 0.800000
      vertex 24.720698 6.857499 0.800000
    endloop
  endfacet
  facet normal -0.707107 -0.707107 0.000000
    outer loop
      vertex 23.020262 5.384062 -0.800000
      vertex 22.884062 5.520262 0.800000
      vertex 22.884062 5.520262 -0.800000
    endloop
  endfacet
  facet normal -0.707107 -0.707107 0.000000
    outer loop
      vertex 23.020262 5.384062 -0.800000
      vertex 23.020262 5.384062 0.800000
      vertex 22.884062 5.520262 0.800000
    endloop
  endfacet
  facet normal 0.000000 0.000000 1.000000
    outer loop
      vertex 24.357499 7.220698 0.800000
      vertex 23.946307 7.528513 0.800000
      vertex 22.729865 5.635692 0.800000
    endloop
  endfacet
  facet normal 0.000000 0.000000 1.000000
    outer loop
      vertex 24.357499 7.220698 0.800000
      vertex 22.729865 5.635692 0.800000
      vertex 22.884062 5.520262 0.800000
    endloop
  endfacet
  facet normal -0.000000 0.000000 -1.000000
    outer loop
      vertex 24.357499 7.220698 -0.800000
      vertex 22.729865 5.635692 -0.800000
      vertex 23.946307 7.528513 -0.800000
    endloop
  endfacet
  facet normal 0.000000 0.000000 -1.000000
    outer loop
      vertex 24.357499 7.220698 -0.800000
      vertex 22.884062 5.520262 -0.800000
      vertex 22.729865 5.635692 -0.800000
    endloop
  endfacet
  facet normal 0.599278 0.800541 0.000000
    outer loop
      vertex 24.357499 7.220698 -0.800000
      vertex 23.946307 7.528513 -0.800000
      vertex 23.946307 7.528513 0.800000
    endloop
  endfacet
  facet normal 0.599278 0.800541 -0.000000
    outer loop
      vertex 24.357499 7.220698 -0.800000
      vertex 23.946307 7.528513 0.800000
      vertex 24.357499 7.220698 0.800000
    endloop
  endfacet
  facet normal -0.599278 -0.800541 0.000000
    outer loop
      vertex 22.884062 5.520262 -0.800000
      vertex 22.729865 5.635692 0.800000
      vertex 22.729865 5.635692 -0.800000
    endloop
  endfacet
  facet normal -0.599278 -0.800541 0.000000
    outer loop
      vertex 22.884062 5.520262 -0.800000
      vertex 22.884062 5.520262 0.800000
      vertex 22.729865 5.635692 0.800000
    endloop
  endfacet
  facet normal 0.000000 0.000000 1.000000
    outer loop
      vertex 23.946307 7.528513 0.800000
      vertex 23.495494 7.774675 0.800000
      vertex 22.560810 5.728003 0.800000
    endloop
  endfacet
  facet normal 0.000000 0.000000 1.000000
    outer loop
      vertex 23.946307 7.528513 0.800000
      vertex 22.560810 5.728003 0.800000
      vertex 22.729865 5.635692 0.800000
    endloop
  endfacet
  facet normal -0.000000 0.000000 -1.000000
    outer loop
      vertex 23.946307 7.528513 -0.800000
      vertex 22.560810 5.728003 -0.800000
      vertex 23.495494 7.774675 -0.800000
    endloop
  endfacet
  facet normal 0.000000 0.000000 -1.000000
    outer loop
      vertex 23.946307 7.528513 -0.800000
      vertex 22.729865 5.635692 -0.800000
      vertex 22.560810 5.728003 -0.800000
    endloop
  endfacet
  facet normal 0.479249 0.877679 0.000000
    outer loop
      vertex 23.946307 7.528513 -0.800000
      vertex 23.495494 7.774675 -0.800000
      vertex 23.495494 7.774675 0.800000
    endloop
  endfacet
  facet normal 0.479249 0.877679 -0.000000
    outer loop
      vertex 23.946307 7.528513 -0.800000
      vertex 23.495494 7.774675 0.800000
      vertex 23.946307 7.528513 0.800000
    endloop
  endfacet
  facet normal -0.479249 -0.877679 0.000000
    outer loop
      vertex 22.729865 5.635692 -0.800000
      vertex 22.560810 5.728003 0.800000
      vertex 22.560810 5.728003 -0.800000
    endloop
  endfacet
  facet normal -0.479249 -0.877679 0.000000
    outer loop
      vertex 22.729865 5.635692 -0.800000
      vertex 22.729865 5.635692 0.800000
      vertex 22.560810 5.728003 0.800000
    endloop
  endfacet
  facet normal 0.000000 0.000000 1.000000
    outer loop
      vertex 23.495494 7.774675 0.800000
      vertex 23.014237 7.954175 0.800000
      vertex 22.380339 5.795316 0.800000
    endloop
  endfacet
  facet normal 0.000000 0.000000 1.000000
    outer loop
      vertex 23.495494 7.774675 0.800000
      vertex 22.380339 5.795316 0.800000
      vertex 22.560810 5.728003 0.800000
    endloop
  endfacet
  facet normal -0.000000 0.000000 -1.000000
    outer loop
      vertex 23.495494 7.774675 -0.800000
      vertex 22.380339 5.795316 -0.800000
      vertex 23.014237 7.954175 -0.800000
    endloop
  endfacet
  facet normal 0.000000 0.000000 -1.000000
    outer loop
      vertex 23.495494 7.774675 -0.800000
      vertex 22.560810 5.728003 -0.800000
      vertex 22.380339 5.795316 -0.800000
    endloop
  endfacet
  facet normal 0.349464 0.936950 0.000000
    outer loop
      vertex 23.495494 7.774675 -0.800000
      vertex 23.014237 7.954175 -0.800000
      vertex 23.014237 7.954175 0.800000
    endloop
  endfacet
  facet normal 0.349464 0.936950 -0.000000
    outer loop
      vertex 23.495494 7.774675 -0.800000
      vertex 23.014237 7.954175 0.800000
      vertex 23.495494 7.774675 0.800000
    endloop
  endfacet
  facet normal -0.349464 -0.936950 0.000000
    outer loop
      vertex 22.560810 5.728003 -0.800000
      vertex 22.380339 5.795316 0.800000
      vertex 22.380339 5.795316 -0.800000
    endloop
  endfacet
  facet normal -0.349464 -0.936950 0.000000
    outer loop
      vertex 22.560810 5.728003 -0.800000
      vertex 22.560810 5.728003 0.800000
      vertex 22.380339 5.795316 0.800000
    endloop
  endfacet
  facet normal 0.000000 0.000000 1.000000
    outer loop
      vertex 23.014237 7.954175 0.800000
      vertex 22.512333 8.063357 0.800000
      vertex 22.192125 5.836259 0.800000
    endloop
  endfacet
  facet normal 0.000000 0.000000 1.000000
    outer loop
      vertex 23.014237 7.954175 0.800000
      vertex 22.192125 5.836259 0.800000
      vertex 22.380339 5.795316 0.800000
    endloop
  endfacet
  facet normal -0.000000 0.000000 -1.000000
    outer loop
      vertex 23.014237 7.954175 -0.800000
      vertex 22.192125 5.836259 -0.800000
      vertex 22.512333 8.063357 -0.800000
    endloop
  endfacet
  facet normal 0.000000 0.000000 -1.000000
    outer loop
      vertex 23.014237 7.954175 -0.800000
      vertex 22.380339 5.795316 -0.800000
      vertex 22.192125 5.836259 -0.800000
    endloop
  endfacet
  facet normal 0.212565 0.977147 0.000000
    outer loop
      vertex 23.014237 7.954175 -0.800000
      vertex 22.512333 8.063357 -0.800000
      vertex 22.512333 8.063357 0.800000
    endloop
  endfacet
  facet normal 0.212565 0.977147 -0.000000
    outer loop
      vertex 23.014237 7.954175 -0.800000
      vertex 22.512333 8.063357 0.800000
      vertex 23.014237 7.954175 0.800000
    endloop
  endfacet
  facet normal -0.212565 -0.977147 0.000000
    outer loop
      vertex 22.380339 5.795316 -0.800000
      vertex 22.192125 5.836259 0.800000
      vertex 22.192125 5.836259 -0.800000
    endloop
  endfacet
  facet normal -0.212565 -0.977147 0.000000
    outer loop
      vertex 22.380339 5.795316 -0.800000
      vertex 22.380339 5.795316 0.800000
      vertex 22.192125 5.836259 0.800000
    endloop
  endfacet
  facet normal 0.000000 0.000000 1.000000
    outer loop
      vertex 22.512333 8.063357 0.800000
      vertex 22.000000 8.100000 0.800000
      vertex 22.000000 5.850000 0.800000
    endloop
  endfacet
  facet normal 0.000000 0.000000 1.000000
    outer loop
      vertex 22.512333 8.063357 0.800000
      vertex 22.000000 5.850000 0.800000
      vertex 22.192125 5.836259 0.800000
    endloop
  endfacet
  facet normal -0.000000 0.000000 -1.000000
    outer loop
      vertex 22.512333 8.063357 -0.800000
      vertex 22.000000 5.850000 -0.800000
      vertex 22.000000 8.100000 -0.800000
    endloop
  endfacet
  facet normal 0.000000 0.000000 -1.000000
    outer loop
      vertex 22.512333 8.063357 -0.800000
      vertex 22.192125 5.836259 -0.800000
      vertex 22.000000 5.850000 -0.800000
    endloop
  endfacet
  facet normal 0.071339 0.997452 0.000000
    outer loop
      vertex 22.512333 8.063357 -0.800000
      vertex 22.000000 8.100000 -0.800000
      vertex 22.000000 8.100000 0.800000
    endloop
  endfacet
  facet normal 0.071339 0.997452 -0.000000
    outer loop
      vertex 22.512333 8.063357 -0.800000
      vertex 22.000000 8.100000 0.800000
      vertex 22.512333 8.063357 0.800000
    endloop
  endfacet
  facet normal -0.071339 -0.997452 0.000000
    outer loop
      vertex 22.192125 5.836259 -0.800000
      vertex 22.000000 5.850000 0.800000
      vertex 22.000000 5.850000 -0.800000
    endloop
  endfacet
  facet normal -0.071339 -0.997452 0.000000
    outer loop
      vertex 22.192125 5.836259 -0.800000
      vertex 22.192125 5.836259 0.800000
      vertex 22.000000 5.850000 0.800000
    endloop
  endfacet
  facet normal 0.000000 0.000000 1.000000
    outer loop
      vertex 22.000000 8.100000 0.800000
      vertex 21.487667 8.063357 0.800000
      vertex 21.807875 5.836259 0.800000
    endloop
  endfacet
  facet normal 0.000000 0.000000 1.000000
    outer loop
      vertex 22.000000 8.100000 0.800000
      vertex 21.807875 5.836259 0.800000
      vertex 22.000000 5.850000 0.800000
    endloop
  endfacet
  facet normal 0.000000 0.000000 -1.000000
    outer loop
      vertex 22.000000 8.100000 -0.800000
      vertex 21.807875 5.836259 -0.800000
      vertex 21.487667 8.063357 -0.800000
    endloop
  endfacet
  facet normal 0.000000 -0.000000 -1.000000
    outer loop
      vertex 22.000000 8.100000 -0.800000
      vertex 22.000000 5.850000 -0.800000
      vertex 21.807875 5.836259 -0.800000
    endloop
  endfacet
  facet normal -0.071339 0.997452 0.000000
    outer loop
      vertex 22.000000 8.100000 -0.800000
      vertex 21.487667 8.063357 -0.800000
      vertex 21.487667 8.063357 0.800000
    endloop
  endfacet
  facet normal -0.071339 0.997452 0.000000
    outer loop
      vertex 22.000000 8.100000 -0.800000
      vertex 21.487667 8.063357 0.800000
      vertex 22.000000 8.100000 0.800000
    endloop
  endfacet
  facet normal 0.071339 -0.997452 0.000000
    outer loop
      vertex 22.000000 5.850000 -0.800000
      vertex 21.807875 5.836259 0.800000
      vertex 21.807875 5.836259 -0.800000
    endloop
  endfacet
  facet normal 0.071339 -0.997452 0.000000
    outer loop
      vertex 22.000000 5.850000 -0.800000
      vertex 22.000000 5.850000 0.800000
      vertex 21.807875 5.836259 0.800000
    endloop
  endfacet
  facet normal 0.000000 0.000000 1.000000
    outer loop
      vertex 21.487667 8.063357 0.800000
      vertex 20.985763 7.954175 0.800000
      vertex 21.619661 5.795316 0.800000
    endloop
  endfacet
  facet normal 0.000000 0.000000 1.000000
    outer loop
      vertex 21.487667 8.063357 0.800000
      vertex 21.619661 5.795316 0.800000
      vertex 21.807875 5.836259 0.800000
    endloop
  endfacet
  facet normal 0.000000 -0.000000 -1.000000
    outer loop
      vertex 21.487667 8.063357 -0.800000
      vertex 21.619661 5.795316 -0.800000
      vertex 20.985763 7.954175 -0.800000
    endloop
  endfacet
  facet normal 0.000000 0.000000 -1.000000
    outer loop
      vertex 21.487667 8.063357 -0.800000
      vertex 21.807875 5.836259 -0.800000
      vertex 21.619661 5.795316 -0.800000
    endloop
  endfacet
  facet normal -0.212565 0.977147 0.000000
    outer loop
      vertex 21.487667 8.063357 -0.800000
      vertex 20.985763 7.954175 -0.800000
      vertex 20.985763 7.954175 0.800000
    endloop
  endfacet
  facet normal -0.212565 0.977147 0.000000
    outer loop
      vertex 21.487667 8.063357 -0.800000
      vertex 20.985763 7.954175 0.800000
      vertex 21.487667 8.063357 0.800000
    endloop
  endfacet
  facet normal 0.212565 -0.977147 0.000000
    outer loop
      vertex 21.807875 5.836259 -0.800000
      vertex 21.619661 5.795316 0.800000
      vertex 21.619661 5.795316 -0.800000
    endloop
  endfacet
  facet normal 0.212565 -0.977147 0.000000
    outer loop
      vertex 21.807875 5.836259 -0.800000
      vertex 21.807875 5.836259 0.800000
      vertex 21.619661 5.795316 0.800000
    endloop
  endfacet
  facet normal 0.000000 0.000000 1.000000
    outer loop
      vertex 20.985763 7.954175 0.800000
      vertex 20.504506 7.774675 0.800000
      vertex 21.439190 5.728003 0.800000
    endloop
  endfacet
  facet normal 0.000000 0.000000 1.000000
    outer loop
      vertex 20.985763 7.954175 0.800000
      vertex 21.439190 5.728003 0.800000
      vertex 21.619661 5.795316 0.800000
    endloop
  endfacet
  facet normal 0.000000 -0.000000 -1.000000
    outer loop
      vertex 20.985763 7.954175 -0.800000
      vertex 21.439190 5.728003 -0.800000
      vertex 20.504506 7.774675 -0.800000
    endloop
  endfacet
  facet normal 0.000000 0.000000 -1.000000
    outer loop
      vertex 20.985763 7.954175 -0.800000
      vertex 21.619661 5.795316 -0.800000
      vertex 21.439190 5.728003 -0.800000
    endloop
  endfacet
  facet normal -0.349464 0.936950 0.000000
    outer loop
      vertex 20.985763 7.954175 -0.800000
      vertex 20.504506 7.774675 -0.800000
      vertex 20.504506 7.774675 0.800000
    endloop
  endfacet
  facet normal -0.349464 0.936950 0.000000
    outer loop
      vertex 20.985763 7.954175 -0.800000
      vertex 20.504506 7.774675 0.800000
      vertex 20.985763 7.954175 0.800000
    endloop
  endfacet
  facet normal 0.349464 -0.936950 0.000000
    outer loop
      vertex 21.619661 5.795316 -0.800000
      vertex 21.439190 5.728003 0.800000
      vertex 21.439190 5.728003 -0.800000
    endloop
  endfacet
  facet normal 0.349464 -0.936950 0.000000
    outer loop
      vertex 21.619661 5.795316 -0.800000
      vertex 21.619661 5.795316 0.800000
      vertex 21.439190 5.728003 0.800000
    endloop
  endfacet
  facet normal 0.000000 0.000000 1.000000
    outer loop
      vertex 20.504506 7.774675 0.800000
      vertex 20.053693 7.528513 0.800000
      vertex 21.270135 5.635692 0.800000
    endloop
  endfacet
  facet normal 0.000000 0.000000 1.000000
    outer loop
      vertex 20.504506 7.774675 0.800000
      vertex 21.270135 5.635692 0.800000
      vertex 21.439190 5.728003 0.800000
    endloop
  endfacet
  facet normal 0.000000 -0.000000 -1.000000
    outer loop
      vertex 20.504506 7.774675 -0.800000
      vertex 21.270135 5.635692 -0.800000
      vertex 20.053693 7.528513 -0.800000
    endloop
  endfacet
  facet normal 0.000000 0.000000 -1.000000
    outer loop
      vertex 20.504506 7.774675 -0.800000
      vertex 21.439190 5.728003 -0.800000
      vertex 21.270135 5.635692 -0.800000
    endloop
  endfacet
  facet normal -0.479249 0.877679 0.000000
    outer loop
      vertex 20.504506 7.774675 -0.800000
      vertex 20.053693 7.528513 -0.800000
      vertex 20.053693 7.528513 0.800000
    endloop
  endfacet
  facet normal -0.479249 0.877679 0.000000
    outer loop
      vertex 20.504506 7.774675 -0.800000
      vertex 20.053693 7.528513 0.800000
      vertex 20.504506 7.774675 0.800000
    endloop
  endfacet
  facet normal 0.479249 -0.877679 0.000000
    outer loop
      vertex 21.439190 5.728003 -0.800000
      vertex 21.270135 5.635692 0.800000
      vertex 21.270135 5.635692 -0.800000
    endloop
  endfacet
  facet normal 0.479249 -0.877679 0.000000
    outer loop
      vertex 21.439190 5.728003 -0.800000
      vertex 21.439190 5.728003 0.800000
      vertex 21.270135 5.635692 0.800000
    endloop
  endfacet
  facet normal 0.000000 0.000000 1.000000
    outer loop
      vertex 20.053693 7.528513 0.800000
      vertex 19.642501 7.220698 0.800000
      vertex 21.115938 5.520262 0.800000
    endloop
  endfacet
  facet normal 0.000000 0.000000 1.000000
    outer loop
      vertex 20.053693 7.528513 0.800000
      vertex 21.115938 5.520262 0.800000
      vertex 21.270135 5.635692 0.800000
    endloop
  endfacet
  facet normal 0.000000 -0.000000 -1.000000
    outer loop
      vertex 20.053693 7.528513 -0.800000
      vertex 21.115938 5.520262 -0.800000
      vertex 19.642501 7.220698 -0.800000
    endloop
  endfacet
  facet normal 0.000000 0.000000 -1.000000
    outer loop
      vertex 20.053693 7.528513 -0.800000
      vertex 21.270135 5.635692 -0.800000
      vertex 21.115938 5.520262 -0.800000
    endloop
  endfacet
  facet normal -0.599278 0.800541 0.000000
    outer loop
      vertex 20.053693 7.528513 -0.800000
      vertex 19.642501 7.220698 -0.800000
      vertex 19.642501 7.220698 0.800000
    endloop
  endfacet
  facet normal -0.599278 0.800541 0.000000
    outer loop
      vertex 20.053693 7.528513 -0.800000
      vertex 19.642501 7.220698 0.800000
      vertex 20.053693 7.528513 0.800000
    endloop
  endfacet
  facet normal 0.599278 -0.800541 0.000000
    outer loop
      vertex 21.270135 5.635692 -0.800000
      vertex 21.115938 5.520262 0.800000
      vertex 21.115938 5.520262 -0.800000
    endloop
  endfacet
  facet normal 0.599278 -0.800541 0.000000
    outer loop
      vertex 21.270135 5.635692 -0.800000
      vertex 21.270135 5.635692 0.800000
      vertex 21.115938 5.520262 0.800000
    endloop
  endfacet
  facet normal 0.000000 0.000000 1.000000
    outer loop
      vertex 19.642501 7.220698 0.800000
      vertex 19.279302 6.857499 0.800000
      vertex 20.979738 5.384062 0.800000
    endloop
  endfacet
  facet normal 0.000000 0.000000 1.000000
    outer loop
      vertex 19.642501 7.220698 0.800000
      vertex 20.979738 5.384062 0.800000
      vertex 21.115938 5.520262 0.800000
    endloop
  endfacet
  facet normal 0.000000 -0.000000 -1.000000
    outer loop
      vertex 19.642501 7.220698 -0.800000
      vertex 20.979738 5.384062 -0.800000
      vertex 19.279302 6.857499 -0.800000
    endloop
  endfacet
  facet normal 0.000000 0.000000 -1.000000
    outer loop
      vertex 19.642501 7.220698 -0.800000
      vertex 21.115938 5.520262 -0.800000
      vertex 20.979738 5.384062 -0.800000
    endloop
  endfacet
  facet normal -0.707107 0.707107 0.000000
    outer loop
      vertex 19.642501 7.220698 -0.800000
      vertex 19.279302 6.857499 -0.800000
      vertex 19.279302 6.857499 0.800000
    endloop
  endfacet
  facet normal -0.707107 0.707107 0.000000
    outer loop
      vertex 19.642501 7.220698 -0.800000
      vertex 19.279302 6.857499 0.800000
      vertex 19.642501 7.220698 0.800000
    endloop
  endfacet
  facet normal 0.707107 -0.707107 0.000000
    outer loop
      vertex 21.115938 5.520262 -0.800000
      vertex 20.979738 5.384062 0.800000
      vertex 20.979738 5.384062 -0.800000
    endloop
  endfacet
  facet normal 0.707107 -0.707107 0.000000
    outer loop
      vertex 21.115938 5.520262 -0.800000
      vertex 21.115938 5.520262 0.800000
      vertex 20.979738 5.384062 0.800000
    endloop
  endfacet
  facet normal 0.000000 0.000000 1.000000
    outer loop
      vertex 19.279302 6.857499 0.800000
      vertex 18.971487 6.446307 0.800000
      vertex 20.864308 5.229865 0.800000
    endloop
  endfacet
  facet normal 0.000000 0.000000 1.000000
    outer loop
      vertex 19.279302 6.857499 0.800000
      vertex 20.864308 5.229865 0.800000
      vertex 20.979738 5.384062 0.800000
    endloop
  endfacet
  facet normal 0.000000 -0.000000 -1.000000
    outer loop
      vertex 19.279302 6.857499 -0.800000
      vertex 20.864308 5.229865 -0.800000
      vertex 18.971487 6.446307 -0.800000
    endloop
  endfacet
  facet normal 0.000000 0.000000 -1.000000
    outer loop
      vertex 19.279302 6.857499 -0.800000
      vertex 20.979738 5.384062 -0.800000
      vertex 20.864308 5.229865 -0.800000
    endloop
  endfacet
  facet normal -0.800541 0.599278 0.000000
    outer loop
      vertex 19.279302 6.857499 -0.800000
      vertex 18.971487 6.446307 -0.800000
      vertex 18.971487 6.446307 0.800000
    endloop
  endfacet
  facet normal -0.800541 0.599278 0.000000
    outer loop
      vertex 19.279302 6.857499 -0.800000
      vertex 18.971487 6.446307 0.800000
      vertex 19.279302 6.857499 0.800000
    endloop
  endfacet
  facet normal 0.800541 -0.599278 0.000000
    outer loop
      vertex 20.979738 5.384062 -0.800000
      vertex 20.864308 5.229865 0.800000
      vertex 20.864308 5.229865 -0.800000
    endloop
  endfacet
  facet normal 0.800541 -0.599278 0.000000
    outer loop
      vertex 20.979738 5.384062 -0.800000
      vertex 20.979738 5.384062 0.800000
      vertex 20.864308 5.229865 0.800000
    endloop
  endfacet
  facet normal 0.000000 0.000000 1.000000
    outer loop
      vertex 18.971487 6.446307 0.800000
      vertex 18.725325 5.995494 0.800000
      vertex 20.771997 5.060810 0.800000
    endloop
  endfacet
  facet normal 0.000000 0.000000 1.000000
    outer loop
      vertex 18.971487 6.446307 0.800000
      vertex 20.771997 5.060810 0.800000
      vertex 20.864308 5.229865 0.800000
    endloop
  endfacet
  facet normal 0.000000 -0.000000 -1.000000
    outer loop
      vertex 18.971487 6.446307 -0.800000
      vertex 20.771997 5.060810 -0.800000
      vertex 18.725325 5.995494 -0.800000
    endloop
  endfacet
  facet normal 0.000000 0.000000 -1.000000
    outer loop
      vertex 18.971487 6.446307 -0.800000
      vertex 20.864308 5.229865 -0.800000
      vertex 20.771997 5.060810 -0.800000
    endloop
  endfacet
  facet normal -0.877679 0.479249 0.000000
    outer loop
      vertex 18.971487 6.446307 -0.800000
      vertex 18.725325 5.995494 -0.800000
      vertex 18.725325 5.995494 0.800000
    endloop
  endfacet
  facet normal -0.877679 0.479249 0.000000
    outer loop
      vertex 18.971487 6.446307 -0.800000
      vertex 18.725325 5.995494 0.800000
      vertex 18.971487 6.446307 0.800000
    endloop
  endfacet
  facet normal 0.877679 -0.479249 0.000000
    outer loop
      vertex 20.864308 5.229865 -0.800000
      vertex 20.771997 5.060810 0.800000
      vertex 20.771997 5.060810 -0.800000
    endloop
  endfacet
  facet normal 0.877679 -0.479249 0.000000
    outer loop
      vertex 20.864308 5.229865 -0.800000
      vertex 20.864308 5.229865 0.800000
      vertex 20.771997 5.060810 0.800000
    endloop
  endfacet
  facet normal 0.000000 0.000000 1.000000
    outer loop
      vertex 18.725325 5.995494 0.800000
      vertex 18.545825 5.514237 0.800000
      vertex 20.704684 4.880339 0.800000
    endloop
  endfacet
  facet normal 0.000000 0.000000 1.000000
    outer loop
      vertex 18.725325 5.995494 0.800000
      vertex 20.704684 4.880339 0.800000
      vertex 20.771997 5.060810 0.800000
    endloop
  endfacet
  facet normal 0.000000 -0.000000 -1.000000
    outer loop
      vertex 18.725325 5.995494 -0.800000
      vertex 20.704684 4.880339 -0.800000
      vertex 18.545825 5.514237 -0.800000
    endloop
  endfacet
  facet normal 0.000000 0.000000 -1.000000
    outer loop
      vertex 18.725325 5.995494 -0.800000
      vertex 20.771997 5.060810 -0.800000
      vertex 20.704684 4.880339 -0.800000
    endloop
  endfacet
  facet normal -0.936950 0.349464 0.000000
    outer loop
      vertex 18.725325 5.995494 -0.800000
      vertex 18.545825 5.514237 -0.800000
      vertex 18.545825 5.514237 0.800000
    endloop
  endfacet
  facet normal -0.936950 0.349464 0.000000
    outer loop
      vertex 18.725325 5.995494 -0.800000
      vertex 18.545825 5.514237 0.800000
      vertex 18.725325 5.995494 0.800000
    endloop
  endfacet
  facet normal 0.936950 -0.349464 0.000000
    outer loop
      vertex 20.771997 5.060810 -0.800000
      vertex 20.704684 4.880339 0.800000
      vertex 20.704684 4.880339 -0.800000
    endloop
  endfacet
  facet normal 0.936950 -0.349464 0.000000
    outer loop
      vertex 20.771997 5.060810 -0.800000
      vertex 20.771997 5.060810 0.800000
      vertex 20.704684 4.880339 0.800000
    endloop
  endfacet
  facet normal 0.000000 0.000000 1.000000
    outer loop
      vertex 18.545825 5.514237 0.800000
      vertex 18.436643 5.012333 0.800000
      vertex 20.663741 4.692125 0.800000
    endloop
  endfacet
  facet normal 0.000000 0.000000 1.000000
    outer loop
      vertex 18.545825 5.514237 0.800000
      vertex 20.663741 4.692125 0.800000
      vertex 20.704684 4.880339 0.800000
    endloop
  endfacet
  facet normal 0.000000 -0.000000 -1.000000
    outer loop
      vertex 18.545825 5.514237 -0.800000
      vertex 20.663741 4.692125 -0.800000
      vertex 18.436643 5.012333 -0.800000
    endloop
  endfacet
  facet normal 0.000000 0.000000 -1.000000
    outer loop
      vertex 18.545825 5.514237 -0.800000
      vertex 20.704684 4.880339 -0.800000
      vertex 20.663741 4.692125 -0.800000
    endloop
  endfacet
  facet normal -0.977147 0.212565 0.000000
    outer loop
      vertex 18.545825 5.514237 -0.800000
      vertex 18.436643 5.012333 -0.800000
      vertex 18.436643 5.012333 0.800000
    endloop
  endfacet
  facet normal -0.977147 0.212565 0.000000
    outer loop
      vertex 18.545825 5.514237 -0.800000
      vertex 18.436643 5.012333 0.800000
      vertex 18.545825 5.514237 0.800000
    endloop
  endfacet
  facet normal 0.977147 -0.212565 0.000000
    outer loop
      vertex 20.704684 4.880339 -0.800000
      vertex 20.663741 4.692125 0.800000
      vertex 20.663741 4.692125 -0.800000
    endloop
  endfacet
  facet normal 0.977147 -0.212565 0.000000
    outer loop
      vertex 20.704684 4.880339 -0.800000
      vertex 20.704684 4.880339 0.800000
      vertex 20.663741 4.692125 0.800000
    endloop
  endfacet
  facet normal 0.000000 0.000000 1.000000
    outer loop
      vertex 18.436643 5.012333 0.800000
      vertex 18.400000 4.500000 0.800000
      vertex 20.650000 4.500000 0.800000
    endloop
  endfacet
  facet normal 0.000000 0.000000 1.000000
    outer loop
      vertex 18.436643 5.012333 0.800000
      vertex 20.650000 4.500000 0.800000
      vertex 20.663741 4.692125 0.800000
    endloop
  endfacet
  facet normal 0.000000 -0.000000 -1.000000
    outer loop
      vertex 18.436643 5.012333 -0.800000
      vertex 20.650000 4.500000 -0.800000
      vertex 18.400000 4.500000 -0.800000
    endloop
  endfacet
  facet normal 0.000000 0.000000 -1.000000
    outer loop
      vertex 18.436643 5.012333 -0.800000
      vertex 20.663741 4.692125 -0.800000
      vertex 20.650000 4.500000 -0.800000
    endloop
  endfacet
  facet normal -0.997452 0.071339 0.000000
    outer loop
      vertex 18.436643 5.012333 -0.800000
      vertex 18.400000 4.500000 -0.800000
      vertex 18.400000 4.500000 0.800000
    endloop
  endfacet
  facet normal -0.997452 0.071339 0.000000
    outer loop
      vertex 18.436643 5.012333 -0.800000
      vertex 18.400000 4.500000 0.800000
      vertex 18.436643 5.012333 0.800000
    endloop
  endfacet
  facet normal 0.997452 -0.071339 0.000000
    outer loop
      vertex 20.663741 4.692125 -0.800000
      vertex 20.650000 4.500000 0.800000
      vertex 20.650000 4.500000 -0.800000
    endloop
  endfacet
  facet normal 0.997452 -0.071339 0.000000
    outer loop
      vertex 20.663741 4.692125 -0.800000
      vertex 20.663741 4.692125 0.800000
      vertex 20.650000 4.500000 0.800000
    endloop
  endfacet
  facet normal 0.000000 0.000000 1.000000
    outer loop
      vertex 18.400000 4.500000 0.800000
      vertex 18.436643 3.987667 0.800000
      vertex 20.663741 4.307875 0.800000
    endloop
  endfacet
  facet normal 0.000000 0.000000 1.000000
    outer loop
      vertex 18.400000 4.500000 0.800000
      vertex 20.663741 4.307875 0.800000
      vertex 20.650000 4.500000 0.800000
    endloop
  endfacet
  facet normal 0.000000 0.000000 -1.000000
    outer loop
      vertex 18.400000 4.500000 -0.800000
      vertex 20.663741 4.307875 -0.800000
      vertex 18.436643 3.987667 -0.800000
    endloop
  endfacet
  facet normal 0.000000 0.000000 -1.000000
    outer loop
      vertex 18.400000 4.500000 -0.800000
      vertex 20.650000 4.500000 -0.800000
      vertex 20.663741 4.307875 -0.800000
    endloop
  endfacet
  facet normal -0.997452 -0.071339 0.000000
    outer loop
      vertex 18.400000 4.500000 -0.800000
      vertex 18.436643 3.987667 -0.800000
      vertex 18.436643 3.987667 0.800000
    endloop
  endfacet
  facet normal -0.997452 -0.071339 0.000000
    outer loop
      vertex 18.400000 4.500000 -0.800000
      vertex 18.436643 3.987667 0.800000
      vertex 18.400000 4.500000 0.800000
    endloop
  endfacet
  facet normal 0.997452 0.071339 0.000000
    outer loop
      vertex 20.650000 4.500000 -0.800000
      vertex 20.663741 4.307875 0.800000
      vertex 20.663741 4.307875 -0.800000
    endloop
  endfacet
  facet normal 0.997452 0.071339 -0.000000
    outer loop
      vertex 20.650000 4.500000 -0.800000
      vertex 20.650000 4.500000 0.800000
      vertex 20.663741 4.307875 0.800000
    endloop
  endfacet
  facet normal -0.000000 0.000000 1.000000
    outer loop
      vertex 18.436643 3.987667 0.800000
      vertex 18.545825 3.485763 0.800000
      vertex 20.704684 4.119661 0.800000
    endloop
  endfacet
  facet normal 0.000000 0.000000 1.000000
    outer loop
      vertex 18.436643 3.987667 0.800000
      vertex 20.704684 4.119661 0.800000
      vertex 20.663741 4.307875 0.800000
    endloop
  endfacet
  facet normal 0.000000 0.000000 -1.000000
    outer loop
      vertex 18.436643 3.987667 -0.800000
      vertex 20.704684 4.119661 -0.800000
      vertex 18.545825 3.485763 -0.800000
    endloop
  endfacet
  facet normal 0.000000 0.000000 -1.000000
    outer loop
      vertex 18.436643 3.987667 -0.800000
      vertex 20.663741 4.307875 -0.800000
      vertex 20.704684 4.119661 -0.800000
    endloop
  endfacet
  facet normal -0.977147 -0.212565 0.000000
    outer loop
      vertex 18.436643 3.987667 -0.800000
      vertex 18.545825 3.485763 -0.800000
      vertex 18.545825 3.485763 0.800000
    endloop
  endfacet
  facet normal -0.977147 -0.212565 0.000000
    outer loop
      vertex 18.436643 3.987667 -0.800000
      vertex 18.545825 3.485763 0.800000
      vertex 18.436643 3.987667 0.800000
    endloop
  endfacet
  facet normal 0.977147 0.212565 0.000000
    outer loop
      vertex 20.663741 4.307875 -0.800000
      vertex 20.704684 4.119661 0.800000
      vertex 20.704684 4.119661 -0.800000
    endloop
  endfacet
  facet normal 0.977147 0.212565 -0.000000
    outer loop
      vertex 20.663741 4.307875 -0.800000
      vertex 20.663741 4.307875 0.800000
      vertex 20.704684 4.119661 0.800000
    endloop
  endfacet
  facet normal -0.000000 0.000000 1.000000
    outer loop
      vertex 18.545825 3.485763 0.800000
      vertex 18.725325 3.004506 0.800000
      vertex 20.771997 3.939190 0.800000
    endloop
  endfacet
  facet normal 0.000000 0.000000 1.000000
    outer loop
      vertex 18.545825 3.485763 0.800000
      vertex 20.771997 3.939190 0.800000
      vertex 20.704684 4.119661 0.800000
    endloop
  endfacet
  facet normal 0.000000 0.000000 -1.000000
    outer loop
      vertex 18.545825 3.485763 -0.800000
      vertex 20.771997 3.939190 -0.800000
      vertex 18.725325 3.004506 -0.800000
    endloop
  endfacet
  facet normal 0.000000 0.000000 -1.000000
    outer loop
      vertex 18.545825 3.485763 -0.800000
      vertex 20.704684 4.119661 -0.800000
      vertex 20.771997 3.939190 -0.800000
    endloop
  endfacet
  facet normal -0.936950 -0.349464 0.000000
    outer loop
      vertex 18.545825 3.485763 -0.800000
      vertex 18.725325 3.004506 -0.800000
      vertex 18.725325 3.004506 0.800000
    endloop
  endfacet
  facet normal -0.936950 -0.349464 0.000000
    outer loop
      vertex 18.545825 3.485763 -0.800000
      vertex 18.725325 3.004506 0.800000
      vertex 18.545825 3.485763 0.800000
    endloop
  endfacet
  facet normal 0.936950 0.349464 0.000000
    outer loop
      vertex 20.704684 4.119661 -0.800000
      vertex 20.771997 3.939190 0.800000
      vertex 20.771997 3.939190 -0.800000
    endloop
  endfacet
  facet normal 0.936950 0.349464 -0.000000
    outer loop
      vertex 20.704684 4.119661 -0.800000
      vertex 20.704684 4.119661 0.800000
      vertex 20.771997 3.939190 0.800000
    endloop
  endfacet
  facet normal -0.000000 0.000000 1.000000
    outer loop
      vertex 18.725325 3.004506 0.800000
      vertex 18.971487 2.553693 0.800000
      vertex 20.864308 3.770135 0.800000
    endloop
  endfacet
  facet normal 0.000000 0.000000 1.000000
    outer loop
      vertex 18.725325 3.004506 0.800000
      vertex 20.864308 3.770135 0.800000
      vertex 20.771997 3.939190 0.800000
    endloop
  endfacet
  facet normal 0.000000 0.000000 -1.000000
    outer loop
      vertex 18.725325 3.004506 -0.800000
      vertex 20.864308 3.770135 -0.800000
      vertex 18.971487 2.553693 -0.800000
    endloop
  endfacet
  facet normal 0.000000 0.000000 -1.000000
    outer loop
      vertex 18.725325 3.004506 -0.800000
      vertex 20.771997 3.939190 -0.800000
      vertex 20.864308 3.770135 -0.800000
    endloop
  endfacet
  facet normal -0.877679 -0.479249 0.000000
    outer loop
      vertex 18.725325 3.004506 -0.800000
      vertex 18.971487 2.553693 -0.800000
      vertex 18.971487 2.553693 0.800000
    endloop
  endfacet
  facet normal -0.877679 -0.479249 0.000000
    outer loop
      vertex 18.725325 3.004506 -0.800000
      vertex 18.971487 2.553693 0.800000
      vertex 18.725325 3.004506 0.800000
    endloop
  endfacet
  facet normal 0.877679 0.479249 0.000000
    outer loop
      vertex 20.771997 3.939190 -0.800000
      vertex 20.864308 3.770135 0.800000
      vertex 20.864308 3.770135 -0.800000
    endloop
  endfacet
  facet normal 0.877679 0.479249 -0.000000
    outer loop
      vertex 20.771997 3.939190 -0.800000
      vertex 20.771997 3.939190 0.800000
      vertex 20.864308 3.770135 0.800000
    endloop
  endfacet
  facet normal -0.000000 0.000000 1.000000
    outer loop
      vertex 18.971487 2.553693 0.800000
      vertex 19.279302 2.142501 0.800000
      vertex 20.979738 3.615938 0.800000
    endloop
  endfacet
  facet normal 0.000000 0.000000 1.000000
    outer loop
      vertex 18.971487 2.553693 0.800000
      vertex 20.979738 3.615938 0.800000
      vertex 20.864308 3.770135 0.800000
    endloop
  endfacet
  facet normal 0.000000 0.000000 -1.000000
    outer loop
      vertex 18.971487 2.553693 -0.800000
      vertex 20.979738 3.615938 -0.800000
      vertex 19.279302 2.142501 -0.800000
    endloop
  endfacet
  facet normal 0.000000 0.000000 -1.000000
    outer loop
      vertex 18.971487 2.553693 -0.800000
      vertex 20.864308 3.770135 -0.800000
      vertex 20.979738 3.615938 -0.800000
    endloop
  endfacet
  facet normal -0.800541 -0.599278 0.000000
    outer loop
      vertex 18.971487 2.553693 -0.800000
      vertex 19.279302 2.142501 -0.800000
      vertex 19.279302 2.142501 0.800000
    endloop
  endfacet
  facet normal -0.800541 -0.599278 0.000000
    outer loop
      vertex 18.971487 2.553693 -0.800000
      vertex 19.279302 2.142501 0.800000
      vertex 18.971487 2.553693 0.800000
    endloop
  endfacet
  facet normal 0.800541 0.599278 0.000000
    outer loop
      vertex 20.864308 3.770135 -0.800000
      vertex 20.979738 3.615938 0.800000
      vertex 20.979738 3.615938 -0.800000
    endloop
  endfacet
  facet normal 0.800541 0.599278 -0.000000
    outer loop
      vertex 20.864308 3.770135 -0.800000
      vertex 20.864308 3.770135 0.800000
      vertex 20.979738 3.615938 0.800000
    endloop
  endfacet
  facet normal -0.000000 0.000000 1.000000
    outer loop
      vertex 19.279302 2.142501 0.800000
      vertex 19.642501 1.779302 0.800000
      vertex 21.115938 3.479738 0.800000
    endloop
  endfacet
  facet normal 0.000000 0.000000 1.000000
    outer loop
      vertex 19.279302 2.142501 0.800000
      vertex 21.115938 3.479738 0.800000
      vertex 20.979738 3.615938 0.800000
    endloop
  endfacet
  facet normal 0.000000 0.000000 -1.000000
    outer loop
      vertex 19.279302 2.142501 -0.800000
      vertex 21.115938 3.479738 -0.800000
      vertex 19.642501 1.779302 -0.800000
    endloop
  endfacet
  facet normal 0.000000 0.000000 -1.000000
    outer loop
      vertex 19.279302 2.142501 -0.800000
      vertex 20.979738 3.615938 -0.800000
      vertex 21.115938 3.479738 -0.800000
    endloop
  endfacet
  facet normal -0.707107 -0.707107 0.000000
    outer loop
      vertex 19.279302 2.142501 -0.800000
      vertex 19.642501 1.779302 -0.800000
      vertex 19.642501 1.779302 0.800000
    endloop
  endfacet
  facet normal -0.707107 -0.707107 0.000000
    outer loop
      vertex 19.279302 2.142501 -0.800000
      vertex 19.642501 1.779302 0.800000
      vertex 19.279302 2.142501 0.800000
    endloop
  endfacet
  facet normal 0.707107 0.707107 0.000000
    outer loop
      vertex 20.979738 3.615938 -0.800000
      vertex 21.115938 3.479738 0.800000
      vertex 21.115938 3.479738 -0.800000
    endloop
  endfacet
  facet normal 0.707107 0.707107 -0.000000
    outer loop
      vertex 20.979738 3.615938 -0.800000
      vertex 20.979738 3.615938 0.800000
      vertex 21.115938 3.479738 0.800000
    endloop
  endfacet
  facet normal -0.000000 0.000000 1.000000
    outer loop
      vertex 19.642501 1.779302 0.800000
      vertex 20.053693 1.471487 0.800000
      vertex 21.270135 3.364308 0.800000
    endloop
  endfacet
  facet normal 0.000000 0.000000 1.000000
    outer loop
      vertex 19.642501 1.779302 0.800000
      vertex 21.270135 3.364308 0.800000
      vertex 21.115938 3.479738 0.800000
    endloop
  endfacet
  facet normal 0.000000 0.000000 -1.000000
    outer loop
      vertex 19.642501 1.779302 -0.800000
      vertex 21.270135 3.364308 -0.800000
      vertex 20.053693 1.471487 -0.800000
    endloop
  endfacet
  facet normal 0.000000 0.000000 -1.000000
    outer loop
      vertex 19.642501 1.779302 -0.800000
      vertex 21.115938 3.479738 -0.800000
      vertex 21.270135 3.364308 -0.800000
    endloop
  endfacet
  facet normal -0.599278 -0.800541 0.000000
    outer loop
      vertex 19.642501 1.779302 -0.800000
      vertex 20.053693 1.471487 -0.800000
      vertex 20.053693 1.471487 0.800000
    endloop
  endfacet
  facet normal -0.599278 -0.800541 0.000000
    outer loop
      vertex 19.642501 1.779302 -0.800000
      vertex 20.053693 1.471487 0.800000
      vertex 19.642501 1.779302 0.800000
    endloop
  endfacet
  facet normal 0.599278 0.800541 0.000000
    outer loop
      vertex 21.115938 3.479738 -0.800000
      vertex 21.270135 3.364308 0.800000
      vertex 21.270135 3.364308 -0.800000
    endloop
  endfacet
  facet normal 0.599278 0.800541 -0.000000
    outer loop
      vertex 21.115938 3.479738 -0.800000
      vertex 21.115938 3.479738 0.800000
      vertex 21.270135 3.364308 0.800000
    endloop
  endfacet
  facet normal -0.000000 0.000000 1.000000
    outer loop
      vertex 20.053693 1.471487 0.800000
      vertex 20.504506 1.225325 0.800000
      vertex 21.439190 3.271997 0.800000
    endloop
  endfacet
  facet normal 0.000000 0.000000 1.000000
    outer loop
      vertex 20.053693 1.471487 0.800000
      vertex 21.439190 3.271997 0.800000
      vertex 21.270135 3.364308 0.800000
    endloop
  endfacet
  facet normal 0.000000 0.000000 -1.000000
    outer loop
      vertex 20.053693 1.471487 -0.800000
      vertex 21.439190 3.271997 -0.800000
      vertex 20.504506 1.225325 -0.800000
    endloop
  endfacet
  facet normal 0.000000 0.000000 -1.000000
    outer loop
      vertex 20.053693 1.471487 -0.800000
      vertex 21.270135 3.364308 -0.800000
      vertex 21.439190 3.271997 -0.800000
    endloop
  endfacet
  facet normal -0.479249 -0.877679 0.000000
    outer loop
      vertex 20.053693 1.471487 -0.800000
      vertex 20.504506 1.225325 -0.800000
      vertex 20.504506 1.225325 0.800000
    endloop
  endfacet
  facet normal -0.479249 -0.877679 0.000000
    outer loop
      vertex 20.053693 1.471487 -0.800000
      vertex 20.504506 1.225325 0.800000
      vertex 20.053693 1.471487 0.800000
    endloop
  endfacet
  facet normal 0.479249 0.877679 0.000000
    outer loop
      vertex 21.270135 3.364308 -0.800000
      vertex 21.439190 3.271997 0.800000
      vertex 21.439190 3.271997 -0.800000
    endloop
  endfacet
  facet normal 0.479249 0.877679 -0.000000
    outer loop
      vertex 21.270135 3.364308 -0.800000
      vertex 21.270135 3.364308 0.800000
      vertex 21.439190 3.271997 0.800000
    endloop
  endfacet
  facet normal -0.000000 0.000000 1.000000
    outer loop
      vertex 20.504506 1.225325 0.800000
      vertex 20.985763 1.045825 0.800000
      vertex 21.619661 3.204684 0.800000
    endloop
  endfacet
  facet normal 0.000000 0.000000 1.000000
    outer loop
      vertex 20.504506 1.225325 0.800000
      vertex 21.619661 3.204684 0.800000
      vertex 21.439190 3.271997 0.800000
    endloop
  endfacet
  facet normal 0.000000 0.000000 -1.000000
    outer loop
      vertex 20.504506 1.225325 -0.800000
      vertex 21.619661 3.204684 -0.800000
      vertex 20.985763 1.045825 -0.800000
    endloop
  endfacet
  facet normal 0.000000 0.000000 -1.000000
    outer loop
      vertex 20.504506 1.225325 -0.800000
      vertex 21.439190 3.271997 -0.800000
      vertex 21.619661 3.204684 -0.800000
    endloop
  endfacet
  facet normal -0.349464 -0.936950 0.000000
    outer loop
      vertex 20.504506 1.225325 -0.800000
      vertex 20.985763 1.045825 -0.800000
      vertex 20.985763 1.045825 0.800000
    endloop
  endfacet
  facet normal -0.349464 -0.936950 0.000000
    outer loop
      vertex 20.504506 1.225325 -0.800000
      vertex 20.985763 1.045825 0.800000
      vertex 20.504506 1.225325 0.800000
    endloop
  endfacet
  facet normal 0.349464 0.936950 0.000000
    outer loop
      vertex 21.439190 3.271997 -0.800000
      vertex 21.619661 3.204684 0.800000
      vertex 21.619661 3.204684 -0.800000
    endloop
  endfacet
  facet normal 0.349464 0.936950 -0.000000
    outer loop
      vertex 21.439190 3.271997 -0.800000
      vertex 21.439190 3.271997 0.800000
      vertex 21.619661 3.204684 0.800000
    endloop
  endfacet
  facet normal -0.000000 0.000000 1.000000
    outer loop
      vertex 20.985763 1.045825 0.800000
      vertex 21.487667 0.936643 0.800000
      vertex 21.807875 3.163741 0.800000
    endloop
  endfacet
  facet normal 0.000000 0.000000 1.000000
    outer loop
      vertex 20.985763 1.045825 0.800000
      vertex 21.807875 3.163741 0.800000
      vertex 21.619661 3.204684 0.800000
    endloop
  endfacet
  facet normal 0.000000 0.000000 -1.000000
    outer loop
      vertex 20.985763 1.045825 -0.800000
      vertex 21.807875 3.163741 -0.800000
      vertex 21.487667 0.936643 -0.800000
    endloop
  endfacet
  facet normal 0.000000 0.000000 -1.000000
    outer loop
      vertex 20.985763 1.045825 -0.800000
      vertex 21.619661 3.204684 -0.800000
      vertex 21.807875 3.163741 -0.800000
    endloop
  endfacet
  facet normal -0.212565 -0.977147 0.000000
    outer loop
      vertex 20.985763 1.045825 -0.800000
      vertex 21.487667 0.936643 -0.800000
      vertex 21.487667 0.936643 0.800000
    endloop
  endfacet
  facet normal -0.212565 -0.977147 0.000000
    outer loop
      vertex 20.985763 1.045825 -0.800000
      vertex 21.487667 0.936643 0.800000
      vertex 20.985763 1.045825 0.800000
    endloop
  endfacet
  facet normal 0.212565 0.977147 0.000000
    outer loop
      vertex 21.619661 3.204684 -0.800000
      vertex 21.807875 3.163741 0.800000
      vertex 21.807875 3.163741 -0.800000
    endloop
  endfacet
  facet normal 0.212565 0.977147 -0.000000
    outer loop
      vertex 21.619661 3.204684 -0.800000
      vertex 21.619661 3.204684 0.800000
      vertex 21.807875 3.163741 0.800000
    endloop
  endfacet
  facet normal -0.000000 0.000000 1.000000
    outer loop
      vertex 21.487667 0.936643 0.800000
      vertex 22.000000 0.900000 0.800000
      vertex 22.000000 3.150000 0.800000
    endloop
  endfacet
  facet normal 0.000000 0.000000 1.000000
    outer loop
      vertex 21.487667 0.936643 0.800000
      vertex 22.000000 3.150000 0.800000
      vertex 21.807875 3.163741 0.800000
    endloop
  endfacet
  facet normal 0.000000 0.000000 -1.000000
    outer loop
      vertex 21.487667 0.936643 -0.800000
      vertex 22.000000 3.150000 -0.800000
      vertex 22.000000 0.900000 -0.800000
    endloop
  endfacet
  facet normal 0.000000 0.000000 -1.000000
    outer loop
      vertex 21.487667 0.936643 -0.800000
      vertex 21.807875 3.163741 -0.800000
      vertex 22.000000 3.150000 -0.800000
    endloop
  endfacet
  facet normal -0.071339 -0.997452 0.000000
    outer loop
      vertex 21.487667 0.936643 -0.800000
      vertex 22.000000 0.900000 -0.800000
      vertex 22.000000 0.900000 0.800000
    endloop
  endfacet
  facet normal -0.071339 -0.997452 0.000000
    outer loop
      vertex 21.487667 0.936643 -0.800000
      vertex 22.000000 0.900000 0.800000
      vertex 21.487667 0.936643 0.800000
    endloop
  endfacet
  facet normal 0.071339 0.997452 0.000000
    outer loop
      vertex 21.807875 3.163741 -0.800000
      vertex 22.000000 3.150000 0.800000
      vertex 22.000000 3.150000 -0.800000
    endloop
  endfacet
  facet normal 0.071339 0.997452 -0.000000
    outer loop
      vertex 21.807875 3.163741 -0.800000
      vertex 21.807875 3.163741 0.800000
      vertex 22.000000 3.150000 0.800000
    endloop
  endfacet
  facet normal 0.000000 0.000000 1.000000
    outer loop
      vertex 22.000000 0.900000 0.800000
      vertex 22.512333 0.936643 0.800000
      vertex 22.192125 3.163741 0.800000
    endloop
  endfacet
  facet normal 0.000000 0.000000 1.000000
    outer loop
      vertex 22.000000 0.900000 0.800000
      vertex 22.192125 3.163741 0.800000
      vertex 22.000000 3.150000 0.800000
    endloop
  endfacet
  facet normal 0.000000 0.000000 -1.000000
    outer loop
      vertex 22.000000 0.900000 -0.800000
      vertex 22.192125 3.163741 -0.800000
      vertex 22.512333 0.936643 -0.800000
    endloop
  endfacet
  facet normal 0.000000 0.000000 -1.000000
    outer loop
      vertex 22.000000 0.900000 -0.800000
      vertex 22.000000 3.150000 -0.800000
      vertex 22.192125 3.163741 -0.800000
    endloop
  endfacet
  facet normal 0.071339 -0.997452 0.000000
    outer loop
      vertex 22.000000 0.900000 -0.800000
      vertex 22.512333 0.936643 -0.800000
      vertex 22.512333 0.936643 0.800000
    endloop
  endfacet
  facet normal 0.071339 -0.997452 0.000000
    outer loop
      vertex 22.000000 0.900000 -0.800000
      vertex 22.512333 0.936643 0.800000
      vertex 22.000000 0.900000 0.800000
    endloop
  endfacet
  facet normal -0.071339 0.997452 0.000000
    outer loop
      vertex 22.000000 3.150000 -0.800000
      vertex 22.192125 3.163741 0.800000
      vertex 22.192125 3.163741 -0.800000
    endloop
  endfacet
  facet normal -0.071339 0.997452 0.000000
    outer loop
      vertex 22.000000 3.150000 -0.800000
      vertex 22.000000 3.150000 0.800000
      vertex 22.192125 3.163741 0.800000
    endloop
  endfacet
  facet normal 0.000000 -0.000000 1.000000
    outer loop
      vertex 22.512333 0.936643 0.800000
      vertex 23.014237 1.045825 0.800000
      vertex 22.380339 3.204684 0.800000
    endloop
  endfacet
  facet normal 0.000000 0.000000 1.000000
    outer loop
      vertex 22.512333 0.936643 0.800000
      vertex 22.380339 3.204684 0.800000
      vertex 22.192125 3.163741 0.800000
    endloop
  endfacet
  facet normal 0.000000 0.000000 -1.000000
    outer loop
      vertex 22.512333 0.936643 -0.800000
      vertex 22.380339 3.204684 -0.800000
      vertex 23.014237 1.045825 -0.800000
    endloop
  endfacet
  facet normal 0.000000 0.000000 -1.000000
    outer loop
      vertex 22.512333 0.936643 -0.800000
      vertex 22.192125 3.163741 -0.800000
      vertex 22.380339 3.204684 -0.800000
    endloop
  endfacet
  facet normal 0.212565 -0.977147 0.000000
    outer loop
      vertex 22.512333 0.936643 -0.800000
      vertex 23.014237 1.045825 -0.800000
      vertex 23.014237 1.045825 0.800000
    endloop
  endfacet
  facet normal 0.212565 -0.977147 0.000000
    outer loop
      vertex 22.512333 0.936643 -0.800000
      vertex 23.014237 1.045825 0.800000
      vertex 22.512333 0.936643 0.800000
    endloop
  endfacet
  facet normal -0.212565 0.977147 0.000000
    outer loop
      vertex 22.192125 3.163741 -0.800000
      vertex 22.380339 3.204684 0.800000
      vertex 22.380339 3.204684 -0.800000
    endloop
  endfacet
  facet normal -0.212565 0.977147 0.000000
    outer loop
      vertex 22.192125 3.163741 -0.800000
      vertex 22.192125 3.163741 0.800000
      vertex 22.380339 3.204684 0.800000
    endloop
  endfacet
  facet normal 0.000000 -0.000000 1.000000
    outer loop
      vertex 23.014237 1.045825 0.800000
      vertex 23.495494 1.225325 0.800000
      vertex 22.560810 3.271997 0.800000
    endloop
  endfacet
  facet normal 0.000000 0.000000 1.000000
    outer loop
      vertex 23.014237 1.045825 0.800000
      vertex 22.560810 3.271997 0.800000
      vertex 22.380339 3.204684 0.800000
    endloop
  endfacet
  facet normal 0.000000 0.000000 -1.000000
    outer loop
      vertex 23.014237 1.045825 -0.800000
      vertex 22.560810 3.271997 -0.800000
      vertex 23.495494 1.225325 -0.800000
    endloop
  endfacet
  facet normal 0.000000 0.000000 -1.000000
    outer loop
      vertex 23.014237 1.045825 -0.800000
      vertex 22.380339 3.204684 -0.800000
      vertex 22.560810 3.271997 -0.800000
    endloop
  endfacet
  facet normal 0.349464 -0.936950 0.000000
    outer loop
      vertex 23.014237 1.045825 -0.800000
      vertex 23.495494 1.225325 -0.800000
      vertex 23.495494 1.225325 0.800000
    endloop
  endfacet
  facet normal 0.349464 -0.936950 0.000000
    outer loop
      vertex 23.014237 1.045825 -0.800000
      vertex 23.495494 1.225325 0.800000
      vertex 23.014237 1.045825 0.800000
    endloop
  endfacet
  facet normal -0.349464 0.936950 0.000000
    outer loop
      vertex 22.380339 3.204684 -0.800000
      vertex 22.560810 3.271997 0.800000
      vertex 22.560810 3.271997 -0.800000
    endloop
  endfacet
  facet normal -0.349464 0.936950 0.000000
    outer loop
      vertex 22.380339 3.204684 -0.800000
      vertex 22.380339 3.204684 0.800000
      vertex 22.560810 3.271997 0.800000
    endloop
  endfacet
  facet normal 0.000000 -0.000000 1.000000
    outer loop
      vertex 23.495494 1.225325 0.800000
      vertex 23.946307 1.471487 0.800000
      vertex 22.729865 3.364308 0.800000
    endloop
  endfacet
  facet normal 0.000000 0.000000 1.000000
    outer loop
      vertex 23.495494 1.225325 0.800000
      vertex 22.729865 3.364308 0.800000
      vertex 22.560810 3.271997 0.800000
    endloop
  endfacet
  facet normal 0.000000 0.000000 -1.000000
    outer loop
      vertex 23.495494 1.225325 -0.800000
      vertex 22.729865 3.364308 -0.800000
      vertex 23.946307 1.471487 -0.800000
    endloop
  endfacet
  facet normal 0.000000 0.000000 -1.000000
    outer loop
      vertex 23.495494 1.225325 -0.800000
      vertex 22.560810 3.271997 -0.800000
      vertex 22.729865 3.364308 -0.800000
    endloop
  endfacet
  facet normal 0.479249 -0.877679 0.000000
    outer loop
      vertex 23.495494 1.225325 -0.800000
      vertex 23.946307 1.471487 -0.800000
      vertex 23.946307 1.471487 0.800000
    endloop
  endfacet
  facet normal 0.479249 -0.877679 0.000000
    outer loop
      vertex 23.495494 1.225325 -0.800000
      vertex 23.946307 1.471487 0.800000
      vertex 23.495494 1.225325 0.800000
    endloop
  endfacet
  facet normal -0.479249 0.877679 0.000000
    outer loop
      vertex 22.560810 3.271997 -0.800000
      vertex 22.729865 3.364308 0.800000
      vertex 22.729865 3.364308 -0.800000
    endloop
  endfacet
  facet normal -0.479249 0.877679 0.000000
    outer loop
      vertex 22.560810 3.271997 -0.800000
      vertex 22.560810 3.271997 0.800000
      vertex 22.729865 3.364308 0.800000
    endloop
  endfacet
  facet normal 0.000000 -0.000000 1.000000
    outer loop
      vertex 23.946307 1.471487 0.800000
      vertex 24.357499 1.779302 0.800000
      vertex 22.884062 3.479738 0.800000
    endloop
  endfacet
  facet normal 0.000000 0.000000 1.000000
    outer loop
      vertex 23.946307 1.471487 0.800000
      vertex 22.884062 3.479738 0.800000
      vertex 22.729865 3.364308 0.800000
    endloop
  endfacet
  facet normal 0.000000 0.000000 -1.000000
    outer loop
      vertex 23.946307 1.471487 -0.800000
      vertex 22.884062 3.479738 -0.800000
      vertex 24.357499 1.779302 -0.800000
    endloop
  endfacet
  facet normal 0.000000 0.000000 -1.000000
    outer loop
      vertex 23.946307 1.471487 -0.800000
      vertex 22.729865 3.364308 -0.800000
      vertex 22.884062 3.479738 -0.800000
    endloop
  endfacet
  facet normal 0.599278 -0.800541 0.000000
    outer loop
      vertex 23.946307 1.471487 -0.800000
      vertex 24.357499 1.779302 -0.800000
      vertex 24.357499 1.779302 0.800000
    endloop
  endfacet
  facet normal 0.599278 -0.800541 0.000000
    outer loop
      vertex 23.946307 1.471487 -0.800000
      vertex 24.357499 1.779302 0.800000
      vertex 23.946307 1.471487 0.800000
    endloop
  endfacet
  facet normal -0.599278 0.800541 0.000000
    outer loop
      vertex 22.729865 3.364308 -0.800000
      vertex 22.884062 3.479738 0.800000
      vertex 22.884062 3.479738 -0.800000
    endloop
  endfacet
  facet normal -0.599278 0.800541 0.000000
    outer loop
      vertex 22.729865 3.364308 -0.800000
      vertex 22.729865 3.364308 0.800000
      vertex 22.884062 3.479738 0.800000
    endloop
  endfacet
  facet normal 0.000000 -0.000000 1.000000
    outer loop
      vertex 24.357499 1.779302 0.800000
      vertex 24.720698 2.142501 0.800000
      vertex 23.020262 3.615938 0.800000
    endloop
  endfacet
  facet normal 0.000000 0.000000 1.000000
    outer loop
      vertex 24.357499 1.779302 0.800000
      vertex 23.020262 3.615938 0.800000
      vertex 22.884062 3.479738 0.800000
    endloop
  endfacet
  facet normal 0.000000 0.000000 -1.000000
    outer loop
      vertex 24.357499 1.779302 -0.800000
      vertex 23.020262 3.615938 -0.800000
      vertex 24.720698 2.142501 -0.800000
    endloop
  endfacet
  facet normal 0.000000 0.000000 -1.000000
    outer loop
      vertex 24.357499 1.779302 -0.800000
      vertex 22.884062 3.479738 -0.800000
      vertex 23.020262 3.615938 -0.800000
    endloop
  endfacet
  facet normal 0.707107 -0.707107 0.000000
    outer loop
      vertex 24.357499 1.779302 -0.800000
      vertex 24.720698 2.142501 -0.800000
      vertex 24.720698 2.142501 0.800000
    endloop
  endfacet
  facet normal 0.707107 -0.707107 0.000000
    outer loop
      vertex 24.357499 1.779302 -0.800000
      vertex 24.720698 2.142501 0.800000
      vertex 24.357499 1.779302 0.800000
    endloop
  endfacet
  facet normal -0.707107 0.707107 0.000000
    outer loop
      vertex 22.884062 3.479738 -0.800000
      vertex 23.020262 3.615938 0.800000
      vertex 23.020262 3.615938 -0.800000
    endloop
  endfacet
  facet normal -0.707107 0.707107 0.000000
    outer loop
      vertex 22.884062 3.479738 -0.800000
      vertex 22.884062 3.479738 0.800000
      vertex 23.020262 3.615938 0.800000
    endloop
  endfacet
  facet normal 0.000000 -0.000000 1.000000
    outer loop
      vertex 24.720698 2.142501 0.800000
      vertex 25.028513 2.553693 0.800000
      vertex 23.135692 3.770135 0.800000
    endloop
  endfacet
  facet normal 0.000000 0.000000 1.000000
    outer loop
      vertex 24.720698 2.142501 0.800000
      vertex 23.135692 3.770135 0.800000
      vertex 23.020262 3.615938 0.800000
    endloop
  endfacet
  facet normal 0.000000 0.000000 -1.000000
    outer loop
      vertex 24.720698 2.142501 -0.800000
      vertex 23.135692 3.770135 -0.800000
      vertex 25.028513 2.553693 -0.800000
    endloop
  endfacet
  facet normal 0.000000 0.000000 -1.000000
    outer loop
      vertex 24.720698 2.142501 -0.800000
      vertex 23.020262 3.615938 -0.800000
      vertex 23.135692 3.770135 -0.800000
    endloop
  endfacet
  facet normal 0.800541 -0.599278 0.000000
    outer loop
      vertex 24.720698 2.142501 -0.800000
      vertex 25.028513 2.553693 -0.800000
      vertex 25.028513 2.553693 0.800000
    endloop
  endfacet
  facet normal 0.800541 -0.599278 0.000000
    outer loop
      vertex 24.720698 2.142501 -0.800000
      vertex 25.028513 2.553693 0.800000
      vertex 24.720698 2.142501 0.800000
    endloop
  endfacet
  facet normal -0.800541 0.599278 0.000000
    outer loop
      vertex 23.020262 3.615938 -0.800000
      vertex 23.135692 3.770135 0.800000
      vertex 23.135692 3.770135 -0.800000
    endloop
  endfacet
  facet normal -0.800541 0.599278 0.000000
    outer loop
      vertex 23.020262 3.615938 -0.800000
      vertex 23.020262 3.615938 0.800000
      vertex 23.135692 3.770135 0.800000
    endloop
  endfacet
  facet normal 0.000000 -0.000000 1.000000
    outer loop
      vertex 25.028513 2.553693 0.800000
      vertex 25.274675 3.004506 0.800000
      vertex 23.228003 3.939190 0.800000
    endloop
  endfacet
  facet normal 0.000000 0.000000 1.000000
    outer loop
      vertex 25.028513 2.553693 0.800000
      vertex 23.228003 3.939190 0.800000
      vertex 23.135692 3.770135 0.800000
    endloop
  endfacet
  facet normal 0.000000 0.000000 -1.000000
    outer loop
      vertex 25.028513 2.553693 -0.800000
      vertex 23.228003 3.939190 -0.800000
      vertex 25.274675 3.004506 -0.800000
    endloop
  endfacet
  facet normal 0.000000 0.000000 -1.000000
    outer loop
      vertex 25.028513 2.553693 -0.800000
      vertex 23.135692 3.770135 -0.800000
      vertex 23.228003 3.939190 -0.800000
    endloop
  endfacet
  facet normal 0.877679 -0.479249 0.000000
    outer loop
      vertex 25.028513 2.553693 -0.800000
      vertex 25.274675 3.004506 -0.800000
      vertex 25.274675 3.004506 0.800000
    endloop
  endfacet
  facet normal 0.877679 -0.479249 0.000000
    outer loop
      vertex 25.028513 2.553693 -0.800000
      vertex 25.274675 3.004506 0.800000
      vertex 25.028513 2.553693 0.800000
    endloop
  endfacet
  facet normal -0.877679 0.479249 0.000000
    outer loop
      vertex 23.135692 3.770135 -0.800000
      vertex 23.228003 3.939190 0.800000
      vertex 23.228003 3.939190 -0.800000
    endloop
  endfacet
  facet normal -0.877679 0.479249 0.000000
    outer loop
      vertex 23.135692 3.770135 -0.800000
      vertex 23.135692 3.770135 0.800000
      vertex 23.228003 3.939190 0.800000
    endloop
  endfacet
  facet normal 0.000000 -0.000000 1.000000
    outer loop
      vertex 25.274675 3.004506 0.800000
      vertex 25.454175 3.485763 0.800000
      vertex 23.295316 4.119661 0.800000
    endloop
  endfacet
  facet normal 0.000000 0.000000 1.000000
    outer loop
      vertex 25.274675 3.004506 0.800000
      vertex 23.295316 4.119661 0.800000
      vertex 23.228003 3.939190 0.800000
    endloop
  endfacet
  facet normal 0.000000 0.000000 -1.000000
    outer loop
      vertex 25.274675 3.004506 -0.800000
      vertex 23.295316 4.119661 -0.800000
      vertex 25.454175 3.485763 -0.800000
    endloop
  endfacet
  facet normal 0.000000 0.000000 -1.000000
    outer loop
      vertex 25.274675 3.004506 -0.800000
      vertex 23.228003 3.939190 -0.800000
      vertex 23.295316 4.119661 -0.800000
    endloop
  endfacet
  facet normal 0.936950 -0.349464 0.000000
    outer loop
      vertex 25.274675 3.004506 -0.800000
      vertex 25.454175 3.485763 -0.800000
      vertex 25.454175 3.485763 0.800000
    endloop
  endfacet
  facet normal 0.936950 -0.349464 0.000000
    outer loop
      vertex 25.274675 3.004506 -0.800000
      vertex 25.454175 3.485763 0.800000
      vertex 25.274675 3.004506 0.800000
    endloop
  endfacet
  facet normal -0.936950 0.349464 0.000000
    outer loop
      vertex 23.228003 3.939190 -0.800000
      vertex 23.295316 4.119661 0.800000
      vertex 23.295316 4.119661 -0.800000
    endloop
  endfacet
  facet normal -0.936950 0.349464 0.000000
    outer loop
      vertex 23.228003 3.939190 -0.800000
      vertex 23.228003 3.939190 0.800000
      vertex 23.295316 4.119661 0.800000
    endloop
  endfacet
  facet normal 0.000000 -0.000000 1.000000
    outer loop
      vertex 25.454175 3.485763 0.800000
      vertex 25.563357 3.987667 0.800000
      vertex 23.336259 4.307875 0.800000
    endloop
  endfacet
  facet normal 0.000000 0.000000 1.000000
    outer loop
      vertex 25.454175 3.485763 0.800000
      vertex 23.336259 4.307875 0.800000
      vertex 23.295316 4.119661 0.800000
    endloop
  endfacet
  facet normal 0.000000 0.000000 -1.000000
    outer loop
      vertex 25.454175 3.485763 -0.800000
      vertex 23.336259 4.307875 -0.800000
      vertex 25.563357 3.987667 -0.800000
    endloop
  endfacet
  facet normal 0.000000 0.000000 -1.000000
    outer loop
      vertex 25.454175 3.485763 -0.800000
      vertex 23.295316 4.119661 -0.800000
      vertex 23.336259 4.307875 -0.800000
    endloop
  endfacet
  facet normal 0.977147 -0.212565 0.000000
    outer loop
      vertex 25.454175 3.485763 -0.800000
      vertex 25.563357 3.987667 -0.800000
      vertex 25.563357 3.987667 0.800000
    endloop
  endfacet
  facet normal 0.977147 -0.212565 0.000000
    outer loop
      vertex 25.454175 3.485763 -0.800000
      vertex 25.563357 3.987667 0.800000
      vertex 25.454175 3.485763 0.800000
    endloop
  endfacet
  facet normal -0.977147 0.212565 0.000000
    outer loop
      vertex 23.295316 4.119661 -0.800000
      vertex 23.336259 4.307875 0.800000
      vertex 23.336259 4.307875 -0.800000
    endloop
  endfacet
  facet normal -0.977147 0.212565 0.000000
    outer loop
      vertex 23.295316 4.119661 -0.800000
      vertex 23.295316 4.119661 0.800000
      vertex 23.336259 4.307875 0.800000
    endloop
  endfacet
  facet normal 0.000000 -0.000000 1.000000
    outer loop
      vertex 25.563357 3.987667 0.800000
      vertex 25.600000 4.500000 0.800000
      vertex 23.350000 4.500000 0.800000
    endloop
  endfacet
  facet normal 0.000000 0.000000 1.000000
    outer loop
      vertex 25.563357 3.987667 0.800000
      vertex 23.350000 4.500000 0.800000
      vertex 23.336259 4.307875 0.800000
    endloop
  endfacet
  facet normal 0.000000 0.000000 -1.000000
    outer loop
      vertex 25.563357 3.987667 -0.800000
      vertex 23.350000 4.500000 -0.800000
      vertex 25.600000 4.500000 -0.800000
    endloop
  endfacet
  facet normal 0.000000 0.000000 -1.000000
    outer loop
      vertex 25.563357 3.987667 -0.800000
      vertex 23.336259 4.307875 -0.800000
      vertex 23.350000 4.500000 -0.800000
    endloop
  endfacet
  facet normal 0.997452 -0.071339 0.000000
    outer loop
      vertex 25.563357 3.987667 -0.800000
      vertex 25.600000 4.500000 -0.800000
      vertex 25.600000 4.500000 0.800000
    endloop
  endfacet
  facet normal 0.997452 -0.071339 0.000000
    outer loop
      vertex 25.563357 3.987667 -0.800000
      vertex 25.600000 4.500000 0.800000
      vertex 25.563357 3.987667 0.800000
    endloop
  endfacet
  facet normal -0.997452 0.071339 0.000000
    outer loop
      vertex 23.336259 4.307875 -0.800000
      vertex 23.350000 4.500000 0.800000
      vertex 23.350000 4.500000 -0.800000
    endloop
  endfacet
  facet normal -0.997452 0.071339 0.000000
    outer loop
      vertex 23.336259 4.307875 -0.800000
      vertex 23.336259 4.307875 0.800000
      vertex 23.350000 4.500000 0.800000
    endloop
  endfacet
  facet normal 0.000000 0.000000 1.000000
    outer loop
      vertex -28.517226 -4.575913 -0.800000
      vertex -27.482774 -8.024087 -0.800000
      vertex -21.482774 -6.224087 -0.800000
    endloop
  endfacet
  facet normal -0.000000 0.000000 1.000000
    outer loop
      vertex -28.517226 -4.575913 -0.800000
      vertex -21.482774 -6.224087 -0.800000
      vertex -22.517226 -2.775913 -0.800000
    endloop
  endfacet
  facet normal 0.000000 0.000000 -1.000000
    outer loop
      vertex -28.517226 -4.575913 0.800000
      vertex -22.517226 -2.775913 0.800000
      vertex -21.482774 -6.224087 0.800000
    endloop
  endfacet
  facet normal 0.000000 0.000000 -1.000000
    outer loop
      vertex -28.517226 -4.575913 0.800000
      vertex -21.482774 -6.224087 0.800000
      vertex -27.482774 -8.024087 0.800000
    endloop
  endfacet
  facet normal 0.957826 0.287348 -0.000000
    outer loop
      vertex -28.517226 -4.575913 -0.800000
      vertex -28.517226 -4.575913 0.800000
      vertex -27.482774 -8.024087 0.800000
    endloop
  endfacet
  facet normal 0.957826 0.287348 0.000000
    outer loop
      vertex -28.517226 -4.575913 -0.800000
      vertex -27.482774 -8.024087 0.800000
      vertex -27.482774 -8.024087 -0.800000
    endloop
  endfacet
  facet normal -0.287348 0.957826 0.000000
    outer loop
      vertex -27.482774 -8.024087 -0.800000
      vertex -27.482774 -8.024087 0.800000
      vertex -21.482774 -6.224087 0.800000
    endloop
  endfacet
  facet normal -0.287348 0.957826 0.000000
    outer loop
      vertex -27.482774 -8.024087 -0.800000
      vertex -21.482774 -6.224087 0.800000
      vertex -21.482774 -6.224087 -0.800000
    endloop
  endfacet
  facet normal -0.957826 -0.287348 0.000000
    outer loop
      vertex -21.482774 -6.224087 -0.800000
      vertex -21.482774 -6.224087 0.800000
      vertex -22.517226 -2.775913 0.800000
    endloop
  endfacet
  facet normal -0.957826 -0.287348 0.000000
    outer loop
      vertex -21.482774 -6.224087 -0.800000
      vertex -22.517226 -2.775913 0.800000
      vertex -22.517226 -2.775913 -0.800000
    endloop
  endfacet
  facet normal 0.287348 -0.957826 0.000000
    outer loop
      vertex -22.517226 -2.775913 -0.800000
      vertex -22.517226 -2.775913 0.800000
      vertex -28.517226 -4.575913 0.800000
    endloop
  endfacet
  facet normal 0.287348 -0.957826 0.000000
    outer loop
      vertex -22.517226 -2.775913 -0.800000
      vertex -28.517226 -4.575913 0.800000
      vertex -28.517226 -4.575913 -0.800000
    endloop
  endfacet
  facet normal 0.000000 0.000000 1.000000
    outer loop
      vertex 21.482774 6.224087 -0.800000
      vertex 22.517226 2.775913 -0.800000
      vertex 28.517226 4.575913 -0.800000
    endloop
  endfacet
  facet normal -0.000000 0.000000 1.000000
    outer loop
      vertex 21.482774 6.224087 -0.800000
      vertex 28.517226 4.575913 -0.800000
      vertex 27.482774 8.024087 -0.800000
    endloop
  endfacet
  facet normal 0.000000 0.000000 -1.000000
    outer loop
      vertex 21.482774 6.224087 0.800000
      vertex 27.482774 8.024087 0.800000
      vertex 28.517226 4.575913 0.800000
    endloop
  endfacet
  facet normal 0.000000 0.000000 -1.000000
    outer loop
      vertex 21.482774 6.224087 0.800000
      vertex 28.517226 4.575913 0.800000
      vertex 22.517226 2.775913 0.800000
    endloop
  endfacet
  facet normal 0.957826 0.287348 -0.000000
    outer loop
      vertex 21.482774 6.224087 -0.800000
      vertex 21.482774 6.224087 0.800000
      vertex 22.517226 2.775913 0.800000
    endloop
  endfacet
  facet normal 0.957826 0.287348 0.000000
    outer loop
      vertex 21.482774 6.224087 -0.800000
      vertex 22.517226 2.775913 0.800000
      vertex 22.517226 2.775913 -0.800000
    endloop
  endfacet
  facet normal -0.287348 0.957826 0.000000
    outer loop
      vertex 22.517226 2.775913 -0.800000
      vertex 22.517226 2.775913 0.800000
      vertex 28.517226 4.575913 0.800000
    endloop
  endfacet
  facet normal -0.287348 0.957826 0.000000
    outer loop
      vertex 22.517226 2.775913 -0.800000
      vertex 28.517226 4.575913 0.800000
      vertex 28.517226 4.575913 -0.800000
    endloop
  endfacet
  facet normal -0.957826 -0.287348 0.000000
    outer loop
      vertex 28.517226 4.575913 -0.800000
      vertex 28.517226 4.575913 0.800000
      vertex 27.482774 8.024087 0.800000
    endloop
  endfacet
  facet normal -0.957826 -0.287348 0.000000
    outer loop
      vertex 28.517226 4.575913 -0.800000
      vertex 27.482774 8.024087 0.800000
      vertex 27.482774 8.024087 -0.800000
    endloop
  endfacet
  facet normal 0.287348 -0.957826 0.000000
    outer loop
      vertex 27.482774 8.024087 -0.800000
      vertex 27.482774 8.024087 0.800000
      vertex 21.482774 6.224087 0.800000
    endloop
  endfacet
  facet normal 0.287348 -0.957826 0.000000
    outer loop
      vertex 27.482774 8.024087 -0.800000
      vertex 21.482774 6.224087 0.800000
      vertex 21.482774 6.224087 -0.800000
    endloop
  endfacet
endsolid surgical_guide_v1
