solid surgical_guide_v2
  facet normal 0.000000 0.000000 1.000000
    outer loop
      vertex -24.339958 -2.521488 -0.800000
      vertex -23.660042 -7.878512 -0.800000
      vertex -11.660042 -6.355468 -0.800000
    endloop
  endfacet
  facet normal -0.000000 0.000000 1.000000
    outer loop
      vertex -24.339958 -2.521488 -0.800000
      vertex -11.660042 -6.355468 -0.800000
      vertex -12.339958 -0.998443 -0.800000
    endloop
  endfacet
  facet normal 0.000000 0.000000 -1.000000
    outer loop
      vertex -24.339958 -2.521488 0.800000
      vertex -12.339958 -0.998443 0.800000
      vertex -11.660042 -6.355468 0.800000
    endloop
  endfacet
  facet normal 0.000000 0.000000 -1.000000
    outer loop
      vertex -24.339958 -2.521488 0.800000
      vertex -11.660042 -6.355468 0.800000
      vertex -23.660042 -7.878512 0.800000
    endloop
  endfacet
  facet normal 0.992042 0.125910 -0.000000
    outer loop
      vertex -24.339958 -2.521488 -0.800000
      vertex -24.339958 -2.521488 0.800000
      vertex -23.660042 -7.878512 0.800000
    endloop
  endfacet
  facet normal 0.992042 0.125910 0.000000
    outer loop
      vertex -24.339958 -2.521488 -0.800000
      vertex -23.660042 -7.878512 0.800000
      vertex -23.660042 -7.878512 -0.800000
    endloop
  endfacet
  facet normal -0.125910 0.992042 0.000000
    outer loop
      vertex -23.660042 -7.878512 -0.800000
      vertex -23.660042 -7.878512 0.800000
      vertex -11.660042 -6.355468 0.800000
    endloop
  endfacet
  facet normal -0.125910 0.992042 0.000000
    outer loop
      vertex -23.660042 -7.878512 -0.800000
      vertex -11.660042 -6.355468 0.800000
      vertex -11.660042 -6.355468 -0.800000
    endloop
  endfacet
  facet normal -0.992042 -0.125910 0.000000
    outer loop
      vertex -11.660042 -6.355468 -0.800000
      vertex -11.660042 -6.355468 0.800000
      vertex -12.339958 -0.998443 0.800000
    endloop
  endfacet
  facet normal -0.992042 -0.125910 0.000000
    outer loop
      vertex -11.660042 -6.355468 -0.800000
      vertex -12.339958 -0.998443 0.800000
      vertex -12.339958 -0.998443 -0.800000
    endloop
  endfacet
  facet normal 0.125910 -0.992042 0.000000
    outer loop
      vertex -12.339958 -0.998443 -0.800000
      vertex -12.339958 -0.998443 0.800000
      vertex -24.339958 -2.521488 0.800000
    endloop
  endfacet
  facet normal 0.125910 -0.992042 0.000000
    outer loop
      vertex -12.339958 -0.998443 -0.800000
      vertex -24.339958 -2.521488 0.800000
      vertex -24.339958 -2.521488 -0.800000
    endloop
  endfacet
  facet normal 0.000000 0.000000 1.000000
    outer loop
      vertex -12.791014 -1.095425 -0.800000
      vertex -11.208986 -6.258485 -0.800000
      vertex 0.791014 -2.581530 -0.800000
    endloop
  endfacet
  facet normal -0.000000 0.000000 1.000000
    outer loop
      vertex -12.791014 -1.095425 -0.800000
      vertex 0.791014 -2.581530 -0.800000
      vertex -0.791014 2.581530 -0.800000
    endloop
  endfacet
  facet normal 0.000000 0.000000 -1.000000
    outer loop
      vertex -12.791014 -1.095425 0.800000
      vertex -0.791014 2.581530 0.800000
      vertex 0.791014 -2.581530 0.800000
    endloop
  endfacet
  facet normal 0.000000 0.000000 -1.000000
    outer loop
      vertex -12.791014 -1.095425 0.800000
      vertex 0.791014 -2.581530 0.800000
      vertex -11.208986 -6.258485 0.800000
    endloop
  endfacet
  facet normal 0.956122 0.292968 -0.000000
    outer loop
      vertex -12.791014 -1.095425 -0.800000
      vertex -12.791014 -1.095425 0.800000
      vertex -11.208986 -6.258485 0.800000
    endloop
  endfacet
  facet normal 0.956122 0.292968 0.000000
    outer loop
      vertex -12.791014 -1.095425 -0.800000
      vertex -11.208986 -6.258485 0.800000
      vertex -11.208986 -6.258485 -0.800000
    endloop
  endfacet
  facet normal -0.292968 0.956122 0.000000
    outer loop
      vertex -11.208986 -6.258485 -0.800000
      vertex -11.208986 -6.258485 0.800000
      vertex 0.791014 -2.581530 0.800000
    endloop
  endfacet
  facet normal -0.292968 0.956122 0.000000
    outer loop
      vertex -11.208986 -6.258485 -0.800000
      vertex 0.791014 -2.581530 0.800000
      vertex 0.791014 -2.581530 -0.800000
    endloop
  endfacet
  facet normal -0.956122 -0.292968 0.000000
    outer loop
      vertex 0.791014 -2.581530 -0.800000
      vertex 0.791014 -2.581530 0.800000
      vertex -0.791014 2.581530 0.800000
    endloop
  endfacet
  facet normal -0.956122 -0.292968 0.000000
    outer loop
      vertex 0.791014 -2.581530 -0.800000
      vertex -0.791014 2.581530 0.800000
      vertex -0.791014 2.581530 -0.800000
    endloop
  endfacet
  facet normal 0.292968 -0.956122 0.000000
    outer loop
      vertex -0.791014 2.581530 -0.800000
      vertex -0.791014 2.581530 0.800000
      vertex -12.791014 -1.095425 0.800000
    endloop
  endfacet
  facet normal 0.292968 -0.956122 0.000000
    outer loop
      vertex -0.791014 2.581530 -0.800000
      vertex -12.791014 -1.095425 0.800000
      vertex -12.791014 -1.095425 -0.800000
    endloop
  endfacet
  facet normal 0.000000 0.000000 1.000000
    outer loop
      vertex -0.791014 2.581530 -0.800000
      vertex 0.791014 -2.581530 -0.800000
      vertex 12.791014 1.095425 -0.800000
    endloop
  endfacet
  facet normal -0.000000 0.000000 1.000000
    outer loop
      vertex -0.791014 2.581530 -0.800000
      vertex 12.791014 1.095425 -0.800000
      vertex 11.208986 6.258485 -0.800000
    endloop
  endfacet
  facet normal 0.000000 0.000000 -1.000000
    outer loop
      vertex -0.791014 2.581530 0.800000
      vertex 11.208986 6.258485 0.800000
      vertex 12.791014 1.095425 0.800000
    endloop
  endfacet
  facet normal 0.000000 0.000000 -1.000000
    outer loop
      vertex -0.791014 2.581530 0.800000
      vertex 12.791014 1.095425 0.800000
      vertex 0.791014 -2.581530 0.800000
    endloop
  endfacet
  facet normal 0.956122 0.292968 -0.000000
    outer loop
      vertex -0.791014 2.581530 -0.800000
      vertex -0.791014 2.581530 0.800000
      vertex 0.791014 -2.581530 0.800000
    endloop
  endfacet
  facet normal 0.956122 0.292968 0.000000
    outer loop
      vertex -0.791014 2.581530 -0.800000
      vertex 0.791014 -2.581530 0.800000
      vertex 0.791014 -2.581530 -0.800000
    endloop
  endfacet
  facet normal -0.292968 0.956122 0.000000
    outer loop
      vertex 0.791014 -2.581530 -0.800000
      vertex 0.791014 -2.581530 0.800000
      vertex 12.791014 1.095425 0.800000
    endloop
  endfacet
  facet normal -0.292968 0.956122 0.000000
    outer loop
      vertex 0.791014 -2.581530 -0.800000
      vertex 12.791014 1.095425 0.800000
      vertex 12.791014 1.095425 -0.800000
    endloop
  endfacet
  facet normal -0.956122 -0.292968 0.000000
    outer loop
      vertex 12.791014 1.095425 -0.800000
      vertex 12.791014 1.095425 0.800000
      vertex 11.208986 6.258485 0.800000
    endloop
  endfacet
  facet normal -0.956122 -0.292968 0.000000
    outer loop
      vertex 12.791014 1.095425 -0.800000
      vertex 11.208986 6.258485 0.800000
      vertex 11.208986 6.258485 -0.800000
    endloop
  endfacet
  facet normal 0.292968 -0.956122 0.000000
    outer loop
      vertex 11.208986 6.258485 -0.800000
      vertex 11.208986 6.258485 0.800000
      vertex -0.791014 2.581530 0.800000
    endloop
  endfacet
  facet normal 0.292968 -0.956122 0.000000
    outer loop
      vertex 11.208986 6.258485 -0.800000
      vertex -0.791014 2.581530 0.800000
      vertex -0.791014 2.581530 -0.800000
    endloop
  endfacet
  facet normal 0.000000 0.000000 1.000000
    outer loop
      vertex 11.660042 6.355468 -0.800000
      vertex 12.339958 0.998443 -0.800000
      vertex 24.339958 2.521488 -0.800000
    endloop
  endfacet
  facet normal -0.000000 0.000000 1.000000
    outer loop
      vertex 11.660042 6.355468 -0.800000
      vertex 24.339958 2.521488 -0.800000
      vertex 23.660042 7.878512 -0.800000
    endloop
  endfacet
  facet normal 0.000000 0.000000 -1.000000
    outer loop
      vertex 11.660042 6.355468 0.800000
      vertex 23.660042 7.878512 0.800000
      vertex 24.339958 2.521488 0.800000
    endloop
  endfacet
  facet normal 0.000000 0.000000 -1.000000
    outer loop
      vertex 11.660042 6.355468 0.800000
      vertex 24.339958 2.521488 0.800000
      vertex 12.339958 0.998443 0.800000
    endloop
  endfacet
  facet normal 0.992042 0.125910 -0.000000
    outer loop
      vertex 11.660042 6.355468 -0.800000
      vertex 11.660042 6.355468 0.800000
      vertex 12.339958 0.998443 0.800000
    endloop
  endfacet
  facet normal 0.992042 0.125910 0.000000
    outer loop
      vertex 11.660042 6.355468 -0.800000
      vertex 12.339958 0.998443 0.800000
      vertex 12.339958 0.998443 -0.800000
    endloop
  endfacet
  facet normal -0.125910 0.992042 0.000000
    outer loop
      vertex 12.339958 0.998443 -0.800000
      vertex 12.339958 0.998443 0.800000
      vertex 24.339958 2.521488 0.800000
    endloop
  endfacet
  facet normal -0.125910 0.992042 0.000000
    outer loop
      vertex 12.339958 0.998443 -0.800000
      vertex 24.339958 2.521488 0.800000
      vertex 24.339958 2.521488 -0.800000
    endloop
  endfacet
  facet normal -0.992042 -0.125910 0.000000
    outer loop
      vertex 24.339958 2.521488 -0.800000
      vertex 24.339958 2.521488 0.800000
      vertex 23.660042 7.878512 0.800000
    endloop
  endfacet
  facet normal -0.992042 -0.125910 0.000000
    outer loop
      vertex 24.339958 2.521488 -0.800000
      vertex 23.660042 7.878512 0.800000
      vertex 23.660042 7.878512 -0.800000
    endloop
  endfacet
  facet normal 0.125910 -0.992042 0.000000
    outer loop
      vertex 23.660042 7.878512 -0.800000
      vertex 23.660042 7.878512 0.800000
      vertex 11.660042 6.355468 0.800000
    endloop
  endfacet
  facet normal 0.125910 -0.992042 0.000000
    outer loop
      vertex 23.660042 7.878512 -0.800000
      vertex 11.660042 6.355468 0.800000
      vertex 11.660042 6.355468 -0.800000
    endloop
  endfacet
  facet normal 0.000000 0.000000 1.000000
    outer loop
      vertex -20.400000 -5.200000 0.800000
      vertex -20.436643 -4.687667 0.800000
      vertex -22.663741 -5.007875 0.800000
    endloop
  endfacet
  facet normal 0.000000 0.000000 1.000000
    outer loop
      vertex -20.400000 -5.200000 0.800000
      vertex -22.663741 -5.007875 0.800000
      vertex -22.650000 -5.200000 0.800000
    endloop
  endfacet
  facet normal 0.000000 0.000000 -1.000000
    outer loop
      vertex -20.400000 -5.200000 -0.800000
      vertex -22.663741 -5.007875 -0.800000
      vertex -20.436643 -4.687667 -0.800000
    endloop
  endfacet
  facet normal 0.000000 0.000000 -1.000000
    outer loop
      vertex -20.400000 -5.200000 -0.800000
      vertex -22.650000 -5.200000 -0.800000
      vertex -22.663741 -5.007875 -0.800000
    endloop
  endfacet
  facet normal 0.997452 0.071339 0.000000
    outer loop
      vertex -20.400000 -5.200000 -0.800000
      vertex -20.436643 -4.687667 -0.800000
      vertex -20.436643 -4.687667 0.800000
    endloop
  endfacet
  facet normal 0.997452 0.071339 -0.000000
    outer loop
      vertex -20.400000 -5.200000 -0.800000
      vertex -20.436643 -4.687667 0.800000
      vertex -20.400000 -5.200000 0.800000
    endloop
  endfacet
  facet normal -0.997452 -0.071339 0.000000
    outer loop
      vertex -22.650000 -5.200000 -0.800000
      vertex -22.663741 -5.007875 0.800000
      vertex -22.663741 -5.007875 -0.800000
    endloop
  endfacet
  facet normal -0.997452 -0.071339 0.000000
    outer loop
      vertex -22.650000 -5.200000 -0.800000
      vertex -22.650000 -5.200000 0.800000
      vertex -22.663741 -5.007875 0.800000
    endloop
  endfacet
  facet normal 0.000000 0.000000 1.000000
    outer loop
      vertex -20.436643 -4.687667 0.800000
      vertex -20.545825 -4.185763 0.800000
      vertex -22.704684 -4.819661 0.800000
    endloop
  endfacet
  facet normal 0.000000 0.000000 1.000000
    outer loop
      vertex -20.436643 -4.687667 0.800000
      vertex -22.704684 -4.819661 0.800000
      vertex -22.663741 -5.007875 0.800000
    endloop
  endfacet
  facet normal -0.000000 0.000000 -1.000000
    outer loop
      vertex -20.436643 -4.687667 -0.800000
      vertex -22.704684 -4.819661 -0.800000
      vertex -20.545825 -4.185763 -0.800000
    endloop
  endfacet
  facet normal 0.000000 0.000000 -1.000000
    outer loop
      vertex -20.436643 -4.687667 -0.800000
      vertex -22.663741 -5.007875 -0.800000
      vertex -22.704684 -4.819661 -0.800000
    endloop
  endfacet
  facet normal 0.977147 0.212565 0.000000
    outer loop
      vertex -20.436643 -4.687667 -0.800000
      vertex -20.545825 -4.185763 -0.800000
      vertex -20.545825 -4.185763 0.800000
    endloop
  endfacet
  facet normal 0.977147 0.212565 -0.000000
    outer loop
      vertex -20.436643 -4.687667 -0.800000
      vertex -20.545825 -4.185763 0.800000
      vertex -20.436643 -4.687667 0.800000
    endloop
  endfacet
  facet normal -0.977147 -0.212565 0.000000
    outer loop
      vertex -22.663741 -5.007875 -0.800000
      vertex -22.704684 -4.819661 0.800000
      vertex -22.704684 -4.819661 -0.800000
    endloop
  endfacet
  facet normal -0.977147 -0.212565 0.000000
    outer loop
      vertex -22.663741 -5.007875 -0.800000
      vertex -22.663741 -5.007875 0.800000
      vertex -22.704684 -4.819661 0.800000
    endloop
  endfacet
  facet normal 0.000000 0.000000 1.000000
    outer loop
      vertex -20.545825 -4.185763 0.800000
      vertex -20.725325 -3.704506 0.800000
      vertex -22.771997 -4.639190 0.800000
    endloop
  endfacet
  facet normal 0.000000 0.000000 1.000000
    outer loop
      vertex -20.545825 -4.185763 0.800000
      vertex -22.771997 -4.639190 0.800000
      vertex -22.704684 -4.819661 0.800000
    endloop
  endfacet
  facet normal -0.000000 0.000000 -1.000000
    outer loop
      vertex -20.545825 -4.185763 -0.800000
      vertex -22.771997 -4.639190 -0.800000
      vertex -20.725325 -3.704506 -0.800000
    endloop
  endfacet
  facet normal 0.000000 0.000000 -1.000000
    outer loop
      vertex -20.545825 -4.185763 -0.800000
      vertex -22.704684 -4.819661 -0.800000
      vertex -22.771997 -4.639190 -0.800000
    endloop
  endfacet
  facet normal 0.936950 0.349464 0.000000
    outer loop
      vertex -20.545825 -4.185763 -0.800000
      vertex -20.725325 -3.704506 -0.800000
      vertex -20.725325 -3.704506 0.800000
    endloop
  endfacet
  facet normal 0.936950 0.349464 -0.000000
    outer loop
      vertex -20.545825 -4.185763 -0.800000
      vertex -20.725325 -3.704506 0.800000
      vertex -20.545825 -4.185763 0.800000
    endloop
  endfacet
  facet normal -0.936950 -0.349464 0.000000
    outer loop
      vertex -22.704684 -4.819661 -0.800000
      vertex -22.771997 -4.639190 0.800000
      vertex -22.771997 -4.639190 -0.800000
    endloop
  endfacet
  facet normal -0.936950 -0.349464 0.000000
    outer loop
      vertex -22.704684 -4.819661 -0.800000
      vertex -22.704684 -4.819661 0.800000
      vertex -22.771997 -4.639190 0.800000
    endloop
  endfacet
  facet normal 0.000000 0.000000 1.000000
    outer loop
      vertex -20.725325 -3.704506 0.800000
      vertex -20.971487 -3.253693 0.800000
      vertex -22.864308 -4.470135 0.800000
    endloop
  endfacet
  facet normal 0.000000 0.000000 1.000000
    outer loop
      vertex -20.725325 -3.704506 0.800000
      vertex -22.864308 -4.470135 0.800000
      vertex -22.771997 -4.639190 0.800000
    endloop
  endfacet
  facet normal -0.000000 0.000000 -1.000000
    outer loop
      vertex -20.725325 -3.704506 -0.800000
      vertex -22.864308 -4.470135 -0.800000
      vertex -20.971487 -3.253693 -0.800000
    endloop
  endfacet
  facet normal 0.000000 0.000000 -1.000000
    outer loop
      vertex -20.725325 -3.704506 -0.800000
      vertex -22.771997 -4.639190 -0.800000
      vertex -22.864308 -4.470135 -0.800000
    endloop
  endfacet
  facet normal 0.877679 0.479249 0.000000
    outer loop
      vertex -20.725325 -3.704506 -0.800000
      vertex -20.971487 -3.253693 -0.800000
      vertex -20.971487 -3.253693 0.800000
    endloop
  endfacet
  facet normal 0.877679 0.479249 -0.000000
    outer loop
      vertex -20.725325 -3.704506 -0.800000
      vertex -20.971487 -3.253693 0.800000
      vertex -20.725325 -3.704506 0.800000
    endloop
  endfacet
  facet normal -0.877679 -0.479249 0.000000
    outer loop
      vertex -22.771997 -4.639190 -0.800000
      vertex -22.864308 -4.470135 0.800000
      vertex -22.864308 -4.470135 -0.800000
    endloop
  endfacet
  facet normal -0.877679 -0.479249 0.000000
    outer loop
      vertex -22.771997 -4.639190 -0.800000
      vertex -22.771997 -4.639190 0.800000
      vertex -22.864308 -4.470135 0.800000
    endloop
  endfacet
  facet normal 0.000000 0.000000 1.000000
    outer loop
      vertex -20.971487 -3.253693 0.800000
      vertex -21.279302 -2.842501 0.800000
      vertex -22.979738 -4.315938 0.800000
    endloop
  endfacet
  facet normal 0.000000 0.000000 1.000000
    outer loop
      vertex -20.971487 -3.253693 0.800000
      vertex -22.979738 -4.315938 0.800000
      vertex -22.864308 -4.470135 0.800000
    endloop
  endfacet
  facet normal -0.000000 0.000000 -1.000000
    outer loop
      vertex -20.971487 -3.253693 -0.800000
      vertex -22.979738 -4.315938 -0.800000
      vertex -21.279302 -2.842501 -0.800000
    endloop
  endfacet
  facet normal 0.000000 0.000000 -1.000000
    outer loop
      vertex -20.971487 -3.253693 -0.800000
      vertex -22.864308 -4.470135 -0.800000
      vertex -22.979738 -4.315938 -0.800000
    endloop
  endfacet
  facet normal 0.800541 0.599278 0.000000
    outer loop
      vertex -20.971487 -3.253693 -0.800000
      vertex -21.279302 -2.842501 -0.800000
      vertex -21.279302 -2.842501 0.800000
    endloop
  endfacet
  facet normal 0.800541 0.599278 -0.000000
    outer loop
      vertex -20.971487 -3.253693 -0.800000
      vertex -21.279302 -2.842501 0.800000
      vertex -20.971487 -3.253693 0.800000
    endloop
  endfacet
  facet normal -0.800541 -0.599278 0.000000
    outer loop
      vertex -22.864308 -4.470135 -0.800000
      vertex -22.979738 -4.315938 0.800000
      vertex -22.979738 -4.315938 -0.800000
    endloop
  endfacet
  facet normal -0.800541 -0.599278 0.000000
    outer loop
      vertex -22.864308 -4.470135 -0.800000
      vertex -22.864308 -4.470135 0.800000
      vertex -22.979738 -4.315938 0.800000
    endloop
  endfacet
  facet normal 0.000000 0.000000 1.000000
    outer loop
      vertex -21.279302 -2.842501 0.800000
      vertex -21.642501 -2.479302 0.800000
      vertex -23.115938 -4.179738 0.800000
    endloop
  endfacet
  facet normal 0.000000 0.000000 1.000000
    outer loop
      vertex -21.279302 -2.842501 0.800000
      vertex -23.115938 -4.179738 0.800000
      vertex -22.979738 -4.315938 0.800000
    endloop
  endfacet
  facet normal -0.000000 0.000000 -1.000000
    outer loop
      vertex -21.279302 -2.842501 -0.800000
      vertex -23.115938 -4.179738 -0.800000
      vertex -21.642501 -2.479302 -0.800000
    endloop
  endfacet
  facet normal 0.000000 0.000000 -1.000000
    outer loop
      vertex -21.279302 -2.842501 -0.800000
      vertex -22.979738 -4.315938 -0.800000
      vertex -23.115938 -4.179738 -0.800000
    endloop
  endfacet
  facet normal 0.707107 0.707107 0.000000
    outer loop
      vertex -21.279302 -2.842501 -0.800000
      vertex -21.642501 -2.479302 -0.800000
      vertex -21.642501 -2.479302 0.800000
    endloop
  endfacet
  facet normal 0.707107 0.707107 -0.000000
    outer loop
      vertex -21.279302 -2.842501 -0.800000
      vertex -21.642501 -2.479302 0.800000
      vertex -21.279302 -2.842501 0.800000
    endloop
  endfacet
  facet normal -0.707107 -0.707107 0.000000
    outer loop
      vertex -22.979738 -4.315938 -0.800000
      vertex -23.115938 -4.179738 0.800000
      vertex -23.115938 -4.179738 -0.800000
    endloop
  endfacet
  facet normal -0.707107 -0.707107 0.000000
    outer loop
      vertex -22.979738 -4.315938 -0.800000
      vertex -22.979738 -4.315938 0.800000
      vertex -23.115938 -4.179738 0.800000
    endloop
  endfacet
  facet normal 0.000000 0.000000 1.000000
    outer loop
      vertex -21.642501 -2.479302 0.800000
      vertex -22.053693 -2.171487 0.800000
      vertex -23.270135 -4.064308 0.800000
    endloop
  endfacet
  facet normal 0.000000 0.000000 1.000000
    outer loop
      vertex -21.642501 -2.479302 0.800000
      vertex -23.270135 -4.064308 0.800000
      vertex -23.115938 -4.179738 0.800000
    endloop
  endfacet
  facet normal -0.000000 0.000000 -1.000000
    outer loop
      vertex -21.642501 -2.479302 -0.800000
      vertex -23.270135 -4.064308 -0.800000
      vertex -22.053693 -2.171487 -0.800000
    endloop
  endfacet
  facet normal 0.000000 0.000000 -1.000000
    outer loop
      vertex -21.642501 -2.479302 -0.800000
      vertex -23.115938 -4.179738 -0.800000
      vertex -23.270135 -4.064308 -0.800000
    endloop
  endfacet
  facet normal 0.599278 0.800541 0.000000
    outer loop
      vertex -21.642501 -2.479302 -0.800000
      vertex -22.053693 -2.171487 -0.800000
      vertex -22.053693 -2.171487 0.800000
    endloop
  endfacet
  facet normal 0.599278 0.800541 -0.000000
    outer loop
      vertex -21.642501 -2.479302 -0.800000
      vertex -22.053693 -2.171487 0.800000
      vertex -21.642501 -2.479302 0.800000
    endloop
  endfacet
  facet normal -0.599278 -0.800541 0.000000
    outer loop
      vertex -23.115938 -4.179738 -0.800000
      vertex -23.270135 -4.064308 0.800000
      vertex -23.270135 -4.064308 -0.800000
    endloop
  endfacet
  facet normal -0.599278 -0.800541 0.000000
    outer loop
      vertex -23.115938 -4.179738 -0.800000
      vertex -23.115938 -4.179738 0.800000
      vertex -23.270135 -4.064308 0.800000
    endloop
  endfacet
  facet normal 0.000000 0.000000 1.000000
    outer loop
      vertex -22.053693 -2.171487 0.800000
      vertex -22.504506 -1.925325 0.800000
      vertex -23.439190 -3.971997 0.800000
    endloop
  endfacet
  facet normal 0.000000 0.000000 1.000000
    outer loop
      vertex -22.053693 -2.171487 0.800000
      vertex -23.439190 -3.971997 0.800000
      vertex -23.270135 -4.064308 0.800000
    endloop
  endfacet
  facet normal -0.000000 0.000000 -1.000000
    outer loop
      vertex -22.053693 -2.171487 -0.800000
      vertex -23.439190 -3.971997 -0.800000
      vertex -22.504506 -1.925325 -0.800000
    endloop
  endfacet
  facet normal 0.000000 0.000000 -1.000000
    outer loop
      vertex -22.053693 -2.171487 -0.800000
      vertex -23.270135 -4.064308 -0.800000
      vertex -23.439190 -3.971997 -0.800000
    endloop
  endfacet
  facet normal 0.479249 0.877679 0.000000
    outer loop
      vertex -22.053693 -2.171487 -0.800000
      vertex -22.504506 -1.925325 -0.800000
      vertex -22.504506 -1.925325 0.800000
    endloop
  endfacet
  facet normal 0.479249 0.877679 -0.000000
    outer loop
      vertex -22.053693 -2.171487 -0.800000
      vertex -22.504506 -1.925325 0.800000
      vertex -22.053693 -2.171487 0.800000
    endloop
  endfacet
  facet normal -0.479249 -0.877679 0.000000
    outer loop
      vertex -23.270135 -4.064308 -0.800000
      vertex -23.439190 -3.971997 0.800000
      vertex -23.439190 -3.971997 -0.800000
    endloop
  endfacet
  facet normal -0.479249 -0.877679 0.000000
    outer loop
      vertex -23.270135 -4.064308 -0.800000
      vertex -23.270135 -4.064308 0.800000
      vertex -23.439190 -3.971997 0.800000
    endloop
  endfacet
  facet normal 0.000000 0.000000 1.000000
    outer loop
      vertex -22.504506 -1.925325 0.800000
      vertex -22.985763 -1.745825 0.800000
      vertex -23.619661 -3.904684 0.800000
    endloop
  endfacet
  facet normal 0.000000 0.000000 1.000000
    outer loop
      vertex -22.504506 -1.925325 0.800000
      vertex -23.619661 -3.904684 0.800000
      vertex -23.439190 -3.971997 0.800000
    endloop
  endfacet
  facet normal -0.000000 0.000000 -1.000000
    outer loop
      vertex -22.504506 -1.925325 -0.800000
      vertex -23.619661 -3.904684 -0.800000
      vertex -22.985763 -1.745825 -0.800000
    endloop
  endfacet
  facet normal 0.000000 0.000000 -1.000000
    outer loop
      vertex -22.504506 -1.925325 -0.800000
      vertex -23.439190 -3.971997 -0.800000
      vertex -23.619661 -3.904684 -0.800000
    endloop
  endfacet
  facet normal 0.349464 0.936950 0.000000
    outer loop
      vertex -22.504506 -1.925325 -0.800000
      vertex -22.985763 -1.745825 -0.800000
      vertex -22.985763 -1.745825 0.800000
    endloop
  endfacet
  facet normal 0.349464 0.936950 -0.000000
    outer loop
      vertex -22.504506 -1.925325 -0.800000
      vertex -22.985763 -1.745825 0.800000
      vertex -22.504506 -1.925325 0.800000
    endloop
  endfacet
  facet normal -0.349464 -0.936950 0.000000
    outer loop
      vertex -23.439190 -3.971997 -0.800000
      vertex -23.619661 -3.904684 0.800000
      vertex -23.619661 -3.904684 -0.800000
    endloop
  endfacet
  facet normal -0.349464 -0.936950 0.000000
    outer loop
      vertex -23.439190 -3.971997 -0.800000
      vertex -23.439190 -3.971997 0.800000
      vertex -23.619661 -3.904684 0.800000
    endloop
  endfacet
  facet normal 0.000000 0.000000 1.000000
    outer loop
      vertex -22.985763 -1.745825 0.800000
      vertex -23.487667 -1.636643 0.800000
      vertex -23.807875 -3.863741 0.800000
    endloop
  endfacet
  facet normal 0.000000 0.000000 1.000000
    outer loop
      vertex -22.985763 -1.745825 0.800000
      vertex -23.807875 -3.863741 0.800000
      vertex -23.619661 -3.904684 0.800000
    endloop
  endfacet
  facet normal -0.000000 0.000000 -1.000000
    outer loop
      vertex -22.985763 -1.745825 -0.800000
      vertex -23.807875 -3.863741 -0.800000
      vertex -23.487667 -1.636643 -0.800000
    endloop
  endfacet
  facet normal 0.000000 0.000000 -1.000000
    outer loop
      vertex -22.985763 -1.745825 -0.800000
      vertex -23.619661 -3.904684 -0.800000
      vertex -23.807875 -3.863741 -0.800000
    endloop
  endfacet
  facet normal 0.212565 0.977147 0.000000
    outer loop
      vertex -22.985763 -1.745825 -0.800000
      vertex -23.487667 -1.636643 -0.800000
      vertex -23.487667 -1.636643 0.800000
    endloop
  endfacet
  facet normal 0.212565 0.977147 -0.000000
    outer loop
      vertex -22.985763 -1.745825 -0.800000
      vertex -23.487667 -1.636643 0.800000
      vertex -22.985763 -1.745825 0.800000
    endloop
  endfacet
  facet normal -0.212565 -0.977147 0.000000
    outer loop
      vertex -23.619661 -3.904684 -0.800000
      vertex -23.807875 -3.863741 0.800000
      vertex -23.807875 -3.863741 -0.800000
    endloop
  endfacet
  facet normal -0.212565 -0.977147 0.000000
    outer loop
      vertex -23.619661 -3.904684 -0.800000
      vertex -23.619661 -3.904684 0.800000
      vertex -23.807875 -3.863741 0.800000
    endloop
  endfacet
  facet normal 0.000000 0.000000 1.000000
    outer loop
      vertex -23.487667 -1.636643 0.800000
      vertex -24.000000 -1.600000 0.800000
      vertex -24.000000 -3.850000 0.800000
    endloop
  endfacet
  facet normal 0.000000 0.000000 1.000000
    outer loop
      vertex -23.487667 -1.636643 0.800000
      vertex -24.000000 -3.850000 0.800000
      vertex -23.807875 -3.863741 0.800000
    endloop
  endfacet
  facet normal -0.000000 0.000000 -1.000000
    outer loop
      vertex -23.487667 -1.636643 -0.800000
      vertex -24.000000 -3.850000 -0.800000
      vertex -24.000000 -1.600000 -0.800000
    endloop
  endfacet
  facet normal 0.000000 0.000000 -1.000000
    outer loop
      vertex -23.487667 -1.636643 -0.800000
      vertex -23.807875 -3.863741 -0.800000
      vertex -24.000000 -3.850000 -0.800000
    endloop
  endfacet
  facet normal 0.071339 0.997452 0.000000
    outer loop
      vertex -23.487667 -1.636643 -0.800000
      vertex -24.000000 -1.600000 -0.800000
      vertex -24.000000 -1.600000 0.800000
    endloop
  endfacet
  facet normal 0.071339 0.997452 -0.000000
    outer loop
      vertex -23.487667 -1.636643 -0.800000
      vertex -24.000000 -1.600000 0.800000
      vertex -23.487667 -1.636643 0.800000
    endloop
  endfacet
  facet normal -0.071339 -0.997452 0.000000
    outer loop
      vertex -23.807875 -3.863741 -0.800000
      vertex -24.000000 -3.850000 0.800000
      vertex -24.000000 -3.850000 -0.800000
    endloop
  endfacet
  facet normal -0.071339 -0.997452 0.000000
    outer loop
      vertex -23.807875 -3.863741 -0.800000
      vertex -23.807875 -3.863741 0.800000
      vertex -24.000000 -3.850000 0.800000
    endloop
  endfacet
  facet normal 0.000000 0.000000 1.000000
    outer loop
      vertex -24.000000 -1.600000 0.800000
      vertex -24.512333 -1.636643 0.800000
      vertex -24.192125 -3.863741 0.800000
    endloop
  endfacet
  facet normal 0.000000 0.000000 1.000000
    outer loop
      vertex -24.000000 -1.600000 0.800000
      vertex -24.192125 -3.863741 0.800000
      vertex -24.000000 -3.850000 0.800000
    endloop
  endfacet
  facet normal 0.000000 0.000000 -1.000000
    outer loop
      vertex -24.000000 -1.600000 -0.800000
      vertex -24.192125 -3.863741 -0.800000
      vertex -24.512333 -1.636643 -0.800000
    endloop
  endfacet
  facet normal 0.000000 -0.000000 -1.000000
    outer loop
      vertex -24.000000 -1.600000 -0.800000
      vertex -24.000000 -3.850000 -0.800000
      vertex -24.192125 -3.863741 -0.800000
    endloop
  endfacet
  facet normal -0.071339 0.997452 0.000000
    outer loop
      vertex -24.000000 -1.600000 -0.800000
      vertex -24.512333 -1.636643 -0.800000
      vertex -24.512333 -1.636643 0.800000
    endloop
  endfacet
  facet normal -0.071339 0.997452 0.000000
    outer loop
      vertex -24.000000 -1.600000 -0.800000
      vertex -24.512333 -1.636643 0.800000
      vertex -24.000000 -1.600000 0.800000
    endloop
  endfacet
  facet normal 0.071339 -0.997452 0.000000
    outer loop
      vertex -24.000000 -3.850000 -0.800000
      vertex -24.192125 -3.863741 0.800000
      vertex -24.192125 -3.863741 -0.800000
    endloop
  endfacet
  facet normal 0.071339 -0.997452 0.000000
    outer loop
      vertex -24.000000 -3.850000 -0.800000
      vertex -24.000000 -3.850000 0.800000
      vertex -24.192125 -3.863741 0.800000
    endloop
  endfacet
  facet normal 0.000000 0.000000 1.000000
    outer loop
      vertex -24.512333 -1.636643 0.800000
      vertex -25.014237 -1.745825 0.800000
      vertex -24.380339 -3.904684 0.800000
    endloop
  endfacet
  facet normal 0.000000 0.000000 1.000000
    outer loop
      vertex -24.512333 -1.636643 0.800000
      vertex -24.380339 -3.904684 0.800000
      vertex -24.192125 -3.863741 0.800000
    endloop
  endfacet
  facet normal 0.000000 -0.000000 -1.000000
    outer loop
      vertex -24.512333 -1.636643 -0.800000
      vertex -24.380339 -3.904684 -0.800000
      vertex -25.014237 -1.745825 -0.800000
    endloop
  endfacet
  facet normal 0.000000 0.000000 -1.000000
    outer loop
      vertex -24.512333 -1.636643 -0.800000
      vertex -24.192125 -3.863741 -0.800000
      vertex -24.380339 -3.904684 -0.800000
    endloop
  endfacet
  facet normal -0.212565 0.977147 0.000000
    outer loop
      vertex -24.512333 -1.636643 -0.800000
      vertex -25.014237 -1.745825 -0.800000
      vertex -25.014237 -1.745825 0.800000
    endloop
  endfacet
  facet normal -0.212565 0.977147 0.000000
    outer loop
      vertex -24.512333 -1.636643 -0.800000
      vertex -25.014237 -1.745825 0.800000
      vertex -24.512333 -1.636643 0.800000
    endloop
  endfacet
  facet normal 0.212565 -0.977147 0.000000
    outer loop
      vertex -24.192125 -3.863741 -0.800000
      vertex -24.380339 -3.904684 0.800000
      vertex -24.380339 -3.904684 -0.800000
    endloop
  endfacet
  facet normal 0.212565 -0.977147 0.000000
    outer loop
      vertex -24.192125 -3.863741 -0.800000
      vertex -24.192125 -3.863741 0.800000
      vertex -24.380339 -3.904684 0.800000
    endloop
  endfacet
  facet normal 0.000000 0.000000 1.000000
    outer loop
      vertex -25.014237 -1.745825 0.800000
      vertex -25.495494 -1.925325 0.800000
      vertex -24.560810 -3.971997 0.800000
    endloop
  endfacet
  facet normal 0.000000 0.000000 1.000000
    outer loop
      vertex -25.014237 -1.745825 0.800000
      vertex -24.560810 -3.971997 0.800000
      vertex -24.380339 -3.904684 0.800000
    endloop
  endfacet
  facet normal 0.000000 -0.000000 -1.000000
    outer loop
      vertex -25.014237 -1.745825 -0.800000
      vertex -24.560810 -3.971997 -0.800000
      vertex -25.495494 -1.925325 -0.800000
    endloop
  endfacet
  facet normal 0.000000 0.000000 -1.000000
    outer loop
      vertex -25.014237 -1.745825 -0.800000
      vertex -24.380339 -3.904684 -0.800000
      vertex -24.560810 -3.971997 -0.800000
    endloop
  endfacet
  facet normal -0.349464 0.936950 0.000000
    outer loop
      vertex -25.014237 -1.745825 -0.800000
      vertex -25.495494 -1.925325 -0.800000
      vertex -25.495494 -1.925325 0.800000
    endloop
  endfacet
  facet normal -0.349464 0.936950 0.000000
    outer loop
      vertex -25.014237 -1.745825 -0.800000
      vertex -25.495494 -1.925325 0.800000
      vertex -25.014237 -1.745825 0.800000
    endloop
  endfacet
  facet normal 0.349464 -0.936950 0.000000
    outer loop
      vertex -24.380339 -3.904684 -0.800000
      vertex -24.560810 -3.971997 0.800000
      vertex -24.560810 -3.971997 -0.800000
    endloop
  endfacet
  facet normal 0.349464 -0.936950 0.000000
    outer loop
      vertex -24.380339 -3.904684 -0.800000
      vertex -24.380339 -3.904684 0.800000
      vertex -24.560810 -3.971997 0.800000
    endloop
  endfacet
  facet normal 0.000000 0.000000 1.000000
    outer loop
      vertex -25.495494 -1.925325 0.800000
      vertex -25.946307 -2.171487 0.800000
      vertex -24.729865 -4.064308 0.800000
    endloop
  endfacet
  facet normal 0.000000 0.000000 1.000000
    outer loop
      vertex -25.495494 -1.925325 0.800000
      vertex -24.729865 -4.064308 0.800000
      vertex -24.560810 -3.971997 0.800000
    endloop
  endfacet
  facet normal 0.000000 -0.000000 -1.000000
    outer loop
      vertex -25.495494 -1.925325 -0.800000
      vertex -24.729865 -4.064308 -0.800000
      vertex -25.946307 -2.171487 -0.800000
    endloop
  endfacet
  facet normal 0.000000 0.000000 -1.000000
    outer loop
      vertex -25.495494 -1.925325 -0.800000
      vertex -24.560810 -3.971997 -0.800000
      vertex -24.729865 -4.064308 -0.800000
    endloop
  endfacet
  facet normal -0.479249 0.877679 0.000000
    outer loop
      vertex -25.495494 -1.925325 -0.800000
      vertex -25.946307 -2.171487 -0.800000
      vertex -25.946307 -2.171487 0.800000
    endloop
  endfacet
  facet normal -0.479249 0.877679 0.000000
    outer loop
      vertex -25.495494 -1.925325 -0.800000
      vertex -25.946307 -2.171487 0.800000
      vertex -25.495494 -1.925325 0.800000
    endloop
  endfacet
  facet normal 0.479249 -0.877679 0.000000
    outer loop
      vertex -24.560810 -3.971997 -0.800000
      vertex -24.729865 -4.064308 0.800000
      vertex -24.729865 -4.064308 -0.800000
    endloop
  endfacet
  facet normal 0.479249 -0.877679 0.000000
    outer loop
      vertex -24.560810 -3.971997 -0.800000
      vertex -24.560810 -3.971997 0.800000
      vertex -24.729865 -4.064308 0.800000
    endloop
  endfacet
  facet normal 0.000000 0.000000 1.000000
    outer loop
      vertex -25.946307 -2.171487 0.800000
      vertex -26.357499 -2.479302 0.800000
      vertex -24.884062 -4.179738 0.800000
    endloop
  endfacet
  facet normal 0.000000 0.000000 1.000000
    outer loop
      vertex -25.946307 -2.171487 0.800000
      vertex -24.884062 -4.179738 0.800000
      vertex -24.729865 -4.064308 0.800000
    endloop
  endfacet
  facet normal 0.000000 -0.000000 -1.000000
    outer loop
      vertex -25.946307 -2.171487 -0.800000
      vertex -24.884062 -4.179738 -0.800000
      vertex -26.357499 -2.479302 -0.800000
    endloop
  endfacet
  facet normal 0.000000 0.000000 -1.000000
    outer loop
      vertex -25.946307 -2.171487 -0.800000
      vertex -24.729865 -4.064308 -0.800000
      vertex -24.884062 -4.179738 -0.800000
    endloop
  endfacet
  facet normal -0.599278 0.800541 0.000000
    outer loop
      vertex -25.946307 -2.171487 -0.800000
      vertex -26.357499 -2.479302 -0.800000
      vertex -26.357499 -2.479302 0.800000
    endloop
  endfacet
  facet normal -0.599278 0.800541 0.000000
    outer loop
      vertex -25.946307 -2.171487 -0.800000
      vertex -26.357499 -2.479302 0.800000
      vertex -25.946307 -2.171487 0.800000
    endloop
  endfacet
  facet normal 0.599278 -0.800541 0.000000
    outer loop
      vertex -24.729865 -4.064308 -0.800000
      vertex -24.884062 -4.179738 0.800000
      vertex -24.884062 -4.179738 -0.800000
    endloop
  endfacet
  facet normal 0.599278 -0.800541 0.000000
    outer loop
      vertex -24.729865 -4.064308 -0.800000
      vertex -24.729865 -4.064308 0.800000
      vertex -24.884062 -4.179738 0.800000
    endloop
  endfacet
  facet normal 0.000000 0.000000 1.000000
    outer loop
      vertex -26.357499 -2.479302 0.800000
      vertex -26.720698 -2.842501 0.800000
      vertex -25.020262 -4.315938 0.800000
    endloop
  endfacet
  facet normal 0.000000 0.000000 1.000000
    outer loop
      vertex -26.357499 -2.479302 0.800000
      vertex -25.020262 -4.315938 0.800000
      vertex -24.884062 -4.179738 0.800000
    endloop
  endfacet
  facet normal 0.000000 -0.000000 -1.000000
    outer loop
      vertex -26.357499 -2.479302 -0.800000
      vertex -25.020262 -4.315938 -0.800000
      vertex -26.720698 -2.842501 -0.800000
    endloop
  endfacet
  facet normal 0.000000 0.000000 -1.000000
    outer loop
      vertex -26.357499 -2.479302 -0.800000
      vertex -24.884062 -4.179738 -0.800000
      vertex -25.020262 -4.315938 -0.800000
    endloop
  endfacet
  facet normal -0.707107 0.707107 0.000000
    outer loop
      vertex -26.357499 -2.479302 -0.800000
      vertex -26.720698 -2.842501 -0.800000
      vertex -26.720698 -2.842501 0.800000
    endloop
  endfacet
  facet normal -0.707107 0.707107 0.000000
    outer loop
      vertex -26.357499 -2.479302 -0.800000
      vertex -26.720698 -2.842501 0.800000
      vertex -26.357499 -2.479302 0.800000
    endloop
  endfacet
  facet normal 0.707107 -0.707107 0.000000
    outer loop
      vertex -24.884062 -4.179738 -0.800000
      vertex -25.020262 -4.315938 0.800000
      vertex -25.020262 -4.315938 -0.800000
    endloop
  endfacet
  facet normal 0.707107 -0.707107 0.000000
    outer loop
      vertex -24.884062 -4.179738 -0.800000
      vertex -24.884062 -4.179738 0.800000
      vertex -25.020262 -4.315938 0.800000
    endloop
  endfacet
  facet normal 0.000000 0.000000 1.000000
    outer loop
      vertex -26.720698 -2.842501 0.800000
      vertex -27.028513 -3.253693 0.800000
      vertex -25.135692 -4.470135 0.800000
    endloop
  endfacet
  facet normal 0.000000 0.000000 1.000000
    outer loop
      vertex -26.720698 -2.842501 0.800000
      vertex -25.135692 -4.470135 0.800000
      vertex -25.020262 -4.315938 0.800000
    endloop
  endfacet
  facet normal 0.000000 -0.000000 -1.000000
    outer loop
      vertex -26.720698 -2.842501 -0.800000
      vertex -25.135692 -4.470135 -0.800000
      vertex -27.028513 -3.253693 -0.800000
    endloop
  endfacet
  facet normal 0.000000 0.000000 -1.000000
    outer loop
      vertex -26.720698 -2.842501 -0.800000
      vertex -25.020262 -4.315938 -0.800000
      vertex -25.135692 -4.470135 -0.800000
    endloop
  endfacet
  facet normal -0.800541 0.599278 0.000000
    outer loop
      vertex -26.720698 -2.842501 -0.800000
      vertex -27.028513 -3.253693 -0.800000
      vertex -27.028513 -3.253693 0.800000
    endloop
  endfacet
  facet normal -0.800541 0.599278 0.000000
    outer loop
      vertex -26.720698 -2.842501 -0.800000
      vertex -27.028513 -3.253693 0.800000
      vertex -26.720698 -2.842501 0.800000
    endloop
  endfacet
  facet normal 0.800541 -0.599278 0.000000
    outer loop
      vertex -25.020262 -4.315938 -0.800000
      vertex -25.135692 -4.470135 0.800000
      vertex -25.135692 -4.470135 -0.800000
    endloop
  endfacet
  facet normal 0.800541 -0.599278 0.000000
    outer loop
      vertex -25.020262 -4.315938 -0.800000
      vertex -25.020262 -4.315938 0.800000
      vertex -25.135692 -4.470135 0.800000
    endloop
  endfacet
  facet normal 0.000000 0.000000 1.000000
    outer loop
      vertex -27.028513 -3.253693 0.800000
      vertex -27.274675 -3.704506 0.800000
      vertex -25.228003 -4.639190 0.800000
    endloop
  endfacet
  facet normal 0.000000 0.000000 1.000000
    outer loop
      vertex -27.028513 -3.253693 0.800000
      vertex -25.228003 -4.639190 0.800000
      vertex -25.135692 -4.470135 0.800000
    endloop
  endfacet
  facet normal 0.000000 -0.000000 -1.000000
    outer loop
      vertex -27.028513 -3.253693 -0.800000
      vertex -25.228003 -4.639190 -0.800000
      vertex -27.274675 -3.704506 -0.800000
    endloop
  endfacet
  facet normal 0.000000 0.000000 -1.000000
    outer loop
      vertex -27.028513 -3.253693 -0.800000
      vertex -25.135692 -4.470135 -0.800000
      vertex -25.228003 -4.639190 -0.800000
    endloop
  endfacet
  facet normal -0.877679 0.479249 0.000000
    outer loop
      vertex -27.028513 -3.253693 -0.800000
      vertex -27.274675 -3.704506 -0.800000
      vertex -27.274675 -3.704506 0.800000
    endloop
  endfacet
  facet normal -0.877679 0.479249 0.000000
    outer loop
      vertex -27.028513 -3.253693 -0.800000
      vertex -27.274675 -3.704506 0.800000
      vertex -27.028513 -3.253693 0.800000
    endloop
  endfacet
  facet normal 0.877679 -0.479249 0.000000
    outer loop
      vertex -25.135692 -4.470135 -0.800000
      vertex -25.228003 -4.639190 0.800000
      vertex -25.228003 -4.639190 -0.800000
    endloop
  endfacet
  facet normal 0.877679 -0.479249 0.000000
    outer loop
      vertex -25.135692 -4.470135 -0.800000
      vertex -25.135692 -4.470135 0.800000
      vertex -25.228003 -4.639190 0.800000
    endloop
  endfacet
  facet normal 0.000000 0.000000 1.000000
    outer loop
      vertex -27.274675 -3.704506 0.800000
      vertex -27.454175 -4.185763 0.800000
      vertex -25.295316 -4.819661 0.800000
    endloop
  endfacet
  facet normal 0.000000 0.000000 1.000000
    outer loop
      vertex -27.274675 -3.704506 0.800000
      vertex -25.295316 -4.819661 0.800000
      vertex -25.228003 -4.639190 0.800000
    endloop
  endfacet
  facet normal 0.000000 -0.000000 -1.000000
    outer loop
      vertex -27.274675 -3.704506 -0.800000
      vertex -25.295316 -4.819661 -0.800000
      vertex -27.454175 -4.185763 -0.800000
    endloop
  endfacet
  facet normal 0.000000 0.000000 -1.000000
    outer loop
      vertex -27.274675 -3.704506 -0.800000
      vertex -25.228003 -4.639190 -0.800000
      vertex -25.295316 -4.819661 -0.800000
    endloop
  endfacet
  facet normal -0.936950 0.349464 0.000000
    outer loop
      vertex -27.274675 -3.704506 -0.800000
      vertex -27.454175 -4.185763 -0.800000
      vertex -27.454175 -4.185763 0.800000
    endloop
  endfacet
  facet normal -0.936950 0.349464 0.000000
    outer loop
      vertex -27.274675 -3.704506 -0.800000
      vertex -27.454175 -4.185763 0.800000
      vertex -27.274675 -3.704506 0.800000
    endloop
  endfacet
  facet normal 0.936950 -0.349464 0.000000
    outer loop
      vertex -25.228003 -4.639190 -0.800000
      vertex -25.295316 -4.819661 0.800000
      vertex -25.295316 -4.819661 -0.800000
    endloop
  endfacet
  facet normal 0.936950 -0.349464 0.000000
    outer loop
      vertex -25.228003 -4.639190 -0.800000
      vertex -25.228003 -4.639190 0.800000
      vertex -25.295316 -4.819661 0.800000
    endloop
  endfacet
  facet normal 0.000000 0.000000 1.000000
    outer loop
      vertex -27.454175 -4.185763 0.800000
      vertex -27.563357 -4.687667 0.800000
      vertex -25.336259 -5.007875 0.800000
    endloop
  endfacet
  facet normal 0.000000 0.000000 1.000000
    outer loop
      vertex -27.454175 -4.185763 0.800000
      vertex -25.336259 -5.007875 0.800000
      vertex -25.295316 -4.819661 0.800000
    endloop
  endfacet
  facet normal 0.000000 -0.000000 -1.000000
    outer loop
      vertex -27.454175 -4.185763 -0.800000
      vertex -25.336259 -5.007875 -0.800000
      vertex -27.563357 -4.687667 -0.800000
    endloop
  endfacet
  facet normal 0.000000 0.000000 -1.000000
    outer loop
      vertex -27.454175 -4.185763 -0.800000
      vertex -25.295316 -4.819661 -0.800000
      vertex -25.336259 -5.007875 -0.800000
    endloop
  endfacet
  facet normal -0.977147 0.212565 0.000000
    outer loop
      vertex -27.454175 -4.185763 -0.800000
      vertex -27.563357 -4.687667 -0.800000
      vertex -27.563357 -4.687667 0.800000
    endloop
  endfacet
  facet normal -0.977147 0.212565 0.000000
    outer loop
      vertex -27.454175 -4.185763 -0.800000
      vertex -27.563357 -4.687667 0.800000
      vertex -27.454175 -4.185763 0.800000
    endloop
  endfacet
  facet normal 0.977147 -0.212565 0.000000
    outer loop
      vertex -25.295316 -4.819661 -0.800000
      vertex -25.336259 -5.007875 0.800000
      vertex -25.336259 -5.007875 -0.800000
    endloop
  endfacet
  facet normal 0.977147 -0.212565 0.000000
    outer loop
      vertex -25.295316 -4.819661 -0.800000
      vertex -25.295316 -4.819661 0.800000
      vertex -25.336259 -5.007875 0.800000
    endloop
  endfacet
  facet normal 0.000000 0.000000 1.000000
    outer loop
      vertex -27.563357 -4.687667 0.800000
      vertex -27.600000 -5.200000 0.800000
      vertex -25.350000 -5.200000 0.800000
    endloop
  endfacet
  facet normal 0.000000 0.000000 1.000000
    outer loop
      vertex -27.563357 -4.687667 0.800000
      vertex -25.350000 -5.200000 0.800000
      vertex -25.336259 -5.007875 0.800000
    endloop
  endfacet
  facet normal 0.000000 -0.000000 -1.000000
    outer loop
      vertex -27.563357 -4.687667 -0.800000
      vertex -25.350000 -5.200000 -0.800000
      vertex -27.600000 -5.200000 -0.800000
    endloop
  endfacet
  facet normal 0.000000 0.000000 -1.000000
    outer loop
      vertex -27.563357 -4.687667 -0.800000
      vertex -25.336259 -5.007875 -0.800000
      vertex -25.350000 -5.200000 -0.800000
    endloop
  endfacet
  facet normal -0.997452 0.071339 0.000000
    outer loop
      vertex -27.563357 -4.687667 -0.800000
      vertex -27.600000 -5.200000 -0.800000
      vertex -27.600000 -5.200000 0.800000
    endloop
  endfacet
  facet normal -0.997452 0.071339 0.000000
    outer loop
      vertex -27.563357 -4.687667 -0.800000
      vertex -27.600000 -5.200000 0.800000
      vertex -27.563357 -4.687667 0.800000
    endloop
  endfacet
  facet normal 0.997452 -0.071339 0.000000
    outer loop
      vertex -25.336259 -5.007875 -0.800000
      vertex -25.350000 -5.200000 0.800000
      vertex -25.350000 -5.200000 -0.800000
    endloop
  endfacet
  facet normal 0.997452 -0.071339 0.000000
    outer loop
      vertex -25.336259 -5.007875 -0.800000
      vertex -25.336259 -5.007875 0.800000
      vertex -25.350000 -5.200000 0.800000
    endloop
  endfacet
  facet normal 0.000000 0.000000 1.000000
    outer loop
      vertex -27.600000 -5.200000 0.800000
      vertex -27.563357 -5.712333 0.800000
      vertex -25.336259 -5.392125 0.800000
    endloop
  endfacet
  facet normal 0.000000 0.000000 1.000000
    outer loop
      vertex -27.600000 -5.200000 0.800000
      vertex -25.336259 -5.392125 0.800000
      vertex -25.350000 -5.200000 0.800000
    endloop
  endfacet
  facet normal 0.000000 0.000000 -1.000000
    outer loop
      vertex -27.600000 -5.200000 -0.800000
      vertex -25.336259 -5.392125 -0.800000
      vertex -27.563357 -5.712333 -0.800000
    endloop
  endfacet
  facet normal 0.000000 0.000000 -1.000000
    outer loop
      vertex -27.600000 -5.200000 -0.800000
      vertex -25.350000 -5.200000 -0.800000
      vertex -25.336259 -5.392125 -0.800000
    endloop
  endfacet
  facet normal -0.997452 -0.071339 0.000000
    outer loop
      vertex -27.600000 -5.200000 -0.800000
      vertex -27.563357 -5.712333 -0.800000
      vertex -27.563357 -5.712333 0.800000
    endloop
  endfacet
  facet normal -0.997452 -0.071339 0.000000
    outer loop
      vertex -27.600000 -5.200000 -0.800000
      vertex -27.563357 -5.712333 0.800000
      vertex -27.600000 -5.200000 0.800000
    endloop
  endfacet
  facet normal 0.997452 0.071339 0.000000
    outer loop
      vertex -25.350000 -5.200000 -0.800000
      vertex -25.336259 -5.392125 0.800000
      vertex -25.336259 -5.392125 -0.800000
    endloop
  endfacet
  facet normal 0.997452 0.071339 -0.000000
    outer loop
      vertex -25.350000 -5.200000 -0.800000
      vertex -25.350000 -5.200000 0.800000
      vertex -25.336259 -5.392125 0.800000
    endloop
  endfacet
  facet normal -0.000000 0.000000 1.000000
    outer loop
      vertex -27.563357 -5.712333 0.800000
      vertex -27.454175 -6.214237 0.800000
      vertex -25.295316 -5.580339 0.800000
    endloop
  endfacet
  facet normal 0.000000 0.000000 1.000000
    outer loop
      vertex -27.563357 -5.712333 0.800000
      vertex -25.295316 -5.580339 0.800000
      vertex -25.336259 -5.392125 0.800000
    endloop
  endfacet
  facet normal 0.000000 0.000000 -1.000000
    outer loop
      vertex -27.563357 -5.712333 -0.800000
      vertex -25.295316 -5.580339 -0.800000
      vertex -27.454175 -6.214237 -0.800000
    endloop
  endfacet
  facet normal 0.000000 0.000000 -1.000000
    outer loop
      vertex -27.563357 -5.712333 -0.800000
      vertex -25.336259 -5.392125 -0.800000
      vertex -25.295316 -5.580339 -0.800000
    endloop
  endfacet
  facet normal -0.977147 -0.212565 0.000000
    outer loop
      vertex -27.563357 -5.712333 -0.800000
      vertex -27.454175 -6.214237 -0.800000
      vertex -27.454175 -6.214237 0.800000
    endloop
  endfacet
  facet normal -0.977147 -0.212565 0.000000
    outer loop
      vertex -27.563357 -5.712333 -0.800000
      vertex -27.454175 -6.214237 0.800000
      vertex -27.563357 -5.712333 0.800000
    endloop
  endfacet
  facet normal 0.977147 0.212565 0.000000
    outer loop
      vertex -25.336259 -5.392125 -0.800000
      vertex -25.295316 -5.580339 0.800000
      vertex -25.295316 -5.580339 -0.800000
    endloop
  endfacet
  facet normal 0.977147 0.212565 -0.000000
    outer loop
      vertex -25.336259 -5.392125 -0.800000
      vertex -25.336259 -5.392125 0.800000
      vertex -25.295316 -5.580339 0.800000
    endloop
  endfacet
  facet normal -0.000000 0.000000 1.000000
    outer loop
      vertex -27.454175 -6.214237 0.800000
      vertex -27.274675 -6.695494 0.800000
      vertex -25.228003 -5.760810 0.800000
    endloop
  endfacet
  facet normal 0.000000 0.000000 1.000000
    outer loop
      vertex -27.454175 -6.214237 0.800000
      vertex -25.228003 -5.760810 0.800000
      vertex -25.295316 -5.580339 0.800000
    endloop
  endfacet
  facet normal 0.000000 0.000000 -1.000000
    outer loop
      vertex -27.454175 -6.214237 -0.800000
      vertex -25.228003 -5.760810 -0.800000
      vertex -27.274675 -6.695494 -0.800000
    endloop
  endfacet
  facet normal 0.000000 0.000000 -1.000000
    outer loop
      vertex -27.454175 -6.214237 -0.800000
      vertex -25.295316 -5.580339 -0.800000
      vertex -25.228003 -5.760810 -0.800000
    endloop
  endfacet
  facet normal -0.936950 -0.349464 0.000000
    outer loop
      vertex -27.454175 -6.214237 -0.800000
      vertex -27.274675 -6.695494 -0.800000
      vertex -27.274675 -6.695494 0.800000
    endloop
  endfacet
  facet normal -0.936950 -0.349464 0.000000
    outer loop
      vertex -27.454175 -6.214237 -0.800000
      vertex -27.274675 -6.695494 0.800000
      vertex -27.454175 -6.214237 0.800000
    endloop
  endfacet
  facet normal 0.936950 0.349464 0.000000
    outer loop
      vertex -25.295316 -5.580339 -0.800000
      vertex -25.228003 -5.760810 0.800000
      vertex -25.228003 -5.760810 -0.800000
    endloop
  endfacet
  facet normal 0.936950 0.349464 -0.000000
    outer loop
      vertex -25.295316 -5.580339 -0.800000
      vertex -25.295316 -5.580339 0.800000
      vertex -25.228003 -5.760810 0.800000
    endloop
  endfacet
  facet normal -0.000000 0.000000 1.000000
    outer loop
      vertex -27.274675 -6.695494 0.800000
      vertex -27.028513 -7.146307 0.800000
      vertex -25.135692 -5.929865 0.800000
    endloop
  endfacet
  facet normal 0.000000 0.000000 1.000000
    outer loop
      vertex -27.274675 -6.695494 0.800000
      vertex -25.135692 -5.929865 0.800000
      vertex -25.228003 -5.760810 0.800000
    endloop
  endfacet
  facet normal 0.000000 0.000000 -1.000000
    outer loop
      vertex -27.274675 -6.695494 -0.800000
      vertex -25.135692 -5.929865 -0.800000
      vertex -27.028513 -7.146307 -0.800000
    endloop
  endfacet
  facet normal 0.000000 0.000000 -1.000000
    outer loop
      vertex -27.274675 -6.695494 -0.800000
      vertex -25.228003 -5.760810 -0.800000
      vertex -25.135692 -5.929865 -0.800000
    endloop
  endfacet
  facet normal -0.877679 -0.479249 0.000000
    outer loop
      vertex -27.274675 -6.695494 -0.800000
      vertex -27.028513 -7.146307 -0.800000
      vertex -27.028513 -7.146307 0.800000
    endloop
  endfacet
  facet normal -0.877679 -0.479249 0.000000
    outer loop
      vertex -27.274675 -6.695494 -0.800000
      vertex -27.028513 -7.146307 0.800000
      vertex -27.274675 -6.695494 0.800000
    endloop
  endfacet
  facet normal 0.877679 0.479249 0.000000
    outer loop
      vertex -25.228003 -5.760810 -0.800000
      vertex -25.135692 -5.929865 0.800000
      vertex -25.135692 -5.929865 -0.800000
    endloop
  endfacet
  facet normal 0.877679 0.479249 -0.000000
    outer loop
      vertex -25.228003 -5.760810 -0.800000
      vertex -25.228003 -5.760810 0.800000
      vertex -25.135692 -5.929865 0.800000
    endloop
  endfacet
  facet normal -0.000000 0.000000 1.000000
    outer loop
      vertex -27.028513 -7.146307 0.800000
      vertex -26.720698 -7.557499 0.800000
      vertex -25.020262 -6.084062 0.800000
    endloop
  endfacet
  facet normal 0.000000 0.000000 1.000000
    outer loop
      vertex -27.028513 -7.146307 0.800000
      vertex -25.020262 -6.084062 0.800000
      vertex -25.135692 -5.929865 0.800000
    endloop
  endfacet
  facet normal 0.000000 0.000000 -1.000000
    outer loop
      vertex -27.028513 -7.146307 -0.800000
      vertex -25.020262 -6.084062 -0.800000
      vertex -26.720698 -7.557499 -0.800000
    endloop
  endfacet
  facet normal 0.000000 0.000000 -1.000000
    outer loop
      vertex -27.028513 -7.146307 -0.800000
      vertex -25.135692 -5.929865 -0.800000
      vertex -25.020262 -6.084062 -0.800000
    endloop
  endfacet
  facet normal -0.800541 -0.599278 0.000000
    outer loop
      vertex -27.028513 -7.146307 -0.800000
      vertex -26.720698 -7.557499 -0.800000
      vertex -26.720698 -7.557499 0.800000
    endloop
  endfacet
  facet normal -0.800541 -0.599278 0.000000
    outer loop
      vertex -27.028513 -7.146307 -0.800000
      vertex -26.720698 -7.557499 0.800000
      vertex -27.028513 -7.146307 0.800000
    endloop
  endfacet
  facet normal 0.800541 0.599278 0.000000
    outer loop
      vertex -25.135692 -5.929865 -0.800000
      vertex -25.020262 -6.084062 0.800000
      vertex -25.020262 -6.084062 -0.800000
    endloop
  endfacet
  facet normal 0.800541 0.599278 -0.000000
    outer loop
      vertex -25.135692 -5.929865 -0.800000
      vertex -25.135692 -5.929865 0.800000
      vertex -25.020262 -6.084062 0.800000
    endloop
  endfacet
  facet normal -0.000000 0.000000 1.000000
    outer loop
      vertex -26.720698 -7.557499 0.800000
      vertex -26.357499 -7.920698 0.800000
      vertex -24.884062 -6.220262 0.800000
    endloop
  endfacet
  facet normal 0.000000 0.000000 1.000000
    outer loop
      vertex -26.720698 -7.557499 0.800000
      vertex -24.884062 -6.220262 0.800000
      vertex -25.020262 -6.084062 0.800000
    endloop
  endfacet
  facet normal 0.000000 0.000000 -1.000000
    outer loop
      vertex -26.720698 -7.557499 -0.800000
      vertex -24.884062 -6.220262 -0.800000
      vertex -26.357499 -7.920698 -0.800000
    endloop
  endfacet
  facet normal 0.000000 0.000000 -1.000000
    outer loop
      vertex -26.720698 -7.557499 -0.800000
      vertex -25.020262 -6.084062 -0.800000
      vertex -24.884062 -6.220262 -0.800000
    endloop
  endfacet
  facet normal -0.707107 -0.707107 0.000000
    outer loop
      vertex -26.720698 -7.557499 -0.800000
      vertex -26.357499 -7.920698 -0.800000
      vertex -26.357499 -7.920698 0.800000
    endloop
  endfacet
  facet normal -0.707107 -0.707107 0.000000
    outer loop
      vertex -26.720698 -7.557499 -0.800000
      vertex -26.357499 -7.920698 0.800000
      vertex -26.720698 -7.557499 0.800000
    endloop
  endfacet
  facet normal 0.707107 0.707107 0.000000
    outer loop
      vertex -25.020262 -6.084062 -0.800000
      vertex -24.884062 -6.220262 0.800000
      vertex -24.884062 -6.220262 -0.800000
    endloop
  endfacet
  facet normal 0.707107 0.707107 -0.000000
    outer loop
      vertex -25.020262 -6.084062 -0.800000
      vertex -25.020262 -6.084062 0.800000
      vertex -24.884062 -6.220262 0.800000
    endloop
  endfacet
  facet normal -0.000000 0.000000 1.000000
    outer loop
      vertex -26.357499 -7.920698 0.800000
      vertex -25.946307 -8.228513 0.800000
      vertex -24.729865 -6.335692 0.800000
    endloop
  endfacet
  facet normal 0.000000 0.000000 1.000000
    outer loop
      vertex -26.357499 -7.920698 0.800000
      vertex -24.729865 -6.335692 0.800000
      vertex -24.884062 -6.220262 0.800000
    endloop
  endfacet
  facet normal 0.000000 0.000000 -1.000000
    outer loop
      vertex -26.357499 -7.920698 -0.800000
      vertex -24.729865 -6.335692 -0.800000
      vertex -25.946307 -8.228513 -0.800000
    endloop
  endfacet
  facet normal 0.000000 0.000000 -1.000000
    outer loop
      vertex -26.357499 -7.920698 -0.800000
      vertex -24.884062 -6.220262 -0.800000
      vertex -24.729865 -6.335692 -0.800000
    endloop
  endfacet
  facet normal -0.599278 -0.800541 0.000000
    outer loop
      vertex -26.357499 -7.920698 -0.800000
      vertex -25.946307 -8.228513 -0.800000
      vertex -25.946307 -8.228513 0.800000
    endloop
  endfacet
  facet normal -0.599278 -0.800541 0.000000
    outer loop
      vertex -26.357499 -7.920698 -0.800000
      vertex -25.946307 -8.228513 0.800000
      vertex -26.357499 -7.920698 0.800000
    endloop
  endfacet
  facet normal 0.599278 0.800541 0.000000
    outer loop
      vertex -24.884062 -6.220262 -0.800000
      vertex -24.729865 -6.335692 0.800000
      vertex -24.729865 -6.335692 -0.800000
    endloop
  endfacet
  facet normal 0.599278 0.800541 -0.000000
    outer loop
      vertex -24.884062 -6.220262 -0.800000
      vertex -24.884062 -6.220262 0.800000
      vertex -24.729865 -6.335692 0.800000
    endloop
  endfacet
  facet normal -0.000000 0.000000 1.000000
    outer loop
      vertex -25.946307 -8.228513 0.800000
      vertex -25.495494 -8.474675 0.800000
      vertex -24.560810 -6.428003 0.800000
    endloop
  endfacet
  facet normal 0.000000 0.000000 1.000000
    outer loop
      vertex -25.946307 -8.228513 0.800000
      vertex -24.560810 -6.428003 0.800000
      vertex -24.729865 -6.335692 0.800000
    endloop
  endfacet
  facet normal 0.000000 0.000000 -1.000000
    outer loop
      vertex -25.946307 -8.228513 -0.800000
      vertex -24.560810 -6.428003 -0.800000
      vertex -25.495494 -8.474675 -0.800000
    endloop
  endfacet
  facet normal 0.000000 0.000000 -1.000000
    outer loop
      vertex -25.946307 -8.228513 -0.800000
      vertex -24.729865 -6.335692 -0.800000
      vertex -24.560810 -6.428003 -0.800000
    endloop
  endfacet
  facet normal -0.479249 -0.877679 0.000000
    outer loop
      vertex -25.946307 -8.228513 -0.800000
      vertex -25.495494 -8.474675 -0.800000
      vertex -25.495494 -8.474675 0.800000
    endloop
  endfacet
  facet normal -0.479249 -0.877679 0.000000
    outer loop
      vertex -25.946307 -8.228513 -0.800000
      vertex -25.495494 -8.474675 0.800000
      vertex -25.946307 -8.228513 0.800000
    endloop
  endfacet
  facet normal 0.479249 0.877679 0.000000
    outer loop
      vertex -24.729865 -6.335692 -0.800000
      vertex -24.560810 -6.428003 0.800000
      vertex -24.560810 -6.428003 -0.800000
    endloop
  endfacet
  facet normal 0.479249 0.877679 -0.000000
    outer loop
      vertex -24.729865 -6.335692 -0.800000
      vertex -24.729865 -6.335692 0.800000
      vertex -24.560810 -6.428003 0.800000
    endloop
  endfacet
  facet normal -0.000000 0.000000 1.000000
    outer loop
      vertex -25.495494 -8.474675 0.800000
      vertex -25.014237 -8.654175 0.800000
      vertex -24.380339 -6.495316 0.800000
    endloop
  endfacet
  facet normal 0.000000 0.000000 1.000000
    outer loop
      vertex -25.495494 -8.474675 0.800000
      vertex -24.380339 -6.495316 0.800000
      vertex -24.560810 -6.428003 0.800000
    endloop
  endfacet
  facet normal 0.000000 0.000000 -1.000000
    outer loop
      vertex -25.495494 -8.474675 -0.800000
      vertex -24.380339 -6.495316 -0.800000
      vertex -25.014237 -8.654175 -0.800000
    endloop
  endfacet
  facet normal 0.000000 0.000000 -1.000000
    outer loop
      vertex -25.495494 -8.474675 -0.800000
      vertex -24.560810 -6.428003 -0.800000
      vertex -24.380339 -6.495316 -0.800000
    endloop
  endfacet
  facet normal -0.349464 -0.936950 0.000000
    outer loop
      vertex -25.495494 -8.474675 -0.800000
      vertex -25.014237 -8.654175 -0.800000
      vertex -25.014237 -8.654175 0.800000
    endloop
  endfacet
  facet normal -0.349464 -0.936950 0.000000
    outer loop
      vertex -25.495494 -8.474675 -0.800000
      vertex -25.014237 -8.654175 0.800000
      vertex -25.495494 -8.474675 0.800000
    endloop
  endfacet
  facet normal 0.349464 0.936950 0.000000
    outer loop
      vertex -24.560810 -6.428003 -0.800000
      vertex -24.380339 -6.495316 0.800000
      vertex -24.380339 -6.495316 -0.800000
    endloop
  endfacet
  facet normal 0.349464 0.936950 -0.000000
    outer loop
      vertex -24.560810 -6.428003 -0.800000
      vertex -24.560810 -6.428003 0.800000
      vertex -24.380339 -6.495316 0.800000
    endloop
  endfacet
  facet normal -0.000000 0.000000 1.000000
    outer loop
      vertex -25.014237 -8.654175 0.800000
      vertex -24.512333 -8.763357 0.800000
      vertex -24.192125 -6.536259 0.800000
    endloop
  endfacet
  facet normal 0.000000 0.000000 1.000000
    outer loop
      vertex -25.014237 -8.654175 0.800000
      vertex -24.192125 -6.536259 0.800000
      vertex -24.380339 -6.495316 0.800000
    endloop
  endfacet
  facet normal 0.000000 0.000000 -1.000000
    outer loop
      vertex -25.014237 -8.654175 -0.800000
      vertex -24.192125 -6.536259 -0.800000
      vertex -24.512333 -8.763357 -0.800000
    endloop
  endfacet
  facet normal 0.000000 0.000000 -1.000000
    outer loop
      vertex -25.014237 -8.654175 -0.800000
      vertex -24.380339 -6.495316 -0.800000
      vertex -24.192125 -6.536259 -0.800000
    endloop
  endfacet
  facet normal -0.212565 -0.977147 0.000000
    outer loop
      vertex -25.014237 -8.654175 -0.800000
      vertex -24.512333 -8.763357 -0.800000
      vertex -24.512333 -8.763357 0.800000
    endloop
  endfacet
  facet normal -0.212565 -0.977147 0.000000
    outer loop
      vertex -25.014237 -8.654175 -0.800000
      vertex -24.512333 -8.763357 0.800000
      vertex -25.014237 -8.654175 0.800000
    endloop
  endfacet
  facet normal 0.212565 0.977147 0.000000
    outer loop
      vertex -24.380339 -6.495316 -0.800000
      vertex -24.192125 -6.536259 0.800000
      vertex -24.192125 -6.536259 -0.800000
    endloop
  endfacet
  facet normal 0.212565 0.977147 -0.000000
    outer loop
      vertex -24.380339 -6.495316 -0.800000
      vertex -24.380339 -6.495316 0.800000
      vertex -24.192125 -6.536259 0.800000
    endloop
  endfacet
  facet normal -0.000000 0.000000 1.000000
    outer loop
      vertex -24.512333 -8.763357 0.800000
      vertex -24.000000 -8.800000 0.800000
      vertex -24.000000 -6.550000 0.800000
    endloop
  endfacet
  facet normal 0.000000 0.000000 1.000000
    outer loop
      vertex -24.512333 -8.763357 0.800000
      vertex -24.000000 -6.550000 0.800000
      vertex -24.192125 -6.536259 0.800000
    endloop
  endfacet
  facet normal 0.000000 0.000000 -1.000000
    outer loop
      vertex -24.512333 -8.763357 -0.800000
      vertex -24.000000 -6.550000 -0.800000
      vertex -24.000000 -8.800000 -0.800000
    endloop
  endfacet
  facet normal 0.000000 0.000000 -1.000000
    outer loop
      vertex -24.512333 -8.763357 -0.800000
      vertex -24.192125 -6.536259 -0.800000
      vertex -24.000000 -6.550000 -0.800000
    endloop
  endfacet
  facet normal -0.071339 -0.997452 0.000000
    outer loop
      vertex -24.512333 -8.763357 -0.800000
      vertex -24.000000 -8.800000 -0.800000
      vertex -24.000000 -8.800000 0.800000
    endloop
  endfacet
  facet normal -0.071339 -0.997452 0.000000
    outer loop
      vertex -24.512333 -8.763357 -0.800000
      vertex -24.000000 -8.800000 0.800000
      vertex -24.512333 -8.763357 0.800000
    endloop
  endfacet
  facet normal 0.071339 0.997452 0.000000
    outer loop
      vertex -24.192125 -6.536259 -0.800000
      vertex -24.000000 -6.550000 0.800000
      vertex -24.000000 -6.550000 -0.800000
    endloop
  endfacet
  facet normal 0.071339 0.997452 -0.000000
    outer loop
      vertex -24.192125 -6.536259 -0.800000
      vertex -24.192125 -6.536259 0.800000
      vertex -24.000000 -6.550000 0.800000
    endloop
  endfacet
  facet normal 0.000000 0.000000 1.000000
    outer loop
      vertex -24.000000 -8.800000 0.800000
      vertex -23.487667 -8.763357 0.800000
      vertex -23.807875 -6.536259 0.800000
    endloop
  endfacet
  facet normal 0.000000 0.000000 1.000000
    outer loop
      vertex -24.000000 -8.800000 0.800000
      vertex -23.807875 -6.536259 0.800000
      vertex -24.000000 -6.550000 0.800000
    endloop
  endfacet
  facet normal 0.000000 0.000000 -1.000000
    outer loop
      vertex -24.000000 -8.800000 -0.800000
      vertex -23.807875 -6.536259 -0.800000
      vertex -23.487667 -8.763357 -0.800000
    endloop
  endfacet
  facet normal 0.000000 0.000000 -1.000000
    outer loop
      vertex -24.000000 -8.800000 -0.800000
      vertex -24.000000 -6.550000 -0.800000
      vertex -23.807875 -6.536259 -0.800000
    endloop
  endfacet
  facet normal 0.071339 -0.997452 0.000000
    outer loop
      vertex -24.000000 -8.800000 -0.800000
      vertex -23.487667 -8.763357 -0.800000
      vertex -23.487667 -8.763357 0.800000
    endloop
  endfacet
  facet normal 0.071339 -0.997452 0.000000
    outer loop
      vertex -24.000000 -8.800000 -0.800000
      vertex -23.487667 -8.763357 0.800000
      vertex -24.000000 -8.800000 0.800000
    endloop
  endfacet
  facet normal -0.071339 0.997452 0.000000
    outer loop
      vertex -24.000000 -6.550000 -0.800000
      vertex -23.807875 -6.536259 0.800000
      vertex -23.807875 -6.536259 -0.800000
    endloop
  endfacet
  facet normal -0.071339 0.997452 0.000000
    outer loop
      vertex -24.000000 -6.550000 -0.800000
      vertex -24.000000 -6.550000 0.800000
      vertex -23.807875 -6.536259 0.800000
    endloop
  endfacet
  facet normal 0.000000 -0.000000 1.000000
    outer loop
      vertex -23.487667 -8.763357 0.800000
      vertex -22.985763 -8.654175 0.800000
      vertex -23.619661 -6.495316 0.800000
    endloop
  endfacet
  facet normal 0.000000 0.000000 1.000000
    outer loop
      vertex -23.487667 -8.763357 0.800000
      vertex -23.619661 -6.495316 0.800000
      vertex -23.807875 -6.536259 0.800000
    endloop
  endfacet
  facet normal 0.000000 0.000000 -1.000000
    outer loop
      vertex -23.487667 -8.763357 -0.800000
      vertex -23.619661 -6.495316 -0.800000
      vertex -22.985763 -8.654175 -0.800000
    endloop
  endfacet
  facet normal 0.000000 0.000000 -1.000000
    outer loop
      vertex -23.487667 -8.763357 -0.800000
      vertex -23.807875 -6.536259 -0.800000
      vertex -23.619661 -6.495316 -0.800000
    endloop
  endfacet
  facet normal 0.212565 -0.977147 0.000000
    outer loop
      vertex -23.487667 -8.763357 -0.800000
      vertex -22.985763 -8.654175 -0.800000
      vertex -22.985763 -8.654175 0.800000
    endloop
  endfacet
  facet normal 0.212565 -0.977147 0.000000
    outer loop
      vertex -23.487667 -8.763357 -0.800000
      vertex -22.985763 -8.654175 0.800000
      vertex -23.487667 -8.763357 0.800000
    endloop
  endfacet
  facet normal -0.212565 0.977147 0.000000
    outer loop
      vertex -23.807875 -6.536259 -0.800000
      vertex -23.619661 -6.495316 0.800000
      vertex -23.619661 -6.495316 -0.800000
    endloop
  endfacet
  facet normal -0.212565 0.977147 0.000000
    outer loop
      vertex -23.807875 -6.536259 -0.800000
      vertex -23.807875 -6.536259 0.800000
      vertex -23.619661 -6.495316 0.800000
    endloop
  endfacet
  facet normal 0.000000 -0.000000 1.000000
    outer loop
      vertex -22.985763 -8.654175 0.800000
      vertex -22.504506 -8.474675 0.800000
      vertex -23.439190 -6.428003 0.800000
    endloop
  endfacet
  facet normal 0.000000 0.000000 1.000000
    outer loop
      vertex -22.985763 -8.654175 0.800000
      vertex -23.439190 -6.428003 0.800000
      vertex -23.619661 -6.495316 0.800000
    endloop
  endfacet
  facet normal 0.000000 0.000000 -1.000000
    outer loop
      vertex -22.985763 -8.654175 -0.800000
      vertex -23.439190 -6.428003 -0.800000
      vertex -22.504506 -8.474675 -0.800000
    endloop
  endfacet
  facet normal 0.000000 0.000000 -1.000000
    outer loop
      vertex -22.985763 -8.654175 -0.800000
      vertex -23.619661 -6.495316 -0.800000
      vertex -23.439190 -6.428003 -0.800000
    endloop
  endfacet
  facet normal 0.349464 -0.936950 0.000000
    outer loop
      vertex -22.985763 -8.654175 -0.800000
      vertex -22.504506 -8.474675 -0.800000
      vertex -22.504506 -8.474675 0.800000
    endloop
  endfacet
  facet normal 0.349464 -0.936950 0.000000
    outer loop
      vertex -22.985763 -8.654175 -0.800000
      vertex -22.504506 -8.474675 0.800000
      vertex -22.985763 -8.654175 0.800000
    endloop
  endfacet
  facet normal -0.349464 0.936950 0.000000
    outer loop
      vertex -23.619661 -6.495316 -0.800000
      vertex -23.439190 -6.428003 0.800000
      vertex -23.439190 -6.428003 -0.800000
    endloop
  endfacet
  facet normal -0.349464 0.936950 0.000000
    outer loop
      vertex -23.619661 -6.495316 -0.800000
      vertex -23.619661 -6.495316 0.800000
      vertex -23.439190 -6.428003 0.800000
    endloop
  endfacet
  facet normal 0.000000 -0.000000 1.000000
    outer loop
      vertex -22.504506 -8.474675 0.800000
      vertex -22.053693 -8.228513 0.800000
      vertex -23.270135 -6.335692 0.800000
    endloop
  endfacet
  facet normal 0.000000 0.000000 1.000000
    outer loop
      vertex -22.504506 -8.474675 0.800000
      vertex -23.270135 -6.335692 0.800000
      vertex -23.439190 -6.428003 0.800000
    endloop
  endfacet
  facet normal 0.000000 0.000000 -1.000000
    outer loop
      vertex -22.504506 -8.474675 -0.800000
      vertex -23.270135 -6.335692 -0.800000
      vertex -22.053693 -8.228513 -0.800000
    endloop
  endfacet
  facet normal 0.000000 0.000000 -1.000000
    outer loop
      vertex -22.504506 -8.474675 -0.800000
      vertex -23.439190 -6.428003 -0.800000
      vertex -23.270135 -6.335692 -0.800000
    endloop
  endfacet
  facet normal 0.479249 -0.877679 0.000000
    outer loop
      vertex -22.504506 -8.474675 -0.800000
      vertex -22.053693 -8.228513 -0.800000
      vertex -22.053693 -8.228513 0.800000
    endloop
  endfacet
  facet normal 0.479249 -0.877679 0.000000
    outer loop
      vertex -22.504506 -8.474675 -0.800000
      vertex -22.053693 -8.228513 0.800000
      vertex -22.504506 -8.474675 0.800000
    endloop
  endfacet
  facet normal -0.479249 0.877679 0.000000
    outer loop
      vertex -23.439190 -6.428003 -0.800000
      vertex -23.270135 -6.335692 0.800000
      vertex -23.270135 -6.335692 -0.800000
    endloop
  endfacet
  facet normal -0.479249 0.877679 0.000000
    outer loop
      vertex -23.439190 -6.428003 -0.800000
      vertex -23.439190 -6.428003 0.800000
      vertex -23.270135 -6.335692 0.800000
    endloop
  endfacet
  facet normal 0.000000 -0.000000 1.000000
    outer loop
      vertex -22.053693 -8.228513 0.800000
      vertex -21.642501 -7.920698 0.800000
      vertex -23.115938 -6.220262 0.800000
    endloop
  endfacet
  facet normal 0.000000 0.000000 1.000000
    outer loop
      vertex -22.053693 -8.228513 0.800000
      vertex -23.115938 -6.220262 0.800000
      vertex -23.270135 -6.335692 0.800000
    endloop
  endfacet
  facet normal 0.000000 0.000000 -1.000000
    outer loop
      vertex -22.053693 -8.228513 -0.800000
      vertex -23.115938 -6.220262 -0.800000
      vertex -21.642501 -7.920698 -0.800000
    endloop
  endfacet
  facet normal 0.000000 0.000000 -1.000000
    outer loop
      vertex -22.053693 -8.228513 -0.800000
      vertex -23.270135 -6.335692 -0.800000
      vertex -23.115938 -6.220262 -0.800000
    endloop
  endfacet
  facet normal 0.599278 -0.800541 0.000000
    outer loop
      vertex -22.053693 -8.228513 -0.800000
      vertex -21.642501 -7.920698 -0.800000
      vertex -21.642501 -7.920698 0.800000
    endloop
  endfacet
  facet normal 0.599278 -0.800541 0.000000
    outer loop
      vertex -22.053693 -8.228513 -0.800000
      vertex -21.642501 -7.920698 0.800000
      vertex -22.053693 -8.228513 0.800000
    endloop
  endfacet
  facet normal -0.599278 0.800541 0.000000
    outer loop
      vertex -23.270135 -6.335692 -0.800000
      vertex -23.115938 -6.220262 0.800000
      vertex -23.115938 -6.220262 -0.800000
    endloop
  endfacet
  facet normal -0.599278 0.800541 0.000000
    outer loop
      vertex -23.270135 -6.335692 -0.800000
      vertex -23.270135 -6.335692 0.800000
      vertex -23.115938 -6.220262 0.800000
    endloop
  endfacet
  facet normal 0.000000 -0.000000 1.000000
    outer loop
      vertex -21.642501 -7.920698 0.800000
      vertex -21.279302 -7.557499 0.800000
      vertex -22.979738 -6.084062 0.800000
    endloop
  endfacet
  facet normal 0.000000 0.000000 1.000000
    outer loop
      vertex -21.642501 -7.920698 0.800000
      vertex -22.979738 -6.084062 0.800000
      vertex -23.115938 -6.220262 0.800000
    endloop
  endfacet
  facet normal 0.000000 0.000000 -1.000000
    outer loop
      vertex -21.642501 -7.920698 -0.800000
      vertex -22.979738 -6.084062 -0.800000
      vertex -21.279302 -7.557499 -0.800000
    endloop
  endfacet
  facet normal 0.000000 0.000000 -1.000000
    outer loop
      vertex -21.642501 -7.920698 -0.800000
      vertex -23.115938 -6.220262 -0.800000
      vertex -22.979738 -6.084062 -0.800000
    endloop
  endfacet
  facet normal 0.707107 -0.707107 0.000000
    outer loop
      vertex -21.642501 -7.920698 -0.800000
      vertex -21.279302 -7.557499 -0.800000
      vertex -21.279302 -7.557499 0.800000
    endloop
  endfacet
  facet normal 0.707107 -0.707107 0.000000
    outer loop
      vertex -21.642501 -7.920698 -0.800000
      vertex -21.279302 -7.557499 0.800000
      vertex -21.642501 -7.920698 0.800000
    endloop
  endfacet
  facet normal -0.707107 0.707107 0.000000
    outer loop
      vertex -23.115938 -6.220262 -0.800000
      vertex -22.979738 -6.084062 0.800000
      vertex -22.979738 -6.084062 -0.800000
    endloop
  endfacet
  facet normal -0.707107 0.707107 0.000000
    outer loop
      vertex -23.115938 -6.220262 -0.800000
      vertex -23.115938 -6.220262 0.800000
      vertex -22.979738 -6.084062 0.800000
    endloop
  endfacet
  facet normal 0.000000 -0.000000 1.000000
    outer loop
      vertex -21.279302 -7.557499 0.800000
      vertex -20.971487 -7.146307 0.800000
      vertex -22.864308 -5.929865 0.800000
    endloop
  endfacet
  facet normal 0.000000 0.000000 1.000000
    outer loop
      vertex -21.279302 -7.557499 0.800000
      vertex -22.864308 -5.929865 0.800000
      vertex -22.979738 -6.084062 0.800000
    endloop
  endfacet
  facet normal 0.000000 0.000000 -1.000000
    outer loop
      vertex -21.279302 -7.557499 -0.800000
      vertex -22.864308 -5.929865 -0.800000
      vertex -20.971487 -7.146307 -0.800000
    endloop
  endfacet
  facet normal 0.000000 0.000000 -1.000000
    outer loop
      vertex -21.279302 -7.557499 -0.800000
      vertex -22.979738 -6.084062 -0.800000
      vertex -22.864308 -5.929865 -0.800000
    endloop
  endfacet
  facet normal 0.800541 -0.599278 0.000000
    outer loop
      vertex -21.279302 -7.557499 -0.800000
      vertex -20.971487 -7.146307 -0.800000
      vertex -20.971487 -7.146307 0.800000
    endloop
  endfacet
  facet normal 0.800541 -0.599278 0.000000
    outer loop
      vertex -21.279302 -7.557499 -0.800000
      vertex -20.971487 -7.146307 0.800000
      vertex -21.279302 -7.557499 0.800000
    endloop
  endfacet
  facet normal -0.800541 0.599278 0.000000
    outer loop
      vertex -22.979738 -6.084062 -0.800000
      vertex -22.864308 -5.929865 0.800000
      vertex -22.864308 -5.929865 -0.800000
    endloop
  endfacet
  facet normal -0.800541 0.599278 0.000000
    outer loop
      vertex -22.979738 -6.084062 -0.800000
      vertex -22.979738 -6.084062 0.800000
      vertex -22.864308 -5.929865 0.800000
    endloop
  endfacet
  facet normal 0.000000 -0.000000 1.000000
    outer loop
      vertex -20.971487 -7.146307 0.800000
      vertex -20.725325 -6.695494 0.800000
      vertex -22.771997 -5.760810 0.800000
    endloop
  endfacet
  facet normal 0.000000 0.000000 1.000000
    outer loop
      vertex -20.971487 -7.146307 0.800000
      vertex -22.771997 -5.760810 0.800000
      vertex -22.864308 -5.929865 0.800000
    endloop
  endfacet
  facet normal 0.000000 0.000000 -1.000000
    outer loop
      vertex -20.971487 -7.146307 -0.800000
      vertex -22.771997 -5.760810 -0.800000
      vertex -20.725325 -6.695494 -0.800000
    endloop
  endfacet
  facet normal 0.000000 0.000000 -1.000000
    outer loop
      vertex -20.971487 -7.146307 -0.800000
      vertex -22.864308 -5.929865 -0.800000
      vertex -22.771997 -5.760810 -0.800000
    endloop
  endfacet
  facet normal 0.877679 -0.479249 0.000000
    outer loop
      vertex -20.971487 -7.146307 -0.800000
      vertex -20.725325 -6.695494 -0.800000
      vertex -20.725325 -6.695494 0.800000
    endloop
  endfacet
  facet normal 0.877679 -0.479249 0.000000
    outer loop
      vertex -20.971487 -7.146307 -0.800000
      vertex -20.725325 -6.695494 0.800000
      vertex -20.971487 -7.146307 0.800000
    endloop
  endfacet
  facet normal -0.877679 0.479249 0.000000
    outer loop
      vertex -22.864308 -5.929865 -0.800000
      vertex -22.771997 -5.760810 0.800000
      vertex -22.771997 -5.760810 -0.800000
    endloop
  endfacet
  facet normal -0.877679 0.479249 0.000000
    outer loop
      vertex -22.864308 -5.929865 -0.800000
      vertex -22.864308 -5.929865 0.800000
      vertex -22.771997 -5.760810 0.800000
    endloop
  endfacet
  facet normal 0.000000 -0.000000 1.000000
    outer loop
      vertex -20.725325 -6.695494 0.800000
      vertex -20.545825 -6.214237 0.800000
      vertex -22.704684 -5.580339 0.800000
    endloop
  endfacet
  facet normal 0.000000 0.000000 1.000000
    outer loop
      vertex -20.725325 -6.695494 0.800000
      vertex -22.704684 -5.580339 0.800000
      vertex -22.771997 -5.760810 0.800000
    endloop
  endfacet
  facet normal 0.000000 0.000000 -1.000000
    outer loop
      vertex -20.725325 -6.695494 -0.800000
      vertex -22.704684 -5.580339 -0.800000
      vertex -20.545825 -6.214237 -0.800000
    endloop
  endfacet
  facet normal 0.000000 0.000000 -1.000000
    outer loop
      vertex -20.725325 -6.695494 -0.800000
      vertex -22.771997 -5.760810 -0.800000
      vertex -22.704684 -5.580339 -0.800000
    endloop
  endfacet
  facet normal 0.936950 -0.349464 0.000000
    outer loop
      vertex -20.725325 -6.695494 -0.800000
      vertex -20.545825 -6.214237 -0.800000
      vertex -20.545825 -6.214237 0.800000
    endloop
  endfacet
  facet normal 0.936950 -0.349464 0.000000
    outer loop
      vertex -20.725325 -6.695494 -0.800000
      vertex -20.545825 -6.214237 0.800000
      vertex -20.725325 -6.695494 0.800000
    endloop
  endfacet
  facet normal -0.936950 0.349464 0.000000
    outer loop
      vertex -22.771997 -5.760810 -0.800000
      vertex -22.704684 -5.580339 0.800000
      vertex -22.704684 -5.580339 -0.800000
    endloop
  endfacet
  facet normal -0.936950 0.349464 0.000000
    outer loop
      vertex -22.771997 -5.760810 -0.800000
      vertex -22.771997 -5.760810 0.800000
      vertex -22.704684 -5.580339 0.800000
    endloop
  endfacet
  facet normal 0.000000 -0.000000 1.000000
    outer loop
      vertex -20.545825 -6.214237 0.800000
      vertex -20.436643 -5.712333 0.800000
      vertex -22.663741 -5.392125 0.800000
    endloop
  endfacet
  facet normal 0.000000 0.000000 1.000000
    outer loop
      vertex -20.545825 -6.214237 0.800000
      vertex -22.663741 -5.392125 0.800000
      vertex -22.704684 -5.580339 0.800000
    endloop
  endfacet
  facet normal 0.000000 0.000000 -1.000000
    outer loop
      vertex -20.545825 -6.214237 -0.800000
      vertex -22.663741 -5.392125 -0.800000
      vertex -20.436643 -5.712333 -0.800000
    endloop
  endfacet
  facet normal 0.000000 0.000000 -1.000000
    outer loop
      vertex -20.545825 -6.214237 -0.800000
      vertex -22.704684 -5.580339 -0.800000
      vertex -22.663741 -5.392125 -0.800000
    endloop
  endfacet
  facet normal 0.977147 -0.212565 0.000000
    outer loop
      vertex -20.545825 -6.214237 -0.800000
      vertex -20.436643 -5.712333 -0.800000
      vertex -20.436643 -5.712333 0.800000
    endloop
  endfacet
  facet normal 0.977147 -0.212565 0.000000
    outer loop
      vertex -20.545825 -6.214237 -0.800000
      vertex -20.436643 -5.712333 0.800000
      vertex -20.545825 -6.214237 0.800000
    endloop
  endfacet
  facet normal -0.977147 0.212565 0.000000
    outer loop
      vertex -22.704684 -5.580339 -0.800000
      vertex -22.663741 -5.392125 0.800000
      vertex -22.663741 -5.392125 -0.800000
    endloop
  endfacet
  facet normal -0.977147 0.212565 0.000000
    outer loop
      vertex -22.704684 -5.580339 -0.800000
      vertex -22.704684 -5.580339 0.800000
      vertex -22.663741 -5.392125 0.800000
    endloop
  endfacet
  facet normal 0.000000 -0.000000 1.000000
    outer loop
      vertex -20.436643 -5.712333 0.800000
      vertex -20.400000 -5.200000 0.800000
      vertex -22.650000 -5.200000 0.800000
    endloop
  endfacet
  facet normal 0.000000 0.000000 1.000000
    outer loop
      vertex -20.436643 -5.712333 0.800000
      vertex -22.650000 -5.200000 0.800000
      vertex -22.663741 -5.392125 0.800000
    endloop
  endfacet
  facet normal 0.000000 0.000000 -1.000000
    outer loop
      vertex -20.436643 -5.712333 -0.800000
      vertex -22.650000 -5.200000 -0.800000
      vertex -20.400000 -5.200000 -0.800000
    endloop
  endfacet
  facet normal 0.000000 0.000000 -1.000000
    outer loop
      vertex -20.436643 -5.712333 -0.800000
      vertex -22.663741 -5.392125 -0.800000
      vertex -22.650000 -5.200000 -0.800000
    endloop
  endfacet
  facet normal 0.997452 -0.071339 0.000000
    outer loop
      vertex -20.436643 -5.712333 -0.800000
      vertex -20.400000 -5.200000 -0.800000
      vertex -20.400000 -5.200000 0.800000
    endloop
  endfacet
  facet normal 0.997452 -0.071339 0.000000
    outer loop
      vertex -20.436643 -5.712333 -0.800000
      vertex -20.400000 -5.200000 0.800000
      vertex -20.436643 -5.712333 0.800000
    endloop
  endfacet
  facet normal -0.997452 0.071339 0.000000
    outer loop
      vertex -22.663741 -5.392125 -0.800000
      vertex -22.650000 -5.200000 0.800000
      vertex -22.650000 -5.200000 -0.800000
    endloop
  endfacet
  facet normal -0.997452 0.071339 0.000000
    outer loop
      vertex -22.663741 -5.392125 -0.800000
      vertex -22.663741 -5.392125 0.800000
      vertex -22.650000 -5.200000 0.800000
    endloop
  endfacet
  facet normal 0.000000 0.000000 1.000000
    outer loop
      vertex -8.400000 -3.676955 0.800000
      vertex -8.436643 -3.164622 0.800000
      vertex -10.663741 -3.484830 0.800000
    endloop
  endfacet
  facet normal 0.000000 0.000000 1.000000
    outer loop
      vertex -8.400000 -3.676955 0.800000
      vertex -10.663741 -3.484830 0.800000
      vertex -10.650000 -3.676955 0.800000
    endloop
  endfacet
  facet normal 0.000000 0.000000 -1.000000
    outer loop
      vertex -8.400000 -3.676955 -0.800000
      vertex -10.663741 -3.484830 -0.800000
      vertex -8.436643 -3.164622 -0.800000
    endloop
  endfacet
  facet normal 0.000000 0.000000 -1.000000
    outer loop
      vertex -8.400000 -3.676955 -0.800000
      vertex -10.650000 -3.676955 -0.800000
      vertex -10.663741 -3.484830 -0.800000
    endloop
  endfacet
  facet normal 0.997452 0.071339 0.000000
    outer loop
      vertex -8.400000 -3.676955 -0.800000
      vertex -8.436643 -3.164622 -0.800000
      vertex -8.436643 -3.164622 0.800000
    endloop
  endfacet
  facet normal 0.997452 0.071339 -0.000000
    outer loop
      vertex -8.400000 -3.676955 -0.800000
      vertex -8.436643 -3.164622 0.800000
      vertex -8.400000 -3.676955 0.800000
    endloop
  endfacet
  facet normal -0.997452 -0.071339 0.000000
    outer loop
      vertex -10.650000 -3.676955 -0.800000
      vertex -10.663741 -3.484830 0.800000
      vertex -10.663741 -3.484830 -0.800000
    endloop
  endfacet
  facet normal -0.997452 -0.071339 0.000000
    outer loop
      vertex -10.650000 -3.676955 -0.800000
      vertex -10.650000 -3.676955 0.800000
      vertex -10.663741 -3.484830 0.800000
    endloop
  endfacet
  facet normal 0.000000 0.000000 1.000000
    outer loop
      vertex -8.436643 -3.164622 0.800000
      vertex -8.545825 -2.662718 0.800000
      vertex -10.704684 -3.296616 0.800000
    endloop
  endfacet
  facet normal 0.000000 0.000000 1.000000
    outer loop
      vertex -8.436643 -3.164622 0.800000
      vertex -10.704684 -3.296616 0.800000
      vertex -10.663741 -3.484830 0.800000
    endloop
  endfacet
  facet normal -0.000000 0.000000 -1.000000
    outer loop
      vertex -8.436643 -3.164622 -0.800000
      vertex -10.704684 -3.296616 -0.800000
      vertex -8.545825 -2.662718 -0.800000
    endloop
  endfacet
  facet normal 0.000000 0.000000 -1.000000
    outer loop
      vertex -8.436643 -3.164622 -0.800000
      vertex -10.663741 -3.484830 -0.800000
      vertex -10.704684 -3.296616 -0.800000
    endloop
  endfacet
  facet normal 0.977147 0.212565 0.000000
    outer loop
      vertex -8.436643 -3.164622 -0.800000
      vertex -8.545825 -2.662718 -0.800000
      vertex -8.545825 -2.662718 0.800000
    endloop
  endfacet
  facet normal 0.977147 0.212565 -0.000000
    outer loop
      vertex -8.436643 -3.164622 -0.800000
      vertex -8.545825 -2.662718 0.800000
      vertex -8.436643 -3.164622 0.800000
    endloop
  endfacet
  facet normal -0.977147 -0.212565 0.000000
    outer loop
      vertex -10.663741 -3.484830 -0.800000
      vertex -10.704684 -3.296616 0.800000
      vertex -10.704684 -3.296616 -0.800000
    endloop
  endfacet
  facet normal -0.977147 -0.212565 0.000000
    outer loop
      vertex -10.663741 -3.484830 -0.800000
      vertex -10.663741 -3.484830 0.800000
      vertex -10.704684 -3.296616 0.800000
    endloop
  endfacet
  facet normal 0.000000 0.000000 1.000000
    outer loop
      vertex -8.545825 -2.662718 0.800000
      vertex -8.725325 -2.181461 0.800000
      vertex -10.771997 -3.116145 0.800000
    endloop
  endfacet
  facet normal 0.000000 0.000000 1.000000
    outer loop
      vertex -8.545825 -2.662718 0.800000
      vertex -10.771997 -3.116145 0.800000
      vertex -10.704684 -3.296616 0.800000
    endloop
  endfacet
  facet normal -0.000000 0.000000 -1.000000
    outer loop
      vertex -8.545825 -2.662718 -0.800000
      vertex -10.771997 -3.116145 -0.800000
      vertex -8.725325 -2.181461 -0.800000
    endloop
  endfacet
  facet normal 0.000000 0.000000 -1.000000
    outer loop
      vertex -8.545825 -2.662718 -0.800000
      vertex -10.704684 -3.296616 -0.800000
      vertex -10.771997 -3.116145 -0.800000
    endloop
  endfacet
  facet normal 0.936950 0.349464 0.000000
    outer loop
      vertex -8.545825 -2.662718 -0.800000
      vertex -8.725325 -2.181461 -0.800000
      vertex -8.725325 -2.181461 0.800000
    endloop
  endfacet
  facet normal 0.936950 0.349464 -0.000000
    outer loop
      vertex -8.545825 -2.662718 -0.800000
      vertex -8.725325 -2.181461 0.800000
      vertex -8.545825 -2.662718 0.800000
    endloop
  endfacet
  facet normal -0.936950 -0.349464 0.000000
    outer loop
      vertex -10.704684 -3.296616 -0.800000
      vertex -10.771997 -3.116145 0.800000
      vertex -10.771997 -3.116145 -0.800000
    endloop
  endfacet
  facet normal -0.936950 -0.349464 0.000000
    outer loop
      vertex -10.704684 -3.296616 -0.800000
      vertex -10.704684 -3.296616 0.800000
      vertex -10.771997 -3.116145 0.800000
    endloop
  endfacet
  facet normal 0.000000 0.000000 1.000000
    outer loop
      vertex -8.725325 -2.181461 0.800000
      vertex -8.971487 -1.730648 0.800000
      vertex -10.864308 -2.947090 0.800000
    endloop
  endfacet
  facet normal 0.000000 0.000000 1.000000
    outer loop
      vertex -8.725325 -2.181461 0.800000
      vertex -10.864308 -2.947090 0.800000
      vertex -10.771997 -3.116145 0.800000
    endloop
  endfacet
  facet normal -0.000000 0.000000 -1.000000
    outer loop
      vertex -8.725325 -2.181461 -0.800000
      vertex -10.864308 -2.947090 -0.800000
      vertex -8.971487 -1.730648 -0.800000
    endloop
  endfacet
  facet normal 0.000000 0.000000 -1.000000
    outer loop
      vertex -8.725325 -2.181461 -0.800000
      vertex -10.771997 -3.116145 -0.800000
      vertex -10.864308 -2.947090 -0.800000
    endloop
  endfacet
  facet normal 0.877679 0.479249 0.000000
    outer loop
      vertex -8.725325 -2.181461 -0.800000
      vertex -8.971487 -1.730648 -0.800000
      vertex -8.971487 -1.730648 0.800000
    endloop
  endfacet
  facet normal 0.877679 0.479249 -0.000000
    outer loop
      vertex -8.725325 -2.181461 -0.800000
      vertex -8.971487 -1.730648 0.800000
      vertex -8.725325 -2.181461 0.800000
    endloop
  endfacet
  facet normal -0.877679 -0.479249 0.000000
    outer loop
      vertex -10.771997 -3.116145 -0.800000
      vertex -10.864308 -2.947090 0.800000
      vertex -10.864308 -2.947090 -0.800000
    endloop
  endfacet
  facet normal -0.877679 -0.479249 0.000000
    outer loop
      vertex -10.771997 -3.116145 -0.800000
      vertex -10.771997 -3.116145 0.800000
      vertex -10.864308 -2.947090 0.800000
    endloop
  endfacet
  facet normal 0.000000 0.000000 1.000000
    outer loop
      vertex -8.971487 -1.730648 0.800000
      vertex -9.279302 -1.319457 0.800000
      vertex -10.979738 -2.792893 0.800000
    endloop
  endfacet
  facet normal 0.000000 0.000000 1.000000
    outer loop
      vertex -8.971487 -1.730648 0.800000
      vertex -10.979738 -2.792893 0.800000
      vertex -10.864308 -2.947090 0.800000
    endloop
  endfacet
  facet normal -0.000000 0.000000 -1.000000
    outer loop
      vertex -8.971487 -1.730648 -0.800000
      vertex -10.979738 -2.792893 -0.800000
      vertex -9.279302 -1.319457 -0.800000
    endloop
  endfacet
  facet normal 0.000000 0.000000 -1.000000
    outer loop
      vertex -8.971487 -1.730648 -0.800000
      vertex -10.864308 -2.947090 -0.800000
      vertex -10.979738 -2.792893 -0.800000
    endloop
  endfacet
  facet normal 0.800541 0.599278 0.000000
    outer loop
      vertex -8.971487 -1.730648 -0.800000
      vertex -9.279302 -1.319457 -0.800000
      vertex -9.279302 -1.319457 0.800000
    endloop
  endfacet
  facet normal 0.800541 0.599278 -0.000000
    outer loop
      vertex -8.971487 -1.730648 -0.800000
      vertex -9.279302 -1.319457 0.800000
      vertex -8.971487 -1.730648 0.800000
    endloop
  endfacet
  facet normal -0.800541 -0.599278 0.000000
    outer loop
      vertex -10.864308 -2.947090 -0.800000
      vertex -10.979738 -2.792893 0.800000
      vertex -10.979738 -2.792893 -0.800000
    endloop
  endfacet
  facet normal -0.800541 -0.599278 0.000000
    outer loop
      vertex -10.864308 -2.947090 -0.800000
      vertex -10.864308 -2.947090 0.800000
      vertex -10.979738 -2.792893 0.800000
    endloop
  endfacet
  facet normal 0.000000 0.000000 1.000000
    outer loop
      vertex -9.279302 -1.319457 0.800000
      vertex -9.642501 -0.956257 0.800000
      vertex -11.115938 -2.656693 0.800000
    endloop
  endfacet
  facet normal 0.000000 0.000000 1.000000
    outer loop
      vertex -9.279302 -1.319457 0.800000
      vertex -11.115938 -2.656693 0.800000
      vertex -10.979738 -2.792893 0.800000
    endloop
  endfacet
  facet normal -0.000000 0.000000 -1.000000
    outer loop
      vertex -9.279302 -1.319457 -0.800000
      vertex -11.115938 -2.656693 -0.800000
      vertex -9.642501 -0.956257 -0.800000
    endloop
  endfacet
  facet normal 0.000000 0.000000 -1.000000
    outer loop
      vertex -9.279302 -1.319457 -0.800000
      vertex -10.979738 -2.792893 -0.800000
      vertex -11.115938 -2.656693 -0.800000
    endloop
  endfacet
  facet normal 0.707107 0.707107 0.000000
    outer loop
      vertex -9.279302 -1.319457 -0.800000
      vertex -9.642501 -0.956257 -0.800000
      vertex -9.642501 -0.956257 0.800000
    endloop
  endfacet
  facet normal 0.707107 0.707107 -0.000000
    outer loop
      vertex -9.279302 -1.319457 -0.800000
      vertex -9.642501 -0.956257 0.800000
      vertex -9.279302 -1.319457 0.800000
    endloop
  endfacet
  facet normal -0.707107 -0.707107 0.000000
    outer loop
      vertex -10.979738 -2.792893 -0.800000
      vertex -11.115938 -2.656693 0.800000
      vertex -11.115938 -2.656693 -0.800000
    endloop
  endfacet
  facet normal -0.707107 -0.707107 0.000000
    outer loop
      vertex -10.979738 -2.792893 -0.800000
      vertex -10.979738 -2.792893 0.800000
      vertex -11.115938 -2.656693 0.800000
    endloop
  endfacet
  facet normal 0.000000 0.000000 1.000000
    outer loop
      vertex -9.642501 -0.956257 0.800000
      vertex -10.053693 -0.648443 0.800000
      vertex -11.270135 -2.541263 0.800000
    endloop
  endfacet
  facet normal 0.000000 0.000000 1.000000
    outer loop
      vertex -9.642501 -0.956257 0.800000
      vertex -11.270135 -2.541263 0.800000
      vertex -11.115938 -2.656693 0.800000
    endloop
  endfacet
  facet normal -0.000000 0.000000 -1.000000
    outer loop
      vertex -9.642501 -0.956257 -0.800000
      vertex -11.270135 -2.541263 -0.800000
      vertex -10.053693 -0.648443 -0.800000
    endloop
  endfacet
  facet normal 0.000000 0.000000 -1.000000
    outer loop
      vertex -9.642501 -0.956257 -0.800000
      vertex -11.115938 -2.656693 -0.800000
      vertex -11.270135 -2.541263 -0.800000
    endloop
  endfacet
  facet normal 0.599278 0.800541 0.000000
    outer loop
      vertex -9.642501 -0.956257 -0.800000
      vertex -10.053693 -0.648443 -0.800000
      vertex -10.053693 -0.648443 0.800000
    endloop
  endfacet
  facet normal 0.599278 0.800541 -0.000000
    outer loop
      vertex -9.642501 -0.956257 -0.800000
      vertex -10.053693 -0.648443 0.800000
      vertex -9.642501 -0.956257 0.800000
    endloop
  endfacet
  facet normal -0.599278 -0.800541 0.000000
    outer loop
      vertex -11.115938 -2.656693 -0.800000
      vertex -11.270135 -2.541263 0.800000
      vertex -11.270135 -2.541263 -0.800000
    endloop
  endfacet
  facet normal -0.599278 -0.800541 0.000000
    outer loop
      vertex -11.115938 -2.656693 -0.800000
      vertex -11.115938 -2.656693 0.800000
      vertex -11.270135 -2.541263 0.800000
    endloop
  endfacet
  facet normal 0.000000 0.000000 1.000000
    outer loop
      vertex -10.053693 -0.648443 0.800000
      vertex -10.504506 -0.402280 0.800000
      vertex -11.439190 -2.448952 0.800000
    endloop
  endfacet
  facet normal 0.000000 0.000000 1.000000
    outer loop
      vertex -10.053693 -0.648443 0.800000
      vertex -11.439190 -2.448952 0.800000
      vertex -11.270135 -2.541263 0.800000
    endloop
  endfacet
  facet normal -0.000000 0.000000 -1.000000
    outer loop
      vertex -10.053693 -0.648443 -0.800000
      vertex -11.439190 -2.448952 -0.800000
      vertex -10.504506 -0.402280 -0.800000
    endloop
  endfacet
  facet normal 0.000000 0.000000 -1.000000
    outer loop
      vertex -10.053693 -0.648443 -0.800000
      vertex -11.270135 -2.541263 -0.800000
      vertex -11.439190 -2.448952 -0.800000
    endloop
  endfacet
  facet normal 0.479249 0.877679 0.000000
    outer loop
      vertex -10.053693 -0.648443 -0.800000
      vertex -10.504506 -0.402280 -0.800000
      vertex -10.504506 -0.402280 0.800000
    endloop
  endfacet
  facet normal 0.479249 0.877679 -0.000000
    outer loop
      vertex -10.053693 -0.648443 -0.800000
      vertex -10.504506 -0.402280 0.800000
      vertex -10.053693 -0.648443 0.800000
    endloop
  endfacet
  facet normal -0.479249 -0.877679 0.000000
    outer loop
      vertex -11.270135 -2.541263 -0.800000
      vertex -11.439190 -2.448952 0.800000
      vertex -11.439190 -2.448952 -0.800000
    endloop
  endfacet
  facet normal -0.479249 -0.877679 0.000000
    outer loop
      vertex -11.270135 -2.541263 -0.800000
      vertex -11.270135 -2.541263 0.800000
      vertex -11.439190 -2.448952 0.800000
    endloop
  endfacet
  facet normal 0.000000 0.000000 1.000000
    outer loop
      vertex -10.504506 -0.402280 0.800000
      vertex -10.985763 -0.222781 0.800000
      vertex -11.619661 -2.381640 0.800000
    endloop
  endfacet
  facet normal 0.000000 0.000000 1.000000
    outer loop
      vertex -10.504506 -0.402280 0.800000
      vertex -11.619661 -2.381640 0.800000
      vertex -11.439190 -2.448952 0.800000
    endloop
  endfacet
  facet normal -0.000000 0.000000 -1.000000
    outer loop
      vertex -10.504506 -0.402280 -0.800000
      vertex -11.619661 -2.381640 -0.800000
      vertex -10.985763 -0.222781 -0.800000
    endloop
  endfacet
  facet normal 0.000000 0.000000 -1.000000
    outer loop
      vertex -10.504506 -0.402280 -0.800000
      vertex -11.439190 -2.448952 -0.800000
      vertex -11.619661 -2.381640 -0.800000
    endloop
  endfacet
  facet normal 0.349464 0.936950 0.000000
    outer loop
      vertex -10.504506 -0.402280 -0.800000
      vertex -10.985763 -0.222781 -0.800000
      vertex -10.985763 -0.222781 0.800000
    endloop
  endfacet
  facet normal 0.349464 0.936950 -0.000000
    outer loop
      vertex -10.504506 -0.402280 -0.800000
      vertex -10.985763 -0.222781 0.800000
      vertex -10.504506 -0.402280 0.800000
    endloop
  endfacet
  facet normal -0.349464 -0.936950 0.000000
    outer loop
      vertex -11.439190 -2.448952 -0.800000
      vertex -11.619661 -2.381640 0.800000
      vertex -11.619661 -2.381640 -0.800000
    endloop
  endfacet
  facet normal -0.349464 -0.936950 0.000000
    outer loop
      vertex -11.439190 -2.448952 -0.800000
      vertex -11.439190 -2.448952 0.800000
      vertex -11.619661 -2.381640 0.800000
    endloop
  endfacet
  facet normal 0.000000 0.000000 1.000000
    outer loop
      vertex -10.985763 -0.222781 0.800000
      vertex -11.487667 -0.113598 0.800000
      vertex -11.807875 -2.340696 0.800000
    endloop
  endfacet
  facet normal 0.000000 0.000000 1.000000
    outer loop
      vertex -10.985763 -0.222781 0.800000
      vertex -11.807875 -2.340696 0.800000
      vertex -11.619661 -2.381640 0.800000
    endloop
  endfacet
  facet normal -0.000000 0.000000 -1.000000
    outer loop
      vertex -10.985763 -0.222781 -0.800000
      vertex -11.807875 -2.340696 -0.800000
      vertex -11.487667 -0.113598 -0.800000
    endloop
  endfacet
  facet normal 0.000000 0.000000 -1.000000
    outer loop
      vertex -10.985763 -0.222781 -0.800000
      vertex -11.619661 -2.381640 -0.800000
      vertex -11.807875 -2.340696 -0.800000
    endloop
  endfacet
  facet normal 0.212565 0.977147 0.000000
    outer loop
      vertex -10.985763 -0.222781 -0.800000
      vertex -11.487667 -0.113598 -0.800000
      vertex -11.487667 -0.113598 0.800000
    endloop
  endfacet
  facet normal 0.212565 0.977147 -0.000000
    outer loop
      vertex -10.985763 -0.222781 -0.800000
      vertex -11.487667 -0.113598 0.800000
      vertex -10.985763 -0.222781 0.800000
    endloop
  endfacet
  facet normal -0.212565 -0.977147 0.000000
    outer loop
      vertex -11.619661 -2.381640 -0.800000
      vertex -11.807875 -2.340696 0.800000
      vertex -11.807875 -2.340696 -0.800000
    endloop
  endfacet
  facet normal -0.212565 -0.977147 0.000000
    outer loop
      vertex -11.619661 -2.381640 -0.800000
      vertex -11.619661 -2.381640 0.800000
      vertex -11.807875 -2.340696 0.800000
    endloop
  endfacet
  facet normal 0.000000 0.000000 1.000000
    outer loop
      vertex -11.487667 -0.113598 0.800000
      vertex -12.000000 -0.076955 0.800000
      vertex -12.000000 -2.326955 0.800000
    endloop
  endfacet
  facet normal 0.000000 0.000000 1.000000
    outer loop
      vertex -11.487667 -0.113598 0.800000
      vertex -12.000000 -2.326955 0.800000
      vertex -11.807875 -2.340696 0.800000
    endloop
  endfacet
  facet normal -0.000000 0.000000 -1.000000
    outer loop
      vertex -11.487667 -0.113598 -0.800000
      vertex -12.000000 -2.326955 -0.800000
      vertex -12.000000 -0.076955 -0.800000
    endloop
  endfacet
  facet normal 0.000000 0.000000 -1.000000
    outer loop
      vertex -11.487667 -0.113598 -0.800000
      vertex -11.807875 -2.340696 -0.800000
      vertex -12.000000 -2.326955 -0.800000
    endloop
  endfacet
  facet normal 0.071339 0.997452 0.000000
    outer loop
      vertex -11.487667 -0.113598 -0.800000
      vertex -12.000000 -0.076955 -0.800000
      vertex -12.000000 -0.076955 0.800000
    endloop
  endfacet
  facet normal 0.071339 0.997452 -0.000000
    outer loop
      vertex -11.487667 -0.113598 -0.800000
      vertex -12.000000 -0.076955 0.800000
      vertex -11.487667 -0.113598 0.800000
    endloop
  endfacet
  facet normal -0.071339 -0.997452 0.000000
    outer loop
      vertex -11.807875 -2.340696 -0.800000
      vertex -12.000000 -2.326955 0.800000
      vertex -12.000000 -2.326955 -0.800000
    endloop
  endfacet
  facet normal -0.071339 -0.997452 0.000000
    outer loop
      vertex -11.807875 -2.340696 -0.800000
      vertex -11.807875 -2.340696 0.800000
      vertex -12.000000 -2.326955 0.800000
    endloop
  endfacet
  facet normal 0.000000 0.000000 1.000000
    outer loop
      vertex -12.000000 -0.076955 0.800000
      vertex -12.512333 -0.113598 0.800000
      vertex -12.192125 -2.340696 0.800000
    endloop
  endfacet
  facet normal 0.000000 0.000000 1.000000
    outer loop
      vertex -12.000000 -0.076955 0.800000
      vertex -12.192125 -2.340696 0.800000
      vertex -12.000000 -2.326955 0.800000
    endloop
  endfacet
  facet normal 0.000000 0.000000 -1.000000
    outer loop
      vertex -12.000000 -0.076955 -0.800000
      vertex -12.192125 -2.340696 -0.800000
      vertex -12.512333 -0.113598 -0.800000
    endloop
  endfacet
  facet normal 0.000000 0.000000 -1.000000
    outer loop
      vertex -12.000000 -0.076955 -0.800000
      vertex -12.000000 -2.326955 -0.800000
      vertex -12.192125 -2.340696 -0.800000
    endloop
  endfacet
  facet normal -0.071339 0.997452 0.000000
    outer loop
      vertex -12.000000 -0.076955 -0.800000
      vertex -12.512333 -0.113598 -0.800000
      vertex -12.512333 -0.113598 0.800000
    endloop
  endfacet
  facet normal -0.071339 0.997452 0.000000
    outer loop
      vertex -12.000000 -0.076955 -0.800000
      vertex -12.512333 -0.113598 0.800000
      vertex -12.000000 -0.076955 0.800000
    endloop
  endfacet
  facet normal 0.071339 -0.997452 0.000000
    outer loop
      vertex -12.000000 -2.326955 -0.800000
      vertex -12.192125 -2.340696 0.800000
      vertex -12.192125 -2.340696 -0.800000
    endloop
  endfacet
  facet normal 0.071339 -0.997452 0.000000
    outer loop
      vertex -12.000000 -2.326955 -0.800000
      vertex -12.000000 -2.326955 0.800000
      vertex -12.192125 -2.340696 0.800000
    endloop
  endfacet
  facet normal 0.000000 0.000000 1.000000
    outer loop
      vertex -12.512333 -0.113598 0.800000
      vertex -13.014237 -0.222781 0.800000
      vertex -12.380339 -2.381640 0.800000
    endloop
  endfacet
  facet normal 0.000000 0.000000 1.000000
    outer loop
      vertex -12.512333 -0.113598 0.800000
      vertex -12.380339 -2.381640 0.800000
      vertex -12.192125 -2.340696 0.800000
    endloop
  endfacet
  facet normal 0.000000 -0.000000 -1.000000
    outer loop
      vertex -12.512333 -0.113598 -0.800000
      vertex -12.380339 -2.381640 -0.800000
      vertex -13.014237 -0.222781 -0.800000
    endloop
  endfacet
  facet normal 0.000000 0.000000 -1.000000
    outer loop
      vertex -12.512333 -0.113598 -0.800000
      vertex -12.192125 -2.340696 -0.800000
      vertex -12.380339 -2.381640 -0.800000
    endloop
  endfacet
  facet normal -0.212565 0.977147 0.000000
    outer loop
      vertex -12.512333 -0.113598 -0.800000
      vertex -13.014237 -0.222781 -0.800000
      vertex -13.014237 -0.222781 0.800000
    endloop
  endfacet
  facet normal -0.212565 0.977147 0.000000
    outer loop
      vertex -12.512333 -0.113598 -0.800000
      vertex -13.014237 -0.222781 0.800000
      vertex -12.512333 -0.113598 0.800000
    endloop
  endfacet
  facet normal 0.212565 -0.977147 0.000000
    outer loop
      vertex -12.192125 -2.340696 -0.800000
      vertex -12.380339 -2.381640 0.800000
      vertex -12.380339 -2.381640 -0.800000
    endloop
  endfacet
  facet normal 0.212565 -0.977147 0.000000
    outer loop
      vertex -12.192125 -2.340696 -0.800000
      vertex -12.192125 -2.340696 0.800000
      vertex -12.380339 -2.381640 0.800000
    endloop
  endfacet
  facet normal 0.000000 0.000000 1.000000
    outer loop
      vertex -13.014237 -0.222781 0.800000
      vertex -13.495494 -0.402280 0.800000
      vertex -12.560810 -2.448952 0.800000
    endloop
  endfacet
  facet normal 0.000000 0.000000 1.000000
    outer loop
      vertex -13.014237 -0.222781 0.800000
      vertex -12.560810 -2.448952 0.800000
      vertex -12.380339 -2.381640 0.800000
    endloop
  endfacet
  facet normal 0.000000 -0.000000 -1.000000
    outer loop
      vertex -13.014237 -0.222781 -0.800000
      vertex -12.560810 -2.448952 -0.800000
      vertex -13.495494 -0.402280 -0.800000
    endloop
  endfacet
  facet normal 0.000000 0.000000 -1.000000
    outer loop
      vertex -13.014237 -0.222781 -0.800000
      vertex -12.380339 -2.381640 -0.800000
      vertex -12.560810 -2.448952 -0.800000
    endloop
  endfacet
  facet normal -0.349464 0.936950 0.000000
    outer loop
      vertex -13.014237 -0.222781 -0.800000
      vertex -13.495494 -0.402280 -0.800000
      vertex -13.495494 -0.402280 0.800000
    endloop
  endfacet
  facet normal -0.349464 0.936950 0.000000
    outer loop
      vertex -13.014237 -0.222781 -0.800000
      vertex -13.495494 -0.402280 0.800000
      vertex -13.014237 -0.222781 0.800000
    endloop
  endfacet
  facet normal 0.349464 -0.936950 0.000000
    outer loop
      vertex -12.380339 -2.381640 -0.800000
      vertex -12.560810 -2.448952 0.800000
      vertex -12.560810 -2.448952 -0.800000
    endloop
  endfacet
  facet normal 0.349464 -0.936950 0.000000
    outer loop
      vertex -12.380339 -2.381640 -0.800000
      vertex -12.380339 -2.381640 0.800000
      vertex -12.560810 -2.448952 0.800000
    endloop
  endfacet
  facet normal 0.000000 0.000000 1.000000
    outer loop
      vertex -13.495494 -0.402280 0.800000
      vertex -13.946307 -0.648443 0.800000
      vertex -12.729865 -2.541263 0.800000
    endloop
  endfacet
  facet normal 0.000000 0.000000 1.000000
    outer loop
      vertex -13.495494 -0.402280 0.800000
      vertex -12.729865 -2.541263 0.800000
      vertex -12.560810 -2.448952 0.800000
    endloop
  endfacet
  facet normal 0.000000 -0.000000 -1.000000
    outer loop
      vertex -13.495494 -0.402280 -0.800000
      vertex -12.729865 -2.541263 -0.800000
      vertex -13.946307 -0.648443 -0.800000
    endloop
  endfacet
  facet normal 0.000000 0.000000 -1.000000
    outer loop
      vertex -13.495494 -0.402280 -0.800000
      vertex -12.560810 -2.448952 -0.800000
      vertex -12.729865 -2.541263 -0.800000
    endloop
  endfacet
  facet normal -0.479249 0.877679 0.000000
    outer loop
      vertex -13.495494 -0.402280 -0.800000
      vertex -13.946307 -0.648443 -0.800000
      vertex -13.946307 -0.648443 0.800000
    endloop
  endfacet
  facet normal -0.479249 0.877679 0.000000
    outer loop
      vertex -13.495494 -0.402280 -0.800000
      vertex -13.946307 -0.648443 0.800000
      vertex -13.495494 -0.402280 0.800000
    endloop
  endfacet
  facet normal 0.479249 -0.877679 0.000000
    outer loop
      vertex -12.560810 -2.448952 -0.800000
      vertex -12.729865 -2.541263 0.800000
      vertex -12.729865 -2.541263 -0.800000
    endloop
  endfacet
  facet normal 0.479249 -0.877679 0.000000
    outer loop
      vertex -12.560810 -2.448952 -0.800000
      vertex -12.560810 -2.448952 0.800000
      vertex -12.729865 -2.541263 0.800000
    endloop
  endfacet
  facet normal 0.000000 0.000000 1.000000
    outer loop
      vertex -13.946307 -0.648443 0.800000
      vertex -14.357499 -0.956257 0.800000
      vertex -12.884062 -2.656693 0.800000
    endloop
  endfacet
  facet normal 0.000000 0.000000 1.000000
    outer loop
      vertex -13.946307 -0.648443 0.800000
      vertex -12.884062 -2.656693 0.800000
      vertex -12.729865 -2.541263 0.800000
    endloop
  endfacet
  facet normal 0.000000 -0.000000 -1.000000
    outer loop
      vertex -13.946307 -0.648443 -0.800000
      vertex -12.884062 -2.656693 -0.800000
      vertex -14.357499 -0.956257 -0.800000
    endloop
  endfacet
  facet normal 0.000000 0.000000 -1.000000
    outer loop
      vertex -13.946307 -0.648443 -0.800000
      vertex -12.729865 -2.541263 -0.800000
      vertex -12.884062 -2.656693 -0.800000
    endloop
  endfacet
  facet normal -0.599278 0.800541 0.000000
    outer loop
      vertex -13.946307 -0.648443 -0.800000
      vertex -14.357499 -0.956257 -0.800000
      vertex -14.357499 -0.956257 0.800000
    endloop
  endfacet
  facet normal -0.599278 0.800541 0.000000
    outer loop
      vertex -13.946307 -0.648443 -0.800000
      vertex -14.357499 -0.956257 0.800000
      vertex -13.946307 -0.648443 0.800000
    endloop
  endfacet
  facet normal 0.599278 -0.800541 0.000000
    outer loop
      vertex -12.729865 -2.541263 -0.800000
      vertex -12.884062 -2.656693 0.800000
      vertex -12.884062 -2.656693 -0.800000
    endloop
  endfacet
  facet normal 0.599278 -0.800541 0.000000
    outer loop
      vertex -12.729865 -2.541263 -0.800000
      vertex -12.729865 -2.541263 0.800000
      vertex -12.884062 -2.656693 0.800000
    endloop
  endfacet
  facet normal 0.000000 0.000000 1.000000
    outer loop
      vertex -14.357499 -0.956257 0.800000
      vertex -14.720698 -1.319457 0.800000
      vertex -13.020262 -2.792893 0.800000
    endloop
  endfacet
  facet normal 0.000000 0.000000 1.000000
    outer loop
      vertex -14.357499 -0.956257 0.800000
      vertex -13.020262 -2.792893 0.800000
      vertex -12.884062 -2.656693 0.800000
    endloop
  endfacet
  facet normal 0.000000 -0.000000 -1.000000
    outer loop
      vertex -14.357499 -0.956257 -0.800000
      vertex -13.020262 -2.792893 -0.800000
      vertex -14.720698 -1.319457 -0.800000
    endloop
  endfacet
  facet normal 0.000000 0.000000 -1.000000
    outer loop
      vertex -14.357499 -0.956257 -0.800000
      vertex -12.884062 -2.656693 -0.800000
      vertex -13.020262 -2.792893 -0.800000
    endloop
  endfacet
  facet normal -0.707107 0.707107 0.000000
    outer loop
      vertex -14.357499 -0.956257 -0.800000
      vertex -14.720698 -1.319457 -0.800000
      vertex -14.720698 -1.319457 0.800000
    endloop
  endfacet
  facet normal -0.707107 0.707107 0.000000
    outer loop
      vertex -14.357499 -0.956257 -0.800000
      vertex -14.720698 -1.319457 0.800000
      vertex -14.357499 -0.956257 0.800000
    endloop
  endfacet
  facet normal 0.707107 -0.707107 0.000000
    outer loop
      vertex -12.884062 -2.656693 -0.800000
      vertex -13.020262 -2.792893 0.800000
      vertex -13.020262 -2.792893 -0.800000
    endloop
  endfacet
  facet normal 0.707107 -0.707107 0.000000
    outer loop
      vertex -12.884062 -2.656693 -0.800000
      vertex -12.884062 -2.656693 0.800000
      vertex -13.020262 -2.792893 0.800000
    endloop
  endfacet
  facet normal 0.000000 0.000000 1.000000
    outer loop
      vertex -14.720698 -1.319457 0.800000
      vertex -15.028513 -1.730648 0.800000
      vertex -13.135692 -2.947090 0.800000
    endloop
  endfacet
  facet normal 0.000000 0.000000 1.000000
    outer loop
      vertex -14.720698 -1.319457 0.800000
      vertex -13.135692 -2.947090 0.800000
      vertex -13.020262 -2.792893 0.800000
    endloop
  endfacet
  facet normal 0.000000 -0.000000 -1.000000
    outer loop
      vertex -14.720698 -1.319457 -0.800000
      vertex -13.135692 -2.947090 -0.800000
      vertex -15.028513 -1.730648 -0.800000
    endloop
  endfacet
  facet normal 0.000000 0.000000 -1.000000
    outer loop
      vertex -14.720698 -1.319457 -0.800000
      vertex -13.020262 -2.792893 -0.800000
      vertex -13.135692 -2.947090 -0.800000
    endloop
  endfacet
  facet normal -0.800541 0.599278 0.000000
    outer loop
      vertex -14.720698 -1.319457 -0.800000
      vertex -15.028513 -1.730648 -0.800000
      vertex -15.028513 -1.730648 0.800000
    endloop
  endfacet
  facet normal -0.800541 0.599278 0.000000
    outer loop
      vertex -14.720698 -1.319457 -0.800000
      vertex -15.028513 -1.730648 0.800000
      vertex -14.720698 -1.319457 0.800000
    endloop
  endfacet
  facet normal 0.800541 -0.599278 0.000000
    outer loop
      vertex -13.020262 -2.792893 -0.800000
      vertex -13.135692 -2.947090 0.800000
      vertex -13.135692 -2.947090 -0.800000
    endloop
  endfacet
  facet normal 0.800541 -0.599278 0.000000
    outer loop
      vertex -13.020262 -2.792893 -0.800000
      vertex -13.020262 -2.792893 0.800000
      vertex -13.135692 -2.947090 0.800000
    endloop
  endfacet
  facet normal 0.000000 0.000000 1.000000
    outer loop
      vertex -15.028513 -1.730648 0.800000
      vertex -15.274675 -2.181461 0.800000
      vertex -13.228003 -3.116145 0.800000
    endloop
  endfacet
  facet normal 0.000000 0.000000 1.000000
    outer loop
      vertex -15.028513 -1.730648 0.800000
      vertex -13.228003 -3.116145 0.800000
      vertex -13.135692 -2.947090 0.800000
    endloop
  endfacet
  facet normal 0.000000 -0.000000 -1.000000
    outer loop
      vertex -15.028513 -1.730648 -0.800000
      vertex -13.228003 -3.116145 -0.800000
      vertex -15.274675 -2.181461 -0.800000
    endloop
  endfacet
  facet normal 0.000000 0.000000 -1.000000
    outer loop
      vertex -15.028513 -1.730648 -0.800000
      vertex -13.135692 -2.947090 -0.800000
      vertex -13.228003 -3.116145 -0.800000
    endloop
  endfacet
  facet normal -0.877679 0.479249 0.000000
    outer loop
      vertex -15.028513 -1.730648 -0.800000
      vertex -15.274675 -2.181461 -0.800000
      vertex -15.274675 -2.181461 0.800000
    endloop
  endfacet
  facet normal -0.877679 0.479249 0.000000
    outer loop
      vertex -15.028513 -1.730648 -0.800000
      vertex -15.274675 -2.181461 0.800000
      vertex -15.028513 -1.730648 0.800000
    endloop
  endfacet
  facet normal 0.877679 -0.479249 0.000000
    outer loop
      vertex -13.135692 -2.947090 -0.800000
      vertex -13.228003 -3.116145 0.800000
      vertex -13.228003 -3.116145 -0.800000
    endloop
  endfacet
  facet normal 0.877679 -0.479249 0.000000
    outer loop
      vertex -13.135692 -2.947090 -0.800000
      vertex -13.135692 -2.947090 0.800000
      vertex -13.228003 -3.116145 0.800000
    endloop
  endfacet
  facet normal 0.000000 0.000000 1.000000
    outer loop
      vertex -15.274675 -2.181461 0.800000
      vertex -15.454175 -2.662718 0.800000
      vertex -13.295316 -3.296616 0.800000
    endloop
  endfacet
  facet normal 0.000000 0.000000 1.000000
    outer loop
      vertex -15.274675 -2.181461 0.800000
      vertex -13.295316 -3.296616 0.800000
      vertex -13.228003 -3.116145 0.800000
    endloop
  endfacet
  facet normal 0.000000 -0.000000 -1.000000
    outer loop
      vertex -15.274675 -2.181461 -0.800000
      vertex -13.295316 -3.296616 -0.800000
      vertex -15.454175 -2.662718 -0.800000
    endloop
  endfacet
  facet normal 0.000000 0.000000 -1.000000
    outer loop
      vertex -15.274675 -2.181461 -0.800000
      vertex -13.228003 -3.116145 -0.800000
      vertex -13.295316 -3.296616 -0.800000
    endloop
  endfacet
  facet normal -0.936950 0.349464 0.000000
    outer loop
      vertex -15.274675 -2.181461 -0.800000
      vertex -15.454175 -2.662718 -0.800000
      vertex -15.454175 -2.662718 0.800000
    endloop
  endfacet
  facet normal -0.936950 0.349464 0.000000
    outer loop
      vertex -15.274675 -2.181461 -0.800000
      vertex -15.454175 -2.662718 0.800000
      vertex -15.274675 -2.181461 0.800000
    endloop
  endfacet
  facet normal 0.936950 -0.349464 0.000000
    outer loop
      vertex -13.228003 -3.116145 -0.800000
      vertex -13.295316 -3.296616 0.800000
      vertex -13.295316 -3.296616 -0.800000
    endloop
  endfacet
  facet normal 0.936950 -0.349464 0.000000
    outer loop
      vertex -13.228003 -3.116145 -0.800000
      vertex -13.228003 -3.116145 0.800000
      vertex -13.295316 -3.296616 0.800000
    endloop
  endfacet
  facet normal 0.000000 0.000000 1.000000
    outer loop
      vertex -15.454175 -2.662718 0.800000
      vertex -15.563357 -3.164622 0.800000
      vertex -13.336259 -3.484830 0.800000
    endloop
  endfacet
  facet normal 0.000000 0.000000 1.000000
    outer loop
      vertex -15.454175 -2.662718 0.800000
      vertex -13.336259 -3.484830 0.800000
      vertex -13.295316 -3.296616 0.800000
    endloop
  endfacet
  facet normal 0.000000 -0.000000 -1.000000
    outer loop
      vertex -15.454175 -2.662718 -0.800000
      vertex -13.336259 -3.484830 -0.800000
      vertex -15.563357 -3.164622 -0.800000
    endloop
  endfacet
  facet normal 0.000000 0.000000 -1.000000
    outer loop
      vertex -15.454175 -2.662718 -0.800000
      vertex -13.295316 -3.296616 -0.800000
      vertex -13.336259 -3.484830 -0.800000
    endloop
  endfacet
  facet normal -0.977147 0.212565 0.000000
    outer loop
      vertex -15.454175 -2.662718 -0.800000
      vertex -15.563357 -3.164622 -0.800000
      vertex -15.563357 -3.164622 0.800000
    endloop
  endfacet
  facet normal -0.977147 0.212565 0.000000
    outer loop
      vertex -15.454175 -2.662718 -0.800000
      vertex -15.563357 -3.164622 0.800000
      vertex -15.454175 -2.662718 0.800000
    endloop
  endfacet
  facet normal 0.977147 -0.212565 0.000000
    outer loop
      vertex -13.295316 -3.296616 -0.800000
      vertex -13.336259 -3.484830 0.800000
      vertex -13.336259 -3.484830 -0.800000
    endloop
  endfacet
  facet normal 0.977147 -0.212565 0.000000
    outer loop
      vertex -13.295316 -3.296616 -0.800000
      vertex -13.295316 -3.296616 0.800000
      vertex -13.336259 -3.484830 0.800000
    endloop
  endfacet
  facet normal 0.000000 0.000000 1.000000
    outer loop
      vertex -15.563357 -3.164622 0.800000
      vertex -15.600000 -3.676955 0.800000
      vertex -13.350000 -3.676955 0.800000
    endloop
  endfacet
  facet normal 0.000000 0.000000 1.000000
    outer loop
      vertex -15.563357 -3.164622 0.800000
      vertex -13.350000 -3.676955 0.800000
      vertex -13.336259 -3.484830 0.800000
    endloop
  endfacet
  facet normal 0.000000 -0.000000 -1.000000
    outer loop
      vertex -15.563357 -3.164622 -0.800000
      vertex -13.350000 -3.676955 -0.800000
      vertex -15.600000 -3.676955 -0.800000
    endloop
  endfacet
  facet normal 0.000000 0.000000 -1.000000
    outer loop
      vertex -15.563357 -3.164622 -0.800000
      vertex -13.336259 -3.484830 -0.800000
      vertex -13.350000 -3.676955 -0.800000
    endloop
  endfacet
  facet normal -0.997452 0.071339 0.000000
    outer loop
      vertex -15.563357 -3.164622 -0.800000
      vertex -15.600000 -3.676955 -0.800000
      vertex -15.600000 -3.676955 0.800000
    endloop
  endfacet
  facet normal -0.997452 0.071339 0.000000
    outer loop
      vertex -15.563357 -3.164622 -0.800000
      vertex -15.600000 -3.676955 0.800000
      vertex -15.563357 -3.164622 0.800000
    endloop
  endfacet
  facet normal 0.997452 -0.071339 0.000000
    outer loop
      vertex -13.336259 -3.484830 -0.800000
      vertex -13.350000 -3.676955 0.800000
      vertex -13.350000 -3.676955 -0.800000
    endloop
  endfacet
  facet normal 0.997452 -0.071339 0.000000
    outer loop
      vertex -13.336259 -3.484830 -0.800000
      vertex -13.336259 -3.484830 0.800000
      vertex -13.350000 -3.676955 0.800000
    endloop
  endfacet
  facet normal 0.000000 0.000000 1.000000
    outer loop
      vertex -15.600000 -3.676955 0.800000
      vertex -15.563357 -4.189289 0.800000
      vertex -13.336259 -3.869080 0.800000
    endloop
  endfacet
  facet normal 0.000000 0.000000 1.000000
    outer loop
      vertex -15.600000 -3.676955 0.800000
      vertex -13.336259 -3.869080 0.800000
      vertex -13.350000 -3.676955 0.800000
    endloop
  endfacet
  facet normal 0.000000 0.000000 -1.000000
    outer loop
      vertex -15.600000 -3.676955 -0.800000
      vertex -13.336259 -3.869080 -0.800000
      vertex -15.563357 -4.189289 -0.800000
    endloop
  endfacet
  facet normal 0.000000 0.000000 -1.000000
    outer loop
      vertex -15.600000 -3.676955 -0.800000
      vertex -13.350000 -3.676955 -0.800000
      vertex -13.336259 -3.869080 -0.800000
    endloop
  endfacet
  facet normal -0.997452 -0.071339 0.000000
    outer loop
      vertex -15.600000 -3.676955 -0.800000
      vertex -15.563357 -4.189289 -0.800000
      vertex -15.563357 -4.189289 0.800000
    endloop
  endfacet
  facet normal -0.997452 -0.071339 0.000000
    outer loop
      vertex -15.600000 -3.676955 -0.800000
      vertex -15.563357 -4.189289 0.800000
      vertex -15.600000 -3.676955 0.800000
    endloop
  endfacet
  facet normal 0.997452 0.071339 0.000000
    outer loop
      vertex -13.350000 -3.676955 -0.800000
      vertex -13.336259 -3.869080 0.800000
      vertex -13.336259 -3.869080 -0.800000
    endloop
  endfacet
  facet normal 0.997452 0.071339 -0.000000
    outer loop
      vertex -13.350000 -3.676955 -0.800000
      vertex -13.350000 -3.676955 0.800000
      vertex -13.336259 -3.869080 0.800000
    endloop
  endfacet
  facet normal -0.000000 0.000000 1.000000
    outer loop
      vertex -15.563357 -4.189289 0.800000
      vertex -15.454175 -4.691192 0.800000
      vertex -13.295316 -4.057294 0.800000
    endloop
  endfacet
  facet normal 0.000000 0.000000 1.000000
    outer loop
      vertex -15.563357 -4.189289 0.800000
      vertex -13.295316 -4.057294 0.800000
      vertex -13.336259 -3.869080 0.800000
    endloop
  endfacet
  facet normal 0.000000 0.000000 -1.000000
    outer loop
      vertex -15.563357 -4.189289 -0.800000
      vertex -13.295316 -4.057294 -0.800000
      vertex -15.454175 -4.691192 -0.800000
    endloop
  endfacet
  facet normal 0.000000 0.000000 -1.000000
    outer loop
      vertex -15.563357 -4.189289 -0.800000
      vertex -13.336259 -3.869080 -0.800000
      vertex -13.295316 -4.057294 -0.800000
    endloop
  endfacet
  facet normal -0.977147 -0.212565 0.000000
    outer loop
      vertex -15.563357 -4.189289 -0.800000
      vertex -15.454175 -4.691192 -0.800000
      vertex -15.454175 -4.691192 0.800000
    endloop
  endfacet
  facet normal -0.977147 -0.212565 0.000000
    outer loop
      vertex -15.563357 -4.189289 -0.800000
      vertex -15.454175 -4.691192 0.800000
      vertex -15.563357 -4.189289 0.800000
    endloop
  endfacet
  facet normal 0.977147 0.212565 0.000000
    outer loop
      vertex -13.336259 -3.869080 -0.800000
      vertex -13.295316 -4.057294 0.800000
      vertex -13.295316 -4.057294 -0.800000
    endloop
  endfacet
  facet normal 0.977147 0.212565 -0.000000
    outer loop
      vertex -13.336259 -3.869080 -0.800000
      vertex -13.336259 -3.869080 0.800000
      vertex -13.295316 -4.057294 0.800000
    endloop
  endfacet
  facet normal -0.000000 0.000000 1.000000
    outer loop
      vertex -15.454175 -4.691192 0.800000
      vertex -15.274675 -5.172449 0.800000
      vertex -13.228003 -4.237766 0.800000
    endloop
  endfacet
  facet normal 0.000000 0.000000 1.000000
    outer loop
      vertex -15.454175 -4.691192 0.800000
      vertex -13.228003 -4.237766 0.800000
      vertex -13.295316 -4.057294 0.800000
    endloop
  endfacet
  facet normal 0.000000 0.000000 -1.000000
    outer loop
      vertex -15.454175 -4.691192 -0.800000
      vertex -13.228003 -4.237766 -0.800000
      vertex -15.274675 -5.172449 -0.800000
    endloop
  endfacet
  facet normal 0.000000 0.000000 -1.000000
    outer loop
      vertex -15.454175 -4.691192 -0.800000
      vertex -13.295316 -4.057294 -0.800000
      vertex -13.228003 -4.237766 -0.800000
    endloop
  endfacet
  facet normal -0.936950 -0.349464 0.000000
    outer loop
      vertex -15.454175 -4.691192 -0.800000
      vertex -15.274675 -5.172449 -0.800000
      vertex -15.274675 -5.172449 0.800000
    endloop
  endfacet
  facet normal -0.936950 -0.349464 0.000000
    outer loop
      vertex -15.454175 -4.691192 -0.800000
      vertex -15.274675 -5.172449 0.800000
      vertex -15.454175 -4.691192 0.800000
    endloop
  endfacet
  facet normal 0.936950 0.349464 0.000000
    outer loop
      vertex -13.295316 -4.057294 -0.800000
      vertex -13.228003 -4.237766 0.800000
      vertex -13.228003 -4.237766 -0.800000
    endloop
  endfacet
  facet normal 0.936950 0.349464 -0.000000
    outer loop
      vertex -13.295316 -4.057294 -0.800000
      vertex -13.295316 -4.057294 0.800000
      vertex -13.228003 -4.237766 0.800000
    endloop
  endfacet
  facet normal -0.000000 0.000000 1.000000
    outer loop
      vertex -15.274675 -5.172449 0.800000
      vertex -15.028513 -5.623262 0.800000
      vertex -13.135692 -4.406820 0.800000
    endloop
  endfacet
  facet normal 0.000000 0.000000 1.000000
    outer loop
      vertex -15.274675 -5.172449 0.800000
      vertex -13.135692 -4.406820 0.800000
      vertex -13.228003 -4.237766 0.800000
    endloop
  endfacet
  facet normal 0.000000 0.000000 -1.000000
    outer loop
      vertex -15.274675 -5.172449 -0.800000
      vertex -13.135692 -4.406820 -0.800000
      vertex -15.028513 -5.623262 -0.800000
    endloop
  endfacet
  facet normal 0.000000 0.000000 -1.000000
    outer loop
      vertex -15.274675 -5.172449 -0.800000
      vertex -13.228003 -4.237766 -0.800000
      vertex -13.135692 -4.406820 -0.800000
    endloop
  endfacet
  facet normal -0.877679 -0.479249 0.000000
    outer loop
      vertex -15.274675 -5.172449 -0.800000
      vertex -15.028513 -5.623262 -0.800000
      vertex -15.028513 -5.623262 0.800000
    endloop
  endfacet
  facet normal -0.877679 -0.479249 0.000000
    outer loop
      vertex -15.274675 -5.172449 -0.800000
      vertex -15.028513 -5.623262 0.800000
      vertex -15.274675 -5.172449 0.800000
    endloop
  endfacet
  facet normal 0.877679 0.479249 0.000000
    outer loop
      vertex -13.228003 -4.237766 -0.800000
      vertex -13.135692 -4.406820 0.800000
      vertex -13.135692 -4.406820 -0.800000
    endloop
  endfacet
  facet normal 0.877679 0.479249 -0.000000
    outer loop
      vertex -13.228003 -4.237766 -0.800000
      vertex -13.228003 -4.237766 0.800000
      vertex -13.135692 -4.406820 0.800000
    endloop
  endfacet
  facet normal -0.000000 0.000000 1.000000
    outer loop
      vertex -15.028513 -5.623262 0.800000
      vertex -14.720698 -6.034454 0.800000
      vertex -13.020262 -4.561017 0.800000
    endloop
  endfacet
  facet normal 0.000000 0.000000 1.000000
    outer loop
      vertex -15.028513 -5.623262 0.800000
      vertex -13.020262 -4.561017 0.800000
      vertex -13.135692 -4.406820 0.800000
    endloop
  endfacet
  facet normal 0.000000 0.000000 -1.000000
    outer loop
      vertex -15.028513 -5.623262 -0.800000
      vertex -13.020262 -4.561017 -0.800000
      vertex -14.720698 -6.034454 -0.800000
    endloop
  endfacet
  facet normal 0.000000 0.000000 -1.000000
    outer loop
      vertex -15.028513 -5.623262 -0.800000
      vertex -13.135692 -4.406820 -0.800000
      vertex -13.020262 -4.561017 -0.800000
    endloop
  endfacet
  facet normal -0.800541 -0.599278 0.000000
    outer loop
      vertex -15.028513 -5.623262 -0.800000
      vertex -14.720698 -6.034454 -0.800000
      vertex -14.720698 -6.034454 0.800000
    endloop
  endfacet
  facet normal -0.800541 -0.599278 0.000000
    outer loop
      vertex -15.028513 -5.623262 -0.800000
      vertex -14.720698 -6.034454 0.800000
      vertex -15.028513 -5.623262 0.800000
    endloop
  endfacet
  facet normal 0.800541 0.599278 0.000000
    outer loop
      vertex -13.135692 -4.406820 -0.800000
      vertex -13.020262 -4.561017 0.800000
      vertex -13.020262 -4.561017 -0.800000
    endloop
  endfacet
  facet normal 0.800541 0.599278 -0.000000
    outer loop
      vertex -13.135692 -4.406820 -0.800000
      vertex -13.135692 -4.406820 0.800000
      vertex -13.020262 -4.561017 0.800000
    endloop
  endfacet
  facet normal -0.000000 0.000000 1.000000
    outer loop
      vertex -14.720698 -6.034454 0.800000
      vertex -14.357499 -6.397654 0.800000
      vertex -12.884062 -4.697217 0.800000
    endloop
  endfacet
  facet normal 0.000000 0.000000 1.000000
    outer loop
      vertex -14.720698 -6.034454 0.800000
      vertex -12.884062 -4.697217 0.800000
      vertex -13.020262 -4.561017 0.800000
    endloop
  endfacet
  facet normal 0.000000 0.000000 -1.000000
    outer loop
      vertex -14.720698 -6.034454 -0.800000
      vertex -12.884062 -4.697217 -0.800000
      vertex -14.357499 -6.397654 -0.800000
    endloop
  endfacet
  facet normal 0.000000 0.000000 -1.000000
    outer loop
      vertex -14.720698 -6.034454 -0.800000
      vertex -13.020262 -4.561017 -0.800000
      vertex -12.884062 -4.697217 -0.800000
    endloop
  endfacet
  facet normal -0.707107 -0.707107 0.000000
    outer loop
      vertex -14.720698 -6.034454 -0.800000
      vertex -14.357499 -6.397654 -0.800000
      vertex -14.357499 -6.397654 0.800000
    endloop
  endfacet
  facet normal -0.707107 -0.707107 0.000000
    outer loop
      vertex -14.720698 -6.034454 -0.800000
      vertex -14.357499 -6.397654 0.800000
      vertex -14.720698 -6.034454 0.800000
    endloop
  endfacet
  facet normal 0.707107 0.707107 0.000000
    outer loop
      vertex -13.020262 -4.561017 -0.800000
      vertex -12.884062 -4.697217 0.800000
      vertex -12.884062 -4.697217 -0.800000
    endloop
  endfacet
  facet normal 0.707107 0.707107 -0.000000
    outer loop
      vertex -13.020262 -4.561017 -0.800000
      vertex -13.020262 -4.561017 0.800000
      vertex -12.884062 -4.697217 0.800000
    endloop
  endfacet
  facet normal -0.000000 0.000000 1.000000
    outer loop
      vertex -14.357499 -6.397654 0.800000
      vertex -13.946307 -6.705468 0.800000
      vertex -12.729865 -4.812648 0.800000
    endloop
  endfacet
  facet normal 0.000000 0.000000 1.000000
    outer loop
      vertex -14.357499 -6.397654 0.800000
      vertex -12.729865 -4.812648 0.800000
      vertex -12.884062 -4.697217 0.800000
    endloop
  endfacet
  facet normal 0.000000 0.000000 -1.000000
    outer loop
      vertex -14.357499 -6.397654 -0.800000
      vertex -12.729865 -4.812648 -0.800000
      vertex -13.946307 -6.705468 -0.800000
    endloop
  endfacet
  facet normal 0.000000 0.000000 -1.000000
    outer loop
      vertex -14.357499 -6.397654 -0.800000
      vertex -12.884062 -4.697217 -0.800000
      vertex -12.729865 -4.812648 -0.800000
    endloop
  endfacet
  facet normal -0.599278 -0.800541 0.000000
    outer loop
      vertex -14.357499 -6.397654 -0.800000
      vertex -13.946307 -6.705468 -0.800000
      vertex -13.946307 -6.705468 0.800000
    endloop
  endfacet
  facet normal -0.599278 -0.800541 0.000000
    outer loop
      vertex -14.357499 -6.397654 -0.800000
      vertex -13.946307 -6.705468 0.800000
      vertex -14.357499 -6.397654 0.800000
    endloop
  endfacet
  facet normal 0.599278 0.800541 0.000000
    outer loop
      vertex -12.884062 -4.697217 -0.800000
      vertex -12.729865 -4.812648 0.800000
      vertex -12.729865 -4.812648 -0.800000
    endloop
  endfacet
  facet normal 0.599278 0.800541 -0.000000
    outer loop
      vertex -12.884062 -4.697217 -0.800000
      vertex -12.884062 -4.697217 0.800000
      vertex -12.729865 -4.812648 0.800000
    endloop
  endfacet
  facet normal -0.000000 0.000000 1.000000
    outer loop
      vertex -13.946307 -6.705468 0.800000
      vertex -13.495494 -6.951630 0.800000
      vertex -12.560810 -4.904958 0.800000
    endloop
  endfacet
  facet normal 0.000000 0.000000 1.000000
    outer loop
      vertex -13.946307 -6.705468 0.800000
      vertex -12.560810 -4.904958 0.800000
      vertex -12.729865 -4.812648 0.800000
    endloop
  endfacet
  facet normal 0.000000 0.000000 -1.000000
    outer loop
      vertex -13.946307 -6.705468 -0.800000
      vertex -12.560810 -4.904958 -0.800000
      vertex -13.495494 -6.951630 -0.800000
    endloop
  endfacet
  facet normal 0.000000 0.000000 -1.000000
    outer loop
      vertex -13.946307 -6.705468 -0.800000
      vertex -12.729865 -4.812648 -0.800000
      vertex -12.560810 -4.904958 -0.800000
    endloop
  endfacet
  facet normal -0.479249 -0.877679 0.000000
    outer loop
      vertex -13.946307 -6.705468 -0.800000
      vertex -13.495494 -6.951630 -0.800000
      vertex -13.495494 -6.951630 0.800000
    endloop
  endfacet
  facet normal -0.479249 -0.877679 0.000000
    outer loop
      vertex -13.946307 -6.705468 -0.800000
      vertex -13.495494 -6.951630 0.800000
      vertex -13.946307 -6.705468 0.800000
    endloop
  endfacet
  facet normal 0.479249 0.877679 0.000000
    outer loop
      vertex -12.729865 -4.812648 -0.800000
      vertex -12.560810 -4.904958 0.800000
      vertex -12.560810 -4.904958 -0.800000
    endloop
  endfacet
  facet normal 0.479249 0.877679 -0.000000
    outer loop
      vertex -12.729865 -4.812648 -0.800000
      vertex -12.729865 -4.812648 0.800000
      vertex -12.560810 -4.904958 0.800000
    endloop
  endfacet
  facet normal -0.000000 0.000000 1.000000
    outer loop
      vertex -13.495494 -6.951630 0.800000
      vertex -13.014237 -7.131130 0.800000
      vertex -12.380339 -4.972271 0.800000
    endloop
  endfacet
  facet normal 0.000000 0.000000 1.000000
    outer loop
      vertex -13.495494 -6.951630 0.800000
      vertex -12.380339 -4.972271 0.800000
      vertex -12.560810 -4.904958 0.800000
    endloop
  endfacet
  facet normal 0.000000 0.000000 -1.000000
    outer loop
      vertex -13.495494 -6.951630 -0.800000
      vertex -12.380339 -4.972271 -0.800000
      vertex -13.014237 -7.131130 -0.800000
    endloop
  endfacet
  facet normal 0.000000 0.000000 -1.000000
    outer loop
      vertex -13.495494 -6.951630 -0.800000
      vertex -12.560810 -4.904958 -0.800000
      vertex -12.380339 -4.972271 -0.800000
    endloop
  endfacet
  facet normal -0.349464 -0.936950 0.000000
    outer loop
      vertex -13.495494 -6.951630 -0.800000
      vertex -13.014237 -7.131130 -0.800000
      vertex -13.014237 -7.131130 0.800000
    endloop
  endfacet
  facet normal -0.349464 -0.936950 0.000000
    outer loop
      vertex -13.495494 -6.951630 -0.800000
      vertex -13.014237 -7.131130 0.800000
      vertex -13.495494 -6.951630 0.800000
    endloop
  endfacet
  facet normal 0.349464 0.936950 0.000000
    outer loop
      vertex -12.560810 -4.904958 -0.800000
      vertex -12.380339 -4.972271 0.800000
      vertex -12.380339 -4.972271 -0.800000
    endloop
  endfacet
  facet normal 0.349464 0.936950 -0.000000
    outer loop
      vertex -12.560810 -4.904958 -0.800000
      vertex -12.560810 -4.904958 0.800000
      vertex -12.380339 -4.972271 0.800000
    endloop
  endfacet
  facet normal -0.000000 0.000000 1.000000
    outer loop
      vertex -13.014237 -7.131130 0.800000
      vertex -12.512333 -7.240312 0.800000
      vertex -12.192125 -5.013214 0.800000
    endloop
  endfacet
  facet normal 0.000000 0.000000 1.000000
    outer loop
      vertex -13.014237 -7.131130 0.800000
      vertex -12.192125 -5.013214 0.800000
      vertex -12.380339 -4.972271 0.800000
    endloop
  endfacet
  facet normal 0.000000 0.000000 -1.000000
    outer loop
      vertex -13.014237 -7.131130 -0.800000
      vertex -12.192125 -5.013214 -0.800000
      vertex -12.512333 -7.240312 -0.800000
    endloop
  endfacet
  facet normal 0.000000 0.000000 -1.000000
    outer loop
      vertex -13.014237 -7.131130 -0.800000
      vertex -12.380339 -4.972271 -0.800000
      vertex -12.192125 -5.013214 -0.800000
    endloop
  endfacet
  facet normal -0.212565 -0.977147 0.000000
    outer loop
      vertex -13.014237 -7.131130 -0.800000
      vertex -12.512333 -7.240312 -0.800000
      vertex -12.512333 -7.240312 0.800000
    endloop
  endfacet
  facet normal -0.212565 -0.977147 0.000000
    outer loop
      vertex -13.014237 -7.131130 -0.800000
      vertex -12.512333 -7.240312 0.800000
      vertex -13.014237 -7.131130 0.800000
    endloop
  endfacet
  facet normal 0.212565 0.977147 0.000000
    outer loop
      vertex -12.380339 -4.972271 -0.800000
      vertex -12.192125 -5.013214 0.800000
      vertex -12.192125 -5.013214 -0.800000
    endloop
  endfacet
  facet normal 0.212565 0.977147 -0.000000
    outer loop
      vertex -12.380339 -4.972271 -0.800000
      vertex -12.380339 -4.972271 0.800000
      vertex -12.192125 -5.013214 0.800000
    endloop
  endfacet
  facet normal -0.000000 0.000000 1.000000
    outer loop
      vertex -12.512333 -7.240312 0.800000
      vertex -12.000000 -7.276955 0.800000
      vertex -12.000000 -5.026955 0.800000
    endloop
  endfacet
  facet normal 0.000000 0.000000 1.000000
    outer loop
      vertex -12.512333 -7.240312 0.800000
      vertex -12.000000 -5.026955 0.800000
      vertex -12.192125 -5.013214 0.800000
    endloop
  endfacet
  facet normal 0.000000 0.000000 -1.000000
    outer loop
      vertex -12.512333 -7.240312 -0.800000
      vertex -12.000000 -5.026955 -0.800000
      vertex -12.000000 -7.276955 -0.800000
    endloop
  endfacet
  facet normal 0.000000 0.000000 -1.000000
    outer loop
      vertex -12.512333 -7.240312 -0.800000
      vertex -12.192125 -5.013214 -0.800000
      vertex -12.000000 -5.026955 -0.800000
    endloop
  endfacet
  facet normal -0.071339 -0.997452 0.000000
    outer loop
      vertex -12.512333 -7.240312 -0.800000
      vertex -12.000000 -7.276955 -0.800000
      vertex -12.000000 -7.276955 0.800000
    endloop
  endfacet
  facet normal -0.071339 -0.997452 0.000000
    outer loop
      vertex -12.512333 -7.240312 -0.800000
      vertex -12.000000 -7.276955 0.800000
      vertex -12.512333 -7.240312 0.800000
    endloop
  endfacet
  facet normal 0.071339 0.997452 0.000000
    outer loop
      vertex -12.192125 -5.013214 -0.800000
      vertex -12.000000 -5.026955 0.800000
      vertex -12.000000 -5.026955 -0.800000
    endloop
  endfacet
  facet normal 0.071339 0.997452 -0.000000
    outer loop
      vertex -12.192125 -5.013214 -0.800000
      vertex -12.192125 -5.013214 0.800000
      vertex -12.000000 -5.026955 0.800000
    endloop
  endfacet
  facet normal 0.000000 0.000000 1.000000
    outer loop
      vertex -12.000000 -7.276955 0.800000
      vertex -11.487667 -7.240312 0.800000
      vertex -11.807875 -5.013214 0.800000
    endloop
  endfacet
  facet normal 0.000000 0.000000 1.000000
    outer loop
      vertex -12.000000 -7.276955 0.800000
      vertex -11.807875 -5.013214 0.800000
      vertex -12.000000 -5.026955 0.800000
    endloop
  endfacet
  facet normal 0.000000 0.000000 -1.000000
    outer loop
      vertex -12.000000 -7.276955 -0.800000
      vertex -11.807875 -5.013214 -0.800000
      vertex -11.487667 -7.240312 -0.800000
    endloop
  endfacet
  facet normal 0.000000 0.000000 -1.000000
    outer loop
      vertex -12.000000 -7.276955 -0.800000
      vertex -12.000000 -5.026955 -0.800000
      vertex -11.807875 -5.013214 -0.800000
    endloop
  endfacet
  facet normal 0.071339 -0.997452 0.000000
    outer loop
      vertex -12.000000 -7.276955 -0.800000
      vertex -11.487667 -7.240312 -0.800000
      vertex -11.487667 -7.240312 0.800000
    endloop
  endfacet
  facet normal 0.071339 -0.997452 0.000000
    outer loop
      vertex -12.000000 -7.276955 -0.800000
      vertex -11.487667 -7.240312 0.800000
      vertex -12.000000 -7.276955 0.800000
    endloop
  endfacet
  facet normal -0.071339 0.997452 0.000000
    outer loop
      vertex -12.000000 -5.026955 -0.800000
      vertex -11.807875 -5.013214 0.800000
      vertex -11.807875 -5.013214 -0.800000
    endloop
  endfacet
  facet normal -0.071339 0.997452 0.000000
    outer loop
      vertex -12.000000 -5.026955 -0.800000
      vertex -12.000000 -5.026955 0.800000
      vertex -11.807875 -5.013214 0.800000
    endloop
  endfacet
  facet normal 0.000000 -0.000000 1.000000
    outer loop
      vertex -11.487667 -7.240312 0.800000
      vertex -10.985763 -7.131130 0.800000
      vertex -11.619661 -4.972271 0.800000
    endloop
  endfacet
  facet normal 0.000000 0.000000 1.000000
    outer loop
      vertex -11.487667 -7.240312 0.800000
      vertex -11.619661 -4.972271 0.800000
      vertex -11.807875 -5.013214 0.800000
    endloop
  endfacet
  facet normal 0.000000 0.000000 -1.000000
    outer loop
      vertex -11.487667 -7.240312 -0.800000
      vertex -11.619661 -4.972271 -0.800000
      vertex -10.985763 -7.131130 -0.800000
    endloop
  endfacet
  facet normal 0.000000 0.000000 -1.000000
    outer loop
      vertex -11.487667 -7.240312 -0.800000
      vertex -11.807875 -5.013214 -0.800000
      vertex -11.619661 -4.972271 -0.800000
    endloop
  endfacet
  facet normal 0.212565 -0.977147 0.000000
    outer loop
      vertex -11.487667 -7.240312 -0.800000
      vertex -10.985763 -7.131130 -0.800000
      vertex -10.985763 -7.131130 0.800000
    endloop
  endfacet
  facet normal 0.212565 -0.977147 0.000000
    outer loop
      vertex -11.487667 -7.240312 -0.800000
      vertex -10.985763 -7.131130 0.800000
      vertex -11.487667 -7.240312 0.800000
    endloop
  endfacet
  facet normal -0.212565 0.977147 0.000000
    outer loop
      vertex -11.807875 -5.013214 -0.800000
      vertex -11.619661 -4.972271 0.800000
      vertex -11.619661 -4.972271 -0.800000
    endloop
  endfacet
  facet normal -0.212565 0.977147 0.000000
    outer loop
      vertex -11.807875 -5.013214 -0.800000
      vertex -11.807875 -5.013214 0.800000
      vertex -11.619661 -4.972271 0.800000
    endloop
  endfacet
  facet normal 0.000000 -0.000000 1.000000
    outer loop
      vertex -10.985763 -7.131130 0.800000
      vertex -10.504506 -6.951630 0.800000
      vertex -11.439190 -4.904958 0.800000
    endloop
  endfacet
  facet normal 0.000000 0.000000 1.000000
    outer loop
      vertex -10.985763 -7.131130 0.800000
      vertex -11.439190 -4.904958 0.800000
      vertex -11.619661 -4.972271 0.800000
    endloop
  endfacet
  facet normal 0.000000 0.000000 -1.000000
    outer loop
      vertex -10.985763 -7.131130 -0.800000
      vertex -11.439190 -4.904958 -0.800000
      vertex -10.504506 -6.951630 -0.800000
    endloop
  endfacet
  facet normal 0.000000 0.000000 -1.000000
    outer loop
      vertex -10.985763 -7.131130 -0.800000
      vertex -11.619661 -4.972271 -0.800000
      vertex -11.439190 -4.904958 -0.800000
    endloop
  endfacet
  facet normal 0.349464 -0.936950 0.000000
    outer loop
      vertex -10.985763 -7.131130 -0.800000
      vertex -10.504506 -6.951630 -0.800000
      vertex -10.504506 -6.951630 0.800000
    endloop
  endfacet
  facet normal 0.349464 -0.936950 0.000000
    outer loop
      vertex -10.985763 -7.131130 -0.800000
      vertex -10.504506 -6.951630 0.800000
      vertex -10.985763 -7.131130 0.800000
    endloop
  endfacet
  facet normal -0.349464 0.936950 0.000000
    outer loop
      vertex -11.619661 -4.972271 -0.800000
      vertex -11.439190 -4.904958 0.800000
      vertex -11.439190 -4.904958 -0.800000
    endloop
  endfacet
  facet normal -0.349464 0.936950 0.000000
    outer loop
      vertex -11.619661 -4.972271 -0.800000
      vertex -11.619661 -4.972271 0.800000
      vertex -11.439190 -4.904958 0.800000
    endloop
  endfacet
  facet normal 0.000000 -0.000000 1.000000
    outer loop
      vertex -10.504506 -6.951630 0.800000
      vertex -10.053693 -6.705468 0.800000
      vertex -11.270135 -4.812648 0.800000
    endloop
  endfacet
  facet normal 0.000000 0.000000 1.000000
    outer loop
      vertex -10.504506 -6.951630 0.800000
      vertex -11.270135 -4.812648 0.800000
      vertex -11.439190 -4.904958 0.800000
    endloop
  endfacet
  facet normal 0.000000 0.000000 -1.000000
    outer loop
      vertex -10.504506 -6.951630 -0.800000
      vertex -11.270135 -4.812648 -0.800000
      vertex -10.053693 -6.705468 -0.800000
    endloop
  endfacet
  facet normal 0.000000 0.000000 -1.000000
    outer loop
      vertex -10.504506 -6.951630 -0.800000
      vertex -11.439190 -4.904958 -0.800000
      vertex -11.270135 -4.812648 -0.800000
    endloop
  endfacet
  facet normal 0.479249 -0.877679 0.000000
    outer loop
      vertex -10.504506 -6.951630 -0.800000
      vertex -10.053693 -6.705468 -0.800000
      vertex -10.053693 -6.705468 0.800000
    endloop
  endfacet
  facet normal 0.479249 -0.877679 0.000000
    outer loop
      vertex -10.504506 -6.951630 -0.800000
      vertex -10.053693 -6.705468 0.800000
      vertex -10.504506 -6.951630 0.800000
    endloop
  endfacet
  facet normal -0.479249 0.877679 0.000000
    outer loop
      vertex -11.439190 -4.904958 -0.800000
      vertex -11.270135 -4.812648 0.800000
      vertex -11.270135 -4.812648 -0.800000
    endloop
  endfacet
  facet normal -0.479249 0.877679 0.000000
    outer loop
      vertex -11.439190 -4.904958 -0.800000
      vertex -11.439190 -4.904958 0.800000
      vertex -11.270135 -4.812648 0.800000
    endloop
  endfacet
  facet normal 0.000000 -0.000000 1.000000
    outer loop
      vertex -10.053693 -6.705468 0.800000
      vertex -9.642501 -6.397654 0.800000
      vertex -11.115938 -4.697217 0.800000
    endloop
  endfacet
  facet normal 0.000000 0.000000 1.000000
    outer loop
      vertex -10.053693 -6.705468 0.800000
      vertex -11.115938 -4.697217 0.800000
      vertex -11.270135 -4.812648 0.800000
    endloop
  endfacet
  facet normal 0.000000 0.000000 -1.000000
    outer loop
      vertex -10.053693 -6.705468 -0.800000
      vertex -11.115938 -4.697217 -0.800000
      vertex -9.642501 -6.397654 -0.800000
    endloop
  endfacet
  facet normal 0.000000 0.000000 -1.000000
    outer loop
      vertex -10.053693 -6.705468 -0.800000
      vertex -11.270135 -4.812648 -0.800000
      vertex -11.115938 -4.697217 -0.800000
    endloop
  endfacet
  facet normal 0.599278 -0.800541 0.000000
    outer loop
      vertex -10.053693 -6.705468 -0.800000
      vertex -9.642501 -6.397654 -0.800000
      vertex -9.642501 -6.397654 0.800000
    endloop
  endfacet
  facet normal 0.599278 -0.800541 0.000000
    outer loop
      vertex -10.053693 -6.705468 -0.800000
      vertex -9.642501 -6.397654 0.800000
      vertex -10.053693 -6.705468 0.800000
    endloop
  endfacet
  facet normal -0.599278 0.800541 0.000000
    outer loop
      vertex -11.270135 -4.812648 -0.800000
      vertex -11.115938 -4.697217 0.800000
      vertex -11.115938 -4.697217 -0.800000
    endloop
  endfacet
  facet normal -0.599278 0.800541 0.000000
    outer loop
      vertex -11.270135 -4.812648 -0.800000
      vertex -11.270135 -4.812648 0.800000
      vertex -11.115938 -4.697217 0.800000
    endloop
  endfacet
  facet normal 0.000000 -0.000000 1.000000
    outer loop
      vertex -9.642501 -6.397654 0.800000
      vertex -9.279302 -6.034454 0.800000
      vertex -10.979738 -4.561017 0.800000
    endloop
  endfacet
  facet normal 0.000000 0.000000 1.000000
    outer loop
      vertex -9.642501 -6.397654 0.800000
      vertex -10.979738 -4.561017 0.800000
      vertex -11.115938 -4.697217 0.800000
    endloop
  endfacet
  facet normal 0.000000 0.000000 -1.000000
    outer loop
      vertex -9.642501 -6.397654 -0.800000
      vertex -10.979738 -4.561017 -0.800000
      vertex -9.279302 -6.034454 -0.800000
    endloop
  endfacet
  facet normal 0.000000 0.000000 -1.000000
    outer loop
      vertex -9.642501 -6.397654 -0.800000
      vertex -11.115938 -4.697217 -0.800000
      vertex -10.979738 -4.561017 -0.800000
    endloop
  endfacet
  facet normal 0.707107 -0.707107 0.000000
    outer loop
      vertex -9.642501 -6.397654 -0.800000
      vertex -9.279302 -6.034454 -0.800000
      vertex -9.279302 -6.034454 0.800000
    endloop
  endfacet
  facet normal 0.707107 -0.707107 0.000000
    outer loop
      vertex -9.642501 -6.397654 -0.800000
      vertex -9.279302 -6.034454 0.800000
      vertex -9.642501 -6.397654 0.800000
    endloop
  endfacet
  facet normal -0.707107 0.707107 0.000000
    outer loop
      vertex -11.115938 -4.697217 -0.800000
      vertex -10.979738 -4.561017 0.800000
      vertex -10.979738 -4.561017 -0.800000
    endloop
  endfacet
  facet normal -0.707107 0.707107 0.000000
    outer loop
      vertex -11.115938 -4.697217 -0.800000
      vertex -11.115938 -4.697217 0.800000
      vertex -10.979738 -4.561017 0.800000
    endloop
  endfacet
  facet normal 0.000000 -0.000000 1.000000
    outer loop
      vertex -9.279302 -6.034454 0.800000
      vertex -8.971487 -5.623262 0.800000
      vertex -10.864308 -4.406820 0.800000
    endloop
  endfacet
  facet normal 0.000000 0.000000 1.000000
    outer loop
      vertex -9.279302 -6.034454 0.800000
      vertex -10.864308 -4.406820 0.800000
      vertex -10.979738 -4.561017 0.800000
    endloop
  endfacet
  facet normal 0.000000 0.000000 -1.000000
    outer loop
      vertex -9.279302 -6.034454 -0.800000
      vertex -10.864308 -4.406820 -0.800000
      vertex -8.971487 -5.623262 -0.800000
    endloop
  endfacet
  facet normal 0.000000 0.000000 -1.000000
    outer loop
      vertex -9.279302 -6.034454 -0.800000
      vertex -10.979738 -4.561017 -0.800000
      vertex -10.864308 -4.406820 -0.800000
    endloop
  endfacet
  facet normal 0.800541 -0.599278 0.000000
    outer loop
      vertex -9.279302 -6.034454 -0.800000
      vertex -8.971487 -5.623262 -0.800000
      vertex -8.971487 -5.623262 0.800000
    endloop
  endfacet
  facet normal 0.800541 -0.599278 0.000000
    outer loop
      vertex -9.279302 -6.034454 -0.800000
      vertex -8.971487 -5.623262 0.800000
      vertex -9.279302 -6.034454 0.800000
    endloop
  endfacet
  facet normal -0.800541 0.599278 0.000000
    outer loop
      vertex -10.979738 -4.561017 -0.800000
      vertex -10.864308 -4.406820 0.800000
      vertex -10.864308 -4.406820 -0.800000
    endloop
  endfacet
  facet normal -0.800541 0.599278 0.000000
    outer loop
      vertex -10.979738 -4.561017 -0.800000
      vertex -10.979738 -4.561017 0.800000
      vertex -10.864308 -4.406820 0.800000
    endloop
  endfacet
  facet normal 0.000000 -0.000000 1.000000
    outer loop
      vertex -8.971487 -5.623262 0.800000
      vertex -8.725325 -5.172449 0.800000
      vertex -10.771997 -4.237766 0.800000
    endloop
  endfacet
  facet normal 0.000000 0.000000 1.000000
    outer loop
      vertex -8.971487 -5.623262 0.800000
      vertex -10.771997 -4.237766 0.800000
      vertex -10.864308 -4.406820 0.800000
    endloop
  endfacet
  facet normal 0.000000 0.000000 -1.000000
    outer loop
      vertex -8.971487 -5.623262 -0.800000
      vertex -10.771997 -4.237766 -0.800000
      vertex -8.725325 -5.172449 -0.800000
    endloop
  endfacet
  facet normal 0.000000 0.000000 -1.000000
    outer loop
      vertex -8.971487 -5.623262 -0.800000
      vertex -10.864308 -4.406820 -0.800000
      vertex -10.771997 -4.237766 -0.800000
    endloop
  endfacet
  facet normal 0.877679 -0.479249 0.000000
    outer loop
      vertex -8.971487 -5.623262 -0.800000
      vertex -8.725325 -5.172449 -0.800000
      vertex -8.725325 -5.172449 0.800000
    endloop
  endfacet
  facet normal 0.877679 -0.479249 0.000000
    outer loop
      vertex -8.971487 -5.623262 -0.800000
      vertex -8.725325 -5.172449 0.800000
      vertex -8.971487 -5.623262 0.800000
    endloop
  endfacet
  facet normal -0.877679 0.479249 0.000000
    outer loop
      vertex -10.864308 -4.406820 -0.800000
      vertex -10.771997 -4.237766 0.800000
      vertex -10.771997 -4.237766 -0.800000
    endloop
  endfacet
  facet normal -0.877679 0.479249 0.000000
    outer loop
      vertex -10.864308 -4.406820 -0.800000
      vertex -10.864308 -4.406820 0.800000
      vertex -10.771997 -4.237766 0.800000
    endloop
  endfacet
  facet normal 0.000000 -0.000000 1.000000
    outer loop
      vertex -8.725325 -5.172449 0.800000
      vertex -8.545825 -4.691192 0.800000
      vertex -10.704684 -4.057294 0.800000
    endloop
  endfacet
  facet normal 0.000000 0.000000 1.000000
    outer loop
      vertex -8.725325 -5.172449 0.800000
      vertex -10.704684 -4.057294 0.800000
      vertex -10.771997 -4.237766 0.800000
    endloop
  endfacet
  facet normal 0.000000 0.000000 -1.000000
    outer loop
      vertex -8.725325 -5.172449 -0.800000
      vertex -10.704684 -4.057294 -0.800000
      vertex -8.545825 -4.691192 -0.800000
    endloop
  endfacet
  facet normal 0.000000 0.000000 -1.000000
    outer loop
      vertex -8.725325 -5.172449 -0.800000
      vertex -10.771997 -4.237766 -0.800000
      vertex -10.704684 -4.057294 -0.800000
    endloop
  endfacet
  facet normal 0.936950 -0.349464 0.000000
    outer loop
      vertex -8.725325 -5.172449 -0.800000
      vertex -8.545825 -4.691192 -0.800000
      vertex -8.545825 -4.691192 0.800000
    endloop
  endfacet
  facet normal 0.936950 -0.349464 0.000000
    outer loop
      vertex -8.725325 -5.172449 -0.800000
      vertex -8.545825 -4.691192 0.800000
      vertex -8.725325 -5.172449 0.800000
    endloop
  endfacet
  facet normal -0.936950 0.349464 0.000000
    outer loop
      vertex -10.771997 -4.237766 -0.800000
      vertex -10.704684 -4.057294 0.800000
      vertex -10.704684 -4.057294 -0.800000
    endloop
  endfacet
  facet normal -0.936950 0.349464 0.000000
    outer loop
      vertex -10.771997 -4.237766 -0.800000
      vertex -10.771997 -4.237766 0.800000
      vertex -10.704684 -4.057294 0.800000
    endloop
  endfacet
  facet normal 0.000000 -0.000000 1.000000
    outer loop
      vertex -8.545825 -4.691192 0.800000
      vertex -8.436643 -4.189289 0.800000
      vertex -10.663741 -3.869080 0.800000
    endloop
  endfacet
  facet normal 0.000000 0.000000 1.000000
    outer loop
      vertex -8.545825 -4.691192 0.800000
      vertex -10.663741 -3.869080 0.800000
      vertex -10.704684 -4.057294 0.800000
    endloop
  endfacet
  facet normal 0.000000 0.000000 -1.000000
    outer loop
      vertex -8.545825 -4.691192 -0.800000
      vertex -10.663741 -3.869080 -0.800000
      vertex -8.436643 -4.189289 -0.800000
    endloop
  endfacet
  facet normal 0.000000 0.000000 -1.000000
    outer loop
      vertex -8.545825 -4.691192 -0.800000
      vertex -10.704684 -4.057294 -0.800000
      vertex -10.663741 -3.869080 -0.800000
    endloop
  endfacet
  facet normal 0.977147 -0.212565 0.000000
    outer loop
      vertex -8.545825 -4.691192 -0.800000
      vertex -8.436643 -4.189289 -0.800000
      vertex -8.436643 -4.189289 0.800000
    endloop
  endfacet
  facet normal 0.977147 -0.212565 0.000000
    outer loop
      vertex -8.545825 -4.691192 -0.800000
      vertex -8.436643 -4.189289 0.800000
      vertex -8.545825 -4.691192 0.800000
    endloop
  endfacet
  facet normal -0.977147 0.212565 0.000000
    outer loop
      vertex -10.704684 -4.057294 -0.800000
      vertex -10.663741 -3.869080 0.800000
      vertex -10.663741 -3.869080 -0.800000
    endloop
  endfacet
  facet normal -0.977147 0.212565 0.000000
    outer loop
      vertex -10.704684 -4.057294 -0.800000
      vertex -10.704684 -4.057294 0.800000
      vertex -10.663741 -3.869080 0.800000
    endloop
  endfacet
  facet normal 0.000000 -0.000000 1.000000
    outer loop
      vertex -8.436643 -4.189289 0.800000
      vertex -8.400000 -3.676955 0.800000
      vertex -10.650000 -3.676955 0.800000
    endloop
  endfacet
  facet normal 0.000000 0.000000 1.000000
    outer loop
      vertex -8.436643 -4.189289 0.800000
      vertex -10.650000 -3.676955 0.800000
      vertex -10.663741 -3.869080 0.800000
    endloop
  endfacet
  facet normal 0.000000 0.000000 -1.000000
    outer loop
      vertex -8.436643 -4.189289 -0.800000
      vertex -10.650000 -3.676955 -0.800000
      vertex -8.400000 -3.676955 -0.800000
    endloop
  endfacet
  facet normal 0.000000 0.000000 -1.000000
    outer loop
      vertex -8.436643 -4.189289 -0.800000
      vertex -10.663741 -3.869080 -0.800000
      vertex -10.650000 -3.676955 -0.800000
    endloop
  endfacet
  facet normal 0.997452 -0.071339 0.000000
    outer loop
      vertex -8.436643 -4.189289 -0.800000
      vertex -8.400000 -3.676955 -0.800000
      vertex -8.400000 -3.676955 0.800000
    endloop
  endfacet
  facet normal 0.997452 -0.071339 0.000000
    outer loop
      vertex -8.436643 -4.189289 -0.800000
      vertex -8.400000 -3.676955 0.800000
      vertex -8.436643 -4.189289 0.800000
    endloop
  endfacet
  facet normal -0.997452 0.071339 0.000000
    outer loop
      vertex -10.663741 -3.869080 -0.800000
      vertex -10.650000 -3.676955 0.800000
      vertex -10.650000 -3.676955 -0.800000
    endloop
  endfacet
  facet normal -0.997452 0.071339 0.000000
    outer loop
      vertex -10.663741 -3.869080 -0.800000
      vertex -10.663741 -3.869080 0.800000
      vertex -10.650000 -3.676955 0.800000
    endloop
  endfacet
  facet normal 0.000000 0.000000 1.000000
    outer loop
      vertex 3.600000 0.000000 0.800000
      vertex 3.563357 0.512333 0.800000
      vertex 1.336259 0.192125 0.800000
    endloop
  endfacet
  facet normal 0.000000 0.000000 1.000000
    outer loop
      vertex 3.600000 0.000000 0.800000
      vertex 1.336259 0.192125 0.800000
      vertex 1.350000 0.000000 0.800000
    endloop
  endfacet
  facet normal 0.000000 0.000000 -1.000000
    outer loop
      vertex 3.600000 0.000000 -0.800000
      vertex 1.336259 0.192125 -0.800000
      vertex 3.563357 0.512333 -0.800000
    endloop
  endfacet
  facet normal 0.000000 0.000000 -1.000000
    outer loop
      vertex 3.600000 0.000000 -0.800000
      vertex 1.350000 0.000000 -0.800000
      vertex 1.336259 0.192125 -0.800000
    endloop
  endfacet
  facet normal 0.997452 0.071339 0.000000
    outer loop
      vertex 3.600000 0.000000 -0.800000
      vertex 3.563357 0.512333 -0.800000
      vertex 3.563357 0.512333 0.800000
    endloop
  endfacet
  facet normal 0.997452 0.071339 -0.000000
    outer loop
      vertex 3.600000 0.000000 -0.800000
      vertex 3.563357 0.512333 0.800000
      vertex 3.600000 0.000000 0.800000
    endloop
  endfacet
  facet normal -0.997452 -0.071339 0.000000
    outer loop
      vertex 1.350000 0.000000 -0.800000
      vertex 1.336259 0.192125 0.800000
      vertex 1.336259 0.192125 -0.800000
    endloop
  endfacet
  facet normal -0.997452 -0.071339 0.000000
    outer loop
      vertex 1.350000 0.000000 -0.800000
      vertex 1.350000 0.000000 0.800000
      vertex 1.336259 0.192125 0.800000
    endloop
  endfacet
  facet normal 0.000000 0.000000 1.000000
    outer loop
      vertex 3.563357 0.512333 0.800000
      vertex 3.454175 1.014237 0.800000
      vertex 1.295316 0.380339 0.800000
    endloop
  endfacet
  facet normal 0.000000 0.000000 1.000000
    outer loop
      vertex 3.563357 0.512333 0.800000
      vertex 1.295316 0.380339 0.800000
      vertex 1.336259 0.192125 0.800000
    endloop
  endfacet
  facet normal -0.000000 0.000000 -1.000000
    outer loop
      vertex 3.563357 0.512333 -0.800000
      vertex 1.295316 0.380339 -0.800000
      vertex 3.454175 1.014237 -0.800000
    endloop
  endfacet
  facet normal 0.000000 0.000000 -1.000000
    outer loop
      vertex 3.563357 0.512333 -0.800000
      vertex 1.336259 0.192125 -0.800000
      vertex 1.295316 0.380339 -0.800000
    endloop
  endfacet
  facet normal 0.977147 0.212565 0.000000
    outer loop
      vertex 3.563357 0.512333 -0.800000
      vertex 3.454175 1.014237 -0.800000
      vertex 3.454175 1.014237 0.800000
    endloop
  endfacet
  facet normal 0.977147 0.212565 -0.000000
    outer loop
      vertex 3.563357 0.512333 -0.800000
      vertex 3.454175 1.014237 0.800000
      vertex 3.563357 0.512333 0.800000
    endloop
  endfacet
  facet normal -0.977147 -0.212565 0.000000
    outer loop
      vertex 1.336259 0.192125 -0.800000
      vertex 1.295316 0.380339 0.800000
      vertex 1.295316 0.380339 -0.800000
    endloop
  endfacet
  facet normal -0.977147 -0.212565 0.000000
    outer loop
      vertex 1.336259 0.192125 -0.800000
      vertex 1.336259 0.192125 0.800000
      vertex 1.295316 0.380339 0.800000
    endloop
  endfacet
  facet normal 0.000000 0.000000 1.000000
    outer loop
      vertex 3.454175 1.014237 0.800000
      vertex 3.274675 1.495494 0.800000
      vertex 1.228003 0.560810 0.800000
    endloop
  endfacet
  facet normal 0.000000 0.000000 1.000000
    outer loop
      vertex 3.454175 1.014237 0.800000
      vertex 1.228003 0.560810 0.800000
      vertex 1.295316 0.380339 0.800000
    endloop
  endfacet
  facet normal -0.000000 0.000000 -1.000000
    outer loop
      vertex 3.454175 1.014237 -0.800000
      vertex 1.228003 0.560810 -0.800000
      vertex 3.274675 1.495494 -0.800000
    endloop
  endfacet
  facet normal 0.000000 0.000000 -1.000000
    outer loop
      vertex 3.454175 1.014237 -0.800000
      vertex 1.295316 0.380339 -0.800000
      vertex 1.228003 0.560810 -0.800000
    endloop
  endfacet
  facet normal 0.936950 0.349464 0.000000
    outer loop
      vertex 3.454175 1.014237 -0.800000
      vertex 3.274675 1.495494 -0.800000
      vertex 3.274675 1.495494 0.800000
    endloop
  endfacet
  facet normal 0.936950 0.349464 -0.000000
    outer loop
      vertex 3.454175 1.014237 -0.800000
      vertex 3.274675 1.495494 0.800000
      vertex 3.454175 1.014237 0.800000
    endloop
  endfacet
  facet normal -0.936950 -0.349464 0.000000
    outer loop
      vertex 1.295316 0.380339 -0.800000
      vertex 1.228003 0.560810 0.800000
      vertex 1.228003 0.560810 -0.800000
    endloop
  endfacet
  facet normal -0.936950 -0.349464 0.000000
    outer loop
      vertex 1.295316 0.380339 -0.800000
      vertex 1.295316 0.380339 0.800000
      vertex 1.228003 0.560810 0.800000
    endloop
  endfacet
  facet normal 0.000000 0.000000 1.000000
    outer loop
      vertex 3.274675 1.495494 0.800000
      vertex 3.028513 1.946307 0.800000
      vertex 1.135692 0.729865 0.800000
    endloop
  endfacet
  facet normal 0.000000 0.000000 1.000000
    outer loop
      vertex 3.274675 1.495494 0.800000
      vertex 1.135692 0.729865 0.800000
      vertex 1.228003 0.560810 0.800000
    endloop
  endfacet
  facet normal -0.000000 0.000000 -1.000000
    outer loop
      vertex 3.274675 1.495494 -0.800000
      vertex 1.135692 0.729865 -0.800000
      vertex 3.028513 1.946307 -0.800000
    endloop
  endfacet
  facet normal 0.000000 0.000000 -1.000000
    outer loop
      vertex 3.274675 1.495494 -0.800000
      vertex 1.228003 0.560810 -0.800000
      vertex 1.135692 0.729865 -0.800000
    endloop
  endfacet
  facet normal 0.877679 0.479249 0.000000
    outer loop
      vertex 3.274675 1.495494 -0.800000
      vertex 3.028513 1.946307 -0.800000
      vertex 3.028513 1.946307 0.800000
    endloop
  endfacet
  facet normal 0.877679 0.479249 -0.000000
    outer loop
      vertex 3.274675 1.495494 -0.800000
      vertex 3.028513 1.946307 0.800000
      vertex 3.274675 1.495494 0.800000
    endloop
  endfacet
  facet normal -0.877679 -0.479249 0.000000
    outer loop
      vertex 1.228003 0.560810 -0.800000
      vertex 1.135692 0.729865 0.800000
      vertex 1.135692 0.729865 -0.800000
    endloop
  endfacet
  facet normal -0.877679 -0.479249 0.000000
    outer loop
      vertex 1.228003 0.560810 -0.800000
      vertex 1.228003 0.560810 0.800000
      vertex 1.135692 0.729865 0.800000
    endloop
  endfacet
  facet normal 0.000000 0.000000 1.000000
    outer loop
      vertex 3.028513 1.946307 0.800000
      vertex 2.720698 2.357499 0.800000
      vertex 1.020262 0.884062 0.800000
    endloop
  endfacet
  facet normal 0.000000 0.000000 1.000000
    outer loop
      vertex 3.028513 1.946307 0.800000
      vertex 1.020262 0.884062 0.800000
      vertex 1.135692 0.729865 0.800000
    endloop
  endfacet
  facet normal -0.000000 0.000000 -1.000000
    outer loop
      vertex 3.028513 1.946307 -0.800000
      vertex 1.020262 0.884062 -0.800000
      vertex 2.720698 2.357499 -0.800000
    endloop
  endfacet
  facet normal 0.000000 0.000000 -1.000000
    outer loop
      vertex 3.028513 1.946307 -0.800000
      vertex 1.135692 0.729865 -0.800000
      vertex 1.020262 0.884062 -0.800000
    endloop
  endfacet
  facet normal 0.800541 0.599278 0.000000
    outer loop
      vertex 3.028513 1.946307 -0.800000
      vertex 2.720698 2.357499 -0.800000
      vertex 2.720698 2.357499 0.800000
    endloop
  endfacet
  facet normal 0.800541 0.599278 -0.000000
    outer loop
      vertex 3.028513 1.946307 -0.800000
      vertex 2.720698 2.357499 0.800000
      vertex 3.028513 1.946307 0.800000
    endloop
  endfacet
  facet normal -0.800541 -0.599278 0.000000
    outer loop
      vertex 1.135692 0.729865 -0.800000
      vertex 1.020262 0.884062 0.800000
      vertex 1.020262 0.884062 -0.800000
    endloop
  endfacet
  facet normal -0.800541 -0.599278 0.000000
    outer loop
      vertex 1.135692 0.729865 -0.800000
      vertex 1.135692 0.729865 0.800000
      vertex 1.020262 0.884062 0.800000
    endloop
  endfacet
  facet normal 0.000000 0.000000 1.000000
    outer loop
      vertex 2.720698 2.357499 0.800000
      vertex 2.357499 2.720698 0.800000
      vertex 0.884062 1.020262 0.800000
    endloop
  endfacet
  facet normal 0.000000 0.000000 1.000000
    outer loop
      vertex 2.720698 2.357499 0.800000
      vertex 0.884062 1.020262 0.800000
      vertex 1.020262 0.884062 0.800000
    endloop
  endfacet
  facet normal -0.000000 0.000000 -1.000000
    outer loop
      vertex 2.720698 2.357499 -0.800000
      vertex 0.884062 1.020262 -0.800000
      vertex 2.357499 2.720698 -0.800000
    endloop
  endfacet
  facet normal 0.000000 0.000000 -1.000000
    outer loop
      vertex 2.720698 2.357499 -0.800000
      vertex 1.020262 0.884062 -0.800000
      vertex 0.884062 1.020262 -0.800000
    endloop
  endfacet
  facet normal 0.707107 0.707107 0.000000
    outer loop
      vertex 2.720698 2.357499 -0.800000
      vertex 2.357499 2.720698 -0.800000
      vertex 2.357499 2.720698 0.800000
    endloop
  endfacet
  facet normal 0.707107 0.707107 -0.000000
    outer loop
      vertex 2.720698 2.357499 -0.800000
      vertex 2.357499 2.720698 0.800000
      vertex 2.720698 2.357499 0.800000
    endloop
  endfacet
  facet normal -0.707107 -0.707107 0.000000
    outer loop
      vertex 1.020262 0.884062 -0.800000
      vertex 0.884062 1.020262 0.800000
      vertex 0.884062 1.020262 -0.800000
    endloop
  endfacet
  facet normal -0.707107 -0.707107 0.000000
    outer loop
      vertex 1.020262 0.884062 -0.800000
      vertex 1.020262 0.884062 0.800000
      vertex 0.884062 1.020262 0.800000
    endloop
  endfacet
  facet normal 0.000000 0.000000 1.000000
    outer loop
      vertex 2.357499 2.720698 0.800000
      vertex 1.946307 3.028513 0.800000
      vertex 0.729865 1.135692 0.800000
    endloop
  endfacet
  facet normal 0.000000 0.000000 1.000000
    outer loop
      vertex 2.357499 2.720698 0.800000
      vertex 0.729865 1.135692 0.800000
      vertex 0.884062 1.020262 0.800000
    endloop
  endfacet
  facet normal -0.000000 0.000000 -1.000000
    outer loop
      vertex 2.357499 2.720698 -0.800000
      vertex 0.729865 1.135692 -0.800000
      vertex 1.946307 3.028513 -0.800000
    endloop
  endfacet
  facet normal 0.000000 0.000000 -1.000000
    outer loop
      vertex 2.357499 2.720698 -0.800000
      vertex 0.884062 1.020262 -0.800000
      vertex 0.729865 1.135692 -0.800000
    endloop
  endfacet
  facet normal 0.599278 0.800541 0.000000
    outer loop
      vertex 2.357499 2.720698 -0.800000
      vertex 1.946307 3.028513 -0.800000
      vertex 1.946307 3.028513 0.800000
    endloop
  endfacet
  facet normal 0.599278 0.800541 -0.000000
    outer loop
      vertex 2.357499 2.720698 -0.800000
      vertex 1.946307 3.028513 0.800000
      vertex 2.357499 2.720698 0.800000
    endloop
  endfacet
  facet normal -0.599278 -0.800541 0.000000
    outer loop
      vertex 0.884062 1.020262 -0.800000
      vertex 0.729865 1.135692 0.800000
      vertex 0.729865 1.135692 -0.800000
    endloop
  endfacet
  facet normal -0.599278 -0.800541 0.000000
    outer loop
      vertex 0.884062 1.020262 -0.800000
      vertex 0.884062 1.020262 0.800000
      vertex 0.729865 1.135692 0.800000
    endloop
  endfacet
  facet normal 0.000000 0.000000 1.000000
    outer loop
      vertex 1.946307 3.028513 0.800000
      vertex 1.495494 3.274675 0.800000
      vertex 0.560810 1.228003 0.800000
    endloop
  endfacet
  facet normal 0.000000 0.000000 1.000000
    outer loop
      vertex 1.946307 3.028513 0.800000
      vertex 0.560810 1.228003 0.800000
      vertex 0.729865 1.135692 0.800000
    endloop
  endfacet
  facet normal -0.000000 0.000000 -1.000000
    outer loop
      vertex 1.946307 3.028513 -0.800000
      vertex 0.560810 1.228003 -0.800000
      vertex 1.495494 3.274675 -0.800000
    endloop
  endfacet
  facet normal 0.000000 0.000000 -1.000000
    outer loop
      vertex 1.946307 3.028513 -0.800000
      vertex 0.729865 1.135692 -0.800000
      vertex 0.560810 1.228003 -0.800000
    endloop
  endfacet
  facet normal 0.479249 0.877679 0.000000
    outer loop
      vertex 1.946307 3.028513 -0.800000
      vertex 1.495494 3.274675 -0.800000
      vertex 1.495494 3.274675 0.800000
    endloop
  endfacet
  facet normal 0.479249 0.877679 -0.000000
    outer loop
      vertex 1.946307 3.028513 -0.800000
      vertex 1.495494 3.274675 0.800000
      vertex 1.946307 3.028513 0.800000
    endloop
  endfacet
  facet normal -0.479249 -0.877679 0.000000
    outer loop
      vertex 0.729865 1.135692 -0.800000
      vertex 0.560810 1.228003 0.800000
      vertex 0.560810 1.228003 -0.800000
    endloop
  endfacet
  facet normal -0.479249 -0.877679 0.000000
    outer loop
      vertex 0.729865 1.135692 -0.800000
      vertex 0.729865 1.135692 0.800000
      vertex 0.560810 1.228003 0.800000
    endloop
  endfacet
  facet normal 0.000000 0.000000 1.000000
    outer loop
      vertex 1.495494 3.274675 0.800000
      vertex 1.014237 3.454175 0.800000
      vertex 0.380339 1.295316 0.800000
    endloop
  endfacet
  facet normal 0.000000 0.000000 1.000000
    outer loop
      vertex 1.495494 3.274675 0.800000
      vertex 0.380339 1.295316 0.800000
      vertex 0.560810 1.228003 0.800000
    endloop
  endfacet
  facet normal -0.000000 0.000000 -1.000000
    outer loop
      vertex 1.495494 3.274675 -0.800000
      vertex 0.380339 1.295316 -0.800000
      vertex 1.014237 3.454175 -0.800000
    endloop
  endfacet
  facet normal 0.000000 0.000000 -1.000000
    outer loop
      vertex 1.495494 3.274675 -0.800000
      vertex 0.560810 1.228003 -0.800000
      vertex 0.380339 1.295316 -0.800000
    endloop
  endfacet
  facet normal 0.349464 0.936950 0.000000
    outer loop
      vertex 1.495494 3.274675 -0.800000
      vertex 1.014237 3.454175 -0.800000
      vertex 1.014237 3.454175 0.800000
    endloop
  endfacet
  facet normal 0.349464 0.936950 -0.000000
    outer loop
      vertex 1.495494 3.274675 -0.800000
      vertex 1.014237 3.454175 0.800000
      vertex 1.495494 3.274675 0.800000
    endloop
  endfacet
  facet normal -0.349464 -0.936950 0.000000
    outer loop
      vertex 0.560810 1.228003 -0.800000
      vertex 0.380339 1.295316 0.800000
      vertex 0.380339 1.295316 -0.800000
    endloop
  endfacet
  facet normal -0.349464 -0.936950 0.000000
    outer loop
      vertex 0.560810 1.228003 -0.800000
      vertex 0.560810 1.228003 0.800000
      vertex 0.380339 1.295316 0.800000
    endloop
  endfacet
  facet normal 0.000000 0.000000 1.000000
    outer loop
      vertex 1.014237 3.454175 0.800000
      vertex 0.512333 3.563357 0.800000
      vertex 0.192125 1.336259 0.800000
    endloop
  endfacet
  facet normal 0.000000 0.000000 1.000000
    outer loop
      vertex 1.014237 3.454175 0.800000
      vertex 0.192125 1.336259 0.800000
      vertex 0.380339 1.295316 0.800000
    endloop
  endfacet
  facet normal -0.000000 0.000000 -1.000000
    outer loop
      vertex 1.014237 3.454175 -0.800000
      vertex 0.192125 1.336259 -0.800000
      vertex 0.512333 3.563357 -0.800000
    endloop
  endfacet
  facet normal 0.000000 0.000000 -1.000000
    outer loop
      vertex 1.014237 3.454175 -0.800000
      vertex 0.380339 1.295316 -0.800000
      vertex 0.192125 1.336259 -0.800000
    endloop
  endfacet
  facet normal 0.212565 0.977147 0.000000
    outer loop
      vertex 1.014237 3.454175 -0.800000
      vertex 0.512333 3.563357 -0.800000
      vertex 0.512333 3.563357 0.800000
    endloop
  endfacet
  facet normal 0.212565 0.977147 -0.000000
    outer loop
      vertex 1.014237 3.454175 -0.800000
      vertex 0.512333 3.563357 0.800000
      vertex 1.014237 3.454175 0.800000
    endloop
  endfacet
  facet normal -0.212565 -0.977147 0.000000
    outer loop
      vertex 0.380339 1.295316 -0.800000
      vertex 0.192125 1.336259 0.800000
      vertex 0.192125 1.336259 -0.800000
    endloop
  endfacet
  facet normal -0.212565 -0.977147 0.000000
    outer loop
      vertex 0.380339 1.295316 -0.800000
      vertex 0.380339 1.295316 0.800000
      vertex 0.192125 1.336259 0.800000
    endloop
  endfacet
  facet normal 0.000000 0.000000 1.000000
    outer loop
      vertex 0.512333 3.563357 0.800000
      vertex 0.000000 3.600000 0.800000
      vertex 0.000000 1.350000 0.800000
    endloop
  endfacet
  facet normal 0.000000 0.000000 1.000000
    outer loop
      vertex 0.512333 3.563357 0.800000
      vertex 0.000000 1.350000 0.800000
      vertex 0.192125 1.336259 0.800000
    endloop
  endfacet
  facet normal -0.000000 0.000000 -1.000000
    outer loop
      vertex 0.512333 3.563357 -0.800000
      vertex 0.000000 1.350000 -0.800000
      vertex 0.000000 3.600000 -0.800000
    endloop
  endfacet
  facet normal 0.000000 0.000000 -1.000000
    outer loop
      vertex 0.512333 3.563357 -0.800000
      vertex 0.192125 1.336259 -0.800000
      vertex 0.000000 1.350000 -0.800000
    endloop
  endfacet
  facet normal 0.071339 0.997452 0.000000
    outer loop
      vertex 0.512333 3.563357 -0.800000
      vertex 0.000000 3.600000 -0.800000
      vertex 0.000000 3.600000 0.800000
    endloop
  endfacet
  facet normal 0.071339 0.997452 -0.000000
    outer loop
      vertex 0.512333 3.563357 -0.800000
      vertex 0.000000 3.600000 0.800000
      vertex 0.512333 3.563357 0.800000
    endloop
  endfacet
  facet normal -0.071339 -0.997452 0.000000
    outer loop
      vertex 0.192125 1.336259 -0.800000
      vertex 0.000000 1.350000 0.800000
      vertex 0.000000 1.350000 -0.800000
    endloop
  endfacet
  facet normal -0.071339 -0.997452 0.000000
    outer loop
      vertex 0.192125 1.336259 -0.800000
      vertex 0.192125 1.336259 0.800000
      vertex 0.000000 1.350000 0.800000
    endloop
  endfacet
  facet normal 0.000000 0.000000 1.000000
    outer loop
      vertex 0.000000 3.600000 0.800000
      vertex -0.512333 3.563357 0.800000
      vertex -0.192125 1.336259 0.800000
    endloop
  endfacet
  facet normal 0.000000 0.000000 1.000000
    outer loop
      vertex 0.000000 3.600000 0.800000
      vertex -0.192125 1.336259 0.800000
      vertex 0.000000 1.350000 0.800000
    endloop
  endfacet
  facet normal 0.000000 0.000000 -1.000000
    outer loop
      vertex 0.000000 3.600000 -0.800000
      vertex -0.192125 1.336259 -0.800000
      vertex -0.512333 3.563357 -0.800000
    endloop
  endfacet
  facet normal 0.000000 0.000000 -1.000000
    outer loop
      vertex 0.000000 3.600000 -0.800000
      vertex 0.000000 1.350000 -0.800000
      vertex -0.192125 1.336259 -0.800000
    endloop
  endfacet
  facet normal -0.071339 0.997452 0.000000
    outer loop
      vertex 0.000000 3.600000 -0.800000
      vertex -0.512333 3.563357 -0.800000
      vertex -0.512333 3.563357 0.800000
    endloop
  endfacet
  facet normal -0.071339 0.997452 0.000000
    outer loop
      vertex 0.000000 3.600000 -0.800000
      vertex -0.512333 3.563357 0.800000
      vertex 0.000000 3.600000 0.800000
    endloop
  endfacet
  facet normal 0.071339 -0.997452 0.000000
    outer loop
      vertex 0.000000 1.350000 -0.800000
      vertex -0.192125 1.336259 0.800000
      vertex -0.192125 1.336259 -0.800000
    endloop
  endfacet
  facet normal 0.071339 -0.997452 0.000000
    outer loop
      vertex 0.000000 1.350000 -0.800000
      vertex 0.000000 1.350000 0.800000
      vertex -0.192125 1.336259 0.800000
    endloop
  endfacet
  facet normal 0.000000 0.000000 1.000000
    outer loop
      vertex -0.512333 3.563357 0.800000
      vertex -1.014237 3.454175 0.800000
      vertex -0.380339 1.295316 0.800000
    endloop
  endfacet
  facet normal 0.000000 0.000000 1.000000
    outer loop
      vertex -0.512333 3.563357 0.800000
      vertex -0.380339 1.295316 0.800000
      vertex -0.192125 1.336259 0.800000
    endloop
  endfacet
  facet normal 0.000000 -0.000000 -1.000000
    outer loop
      vertex -0.512333 3.563357 -0.800000
      vertex -0.380339 1.295316 -0.800000
      vertex -1.014237 3.454175 -0.800000
    endloop
  endfacet
  facet normal 0.000000 0.000000 -1.000000
    outer loop
      vertex -0.512333 3.563357 -0.800000
      vertex -0.192125 1.336259 -0.800000
      vertex -0.380339 1.295316 -0.800000
    endloop
  endfacet
  facet normal -0.212565 0.977147 0.000000
    outer loop
      vertex -0.512333 3.563357 -0.800000
      vertex -1.014237 3.454175 -0.800000
      vertex -1.014237 3.454175 0.800000
    endloop
  endfacet
  facet normal -0.212565 0.977147 0.000000
    outer loop
      vertex -0.512333 3.563357 -0.800000
      vertex -1.014237 3.454175 0.800000
      vertex -0.512333 3.563357 0.800000
    endloop
  endfacet
  facet normal 0.212565 -0.977147 0.000000
    outer loop
      vertex -0.192125 1.336259 -0.800000
      vertex -0.380339 1.295316 0.800000
      vertex -0.380339 1.295316 -0.800000
    endloop
  endfacet
  facet normal 0.212565 -0.977147 0.000000
    outer loop
      vertex -0.192125 1.336259 -0.800000
      vertex -0.192125 1.336259 0.800000
      vertex -0.380339 1.295316 0.800000
    endloop
  endfacet
  facet normal 0.000000 0.000000 1.000000
    outer loop
      vertex -1.014237 3.454175 0.800000
      vertex -1.495494 3.274675 0.800000
      vertex -0.560810 1.228003 0.800000
    endloop
  endfacet
  facet normal 0.000000 0.000000 1.000000
    outer loop
      vertex -1.014237 3.454175 0.800000
      vertex -0.560810 1.228003 0.800000
      vertex -0.380339 1.295316 0.800000
    endloop
  endfacet
  facet normal 0.000000 -0.000000 -1.000000
    outer loop
      vertex -1.014237 3.454175 -0.800000
      vertex -0.560810 1.228003 -0.800000
      vertex -1.495494 3.274675 -0.800000
    endloop
  endfacet
  facet normal 0.000000 0.000000 -1.000000
    outer loop
      vertex -1.014237 3.454175 -0.800000
      vertex -0.380339 1.295316 -0.800000
      vertex -0.560810 1.228003 -0.800000
    endloop
  endfacet
  facet normal -0.349464 0.936950 0.000000
    outer loop
      vertex -1.014237 3.454175 -0.800000
      vertex -1.495494 3.274675 -0.800000
      vertex -1.495494 3.274675 0.800000
    endloop
  endfacet
  facet normal -0.349464 0.936950 0.000000
    outer loop
      vertex -1.014237 3.454175 -0.800000
      vertex -1.495494 3.274675 0.800000
      vertex -1.014237 3.454175 0.800000
    endloop
  endfacet
  facet normal 0.349464 -0.936950 0.000000
    outer loop
      vertex -0.380339 1.295316 -0.800000
      vertex -0.560810 1.228003 0.800000
      vertex -0.560810 1.228003 -0.800000
    endloop
  endfacet
  facet normal 0.349464 -0.936950 0.000000
    outer loop
      vertex -0.380339 1.295316 -0.800000
      vertex -0.380339 1.295316 0.800000
      vertex -0.560810 1.228003 0.800000
    endloop
  endfacet
  facet normal 0.000000 0.000000 1.000000
    outer loop
      vertex -1.495494 3.274675 0.800000
      vertex -1.946307 3.028513 0.800000
      vertex -0.729865 1.135692 0.800000
    endloop
  endfacet
  facet normal 0.000000 0.000000 1.000000
    outer loop
      vertex -1.495494 3.274675 0.800000
      vertex -0.729865 1.135692 0.800000
      vertex -0.560810 1.228003 0.800000
    endloop
  endfacet
  facet normal 0.000000 -0.000000 -1.000000
    outer loop
      vertex -1.495494 3.274675 -0.800000
      vertex -0.729865 1.135692 -0.800000
      vertex -1.946307 3.028513 -0.800000
    endloop
  endfacet
  facet normal 0.000000 0.000000 -1.000000
    outer loop
      vertex -1.495494 3.274675 -0.800000
      vertex -0.560810 1.228003 -0.800000
      vertex -0.729865 1.135692 -0.800000
    endloop
  endfacet
  facet normal -0.479249 0.877679 0.000000
    outer loop
      vertex -1.495494 3.274675 -0.800000
      vertex -1.946307 3.028513 -0.800000
      vertex -1.946307 3.028513 0.800000
    endloop
  endfacet
  facet normal -0.479249 0.877679 0.000000
    outer loop
      vertex -1.495494 3.274675 -0.800000
      vertex -1.946307 3.028513 0.800000
      vertex -1.495494 3.274675 0.800000
    endloop
  endfacet
  facet normal 0.479249 -0.877679 0.000000
    outer loop
      vertex -0.560810 1.228003 -0.800000
      vertex -0.729865 1.135692 0.800000
      vertex -0.729865 1.135692 -0.800000
    endloop
  endfacet
  facet normal 0.479249 -0.877679 0.000000
    outer loop
      vertex -0.560810 1.228003 -0.800000
      vertex -0.560810 1.228003 0.800000
      vertex -0.729865 1.135692 0.800000
    endloop
  endfacet
  facet normal 0.000000 0.000000 1.000000
    outer loop
      vertex -1.946307 3.028513 0.800000
      vertex -2.357499 2.720698 0.800000
      vertex -0.884062 1.020262 0.800000
    endloop
  endfacet
  facet normal 0.000000 0.000000 1.000000
    outer loop
      vertex -1.946307 3.028513 0.800000
      vertex -0.884062 1.020262 0.800000
      vertex -0.729865 1.135692 0.800000
    endloop
  endfacet
  facet normal 0.000000 -0.000000 -1.000000
    outer loop
      vertex -1.946307 3.028513 -0.800000
      vertex -0.884062 1.020262 -0.800000
      vertex -2.357499 2.720698 -0.800000
    endloop
  endfacet
  facet normal 0.000000 0.000000 -1.000000
    outer loop
      vertex -1.946307 3.028513 -0.800000
      vertex -0.729865 1.135692 -0.800000
      vertex -0.884062 1.020262 -0.800000
    endloop
  endfacet
  facet normal -0.599278 0.800541 0.000000
    outer loop
      vertex -1.946307 3.028513 -0.800000
      vertex -2.357499 2.720698 -0.800000
      vertex -2.357499 2.720698 0.800000
    endloop
  endfacet
  facet normal -0.599278 0.800541 0.000000
    outer loop
      vertex -1.946307 3.028513 -0.800000
      vertex -2.357499 2.720698 0.800000
      vertex -1.946307 3.028513 0.800000
    endloop
  endfacet
  facet normal 0.599278 -0.800541 0.000000
    outer loop
      vertex -0.729865 1.135692 -0.800000
      vertex -0.884062 1.020262 0.800000
      vertex -0.884062 1.020262 -0.800000
    endloop
  endfacet
  facet normal 0.599278 -0.800541 0.000000
    outer loop
      vertex -0.729865 1.135692 -0.800000
      vertex -0.729865 1.135692 0.800000
      vertex -0.884062 1.020262 0.800000
    endloop
  endfacet
  facet normal 0.000000 0.000000 1.000000
    outer loop
      vertex -2.357499 2.720698 0.800000
      vertex -2.720698 2.357499 0.800000
      vertex -1.020262 0.884062 0.800000
    endloop
  endfacet
  facet normal 0.000000 0.000000 1.000000
    outer loop
      vertex -2.357499 2.720698 0.800000
      vertex -1.020262 0.884062 0.800000
      vertex -0.884062 1.020262 0.800000
    endloop
  endfacet
  facet normal 0.000000 -0.000000 -1.000000
    outer loop
      vertex -2.357499 2.720698 -0.800000
      vertex -1.020262 0.884062 -0.800000
      vertex -2.720698 2.357499 -0.800000
    endloop
  endfacet
  facet normal 0.000000 0.000000 -1.000000
    outer loop
      vertex -2.357499 2.720698 -0.800000
      vertex -0.884062 1.020262 -0.800000
      vertex -1.020262 0.884062 -0.800000
    endloop
  endfacet
  facet normal -0.707107 0.707107 0.000000
    outer loop
      vertex -2.357499 2.720698 -0.800000
      vertex -2.720698 2.357499 -0.800000
      vertex -2.720698 2.357499 0.800000
    endloop
  endfacet
  facet normal -0.707107 0.707107 0.000000
    outer loop
      vertex -2.357499 2.720698 -0.800000
      vertex -2.720698 2.357499 0.800000
      vertex -2.357499 2.720698 0.800000
    endloop
  endfacet
  facet normal 0.707107 -0.707107 0.000000
    outer loop
      vertex -0.884062 1.020262 -0.800000
      vertex -1.020262 0.884062 0.800000
      vertex -1.020262 0.884062 -0.800000
    endloop
  endfacet
  facet normal 0.707107 -0.707107 0.000000
    outer loop
      vertex -0.884062 1.020262 -0.800000
      vertex -0.884062 1.020262 0.800000
      vertex -1.020262 0.884062 0.800000
    endloop
  endfacet
  facet normal 0.000000 0.000000 1.000000
    outer loop
      vertex -2.720698 2.357499 0.800000
      vertex -3.028513 1.946307 0.800000
      vertex -1.135692 0.729865 0.800000
    endloop
  endfacet
  facet normal 0.000000 0.000000 1.000000
    outer loop
      vertex -2.720698 2.357499 0.800000
      vertex -1.135692 0.729865 0.800000
      vertex -1.020262 0.884062 0.800000
    endloop
  endfacet
  facet normal 0.000000 -0.000000 -1.000000
    outer loop
      vertex -2.720698 2.357499 -0.800000
      vertex -1.135692 0.729865 -0.800000
      vertex -3.028513 1.946307 -0.800000
    endloop
  endfacet
  facet normal 0.000000 0.000000 -1.000000
    outer loop
      vertex -2.720698 2.357499 -0.800000
      vertex -1.020262 0.884062 -0.800000
      vertex -1.135692 0.729865 -0.800000
    endloop
  endfacet
  facet normal -0.800541 0.599278 0.000000
    outer loop
      vertex -2.720698 2.357499 -0.800000
      vertex -3.028513 1.946307 -0.800000
      vertex -3.028513 1.946307 0.800000
    endloop
  endfacet
  facet normal -0.800541 0.599278 0.000000
    outer loop
      vertex -2.720698 2.357499 -0.800000
      vertex -3.028513 1.946307 0.800000
      vertex -2.720698 2.357499 0.800000
    endloop
  endfacet
  facet normal 0.800541 -0.599278 0.000000
    outer loop
      vertex -1.020262 0.884062 -0.800000
      vertex -1.135692 0.729865 0.800000
      vertex -1.135692 0.729865 -0.800000
    endloop
  endfacet
  facet normal 0.800541 -0.599278 0.000000
    outer loop
      vertex -1.020262 0.884062 -0.800000
      vertex -1.020262 0.884062 0.800000
      vertex -1.135692 0.729865 0.800000
    endloop
  endfacet
  facet normal 0.000000 0.000000 1.000000
    outer loop
      vertex -3.028513 1.946307 0.800000
      vertex -3.274675 1.495494 0.800000
      vertex -1.228003 0.560810 0.800000
    endloop
  endfacet
  facet normal 0.000000 0.000000 1.000000
    outer loop
      vertex -3.028513 1.946307 0.800000
      vertex -1.228003 0.560810 0.800000
      vertex -1.135692 0.729865 0.800000
    endloop
  endfacet
  facet normal 0.000000 -0.000000 -1.000000
    outer loop
      vertex -3.028513 1.946307 -0.800000
      vertex -1.228003 0.560810 -0.800000
      vertex -3.274675 1.495494 -0.800000
    endloop
  endfacet
  facet normal 0.000000 0.000000 -1.000000
    outer loop
      vertex -3.028513 1.946307 -0.800000
      vertex -1.135692 0.729865 -0.800000
      vertex -1.228003 0.560810 -0.800000
    endloop
  endfacet
  facet normal -0.877679 0.479249 0.000000
    outer loop
      vertex -3.028513 1.946307 -0.800000
      vertex -3.274675 1.495494 -0.800000
      vertex -3.274675 1.495494 0.800000
    endloop
  endfacet
  facet normal -0.877679 0.479249 0.000000
    outer loop
      vertex -3.028513 1.946307 -0.800000
      vertex -3.274675 1.495494 0.800000
      vertex -3.028513 1.946307 0.800000
    endloop
  endfacet
  facet normal 0.877679 -0.479249 0.000000
    outer loop
      vertex -1.135692 0.729865 -0.800000
      vertex -1.228003 0.560810 0.800000
      vertex -1.228003 0.560810 -0.800000
    endloop
  endfacet
  facet normal 0.877679 -0.479249 0.000000
    outer loop
      vertex -1.135692 0.729865 -0.800000
      vertex -1.135692 0.729865 0.800000
      vertex -1.228003 0.560810 0.800000
    endloop
  endfacet
  facet normal 0.000000 0.000000 1.000000
    outer loop
      vertex -3.274675 1.495494 0.800000
      vertex -3.454175 1.014237 0.800000
      vertex -1.295316 0.380339 0.800000
    endloop
  endfacet
  facet normal 0.000000 0.000000 1.000000
    outer loop
      vertex -3.274675 1.495494 0.800000
      vertex -1.295316 0.380339 0.800000
      vertex -1.228003 0.560810 0.800000
    endloop
  endfacet
  facet normal 0.000000 -0.000000 -1.000000
    outer loop
      vertex -3.274675 1.495494 -0.800000
      vertex -1.295316 0.380339 -0.800000
      vertex -3.454175 1.014237 -0.800000
    endloop
  endfacet
  facet normal 0.000000 0.000000 -1.000000
    outer loop
      vertex -3.274675 1.495494 -0.800000
      vertex -1.228003 0.560810 -0.800000
      vertex -1.295316 0.380339 -0.800000
    endloop
  endfacet
  facet normal -0.936950 0.349464 0.000000
    outer loop
      vertex -3.274675 1.495494 -0.800000
      vertex -3.454175 1.014237 -0.800000
      vertex -3.454175 1.014237 0.800000
    endloop
  endfacet
  facet normal -0.936950 0.349464 0.000000
    outer loop
      vertex -3.274675 1.495494 -0.800000
      vertex -3.454175 1.014237 0.800000
      vertex -3.274675 1.495494 0.800000
    endloop
  endfacet
  facet normal 0.936950 -0.349464 0.000000
    outer loop
      vertex -1.228003 0.560810 -0.800000
      vertex -1.295316 0.380339 0.800000
      vertex -1.295316 0.380339 -0.800000
    endloop
  endfacet
  facet normal 0.936950 -0.349464 0.000000
    outer loop
      vertex -1.228003 0.560810 -0.800000
      vertex -1.228003 0.560810 0.800000
      vertex -1.295316 0.380339 0.800000
    endloop
  endfacet
  facet normal 0.000000 0.000000 1.000000
    outer loop
      vertex -3.454175 1.014237 0.800000
      vertex -3.563357 0.512333 0.800000
      vertex -1.336259 0.192125 0.800000
    endloop
  endfacet
  facet normal 0.000000 0.000000 1.000000
    outer loop
      vertex -3.454175 1.014237 0.800000
      vertex -1.336259 0.192125 0.800000
      vertex -1.295316 0.380339 0.800000
    endloop
  endfacet
  facet normal 0.000000 -0.000000 -1.000000
    outer loop
      vertex -3.454175 1.014237 -0.800000
      vertex -1.336259 0.192125 -0.800000
      vertex -3.563357 0.512333 -0.800000
    endloop
  endfacet
  facet normal 0.000000 0.000000 -1.000000
    outer loop
      vertex -3.454175 1.014237 -0.800000
      vertex -1.295316 0.380339 -0.800000
      vertex -1.336259 0.192125 -0.800000
    endloop
  endfacet
  facet normal -0.977147 0.212565 0.000000
    outer loop
      vertex -3.454175 1.014237 -0.800000
      vertex -3.563357 0.512333 -0.800000
      vertex -3.563357 0.512333 0.800000
    endloop
  endfacet
  facet normal -0.977147 0.212565 0.000000
    outer loop
      vertex -3.454175 1.014237 -0.800000
      vertex -3.563357 0.512333 0.800000
      vertex -3.454175 1.014237 0.800000
    endloop
  endfacet
  facet normal 0.977147 -0.212565 0.000000
    outer loop
      vertex -1.295316 0.380339 -0.800000
      vertex -1.336259 0.192125 0.800000
      vertex -1.336259 0.192125 -0.800000
    endloop
  endfacet
  facet normal 0.977147 -0.212565 0.000000
    outer loop
      vertex -1.295316 0.380339 -0.800000
      vertex -1.295316 0.380339 0.800000
      vertex -1.336259 0.192125 0.800000
    endloop
  endfacet
  facet normal 0.000000 0.000000 1.000000
    outer loop
      vertex -3.563357 0.512333 0.800000
      vertex -3.600000 0.000000 0.800000
      vertex -1.350000 0.000000 0.800000
    endloop
  endfacet
  facet normal 0.000000 0.000000 1.000000
    outer loop
      vertex -3.563357 0.512333 0.800000
      vertex -1.350000 0.000000 0.800000
      vertex -1.336259 0.192125 0.800000
    endloop
  endfacet
  facet normal 0.000000 -0.000000 -1.000000
    outer loop
      vertex -3.563357 0.512333 -0.800000
      vertex -1.350000 0.000000 -0.800000
      vertex -3.600000 0.000000 -0.800000
    endloop
  endfacet
  facet normal 0.000000 0.000000 -1.000000
    outer loop
      vertex -3.563357 0.512333 -0.800000
      vertex -1.336259 0.192125 -0.800000
      vertex -1.350000 0.000000 -0.800000
    endloop
  endfacet
  facet normal -0.997452 0.071339 0.000000
    outer loop
      vertex -3.563357 0.512333 -0.800000
      vertex -3.600000 0.000000 -0.800000
      vertex -3.600000 0.000000 0.800000
    endloop
  endfacet
  facet normal -0.997452 0.071339 0.000000
    outer loop
      vertex -3.563357 0.512333 -0.800000
      vertex -3.600000 0.000000 0.800000
      vertex -3.563357 0.512333 0.800000
    endloop
  endfacet
  facet normal 0.997452 -0.071339 0.000000
    outer loop
      vertex -1.336259 0.192125 -0.800000
      vertex -1.350000 0.000000 0.800000
      vertex -1.350000 0.000000 -0.800000
    endloop
  endfacet
  facet normal 0.997452 -0.071339 0.000000
    outer loop
      vertex -1.336259 0.192125 -0.800000
      vertex -1.336259 0.192125 0.800000
      vertex -1.350000 0.000000 0.800000
    endloop
  endfacet
  facet normal 0.000000 0.000000 1.000000
    outer loop
      vertex -3.600000 0.000000 0.800000
      vertex -3.563357 -0.512333 0.800000
      vertex -1.336259 -0.192125 0.800000
    endloop
  endfacet
  facet normal 0.000000 0.000000 1.000000
    outer loop
      vertex -3.600000 0.000000 0.800000
      vertex -1.336259 -0.192125 0.800000
      vertex -1.350000 0.000000 0.800000
    endloop
  endfacet
  facet normal 0.000000 0.000000 -1.000000
    outer loop
      vertex -3.600000 0.000000 -0.800000
      vertex -1.336259 -0.192125 -0.800000
      vertex -3.563357 -0.512333 -0.800000
    endloop
  endfacet
  facet normal 0.000000 0.000000 -1.000000
    outer loop
      vertex -3.600000 0.000000 -0.800000
      vertex -1.350000 0.000000 -0.800000
      vertex -1.336259 -0.192125 -0.800000
    endloop
  endfacet
  facet normal -0.997452 -0.071339 0.000000
    outer loop
      vertex -3.600000 0.000000 -0.800000
      vertex -3.563357 -0.512333 -0.800000
      vertex -3.563357 -0.512333 0.800000
    endloop
  endfacet
  facet normal -0.997452 -0.071339 0.000000
    outer loop
      vertex -3.600000 0.000000 -0.800000
      vertex -3.563357 -0.512333 0.800000
      vertex -3.600000 0.000000 0.800000
    endloop
  endfacet
  facet normal 0.997452 0.071339 0.000000
    outer loop
      vertex -1.350000 0.000000 -0.800000
      vertex -1.336259 -0.192125 0.800000
      vertex -1.336259 -0.192125 -0.800000
    endloop
  endfacet
  facet normal 0.997452 0.071339 -0.000000
    outer loop
      vertex -1.350000 0.000000 -0.800000
      vertex -1.350000 0.000000 0.800000
      vertex -1.336259 -0.192125 0.800000
    endloop
  endfacet
  facet normal -0.000000 0.000000 1.000000
    outer loop
      vertex -3.563357 -0.512333 0.800000
      vertex -3.454175 -1.014237 0.800000
      vertex -1.295316 -0.380339 0.800000
    endloop
  endfacet
  facet normal 0.000000 0.000000 1.000000
    outer loop
      vertex -3.563357 -0.512333 0.800000
      vertex -1.295316 -0.380339 0.800000
      vertex -1.336259 -0.192125 0.800000
    endloop
  endfacet
  facet normal 0.000000 0.000000 -1.000000
    outer loop
      vertex -3.563357 -0.512333 -0.800000
      vertex -1.295316 -0.380339 -0.800000
      vertex -3.454175 -1.014237 -0.800000
    endloop
  endfacet
  facet normal 0.000000 0.000000 -1.000000
    outer loop
      vertex -3.563357 -0.512333 -0.800000
      vertex -1.336259 -0.192125 -0.800000
      vertex -1.295316 -0.380339 -0.800000
    endloop
  endfacet
  facet normal -0.977147 -0.212565 0.000000
    outer loop
      vertex -3.563357 -0.512333 -0.800000
      vertex -3.454175 -1.014237 -0.800000
      vertex -3.454175 -1.014237 0.800000
    endloop
  endfacet
  facet normal -0.977147 -0.212565 0.000000
    outer loop
      vertex -3.563357 -0.512333 -0.800000
      vertex -3.454175 -1.014237 0.800000
      vertex -3.563357 -0.512333 0.800000
    endloop
  endfacet
  facet normal 0.977147 0.212565 0.000000
    outer loop
      vertex -1.336259 -0.192125 -0.800000
      vertex -1.295316 -0.380339 0.800000
      vertex -1.295316 -0.380339 -0.800000
    endloop
  endfacet
  facet normal 0.977147 0.212565 -0.000000
    outer loop
      vertex -1.336259 -0.192125 -0.800000
      vertex -1.336259 -0.192125 0.800000
      vertex -1.295316 -0.380339 0.800000
    endloop
  endfacet
  facet normal -0.000000 0.000000 1.000000
    outer loop
      vertex -3.454175 -1.014237 0.800000
      vertex -3.274675 -1.495494 0.800000
      vertex -1.228003 -0.560810 0.800000
    endloop
  endfacet
  facet normal 0.000000 0.000000 1.000000
    outer loop
      vertex -3.454175 -1.014237 0.800000
      vertex -1.228003 -0.560810 0.800000
      vertex -1.295316 -0.380339 0.800000
    endloop
  endfacet
  facet normal 0.000000 0.000000 -1.000000
    outer loop
      vertex -3.454175 -1.014237 -0.800000
      vertex -1.228003 -0.560810 -0.800000
      vertex -3.274675 -1.495494 -0.800000
    endloop
  endfacet
  facet normal 0.000000 0.000000 -1.000000
    outer loop
      vertex -3.454175 -1.014237 -0.800000
      vertex -1.295316 -0.380339 -0.800000
      vertex -1.228003 -0.560810 -0.800000
    endloop
  endfacet
  facet normal -0.936950 -0.349464 0.000000
    outer loop
      vertex -3.454175 -1.014237 -0.800000
      vertex -3.274675 -1.495494 -0.800000
      vertex -3.274675 -1.495494 0.800000
    endloop
  endfacet
  facet normal -0.936950 -0.349464 0.000000
    outer loop
      vertex -3.454175 -1.014237 -0.800000
      vertex -3.274675 -1.495494 0.800000
      vertex -3.454175 -1.014237 0.800000
    endloop
  endfacet
  facet normal 0.936950 0.349464 0.000000
    outer loop
      vertex -1.295316 -0.380339 -0.800000
      vertex -1.228003 -0.560810 0.800000
      vertex -1.228003 -0.560810 -0.800000
    endloop
  endfacet
  facet normal 0.936950 0.349464 -0.000000
    outer loop
      vertex -1.295316 -0.380339 -0.800000
      vertex -1.295316 -0.380339 0.800000
      vertex -1.228003 -0.560810 0.800000
    endloop
  endfacet
  facet normal -0.000000 0.000000 1.000000
    outer loop
      vertex -3.274675 -1.495494 0.800000
      vertex -3.028513 -1.946307 0.800000
      vertex -1.135692 -0.729865 0.800000
    endloop
  endfacet
  facet normal 0.000000 0.000000 1.000000
    outer loop
      vertex -3.274675 -1.495494 0.800000
      vertex -1.135692 -0.729865 0.800000
      vertex -1.228003 -0.560810 0.800000
    endloop
  endfacet
  facet normal 0.000000 0.000000 -1.000000
    outer loop
      vertex -3.274675 -1.495494 -0.800000
      vertex -1.135692 -0.729865 -0.800000
      vertex -3.028513 -1.946307 -0.800000
    endloop
  endfacet
  facet normal 0.000000 0.000000 -1.000000
    outer loop
      vertex -3.274675 -1.495494 -0.800000
      vertex -1.228003 -0.560810 -0.800000
      vertex -1.135692 -0.729865 -0.800000
    endloop
  endfacet
  facet normal -0.877679 -0.479249 0.000000
    outer loop
      vertex -3.274675 -1.495494 -0.800000
      vertex -3.028513 -1.946307 -0.800000
      vertex -3.028513 -1.946307 0.800000
    endloop
  endfacet
  facet normal -0.877679 -0.479249 0.000000
    outer loop
      vertex -3.274675 -1.495494 -0.800000
      vertex -3.028513 -1.946307 0.800000
      vertex -3.274675 -1.495494 0.800000
    endloop
  endfacet
  facet normal 0.877679 0.479249 0.000000
    outer loop
      vertex -1.228003 -0.560810 -0.800000
      vertex -1.135692 -0.729865 0.800000
      vertex -1.135692 -0.729865 -0.800000
    endloop
  endfacet
  facet normal 0.877679 0.479249 -0.000000
    outer loop
      vertex -1.228003 -0.560810 -0.800000
      vertex -1.228003 -0.560810 0.800000
      vertex -1.135692 -0.729865 0.800000
    endloop
  endfacet
  facet normal -0.000000 0.000000 1.000000
    outer loop
      vertex -3.028513 -1.946307 0.800000
      vertex -2.720698 -2.357499 0.800000
      vertex -1.020262 -0.884062 0.800000
    endloop
  endfacet
  facet normal 0.000000 0.000000 1.000000
    outer loop
      vertex -3.028513 -1.946307 0.800000
      vertex -1.020262 -0.884062 0.800000
      vertex -1.135692 -0.729865 0.800000
    endloop
  endfacet
  facet normal 0.000000 0.000000 -1.000000
    outer loop
      vertex -3.028513 -1.946307 -0.800000
      vertex -1.020262 -0.884062 -0.800000
      vertex -2.720698 -2.357499 -0.800000
    endloop
  endfacet
  facet normal 0.000000 0.000000 -1.000000
    outer loop
      vertex -3.028513 -1.946307 -0.800000
      vertex -1.135692 -0.729865 -0.800000
      vertex -1.020262 -0.884062 -0.800000
    endloop
  endfacet
  facet normal -0.800541 -0.599278 0.000000
    outer loop
      vertex -3.028513 -1.946307 -0.800000
      vertex -2.720698 -2.357499 -0.800000
      vertex -2.720698 -2.357499 0.800000
    endloop
  endfacet
  facet normal -0.800541 -0.599278 0.000000
    outer loop
      vertex -3.028513 -1.946307 -0.800000
      vertex -2.720698 -2.357499 0.800000
      vertex -3.028513 -1.946307 0.800000
    endloop
  endfacet
  facet normal 0.800541 0.599278 0.000000
    outer loop
      vertex -1.135692 -0.729865 -0.800000
      vertex -1.020262 -0.884062 0.800000
      vertex -1.020262 -0.884062 -0.800000
    endloop
  endfacet
  facet normal 0.800541 0.599278 -0.000000
    outer loop
      vertex -1.135692 -0.729865 -0.800000
      vertex -1.135692 -0.729865 0.800000
      vertex -1.020262 -0.884062 0.800000
    endloop
  endfacet
  facet normal -0.000000 0.000000 1.000000
    outer loop
      vertex -2.720698 -2.357499 0.800000
      vertex -2.357499 -2.720698 0.800000
      vertex -0.884062 -1.020262 0.800000
    endloop
  endfacet
  facet normal 0.000000 0.000000 1.000000
    outer loop
      vertex -2.720698 -2.357499 0.800000
      vertex -0.884062 -1.020262 0.800000
      vertex -1.020262 -0.884062 0.800000
    endloop
  endfacet
  facet normal 0.000000 0.000000 -1.000000
    outer loop
      vertex -2.720698 -2.357499 -0.800000
      vertex -0.884062 -1.020262 -0.800000
      vertex -2.357499 -2.720698 -0.800000
    endloop
  endfacet
  facet normal 0.000000 0.000000 -1.000000
    outer loop
      vertex -2.720698 -2.357499 -0.800000
      vertex -1.020262 -0.884062 -0.800000
      vertex -0.884062 -1.020262 -0.800000
    endloop
  endfacet
  facet normal -0.707107 -0.707107 0.000000
    outer loop
      vertex -2.720698 -2.357499 -0.800000
      vertex -2.357499 -2.720698 -0.800000
      vertex -2.357499 -2.720698 0.800000
    endloop
  endfacet
  facet normal -0.707107 -0.707107 0.000000
    outer loop
      vertex -2.720698 -2.357499 -0.800000
      vertex -2.357499 -2.720698 0.800000
      vertex -2.720698 -2.357499 0.800000
    endloop
  endfacet
  facet normal 0.707107 0.707107 0.000000
    outer loop
      vertex -1.020262 -0.884062 -0.800000
      vertex -0.884062 -1.020262 0.800000
      vertex -0.884062 -1.020262 -0.800000
    endloop
  endfacet
  facet normal 0.707107 0.707107 -0.000000
    outer loop
      vertex -1.020262 -0.884062 -0.800000
      vertex -1.020262 -0.884062 0.800000
      vertex -0.884062 -1.020262 0.800000
    endloop
  endfacet
  facet normal -0.000000 0.000000 1.000000
    outer loop
      vertex -2.357499 -2.720698 0.800000
      vertex -1.946307 -3.028513 0.800000
      vertex -0.729865 -1.135692 0.800000
    endloop
  endfacet
  facet normal 0.000000 0.000000 1.000000
    outer loop
      vertex -2.357499 -2.720698 0.800000
      vertex -0.729865 -1.135692 0.800000
      vertex -0.884062 -1.020262 0.800000
    endloop
  endfacet
  facet normal 0.000000 0.000000 -1.000000
    outer loop
      vertex -2.357499 -2.720698 -0.800000
      vertex -0.729865 -1.135692 -0.800000
      vertex -1.946307 -3.028513 -0.800000
    endloop
  endfacet
  facet normal 0.000000 0.000000 -1.000000
    outer loop
      vertex -2.357499 -2.720698 -0.800000
      vertex -0.884062 -1.020262 -0.800000
      vertex -0.729865 -1.135692 -0.800000
    endloop
  endfacet
  facet normal -0.599278 -0.800541 0.000000
    outer loop
      vertex -2.357499 -2.720698 -0.800000
      vertex -1.946307 -3.028513 -0.800000
      vertex -1.946307 -3.028513 0.800000
    endloop
  endfacet
  facet normal -0.599278 -0.800541 0.000000
    outer loop
      vertex -2.357499 -2.720698 -0.800000
      vertex -1.946307 -3.028513 0.800000
      vertex -2.357499 -2.720698 0.800000
    endloop
  endfacet
  facet normal 0.599278 0.800541 0.000000
    outer loop
      vertex -0.884062 -1.020262 -0.800000
      vertex -0.729865 -1.135692 0.800000
      vertex -0.729865 -1.135692 -0.800000
    endloop
  endfacet
  facet normal 0.599278 0.800541 -0.000000
    outer loop
      vertex -0.884062 -1.020262 -0.800000
      vertex -0.884062 -1.020262 0.800000
      vertex -0.729865 -1.135692 0.800000
    endloop
  endfacet
  facet normal -0.000000 0.000000 1.000000
    outer loop
      vertex -1.946307 -3.028513 0.800000
      vertex -1.495494 -3.274675 0.800000
      vertex -0.560810 -1.228003 0.800000
    endloop
  endfacet
  facet normal 0.000000 0.000000 1.000000
    outer loop
      vertex -1.946307 -3.028513 0.800000
      vertex -0.560810 -1.228003 0.800000
      vertex -0.729865 -1.135692 0.800000
    endloop
  endfacet
  facet normal 0.000000 0.000000 -1.000000
    outer loop
      vertex -1.946307 -3.028513 -0.800000
      vertex -0.560810 -1.228003 -0.800000
      vertex -1.495494 -3.274675 -0.800000
    endloop
  endfacet
  facet normal 0.000000 0.000000 -1.000000
    outer loop
      vertex -1.946307 -3.028513 -0.800000
      vertex -0.729865 -1.135692 -0.800000
      vertex -0.560810 -1.228003 -0.800000
    endloop
  endfacet
  facet normal -0.479249 -0.877679 0.000000
    outer loop
      vertex -1.946307 -3.028513 -0.800000
      vertex -1.495494 -3.274675 -0.800000
      vertex -1.495494 -3.274675 0.800000
    endloop
  endfacet
  facet normal -0.479249 -0.877679 0.000000
    outer loop
      vertex -1.946307 -3.028513 -0.800000
      vertex -1.495494 -3.274675 0.800000
      vertex -1.946307 -3.028513 0.800000
    endloop
  endfacet
  facet normal 0.479249 0.877679 0.000000
    outer loop
      vertex -0.729865 -1.135692 -0.800000
      vertex -0.560810 -1.228003 0.800000
      vertex -0.560810 -1.228003 -0.800000
    endloop
  endfacet
  facet normal 0.479249 0.877679 -0.000000
    outer loop
      vertex -0.729865 -1.135692 -0.800000
      vertex -0.729865 -1.135692 0.800000
      vertex -0.560810 -1.228003 0.800000
    endloop
  endfacet
  facet normal -0.000000 0.000000 1.000000
    outer loop
      vertex -1.495494 -3.274675 0.800000
      vertex -1.014237 -3.454175 0.800000
      vertex -0.380339 -1.295316 0.800000
    endloop
  endfacet
  facet normal 0.000000 0.000000 1.000000
    outer loop
      vertex -1.495494 -3.274675 0.800000
      vertex -0.380339 -1.295316 0.800000
      vertex -0.560810 -1.228003 0.800000
    endloop
  endfacet
  facet normal 0.000000 0.000000 -1.000000
    outer loop
      vertex -1.495494 -3.274675 -0.800000
      vertex -0.380339 -1.295316 -0.800000
      vertex -1.014237 -3.454175 -0.800000
    endloop
  endfacet
  facet normal 0.000000 0.000000 -1.000000
    outer loop
      vertex -1.495494 -3.274675 -0.800000
      vertex -0.560810 -1.228003 -0.800000
      vertex -0.380339 -1.295316 -0.800000
    endloop
  endfacet
  facet normal -0.349464 -0.936950 0.000000
    outer loop
      vertex -1.495494 -3.274675 -0.800000
      vertex -1.014237 -3.454175 -0.800000
      vertex -1.014237 -3.454175 0.800000
    endloop
  endfacet
  facet normal -0.349464 -0.936950 0.000000
    outer loop
      vertex -1.495494 -3.274675 -0.800000
      vertex -1.014237 -3.454175 0.800000
      vertex -1.495494 -3.274675 0.800000
    endloop
  endfacet
  facet normal 0.349464 0.936950 0.000000
    outer loop
      vertex -0.560810 -1.228003 -0.800000
      vertex -0.380339 -1.295316 0.800000
      vertex -0.380339 -1.295316 -0.800000
    endloop
  endfacet
  facet normal 0.349464 0.936950 -0.000000
    outer loop
      vertex -0.560810 -1.228003 -0.800000
      vertex -0.560810 -1.228003 0.800000
      vertex -0.380339 -1.295316 0.800000
    endloop
  endfacet
  facet normal -0.000000 0.000000 1.000000
    outer loop
      vertex -1.014237 -3.454175 0.800000
      vertex -0.512333 -3.563357 0.800000
      vertex -0.192125 -1.336259 0.800000
    endloop
  endfacet
  facet normal 0.000000 0.000000 1.000000
    outer loop
      vertex -1.014237 -3.454175 0.800000
      vertex -0.192125 -1.336259 0.800000
      vertex -0.380339 -1.295316 0.800000
    endloop
  endfacet
  facet normal 0.000000 0.000000 -1.000000
    outer loop
      vertex -1.014237 -3.454175 -0.800000
      vertex -0.192125 -1.336259 -0.800000
      vertex -0.512333 -3.563357 -0.800000
    endloop
  endfacet
  facet normal 0.000000 0.000000 -1.000000
    outer loop
      vertex -1.014237 -3.454175 -0.800000
      vertex -0.380339 -1.295316 -0.800000
      vertex -0.192125 -1.336259 -0.800000
    endloop
  endfacet
  facet normal -0.212565 -0.977147 0.000000
    outer loop
      vertex -1.014237 -3.454175 -0.800000
      vertex -0.512333 -3.563357 -0.800000
      vertex -0.512333 -3.563357 0.800000
    endloop
  endfacet
  facet normal -0.212565 -0.977147 0.000000
    outer loop
      vertex -1.014237 -3.454175 -0.800000
      vertex -0.512333 -3.563357 0.800000
      vertex -1.014237 -3.454175 0.800000
    endloop
  endfacet
  facet normal 0.212565 0.977147 0.000000
    outer loop
      vertex -0.380339 -1.295316 -0.800000
      vertex -0.192125 -1.336259 0.800000
      vertex -0.192125 -1.336259 -0.800000
    endloop
  endfacet
  facet normal 0.212565 0.977147 -0.000000
    outer loop
      vertex -0.380339 -1.295316 -0.800000
      vertex -0.380339 -1.295316 0.800000
      vertex -0.192125 -1.336259 0.800000
    endloop
  endfacet
  facet normal -0.000000 0.000000 1.000000
    outer loop
      vertex -0.512333 -3.563357 0.800000
      vertex -0.000000 -3.600000 0.800000
      vertex -0.000000 -1.350000 0.800000
    endloop
  endfacet
  facet normal 0.000000 0.000000 1.000000
    outer loop
      vertex -0.512333 -3.563357 0.800000
      vertex -0.000000 -1.350000 0.800000
      vertex -0.192125 -1.336259 0.800000
    endloop
  endfacet
  facet normal 0.000000 0.000000 -1.000000
    outer loop
      vertex -0.512333 -3.563357 -0.800000
      vertex -0.000000 -1.350000 -0.800000
      vertex -0.000000 -3.600000 -0.800000
    endloop
  endfacet
  facet normal 0.000000 0.000000 -1.000000
    outer loop
      vertex -0.512333 -3.563357 -0.800000
      vertex -0.192125 -1.336259 -0.800000
      vertex -0.000000 -1.350000 -0.800000
    endloop
  endfacet
  facet normal -0.071339 -0.997452 0.000000
    outer loop
      vertex -0.512333 -3.563357 -0.800000
      vertex -0.000000 -3.600000 -0.800000
      vertex -0.000000 -3.600000 0.800000
    endloop
  endfacet
  facet normal -0.071339 -0.997452 0.000000
    outer loop
      vertex -0.512333 -3.563357 -0.800000
      vertex -0.000000 -3.600000 0.800000
      vertex -0.512333 -3.563357 0.800000
    endloop
  endfacet
  facet normal 0.071339 0.997452 0.000000
    outer loop
      vertex -0.192125 -1.336259 -0.800000
      vertex -0.000000 -1.350000 0.800000
      vertex -0.000000 -1.350000 -0.800000
    endloop
  endfacet
  facet normal 0.071339 0.997452 -0.000000
    outer loop
      vertex -0.192125 -1.336259 -0.800000
      vertex -0.192125 -1.336259 0.800000
      vertex -0.000000 -1.350000 0.800000
    endloop
  endfacet
  facet normal 0.000000 0.000000 1.000000
    outer loop
      vertex -0.000000 -3.600000 0.800000
      vertex 0.512333 -3.563357 0.800000
      vertex 0.192125 -1.336259 0.800000
    endloop
  endfacet
  facet normal 0.000000 0.000000 1.000000
    outer loop
      vertex -0.000000 -3.600000 0.800000
      vertex 0.192125 -1.336259 0.800000
      vertex -0.000000 -1.350000 0.800000
    endloop
  endfacet
  facet normal 0.000000 0.000000 -1.000000
    outer loop
      vertex -0.000000 -3.600000 -0.800000
      vertex 0.192125 -1.336259 -0.800000
      vertex 0.512333 -3.563357 -0.800000
    endloop
  endfacet
  facet normal 0.000000 0.000000 -1.000000
    outer loop
      vertex -0.000000 -3.600000 -0.800000
      vertex -0.000000 -1.350000 -0.800000
      vertex 0.192125 -1.336259 -0.800000
    endloop
  endfacet
  facet normal 0.071339 -0.997452 0.000000
    outer loop
      vertex -0.000000 -3.600000 -0.800000
      vertex 0.512333 -3.563357 -0.800000
      vertex 0.512333 -3.563357 0.800000
    endloop
  endfacet
  facet normal 0.071339 -0.997452 0.000000
    outer loop
      vertex -0.000000 -3.600000 -0.800000
      vertex 0.512333 -3.563357 0.800000
      vertex -0.000000 -3.600000 0.800000
    endloop
  endfacet
  facet normal -0.071339 0.997452 0.000000
    outer loop
      vertex -0.000000 -1.350000 -0.800000
      vertex 0.192125 -1.336259 0.800000
      vertex 0.192125 -1.336259 -0.800000
    endloop
  endfacet
  facet normal -0.071339 0.997452 0.000000
    outer loop
      vertex -0.000000 -1.350000 -0.800000
      vertex -0.000000 -1.350000 0.800000
      vertex 0.192125 -1.336259 0.800000
    endloop
  endfacet
  facet normal 0.000000 -0.000000 1.000000
    outer loop
      vertex 0.512333 -3.563357 0.800000
      vertex 1.014237 -3.454175 0.800000
      vertex 0.380339 -1.295316 0.800000
    endloop
  endfacet
  facet normal 0.000000 0.000000 1.000000
    outer loop
      vertex 0.512333 -3.563357 0.800000
      vertex 0.380339 -1.295316 0.800000
      vertex 0.192125 -1.336259 0.800000
    endloop
  endfacet
  facet normal 0.000000 0.000000 -1.000000
    outer loop
      vertex 0.512333 -3.563357 -0.800000
      vertex 0.380339 -1.295316 -0.800000
      vertex 1.014237 -3.454175 -0.800000
    endloop
  endfacet
  facet normal 0.000000 0.000000 -1.000000
    outer loop
      vertex 0.512333 -3.563357 -0.800000
      vertex 0.192125 -1.336259 -0.800000
      vertex 0.380339 -1.295316 -0.800000
    endloop
  endfacet
  facet normal 0.212565 -0.977147 0.000000
    outer loop
      vertex 0.512333 -3.563357 -0.800000
      vertex 1.014237 -3.454175 -0.800000
      vertex 1.014237 -3.454175 0.800000
    endloop
  endfacet
  facet normal 0.212565 -0.977147 0.000000
    outer loop
      vertex 0.512333 -3.563357 -0.800000
      vertex 1.014237 -3.454175 0.800000
      vertex 0.512333 -3.563357 0.800000
    endloop
  endfacet
  facet normal -0.212565 0.977147 0.000000
    outer loop
      vertex 0.192125 -1.336259 -0.800000
      vertex 0.380339 -1.295316 0.800000
      vertex 0.380339 -1.295316 -0.800000
    endloop
  endfacet
  facet normal -0.212565 0.977147 0.000000
    outer loop
      vertex 0.192125 -1.336259 -0.800000
      vertex 0.192125 -1.336259 0.800000
      vertex 0.380339 -1.295316 0.800000
    endloop
  endfacet
  facet normal 0.000000 -0.000000 1.000000
    outer loop
      vertex 1.014237 -3.454175 0.800000
      vertex 1.495494 -3.274675 0.800000
      vertex 0.560810 -1.228003 0.800000
    endloop
  endfacet
  facet normal 0.000000 0.000000 1.000000
    outer loop
      vertex 1.014237 -3.454175 0.800000
      vertex 0.560810 -1.228003 0.800000
      vertex 0.380339 -1.295316 0.800000
    endloop
  endfacet
  facet normal 0.000000 0.000000 -1.000000
    outer loop
      vertex 1.014237 -3.454175 -0.800000
      vertex 0.560810 -1.228003 -0.800000
      vertex 1.495494 -3.274675 -0.800000
    endloop
  endfacet
  facet normal 0.000000 0.000000 -1.000000
    outer loop
      vertex 1.014237 -3.454175 -0.800000
      vertex 0.380339 -1.295316 -0.800000
      vertex 0.560810 -1.228003 -0.800000
    endloop
  endfacet
  facet normal 0.349464 -0.936950 0.000000
    outer loop
      vertex 1.014237 -3.454175 -0.800000
      vertex 1.495494 -3.274675 -0.800000
      vertex 1.495494 -3.274675 0.800000
    endloop
  endfacet
  facet normal 0.349464 -0.936950 0.000000
    outer loop
      vertex 1.014237 -3.454175 -0.800000
      vertex 1.495494 -3.274675 0.800000
      vertex 1.014237 -3.454175 0.800000
    endloop
  endfacet
  facet normal -0.349464 0.936950 0.000000
    outer loop
      vertex 0.380339 -1.295316 -0.800000
      vertex 0.560810 -1.228003 0.800000
      vertex 0.560810 -1.228003 -0.800000
    endloop
  endfacet
  facet normal -0.349464 0.936950 0.000000
    outer loop
      vertex 0.380339 -1.295316 -0.800000
      vertex 0.380339 -1.295316 0.800000
      vertex 0.560810 -1.228003 0.800000
    endloop
  endfacet
  facet normal 0.000000 -0.000000 1.000000
    outer loop
      vertex 1.495494 -3.274675 0.800000
      vertex 1.946307 -3.028513 0.800000
      vertex 0.729865 -1.135692 0.800000
    endloop
  endfacet
  facet normal 0.000000 0.000000 1.000000
    outer loop
      vertex 1.495494 -3.274675 0.800000
      vertex 0.729865 -1.135692 0.800000
      vertex 0.560810 -1.228003 0.800000
    endloop
  endfacet
  facet normal 0.000000 0.000000 -1.000000
    outer loop
      vertex 1.495494 -3.274675 -0.800000
      vertex 0.729865 -1.135692 -0.800000
      vertex 1.946307 -3.028513 -0.800000
    endloop
  endfacet
  facet normal 0.000000 0.000000 -1.000000
    outer loop
      vertex 1.495494 -3.274675 -0.800000
      vertex 0.560810 -1.228003 -0.800000
      vertex 0.729865 -1.135692 -0.800000
    endloop
  endfacet
  facet normal 0.479249 -0.877679 0.000000
    outer loop
      vertex 1.495494 -3.274675 -0.800000
      vertex 1.946307 -3.028513 -0.800000
      vertex 1.946307 -3.028513 0.800000
    endloop
  endfacet
  facet normal 0.479249 -0.877679 0.000000
    outer loop
      vertex 1.495494 -3.274675 -0.800000
      vertex 1.946307 -3.028513 0.800000
      vertex 1.495494 -3.274675 0.800000
    endloop
  endfacet
  facet normal -0.479249 0.877679 0.000000
    outer loop
      vertex 0.560810 -1.228003 -0.800000
      vertex 0.729865 -1.135692 0.800000
      vertex 0.729865 -1.135692 -0.800000
    endloop
  endfacet
  facet normal -0.479249 0.877679 0.000000
    outer loop
      vertex 0.560810 -1.228003 -0.800000
      vertex 0.560810 -1.228003 0.800000
      vertex 0.729865 -1.135692 0.800000
    endloop
  endfacet
  facet normal 0.000000 -0.000000 1.000000
    outer loop
      vertex 1.946307 -3.028513 0.800000
      vertex 2.357499 -2.720698 0.800000
      vertex 0.884062 -1.020262 0.800000
    endloop
  endfacet
  facet normal 0.000000 0.000000 1.000000
    outer loop
      vertex 1.946307 -3.028513 0.800000
      vertex 0.884062 -1.020262 0.800000
      vertex 0.729865 -1.135692 0.800000
    endloop
  endfacet
  facet normal 0.000000 0.000000 -1.000000
    outer loop
      vertex 1.946307 -3.028513 -0.800000
      vertex 0.884062 -1.020262 -0.800000
      vertex 2.357499 -2.720698 -0.800000
    endloop
  endfacet
  facet normal 0.000000 0.000000 -1.000000
    outer loop
      vertex 1.946307 -3.028513 -0.800000
      vertex 0.729865 -1.135692 -0.800000
      vertex 0.884062 -1.020262 -0.800000
    endloop
  endfacet
  facet normal 0.599278 -0.800541 0.000000
    outer loop
      vertex 1.946307 -3.028513 -0.800000
      vertex 2.357499 -2.720698 -0.800000
      vertex 2.357499 -2.720698 0.800000
    endloop
  endfacet
  facet normal 0.599278 -0.800541 0.000000
    outer loop
      vertex 1.946307 -3.028513 -0.800000
      vertex 2.357499 -2.720698 0.800000
      vertex 1.946307 -3.028513 0.800000
    endloop
  endfacet
  facet normal -0.599278 0.800541 0.000000
    outer loop
      vertex 0.729865 -1.135692 -0.800000
      vertex 0.884062 -1.020262 0.800000
      vertex 0.884062 -1.020262 -0.800000
    endloop
  endfacet
  facet normal -0.599278 0.800541 0.000000
    outer loop
      vertex 0.729865 -1.135692 -0.800000
      vertex 0.729865 -1.135692 0.800000
      vertex 0.884062 -1.020262 0.800000
    endloop
  endfacet
  facet normal 0.000000 -0.000000 1.000000
    outer loop
      vertex 2.357499 -2.720698 0.800000
      vertex 2.720698 -2.357499 0.800000
      vertex 1.020262 -0.884062 0.800000
    endloop
  endfacet
  facet normal 0.000000 0.000000 1.000000
    outer loop
      vertex 2.357499 -2.720698 0.800000
      vertex 1.020262 -0.884062 0.800000
      vertex 0.884062 -1.020262 0.800000
    endloop
  endfacet
  facet normal 0.000000 0.000000 -1.000000
    outer loop
      vertex 2.357499 -2.720698 -0.800000
      vertex 1.020262 -0.884062 -0.800000
      vertex 2.720698 -2.357499 -0.800000
    endloop
  endfacet
  facet normal 0.000000 0.000000 -1.000000
    outer loop
      vertex 2.357499 -2.720698 -0.800000
      vertex 0.884062 -1.020262 -0.800000
      vertex 1.020262 -0.884062 -0.800000
    endloop
  endfacet
  facet normal 0.707107 -0.707107 0.000000
    outer loop
      vertex 2.357499 -2.720698 -0.800000
      vertex 2.720698 -2.357499 -0.800000
      vertex 2.720698 -2.357499 0.800000
    endloop
  endfacet
  facet normal 0.707107 -0.707107 0.000000
    outer loop
      vertex 2.357499 -2.720698 -0.800000
      vertex 2.720698 -2.357499 0.800000
      vertex 2.357499 -2.720698 0.800000
    endloop
  endfacet
  facet normal -0.707107 0.707107 0.000000
    outer loop
      vertex 0.884062 -1.020262 -0.800000
      vertex 1.020262 -0.884062 0.800000
      vertex 1.020262 -0.884062 -0.800000
    endloop
  endfacet
  facet normal -0.707107 0.707107 0.000000
    outer loop
      vertex 0.884062 -1.020262 -0.800000
      vertex 0.884062 -1.020262 0.800000
      vertex 1.020262 -0.884062 0.800000
    endloop
  endfacet
  facet normal 0.000000 -0.000000 1.000000
    outer loop
      vertex 2.720698 -2.357499 0.800000
      vertex 3.028513 -1.946307 0.800000
      vertex 1.135692 -0.729865 0.800000
    endloop
  endfacet
  facet normal 0.000000 0.000000 1.000000
    outer loop
      vertex 2.720698 -2.357499 0.800000
      vertex 1.135692 -0.729865 0.800000
      vertex 1.020262 -0.884062 0.800000
    endloop
  endfacet
  facet normal 0.000000 0.000000 -1.000000
    outer loop
      vertex 2.720698 -2.357499 -0.800000
      vertex 1.135692 -0.729865 -0.800000
      vertex 3.028513 -1.946307 -0.800000
    endloop
  endfacet
  facet normal 0.000000 0.000000 -1.000000
    outer loop
      vertex 2.720698 -2.357499 -0.800000
      vertex 1.020262 -0.884062 -0.800000
      vertex 1.135692 -0.729865 -0.800000
    endloop
  endfacet
  facet normal 0.800541 -0.599278 0.000000
    outer loop
      vertex 2.720698 -2.357499 -0.800000
      vertex 3.028513 -1.946307 -0.800000
      vertex 3.028513 -1.946307 0.800000
    endloop
  endfacet
  facet normal 0.800541 -0.599278 0.000000
    outer loop
      vertex 2.720698 -2.357499 -0.800000
      vertex 3.028513 -1.946307 0.800000
      vertex 2.720698 -2.357499 0.800000
    endloop
  endfacet
  facet normal -0.800541 0.599278 0.000000
    outer loop
      vertex 1.020262 -0.884062 -0.800000
      vertex 1.135692 -0.729865 0.800000
      vertex 1.135692 -0.729865 -0.800000
    endloop
  endfacet
  facet normal -0.800541 0.599278 0.000000
    outer loop
      vertex 1.020262 -0.884062 -0.800000
      vertex 1.020262 -0.884062 0.800000
      vertex 1.135692 -0.729865 0.800000
    endloop
  endfacet
  facet normal 0.000000 -0.000000 1.000000
    outer loop
      vertex 3.028513 -1.946307 0.800000
      vertex 3.274675 -1.495494 0.800000
      vertex 1.228003 -0.560810 0.800000
    endloop
  endfacet
  facet normal 0.000000 0.000000 1.000000
    outer loop
      vertex 3.028513 -1.946307 0.800000
      vertex 1.228003 -0.560810 0.800000
      vertex 1.135692 -0.729865 0.800000
    endloop
  endfacet
  facet normal 0.000000 0.000000 -1.000000
    outer loop
      vertex 3.028513 -1.946307 -0.800000
      vertex 1.228003 -0.560810 -0.800000
      vertex 3.274675 -1.495494 -0.800000
    endloop
  endfacet
  facet normal 0.000000 0.000000 -1.000000
    outer loop
      vertex 3.028513 -1.946307 -0.800000
      vertex 1.135692 -0.729865 -0.800000
      vertex 1.228003 -0.560810 -0.800000
    endloop
  endfacet
  facet normal 0.877679 -0.479249 0.000000
    outer loop
      vertex 3.028513 -1.946307 -0.800000
      vertex 3.274675 -1.495494 -0.800000
      vertex 3.274675 -1.495494 0.800000
    endloop
  endfacet
  facet normal 0.877679 -0.479249 0.000000
    outer loop
      vertex 3.028513 -1.946307 -0.800000
      vertex 3.274675 -1.495494 0.800000
      vertex 3.028513 -1.946307 0.800000
    endloop
  endfacet
  facet normal -0.877679 0.479249 0.000000
    outer loop
      vertex 1.135692 -0.729865 -0.800000
      vertex 1.228003 -0.560810 0.800000
      vertex 1.228003 -0.560810 -0.800000
    endloop
  endfacet
  facet normal -0.877679 0.479249 0.000000
    outer loop
      vertex 1.135692 -0.729865 -0.800000
      vertex 1.135692 -0.729865 0.800000
      vertex 1.228003 -0.560810 0.800000
    endloop
  endfacet
  facet normal 0.000000 -0.000000 1.000000
    outer loop
      vertex 3.274675 -1.495494 0.800000
      vertex 3.454175 -1.014237 0.800000
      vertex 1.295316 -0.380339 0.800000
    endloop
  endfacet
  facet normal 0.000000 0.000000 1.000000
    outer loop
      vertex 3.274675 -1.495494 0.800000
      vertex 1.295316 -0.380339 0.800000
      vertex 1.228003 -0.560810 0.800000
    endloop
  endfacet
  facet normal 0.000000 0.000000 -1.000000
    outer loop
      vertex 3.274675 -1.495494 -0.800000
      vertex 1.295316 -0.380339 -0.800000
      vertex 3.454175 -1.014237 -0.800000
    endloop
  endfacet
  facet normal 0.000000 0.000000 -1.000000
    outer loop
      vertex 3.274675 -1.495494 -0.800000
      vertex 1.228003 -0.560810 -0.800000
      vertex 1.295316 -0.380339 -0.800000
    endloop
  endfacet
  facet normal 0.936950 -0.349464 0.000000
    outer loop
      vertex 3.274675 -1.495494 -0.800000
      vertex 3.454175 -1.014237 -0.800000
      vertex 3.454175 -1.014237 0.800000
    endloop
  endfacet
  facet normal 0.936950 -0.349464 0.000000
    outer loop
      vertex 3.274675 -1.495494 -0.800000
      vertex 3.454175 -1.014237 0.800000
      vertex 3.274675 -1.495494 0.800000
    endloop
  endfacet
  facet normal -0.936950 0.349464 0.000000
    outer loop
      vertex 1.228003 -0.560810 -0.800000
      vertex 1.295316 -0.380339 0.800000
      vertex 1.295316 -0.380339 -0.800000
    endloop
  endfacet
  facet normal -0.936950 0.349464 0.000000
    outer loop
      vertex 1.228003 -0.560810 -0.800000
      vertex 1.228003 -0.560810 0.800000
      vertex 1.295316 -0.380339 0.800000
    endloop
  endfacet
  facet normal 0.000000 -0.000000 1.000000
    outer loop
      vertex 3.454175 -1.014237 0.800000
      vertex 3.563357 -0.512333 0.800000
      vertex 1.336259 -0.192125 0.800000
    endloop
  endfacet
  facet normal 0.000000 0.000000 1.000000
    outer loop
      vertex 3.454175 -1.014237 0.800000
      vertex 1.336259 -0.192125 0.800000
      vertex 1.295316 -0.380339 0.800000
    endloop
  endfacet
  facet normal 0.000000 0.000000 -1.000000
    outer loop
      vertex 3.454175 -1.014237 -0.800000
      vertex 1.336259 -0.192125 -0.800000
      vertex 3.563357 -0.512333 -0.800000
    endloop
  endfacet
  facet normal 0.000000 0.000000 -1.000000
    outer loop
      vertex 3.454175 -1.014237 -0.800000
      vertex 1.295316 -0.380339 -0.800000
      vertex 1.336259 -0.192125 -0.800000
    endloop
  endfacet
  facet normal 0.977147 -0.212565 0.000000
    outer loop
      vertex 3.454175 -1.014237 -0.800000
      vertex 3.563357 -0.512333 -0.800000
      vertex 3.563357 -0.512333 0.800000
    endloop
  endfacet
  facet normal 0.977147 -0.212565 0.000000
    outer loop
      vertex 3.454175 -1.014237 -0.800000
      vertex 3.563357 -0.512333 0.800000
      vertex 3.454175 -1.014237 0.800000
    endloop
  endfacet
  facet normal -0.977147 0.212565 0.000000
    outer loop
      vertex 1.295316 -0.380339 -0.800000
      vertex 1.336259 -0.192125 0.800000
      vertex 1.336259 -0.192125 -0.800000
    endloop
  endfacet
  facet normal -0.977147 0.212565 0.000000
    outer loop
      vertex 1.295316 -0.380339 -0.800000
      vertex 1.295316 -0.380339 0.800000
      vertex 1.336259 -0.192125 0.800000
    endloop
  endfacet
  facet normal 0.000000 -0.000000 1.000000
    outer loop
      vertex 3.563357 -0.512333 0.800000
      vertex 3.600000 -0.000000 0.800000
      vertex 1.350000 -0.000000 0.800000
    endloop
  endfacet
  facet normal 0.000000 0.000000 1.000000
    outer loop
      vertex 3.563357 -0.512333 0.800000
      vertex 1.350000 -0.000000 0.800000
      vertex 1.336259 -0.192125 0.800000
    endloop
  endfacet
  facet normal 0.000000 0.000000 -1.000000
    outer loop
      vertex 3.563357 -0.512333 -0.800000
      vertex 1.350000 -0.000000 -0.800000
      vertex 3.600000 -0.000000 -0.800000
    endloop
  endfacet
  facet normal 0.000000 0.000000 -1.000000
    outer loop
      vertex 3.563357 -0.512333 -0.800000
      vertex 1.336259 -0.192125 -0.800000
      vertex 1.350000 -0.000000 -0.800000
    endloop
  endfacet
  facet normal 0.997452 -0.071339 0.000000
    outer loop
      vertex 3.563357 -0.512333 -0.800000
      vertex 3.600000 -0.000000 -0.800000
      vertex 3.600000 -0.000000 0.800000
    endloop
  endfacet
  facet normal 0.997452 -0.071339 0.000000
    outer loop
      vertex 3.563357 -0.512333 -0.800000
      vertex 3.600000 -0.000000 0.800000
      vertex 3.563357 -0.512333 0.800000
    endloop
  endfacet
  facet normal -0.997452 0.071339 0.000000
    outer loop
      vertex 1.336259 -0.192125 -0.800000
      vertex 1.350000 -0.000000 0.800000
      vertex 1.350000 -0.000000 -0.800000
    endloop
  endfacet
  facet normal -0.997452 0.071339 0.000000
    outer loop
      vertex 1.336259 -0.192125 -0.800000
      vertex 1.336259 -0.192125 0.800000
      vertex 1.350000 -0.000000 0.800000
    endloop
  endfacet
  facet normal 0.000000 0.000000 1.000000
    outer loop
      vertex 15.600000 3.676955 0.800000
      vertex 15.563357 4.189289 0.800000
      vertex 13.336259 3.869080 0.800000
    endloop
  endfacet
  facet normal 0.000000 0.000000 1.000000
    outer loop
      vertex 15.600000 3.676955 0.800000
      vertex 13.336259 3.869080 0.800000
      vertex 13.350000 3.676955 0.800000
    endloop
  endfacet
  facet normal 0.000000 0.000000 -1.000000
    outer loop
      vertex 15.600000 3.676955 -0.800000
      vertex 13.336259 3.869080 -0.800000
      vertex 15.563357 4.189289 -0.800000
    endloop
  endfacet
  facet normal 0.000000 0.000000 -1.000000
    outer loop
      vertex 15.600000 3.676955 -0.800000
      vertex 13.350000 3.676955 -0.800000
      vertex 13.336259 3.869080 -0.800000
    endloop
  endfacet
  facet normal 0.997452 0.071339 0.000000
    outer loop
      vertex 15.600000 3.676955 -0.800000
      vertex 15.563357 4.189289 -0.800000
      vertex 15.563357 4.189289 0.800000
    endloop
  endfacet
  facet normal 0.997452 0.071339 -0.000000
    outer loop
      vertex 15.600000 3.676955 -0.800000
      vertex 15.563357 4.189289 0.800000
      vertex 15.600000 3.676955 0.800000
    endloop
  endfacet
  facet normal -0.997452 -0.071339 0.000000
    outer loop
      vertex 13.350000 3.676955 -0.800000
      vertex 13.336259 3.869080 0.800000
      vertex 13.336259 3.869080 -0.800000
    endloop
  endfacet
  facet normal -0.997452 -0.071339 0.000000
    outer loop
      vertex 13.350000 3.676955 -0.800000
      vertex 13.350000 3.676955 0.800000
      vertex 13.336259 3.869080 0.800000
    endloop
  endfacet
  facet normal 0.000000 0.000000 1.000000
    outer loop
      vertex 15.563357 4.189289 0.800000
      vertex 15.454175 4.691192 0.800000
      vertex 13.295316 4.057294 0.800000
    endloop
  endfacet
  facet normal 0.000000 0.000000 1.000000
    outer loop
      vertex 15.563357 4.189289 0.800000
      vertex 13.295316 4.057294 0.800000
      vertex 13.336259 3.869080 0.800000
    endloop
  endfacet
  facet normal -0.000000 0.000000 -1.000000
    outer loop
      vertex 15.563357 4.189289 -0.800000
      vertex 13.295316 4.057294 -0.800000
      vertex 15.454175 4.691192 -0.800000
    endloop
  endfacet
  facet normal 0.000000 0.000000 -1.000000
    outer loop
      vertex 15.563357 4.189289 -0.800000
      vertex 13.336259 3.869080 -0.800000
      vertex 13.295316 4.057294 -0.800000
    endloop
  endfacet
  facet normal 0.977147 0.212565 0.000000
    outer loop
      vertex 15.563357 4.189289 -0.800000
      vertex 15.454175 4.691192 -0.800000
      vertex 15.454175 4.691192 0.800000
    endloop
  endfacet
  facet normal 0.977147 0.212565 -0.000000
    outer loop
      vertex 15.563357 4.189289 -0.800000
      vertex 15.454175 4.691192 0.800000
      vertex 15.563357 4.189289 0.800000
    endloop
  endfacet
  facet normal -0.977147 -0.212565 0.000000
    outer loop
      vertex 13.336259 3.869080 -0.800000
      vertex 13.295316 4.057294 0.800000
      vertex 13.295316 4.057294 -0.800000
    endloop
  endfacet
  facet normal -0.977147 -0.212565 0.000000
    outer loop
      vertex 13.336259 3.869080 -0.800000
      vertex 13.336259 3.869080 0.800000
      vertex 13.295316 4.057294 0.800000
    endloop
  endfacet
  facet normal 0.000000 0.000000 1.000000
    outer loop
      vertex 15.454175 4.691192 0.800000
      vertex 15.274675 5.172449 0.800000
      vertex 13.228003 4.237766 0.800000
    endloop
  endfacet
  facet normal 0.000000 0.000000 1.000000
    outer loop
      vertex 15.454175 4.691192 0.800000
      vertex 13.228003 4.237766 0.800000
      vertex 13.295316 4.057294 0.800000
    endloop
  endfacet
  facet normal -0.000000 0.000000 -1.000000
    outer loop
      vertex 15.454175 4.691192 -0.800000
      vertex 13.228003 4.237766 -0.800000
      vertex 15.274675 5.172449 -0.800000
    endloop
  endfacet
  facet normal 0.000000 0.000000 -1.000000
    outer loop
      vertex 15.454175 4.691192 -0.800000
      vertex 13.295316 4.057294 -0.800000
      vertex 13.228003 4.237766 -0.800000
    endloop
  endfacet
  facet normal 0.936950 0.349464 0.000000
    outer loop
      vertex 15.454175 4.691192 -0.800000
      vertex 15.274675 5.172449 -0.800000
      vertex 15.274675 5.172449 0.800000
    endloop
  endfacet
  facet normal 0.936950 0.349464 -0.000000
    outer loop
      vertex 15.454175 4.691192 -0.800000
      vertex 15.274675 5.172449 0.800000
      vertex 15.454175 4.691192 0.800000
    endloop
  endfacet
  facet normal -0.936950 -0.349464 0.000000
    outer loop
      vertex 13.295316 4.057294 -0.800000
      vertex 13.228003 4.237766 0.800000
      vertex 13.228003 4.237766 -0.800000
    endloop
  endfacet
  facet normal -0.936950 -0.349464 0.000000
    outer loop
      vertex 13.295316 4.057294 -0.800000
      vertex 13.295316 4.057294 0.800000
      vertex 13.228003 4.237766 0.800000
    endloop
  endfacet
  facet normal 0.000000 0.000000 1.000000
    outer loop
      vertex 15.274675 5.172449 0.800000
      vertex 15.028513 5.623262 0.800000
      vertex 13.135692 4.406820 0.800000
    endloop
  endfacet
  facet normal 0.000000 0.000000 1.000000
    outer loop
      vertex 15.274675 5.172449 0.800000
      vertex 13.135692 4.406820 0.800000
      vertex 13.228003 4.237766 0.800000
    endloop
  endfacet
  facet normal -0.000000 0.000000 -1.000000
    outer loop
      vertex 15.274675 5.172449 -0.800000
      vertex 13.135692 4.406820 -0.800000
      vertex 15.028513 5.623262 -0.800000
    endloop
  endfacet
  facet normal 0.000000 0.000000 -1.000000
    outer loop
      vertex 15.274675 5.172449 -0.800000
      vertex 13.228003 4.237766 -0.800000
      vertex 13.135692 4.406820 -0.800000
    endloop
  endfacet
  facet normal 0.877679 0.479249 0.000000
    outer loop
      vertex 15.274675 5.172449 -0.800000
      vertex 15.028513 5.623262 -0.800000
      vertex 15.028513 5.623262 0.800000
    endloop
  endfacet
  facet normal 0.877679 0.479249 -0.000000
    outer loop
      vertex 15.274675 5.172449 -0.800000
      vertex 15.028513 5.623262 0.800000
      vertex 15.274675 5.172449 0.800000
    endloop
  endfacet
  facet normal -0.877679 -0.479249 0.000000
    outer loop
      vertex 13.228003 4.237766 -0.800000
      vertex 13.135692 4.406820 0.800000
      vertex 13.135692 4.406820 -0.800000
    endloop
  endfacet
  facet normal -0.877679 -0.479249 0.000000
    outer loop
      vertex 13.228003 4.237766 -0.800000
      vertex 13.228003 4.237766 0.800000
      vertex 13.135692 4.406820 0.800000
    endloop
  endfacet
  facet normal 0.000000 0.000000 1.000000
    outer loop
      vertex 15.028513 5.623262 0.800000
      vertex 14.720698 6.034454 0.800000
      vertex 13.020262 4.561017 0.800000
    endloop
  endfacet
  facet normal 0.000000 0.000000 1.000000
    outer loop
      vertex 15.028513 5.623262 0.800000
      vertex 13.020262 4.561017 0.800000
      vertex 13.135692 4.406820 0.800000
    endloop
  endfacet
  facet normal -0.000000 0.000000 -1.000000
    outer loop
      vertex 15.028513 5.623262 -0.800000
      vertex 13.020262 4.561017 -0.800000
      vertex 14.720698 6.034454 -0.800000
    endloop
  endfacet
  facet normal 0.000000 0.000000 -1.000000
    outer loop
      vertex 15.028513 5.623262 -0.800000
      vertex 13.135692 4.406820 -0.800000
      vertex 13.020262 4.561017 -0.800000
    endloop
  endfacet
  facet normal 0.800541 0.599278 0.000000
    outer loop
      vertex 15.028513 5.623262 -0.800000
      vertex 14.720698 6.034454 -0.800000
      vertex 14.720698 6.034454 0.800000
    endloop
  endfacet
  facet normal 0.800541 0.599278 -0.000000
    outer loop
      vertex 15.028513 5.623262 -0.800000
      vertex 14.720698 6.034454 0.800000
      vertex 15.028513 5.623262 0.800000
    endloop
  endfacet
  facet normal -0.800541 -0.599278 0.000000
    outer loop
      vertex 13.135692 4.406820 -0.800000
      vertex 13.020262 4.561017 0.800000
      vertex 13.020262 4.561017 -0.800000
    endloop
  endfacet
  facet normal -0.800541 -0.599278 0.000000
    outer loop
      vertex 13.135692 4.406820 -0.800000
      vertex 13.135692 4.406820 0.800000
      vertex 13.020262 4.561017 0.800000
    endloop
  endfacet
  facet normal 0.000000 0.000000 1.000000
    outer loop
      vertex 14.720698 6.034454 0.800000
      vertex 14.357499 6.397654 0.800000
      vertex 12.884062 4.697217 0.800000
    endloop
  endfacet
  facet normal 0.000000 0.000000 1.000000
    outer loop
      vertex 14.720698 6.034454 0.800000
      vertex 12.884062 4.697217 0.800000
      vertex 13.020262 4.561017 0.800000
    endloop
  endfacet
  facet normal -0.000000 0.000000 -1.000000
    outer loop
      vertex 14.720698 6.034454 -0.800000
      vertex 12.884062 4.697217 -0.800000
      vertex 14.357499 6.397654 -0.800000
    endloop
  endfacet
  facet normal 0.000000 0.000000 -1.000000
    outer loop
      vertex 14.720698 6.034454 -0.800000
      vertex 13.020262 4.561017 -0.800000
      vertex 12.884062 4.697217 -0.800000
    endloop
  endfacet
  facet normal 0.707107 0.707107 0.000000
    outer loop
      vertex 14.720698 6.034454 -0.800000
      vertex 14.357499 6.397654 -0.800000
      vertex 14.357499 6.397654 0.800000
    endloop
  endfacet
  facet normal 0.707107 0.707107 -0.000000
    outer loop
      vertex 14.720698 6.034454 -0.800000
      vertex 14.357499 6.397654 0.800000
      vertex 14.720698 6.034454 0.800000
    endloop
  endfacet
  facet normal -0.707107 -0.707107 0.000000
    outer loop
      vertex 13.020262 4.561017 -0.800000
      vertex 12.884062 4.697217 0.800000
      vertex 12.884062 4.697217 -0.800000
    endloop
  endfacet
  facet normal -0.707107 -0.707107 0.000000
    outer loop
      vertex 13.020262 4.561017 -0.800000
      vertex 13.020262 4.561017 0.800000
      vertex 12.884062 4.697217 0.800000
    endloop
  endfacet
  facet normal 0.000000 0.000000 1.000000
    outer loop
      vertex 14.357499 6.397654 0.800000
      vertex 13.946307 6.705468 0.800000
      vertex 12.729865 4.812648 0.800000
    endloop
  endfacet
  facet normal 0.000000 0.000000 1.000000
    outer loop
      vertex 14.357499 6.397654 0.800000
      vertex 12.729865 4.812648 0.800000
      vertex 12.884062 4.697217 0.800000
    endloop
  endfacet
  facet normal -0.000000 0.000000 -1.000000
    outer loop
      vertex 14.357499 6.397654 -0.800000
      vertex 12.729865 4.812648 -0.800000
      vertex 13.946307 6.705468 -0.800000
    endloop
  endfacet
  facet normal 0.000000 0.000000 -1.000000
    outer loop
      vertex 14.357499 6.397654 -0.800000
      vertex 12.884062 4.697217 -0.800000
      vertex 12.729865 4.812648 -0.800000
    endloop
  endfacet
  facet normal 0.599278 0.800541 0.000000
    outer loop
      vertex 14.357499 6.397654 -0.800000
      vertex 13.946307 6.705468 -0.800000
      vertex 13.946307 6.705468 0.800000
    endloop
  endfacet
  facet normal 0.599278 0.800541 -0.000000
    outer loop
      vertex 14.357499 6.397654 -0.800000
      vertex 13.946307 6.705468 0.800000
      vertex 14.357499 6.397654 0.800000
    endloop
  endfacet
  facet normal -0.599278 -0.800541 0.000000
    outer loop
      vertex 12.884062 4.697217 -0.800000
      vertex 12.729865 4.812648 0.800000
      vertex 12.729865 4.812648 -0.800000
    endloop
  endfacet
  facet normal -0.599278 -0.800541 0.000000
    outer loop
      vertex 12.884062 4.697217 -0.800000
      vertex 12.884062 4.697217 0.800000
      vertex 12.729865 4.812648 0.800000
    endloop
  endfacet
  facet normal 0.000000 0.000000 1.000000
    outer loop
      vertex 13.946307 6.705468 0.800000
      vertex 13.495494 6.951630 0.800000
      vertex 12.560810 4.904958 0.800000
    endloop
  endfacet
  facet normal 0.000000 0.000000 1.000000
    outer loop
      vertex 13.946307 6.705468 0.800000
      vertex 12.560810 4.904958 0.800000
      vertex 12.729865 4.812648 0.800000
    endloop
  endfacet
  facet normal -0.000000 0.000000 -1.000000
    outer loop
      vertex 13.946307 6.705468 -0.800000
      vertex 12.560810 4.904958 -0.800000
      vertex 13.495494 6.951630 -0.800000
    endloop
  endfacet
  facet normal 0.000000 0.000000 -1.000000
    outer loop
      vertex 13.946307 6.705468 -0.800000
      vertex 12.729865 4.812648 -0.800000
      vertex 12.560810 4.904958 -0.800000
    endloop
  endfacet
  facet normal 0.479249 0.877679 0.000000
    outer loop
      vertex 13.946307 6.705468 -0.800000
      vertex 13.495494 6.951630 -0.800000
      vertex 13.495494 6.951630 0.800000
    endloop
  endfacet
  facet normal 0.479249 0.877679 -0.000000
    outer loop
      vertex 13.946307 6.705468 -0.800000
      vertex 13.495494 6.951630 0.800000
      vertex 13.946307 6.705468 0.800000
    endloop
  endfacet
  facet normal -0.479249 -0.877679 0.000000
    outer loop
      vertex 12.729865 4.812648 -0.800000
      vertex 12.560810 4.904958 0.800000
      vertex 12.560810 4.904958 -0.800000
    endloop
  endfacet
  facet normal -0.479249 -0.877679 0.000000
    outer loop
      vertex 12.729865 4.812648 -0.800000
      vertex 12.729865 4.812648 0.800000
      vertex 12.560810 4.904958 0.800000
    endloop
  endfacet
  facet normal 0.000000 0.000000 1.000000
    outer loop
      vertex 13.495494 6.951630 0.800000
      vertex 13.014237 7.131130 0.800000
      vertex 12.380339 4.972271 0.800000
    endloop
  endfacet
  facet normal 0.000000 0.000000 1.000000
    outer loop
      vertex 13.495494 6.951630 0.800000
      vertex 12.380339 4.972271 0.800000
      vertex 12.560810 4.904958 0.800000
    endloop
  endfacet
  facet normal -0.000000 0.000000 -1.000000
    outer loop
      vertex 13.495494 6.951630 -0.800000
      vertex 12.380339 4.972271 -0.800000
      vertex 13.014237 7.131130 -0.800000
    endloop
  endfacet
  facet normal 0.000000 0.000000 -1.000000
    outer loop
      vertex 13.495494 6.951630 -0.800000
      vertex 12.560810 4.904958 -0.800000
      vertex 12.380339 4.972271 -0.800000
    endloop
  endfacet
  facet normal 0.349464 0.936950 0.000000
    outer loop
      vertex 13.495494 6.951630 -0.800000
      vertex 13.014237 7.131130 -0.800000
      vertex 13.014237 7.131130 0.800000
    endloop
  endfacet
  facet normal 0.349464 0.936950 -0.000000
    outer loop
      vertex 13.495494 6.951630 -0.800000
      vertex 13.014237 7.131130 0.800000
      vertex 13.495494 6.951630 0.800000
    endloop
  endfacet
  facet normal -0.349464 -0.936950 0.000000
    outer loop
      vertex 12.560810 4.904958 -0.800000
      vertex 12.380339 4.972271 0.800000
      vertex 12.380339 4.972271 -0.800000
    endloop
  endfacet
  facet normal -0.349464 -0.936950 0.000000
    outer loop
      vertex 12.560810 4.904958 -0.800000
      vertex 12.560810 4.904958 0.800000
      vertex 12.380339 4.972271 0.800000
    endloop
  endfacet
  facet normal 0.000000 0.000000 1.000000
    outer loop
      vertex 13.014237 7.131130 0.800000
      vertex 12.512333 7.240312 0.800000
      vertex 12.192125 5.013214 0.800000
    endloop
  endfacet
  facet normal 0.000000 0.000000 1.000000
    outer loop
      vertex 13.014237 7.131130 0.800000
      vertex 12.192125 5.013214 0.800000
      vertex 12.380339 4.972271 0.800000
    endloop
  endfacet
  facet normal -0.000000 0.000000 -1.000000
    outer loop
      vertex 13.014237 7.131130 -0.800000
      vertex 12.192125 5.013214 -0.800000
      vertex 12.512333 7.240312 -0.800000
    endloop
  endfacet
  facet normal 0.000000 0.000000 -1.000000
    outer loop
      vertex 13.014237 7.131130 -0.800000
      vertex 12.380339 4.972271 -0.800000
      vertex 12.192125 5.013214 -0.800000
    endloop
  endfacet
  facet normal 0.212565 0.977147 0.000000
    outer loop
      vertex 13.014237 7.131130 -0.800000
      vertex 12.512333 7.240312 -0.800000
      vertex 12.512333 7.240312 0.800000
    endloop
  endfacet
  facet normal 0.212565 0.977147 -0.000000
    outer loop
      vertex 13.014237 7.131130 -0.800000
      vertex 12.512333 7.240312 0.800000
      vertex 13.014237 7.131130 0.800000
    endloop
  endfacet
  facet normal -0.212565 -0.977147 0.000000
    outer loop
      vertex 12.380339 4.972271 -0.800000
      vertex 12.192125 5.013214 0.800000
      vertex 12.192125 5.013214 -0.800000
    endloop
  endfacet
  facet normal -0.212565 -0.977147 0.000000
    outer loop
      vertex 12.380339 4.972271 -0.800000
      vertex 12.380339 4.972271 0.800000
      vertex 12.192125 5.013214 0.800000
    endloop
  endfacet
  facet normal 0.000000 0.000000 1.000000
    outer loop
      vertex 12.512333 7.240312 0.800000
      vertex 12.000000 7.276955 0.800000
      vertex 12.000000 5.026955 0.800000
    endloop
  endfacet
  facet normal 0.000000 0.000000 1.000000
    outer loop
      vertex 12.512333 7.240312 0.800000
      vertex 12.000000 5.026955 0.800000
      vertex 12.192125 5.013214 0.800000
    endloop
  endfacet
  facet normal -0.000000 0.000000 -1.000000
    outer loop
      vertex 12.512333 7.240312 -0.800000
      vertex 12.000000 5.026955 -0.800000
      vertex 12.000000 7.276955 -0.800000
    endloop
  endfacet
  facet normal 0.000000 0.000000 -1.000000
    outer loop
      vertex 12.512333 7.240312 -0.800000
      vertex 12.192125 5.013214 -0.800000
      vertex 12.000000 5.026955 -0.800000
    endloop
  endfacet
  facet normal 0.071339 0.997452 0.000000
    outer loop
      vertex 12.512333 7.240312 -0.800000
      vertex 12.000000 7.276955 -0.800000
      vertex 12.000000 7.276955 0.800000
    endloop
  endfacet
  facet normal 0.071339 0.997452 -0.000000
    outer loop
      vertex 12.512333 7.240312 -0.800000
      vertex 12.000000 7.276955 0.800000
      vertex 12.512333 7.240312 0.800000
    endloop
  endfacet
  facet normal -0.071339 -0.997452 0.000000
    outer loop
      vertex 12.192125 5.013214 -0.800000
      vertex 12.000000 5.026955 0.800000
      vertex 12.000000 5.026955 -0.800000
    endloop
  endfacet
  facet normal -0.071339 -0.997452 0.000000
    outer loop
      vertex 12.192125 5.013214 -0.800000
      vertex 12.192125 5.013214 0.800000
      vertex 12.000000 5.026955 0.800000
    endloop
  endfacet
  facet normal 0.000000 0.000000 1.000000
    outer loop
      vertex 12.000000 7.276955 0.800000
      vertex 11.487667 7.240312 0.800000
      vertex 11.807875 5.013214 0.800000
    endloop
  endfacet
  facet normal 0.000000 0.000000 1.000000
    outer loop
      vertex 12.000000 7.276955 0.800000
      vertex 11.807875 5.013214 0.800000
      vertex 12.000000 5.026955 0.800000
    endloop
  endfacet
  facet normal 0.000000 0.000000 -1.000000
    outer loop
      vertex 12.000000 7.276955 -0.800000
      vertex 11.807875 5.013214 -0.800000
      vertex 11.487667 7.240312 -0.800000
    endloop
  endfacet
  facet normal 0.000000 0.000000 -1.000000
    outer loop
      vertex 12.000000 7.276955 -0.800000
      vertex 12.000000 5.026955 -0.800000
      vertex 11.807875 5.013214 -0.800000
    endloop
  endfacet
  facet normal -0.071339 0.997452 0.000000
    outer loop
      vertex 12.000000 7.276955 -0.800000
      vertex 11.487667 7.240312 -0.800000
      vertex 11.487667 7.240312 0.800000
    endloop
  endfacet
  facet normal -0.071339 0.997452 0.000000
    outer loop
      vertex 12.000000 7.276955 -0.800000
      vertex 11.487667 7.240312 0.800000
      vertex 12.000000 7.276955 0.800000
    endloop
  endfacet
  facet normal 0.071339 -0.997452 0.000000
    outer loop
      vertex 12.000000 5.026955 -0.800000
      vertex 11.807875 5.013214 0.800000
      vertex 11.807875 5.013214 -0.800000
    endloop
  endfacet
  facet normal 0.071339 -0.997452 0.000000
    outer loop
      vertex 12.000000 5.026955 -0.800000
      vertex 12.000000 5.026955 0.800000
      vertex 11.807875 5.013214 0.800000
    endloop
  endfacet
  facet normal 0.000000 0.000000 1.000000
    outer loop
      vertex 11.487667 7.240312 0.800000
      vertex 10.985763 7.131130 0.800000
      vertex 11.619661 4.972271 0.800000
    endloop
  endfacet
  facet normal 0.000000 0.000000 1.000000
    outer loop
      vertex 11.487667 7.240312 0.800000
      vertex 11.619661 4.972271 0.800000
      vertex 11.807875 5.013214 0.800000
    endloop
  endfacet
  facet normal 0.000000 -0.000000 -1.000000
    outer loop
      vertex 11.487667 7.240312 -0.800000
      vertex 11.619661 4.972271 -0.800000
      vertex 10.985763 7.131130 -0.800000
    endloop
  endfacet
  facet normal 0.000000 0.000000 -1.000000
    outer loop
      vertex 11.487667 7.240312 -0.800000
      vertex 11.807875 5.013214 -0.800000
      vertex 11.619661 4.972271 -0.800000
    endloop
  endfacet
  facet normal -0.212565 0.977147 0.000000
    outer loop
      vertex 11.487667 7.240312 -0.800000
      vertex 10.985763 7.131130 -0.800000
      vertex 10.985763 7.131130 0.800000
    endloop
  endfacet
  facet normal -0.212565 0.977147 0.000000
    outer loop
      vertex 11.487667 7.240312 -0.800000
      vertex 10.985763 7.131130 0.800000
      vertex 11.487667 7.240312 0.800000
    endloop
  endfacet
  facet normal 0.212565 -0.977147 0.000000
    outer loop
      vertex 11.807875 5.013214 -0.800000
      vertex 11.619661 4.972271 0.800000
      vertex 11.619661 4.972271 -0.800000
    endloop
  endfacet
  facet normal 0.212565 -0.977147 0.000000
    outer loop
      vertex 11.807875 5.013214 -0.800000
      vertex 11.807875 5.013214 0.800000
      vertex 11.619661 4.972271 0.800000
    endloop
  endfacet
  facet normal 0.000000 0.000000 1.000000
    outer loop
      vertex 10.985763 7.131130 0.800000
      vertex 10.504506 6.951630 0.800000
      vertex 11.439190 4.904958 0.800000
    endloop
  endfacet
  facet normal 0.000000 0.000000 1.000000
    outer loop
      vertex 10.985763 7.131130 0.800000
      vertex 11.439190 4.904958 0.800000
      vertex 11.619661 4.972271 0.800000
    endloop
  endfacet
  facet normal 0.000000 -0.000000 -1.000000
    outer loop
      vertex 10.985763 7.131130 -0.800000
      vertex 11.439190 4.904958 -0.800000
      vertex 10.504506 6.951630 -0.800000
    endloop
  endfacet
  facet normal 0.000000 0.000000 -1.000000
    outer loop
      vertex 10.985763 7.131130 -0.800000
      vertex 11.619661 4.972271 -0.800000
      vertex 11.439190 4.904958 -0.800000
    endloop
  endfacet
  facet normal -0.349464 0.936950 0.000000
    outer loop
      vertex 10.985763 7.131130 -0.800000
      vertex 10.504506 6.951630 -0.800000
      vertex 10.504506 6.951630 0.800000
    endloop
  endfacet
  facet normal -0.349464 0.936950 0.000000
    outer loop
      vertex 10.985763 7.131130 -0.800000
      vertex 10.504506 6.951630 0.800000
      vertex 10.985763 7.131130 0.800000
    endloop
  endfacet
  facet normal 0.349464 -0.936950 0.000000
    outer loop
      vertex 11.619661 4.972271 -0.800000
      vertex 11.439190 4.904958 0.800000
      vertex 11.439190 4.904958 -0.800000
    endloop
  endfacet
  facet normal 0.349464 -0.936950 0.000000
    outer loop
      vertex 11.619661 4.972271 -0.800000
      vertex 11.619661 4.972271 0.800000
      vertex 11.439190 4.904958 0.800000
    endloop
  endfacet
  facet normal 0.000000 0.000000 1.000000
    outer loop
      vertex 10.504506 6.951630 0.800000
      vertex 10.053693 6.705468 0.800000
      vertex 11.270135 4.812648 0.800000
    endloop
  endfacet
  facet normal 0.000000 0.000000 1.000000
    outer loop
      vertex 10.504506 6.951630 0.800000
      vertex 11.270135 4.812648 0.800000
      vertex 11.439190 4.904958 0.800000
    endloop
  endfacet
  facet normal 0.000000 -0.000000 -1.000000
    outer loop
      vertex 10.504506 6.951630 -0.800000
      vertex 11.270135 4.812648 -0.800000
      vertex 10.053693 6.705468 -0.800000
    endloop
  endfacet
  facet normal 0.000000 0.000000 -1.000000
    outer loop
      vertex 10.504506 6.951630 -0.800000
      vertex 11.439190 4.904958 -0.800000
      vertex 11.270135 4.812648 -0.800000
    endloop
  endfacet
  facet normal -0.479249 0.877679 0.000000
    outer loop
      vertex 10.504506 6.951630 -0.800000
      vertex 10.053693 6.705468 -0.800000
      vertex 10.053693 6.705468 0.800000
    endloop
  endfacet
  facet normal -0.479249 0.877679 0.000000
    outer loop
      vertex 10.504506 6.951630 -0.800000
      vertex 10.053693 6.705468 0.800000
      vertex 10.504506 6.951630 0.800000
    endloop
  endfacet
  facet normal 0.479249 -0.877679 0.000000
    outer loop
      vertex 11.439190 4.904958 -0.800000
      vertex 11.270135 4.812648 0.800000
      vertex 11.270135 4.812648 -0.800000
    endloop
  endfacet
  facet normal 0.479249 -0.877679 0.000000
    outer loop
      vertex 11.439190 4.904958 -0.800000
      vertex 11.439190 4.904958 0.800000
      vertex 11.270135 4.812648 0.800000
    endloop
  endfacet
  facet normal 0.000000 0.000000 1.000000
    outer loop
      vertex 10.053693 6.705468 0.800000
      vertex 9.642501 6.397654 0.800000
      vertex 11.115938 4.697217 0.800000
    endloop
  endfacet
  facet normal 0.000000 0.000000 1.000000
    outer loop
      vertex 10.053693 6.705468 0.800000
      vertex 11.115938 4.697217 0.800000
      vertex 11.270135 4.812648 0.800000
    endloop
  endfacet
  facet normal 0.000000 -0.000000 -1.000000
    outer loop
      vertex 10.053693 6.705468 -0.800000
      vertex 11.115938 4.697217 -0.800000
      vertex 9.642501 6.397654 -0.800000
    endloop
  endfacet
  facet normal 0.000000 0.000000 -1.000000
    outer loop
      vertex 10.053693 6.705468 -0.800000
      vertex 11.270135 4.812648 -0.800000
      vertex 11.115938 4.697217 -0.800000
    endloop
  endfacet
  facet normal -0.599278 0.800541 0.000000
    outer loop
      vertex 10.053693 6.705468 -0.800000
      vertex 9.642501 6.397654 -0.800000
      vertex 9.642501 6.397654 0.800000
    endloop
  endfacet
  facet normal -0.599278 0.800541 0.000000
    outer loop
      vertex 10.053693 6.705468 -0.800000
      vertex 9.642501 6.397654 0.800000
      vertex 10.053693 6.705468 0.800000
    endloop
  endfacet
  facet normal 0.599278 -0.800541 0.000000
    outer loop
      vertex 11.270135 4.812648 -0.800000
      vertex 11.115938 4.697217 0.800000
      vertex 11.115938 4.697217 -0.800000
    endloop
  endfacet
  facet normal 0.599278 -0.800541 0.000000
    outer loop
      vertex 11.270135 4.812648 -0.800000
      vertex 11.270135 4.812648 0.800000
      vertex 11.115938 4.697217 0.800000
    endloop
  endfacet
  facet normal 0.000000 0.000000 1.000000
    outer loop
      vertex 9.642501 6.397654 0.800000
      vertex 9.279302 6.034454 0.800000
      vertex 10.979738 4.561017 0.800000
    endloop
  endfacet
  facet normal 0.000000 0.000000 1.000000
    outer loop
      vertex 9.642501 6.397654 0.800000
      vertex 10.979738 4.561017 0.800000
      vertex 11.115938 4.697217 0.800000
    endloop
  endfacet
  facet normal 0.000000 -0.000000 -1.000000
    outer loop
      vertex 9.642501 6.397654 -0.800000
      vertex 10.979738 4.561017 -0.800000
      vertex 9.279302 6.034454 -0.800000
    endloop
  endfacet
  facet normal 0.000000 0.000000 -1.000000
    outer loop
      vertex 9.642501 6.397654 -0.800000
      vertex 11.115938 4.697217 -0.800000
      vertex 10.979738 4.561017 -0.800000
    endloop
  endfacet
  facet normal -0.707107 0.707107 0.000000
    outer loop
      vertex 9.642501 6.397654 -0.800000
      vertex 9.279302 6.034454 -0.800000
      vertex 9.279302 6.034454 0.800000
    endloop
  endfacet
  facet normal -0.707107 0.707107 0.000000
    outer loop
      vertex 9.642501 6.397654 -0.800000
      vertex 9.279302 6.034454 0.800000
      vertex 9.642501 6.397654 0.800000
    endloop
  endfacet
  facet normal 0.707107 -0.707107 0.000000
    outer loop
      vertex 11.115938 4.697217 -0.800000
      vertex 10.979738 4.561017 0.800000
      vertex 10.979738 4.561017 -0.800000
    endloop
  endfacet
  facet normal 0.707107 -0.707107 0.000000
    outer loop
      vertex 11.115938 4.697217 -0.800000
      vertex 11.115938 4.697217 0.800000
      vertex 10.979738 4.561017 0.800000
    endloop
  endfacet
  facet normal 0.000000 0.000000 1.000000
    outer loop
      vertex 9.279302 6.034454 0.800000
      vertex 8.971487 5.623262 0.800000
      vertex 10.864308 4.406820 0.800000
    endloop
  endfacet
  facet normal 0.000000 0.000000 1.000000
    outer loop
      vertex 9.279302 6.034454 0.800000
      vertex 10.864308 4.406820 0.800000
      vertex 10.979738 4.561017 0.800000
    endloop
  endfacet
  facet normal 0.000000 -0.000000 -1.000000
    outer loop
      vertex 9.279302 6.034454 -0.800000
      vertex 10.864308 4.406820 -0.800000
      vertex 8.971487 5.623262 -0.800000
    endloop
  endfacet
  facet normal 0.000000 0.000000 -1.000000
    outer loop
      vertex 9.279302 6.034454 -0.800000
      vertex 10.979738 4.561017 -0.800000
      vertex 10.864308 4.406820 -0.800000
    endloop
  endfacet
  facet normal -0.800541 0.599278 0.000000
    outer loop
      vertex 9.279302 6.034454 -0.800000
      vertex 8.971487 5.623262 -0.800000
      vertex 8.971487 5.623262 0.800000
    endloop
  endfacet
  facet normal -0.800541 0.599278 0.000000
    outer loop
      vertex 9.279302 6.034454 -0.800000
      vertex 8.971487 5.623262 0.800000
      vertex 9.279302 6.034454 0.800000
    endloop
  endfacet
  facet normal 0.800541 -0.599278 0.000000
    outer loop
      vertex 10.979738 4.561017 -0.800000
      vertex 10.864308 4.406820 0.800000
      vertex 10.864308 4.406820 -0.800000
    endloop
  endfacet
  facet normal 0.800541 -0.599278 0.000000
    outer loop
      vertex 10.979738 4.561017 -0.800000
      vertex 10.979738 4.561017 0.800000
      vertex 10.864308 4.406820 0.800000
    endloop
  endfacet
  facet normal 0.000000 0.000000 1.000000
    outer loop
      vertex 8.971487 5.623262 0.800000
      vertex 8.725325 5.172449 0.800000
      vertex 10.771997 4.237766 0.800000
    endloop
  endfacet
  facet normal 0.000000 0.000000 1.000000
    outer loop
      vertex 8.971487 5.623262 0.800000
      vertex 10.771997 4.237766 0.800000
      vertex 10.864308 4.406820 0.800000
    endloop
  endfacet
  facet normal 0.000000 -0.000000 -1.000000
    outer loop
      vertex 8.971487 5.623262 -0.800000
      vertex 10.771997 4.237766 -0.800000
      vertex 8.725325 5.172449 -0.800000
    endloop
  endfacet
  facet normal 0.000000 0.000000 -1.000000
    outer loop
      vertex 8.971487 5.623262 -0.800000
      vertex 10.864308 4.406820 -0.800000
      vertex 10.771997 4.237766 -0.800000
    endloop
  endfacet
  facet normal -0.877679 0.479249 0.000000
    outer loop
      vertex 8.971487 5.623262 -0.800000
      vertex 8.725325 5.172449 -0.800000
      vertex 8.725325 5.172449 0.800000
    endloop
  endfacet
  facet normal -0.877679 0.479249 0.000000
    outer loop
      vertex 8.971487 5.623262 -0.800000
      vertex 8.725325 5.172449 0.800000
      vertex 8.971487 5.623262 0.800000
    endloop
  endfacet
  facet normal 0.877679 -0.479249 0.000000
    outer loop
      vertex 10.864308 4.406820 -0.800000
      vertex 10.771997 4.237766 0.800000
      vertex 10.771997 4.237766 -0.800000
    endloop
  endfacet
  facet normal 0.877679 -0.479249 0.000000
    outer loop
      vertex 10.864308 4.406820 -0.800000
      vertex 10.864308 4.406820 0.800000
      vertex 10.771997 4.237766 0.800000
    endloop
  endfacet
  facet normal 0.000000 0.000000 1.000000
    outer loop
      vertex 8.725325 5.172449 0.800000
      vertex 8.545825 4.691192 0.800000
      vertex 10.704684 4.057294 0.800000
    endloop
  endfacet
  facet normal 0.000000 0.000000 1.000000
    outer loop
      vertex 8.725325 5.172449 0.800000
      vertex 10.704684 4.057294 0.800000
      vertex 10.771997 4.237766 0.800000
    endloop
  endfacet
  facet normal 0.000000 -0.000000 -1.000000
    outer loop
      vertex 8.725325 5.172449 -0.800000
      vertex 10.704684 4.057294 -0.800000
      vertex 8.545825 4.691192 -0.800000
    endloop
  endfacet
  facet normal 0.000000 0.000000 -1.000000
    outer loop
      vertex 8.725325 5.172449 -0.800000
      vertex 10.771997 4.237766 -0.800000
      vertex 10.704684 4.057294 -0.800000
    endloop
  endfacet
  facet normal -0.936950 0.349464 0.000000
    outer loop
      vertex 8.725325 5.172449 -0.800000
      vertex 8.545825 4.691192 -0.800000
      vertex 8.545825 4.691192 0.800000
    endloop
  endfacet
  facet normal -0.936950 0.349464 0.000000
    outer loop
      vertex 8.725325 5.172449 -0.800000
      vertex 8.545825 4.691192 0.800000
      vertex 8.725325 5.172449 0.800000
    endloop
  endfacet
  facet normal 0.936950 -0.349464 0.000000
    outer loop
      vertex 10.771997 4.237766 -0.800000
      vertex 10.704684 4.057294 0.800000
      vertex 10.704684 4.057294 -0.800000
    endloop
  endfacet
  facet normal 0.936950 -0.349464 0.000000
    outer loop
      vertex 10.771997 4.237766 -0.800000
      vertex 10.771997 4.237766 0.800000
      vertex 10.704684 4.057294 0.800000
    endloop
  endfacet
  facet normal 0.000000 0.000000 1.000000
    outer loop
      vertex 8.545825 4.691192 0.800000
      vertex 8.436643 4.189289 0.800000
      vertex 10.663741 3.869080 0.800000
    endloop
  endfacet
  facet normal 0.000000 0.000000 1.000000
    outer loop
      vertex 8.545825 4.691192 0.800000
      vertex 10.663741 3.869080 0.800000
      vertex 10.704684 4.057294 0.800000
    endloop
  endfacet
  facet normal 0.000000 -0.000000 -1.000000
    outer loop
      vertex 8.545825 4.691192 -0.800000
      vertex 10.663741 3.869080 -0.800000
      vertex 8.436643 4.189289 -0.800000
    endloop
  endfacet
  facet normal 0.000000 0.000000 -1.000000
    outer loop
      vertex 8.545825 4.691192 -0.800000
      vertex 10.704684 4.057294 -0.800000
      vertex 10.663741 3.869080 -0.800000
    endloop
  endfacet
  facet normal -0.977147 0.212565 0.000000
    outer loop
      vertex 8.545825 4.691192 -0.800000
      vertex 8.436643 4.189289 -0.800000
      vertex 8.436643 4.189289 0.800000
    endloop
  endfacet
  facet normal -0.977147 0.212565 0.000000
    outer loop
      vertex 8.545825 4.691192 -0.800000
      vertex 8.436643 4.189289 0.800000
      vertex 8.545825 4.691192 0.800000
    endloop
  endfacet
  facet normal 0.977147 -0.212565 0.000000
    outer loop
      vertex 10.704684 4.057294 -0.800000
      vertex 10.663741 3.869080 0.800000
      vertex 10.663741 3.869080 -0.800000
    endloop
  endfacet
  facet normal 0.977147 -0.212565 0.000000
    outer loop
      vertex 10.704684 4.057294 -0.800000
      vertex 10.704684 4.057294 0.800000
      vertex 10.663741 3.869080 0.800000
    endloop
  endfacet
  facet normal 0.000000 0.000000 1.000000
    outer loop
      vertex 8.436643 4.189289 0.800000
      vertex 8.400000 3.676955 0.800000
      vertex 10.650000 3.676955 0.800000
    endloop
  endfacet
  facet normal 0.000000 0.000000 1.000000
    outer loop
      vertex 8.436643 4.189289 0.800000
      vertex 10.650000 3.676955 0.800000
      vertex 10.663741 3.869080 0.800000
    endloop
  endfacet
  facet normal 0.000000 -0.000000 -1.000000
    outer loop
      vertex 8.436643 4.189289 -0.800000
      vertex 10.650000 3.676955 -0.800000
      vertex 8.400000 3.676955 -0.800000
    endloop
  endfacet
  facet normal 0.000000 0.000000 -1.000000
    outer loop
      vertex 8.436643 4.189289 -0.800000
      vertex 10.663741 3.869080 -0.800000
      vertex 10.650000 3.676955 -0.800000
    endloop
  endfacet
  facet normal -0.997452 0.071339 0.000000
    outer loop
      vertex 8.436643 4.189289 -0.800000
      vertex 8.400000 3.676955 -0.800000
      vertex 8.400000 3.676955 0.800000
    endloop
  endfacet
  facet normal -0.997452 0.071339 0.000000
    outer loop
      vertex 8.436643 4.189289 -0.800000
      vertex 8.400000 3.676955 0.800000
      vertex 8.436643 4.189289 0.800000
    endloop
  endfacet
  facet normal 0.997452 -0.071339 0.000000
    outer loop
      vertex 10.663741 3.869080 -0.800000
      vertex 10.650000 3.676955 0.800000
      vertex 10.650000 3.676955 -0.800000
    endloop
  endfacet
  facet normal 0.997452 -0.071339 0.000000
    outer loop
      vertex 10.663741 3.869080 -0.800000
      vertex 10.663741 3.869080 0.800000
      vertex 10.650000 3.676955 0.800000
    endloop
  endfacet
  facet normal 0.000000 0.000000 1.000000
    outer loop
      vertex 8.400000 3.676955 0.800000
      vertex 8.436643 3.164622 0.800000
      vertex 10.663741 3.484830 0.800000
    endloop
  endfacet
  facet normal 0.000000 0.000000 1.000000
    outer loop
      vertex 8.400000 3.676955 0.800000
      vertex 10.663741 3.484830 0.800000
      vertex 10.650000 3.676955 0.800000
    endloop
  endfacet
  facet normal 0.000000 0.000000 -1.000000
    outer loop
      vertex 8.400000 3.676955 -0.800000
      vertex 10.663741 3.484830 -0.800000
      vertex 8.436643 3.164622 -0.800000
    endloop
  endfacet
  facet normal 0.000000 0.000000 -1.000000
    outer loop
      vertex 8.400000 3.676955 -0.800000
      vertex 10.650000 3.676955 -0.800000
      vertex 10.663741 3.484830 -0.800000
    endloop
  endfacet
  facet normal -0.997452 -0.071339 0.000000
    outer loop
      vertex 8.400000 3.676955 -0.800000
      vertex 8.436643 3.164622 -0.800000
      vertex 8.436643 3.164622 0.800000
    endloop
  endfacet
  facet normal -0.997452 -0.071339 0.000000
    outer loop
      vertex 8.400000 3.676955 -0.800000
      vertex 8.436643 3.164622 0.800000
      vertex 8.400000 3.676955 0.800000
    endloop
  endfacet
  facet normal 0.997452 0.071339 0.000000
    outer loop
      vertex 10.650000 3.676955 -0.800000
      vertex 10.663741 3.484830 0.800000
      vertex 10.663741 3.484830 -0.800000
    endloop
  endfacet
  facet normal 0.997452 0.071339 -0.000000
    outer loop
      vertex 10.650000 3.676955 -0.800000
      vertex 10.650000 3.676955 0.800000
      vertex 10.663741 3.484830 0.800000
    endloop
  endfacet
  facet normal -0.000000 0.000000 1.000000
    outer loop
      vertex 8.436643 3.164622 0.800000
      vertex 8.545825 2.662718 0.800000
      vertex 10.704684 3.296616 0.800000
    endloop
  endfacet
  facet normal 0.000000 0.000000 1.000000
    outer loop
      vertex 8.436643 3.164622 0.800000
      vertex 10.704684 3.296616 0.800000
      vertex 10.663741 3.484830 0.800000
    endloop
  endfacet
  facet normal 0.000000 0.000000 -1.000000
    outer loop
      vertex 8.436643 3.164622 -0.800000
      vertex 10.704684 3.296616 -0.800000
      vertex 8.545825 2.662718 -0.800000
    endloop
  endfacet
  facet normal 0.000000 0.000000 -1.000000
    outer loop
      vertex 8.436643 3.164622 -0.800000
      vertex 10.663741 3.484830 -0.800000
      vertex 10.704684 3.296616 -0.800000
    endloop
  endfacet
  facet normal -0.977147 -0.212565 0.000000
    outer loop
      vertex 8.436643 3.164622 -0.800000
      vertex 8.545825 2.662718 -0.800000
      vertex 8.545825 2.662718 0.800000
    endloop
  endfacet
  facet normal -0.977147 -0.212565 0.000000
    outer loop
      vertex 8.436643 3.164622 -0.800000
      vertex 8.545825 2.662718 0.800000
      vertex 8.436643 3.164622 0.800000
    endloop
  endfacet
  facet normal 0.977147 0.212565 0.000000
    outer loop
      vertex 10.663741 3.484830 -0.800000
      vertex 10.704684 3.296616 0.800000
      vertex 10.704684 3.296616 -0.800000
    endloop
  endfacet
  facet normal 0.977147 0.212565 -0.000000
    outer loop
      vertex 10.663741 3.484830 -0.800000
      vertex 10.663741 3.484830 0.800000
      vertex 10.704684 3.296616 0.800000
    endloop
  endfacet
  facet normal -0.000000 0.000000 1.000000
    outer loop
      vertex 8.545825 2.662718 0.800000
      vertex 8.725325 2.181461 0.800000
      vertex 10.771997 3.116145 0.800000
    endloop
  endfacet
  facet normal 0.000000 0.000000 1.000000
    outer loop
      vertex 8.545825 2.662718 0.800000
      vertex 10.771997 3.116145 0.800000
      vertex 10.704684 3.296616 0.800000
    endloop
  endfacet
  facet normal 0.000000 0.000000 -1.000000
    outer loop
      vertex 8.545825 2.662718 -0.800000
      vertex 10.771997 3.116145 -0.800000
      vertex 8.725325 2.181461 -0.800000
    endloop
  endfacet
  facet normal 0.000000 0.000000 -1.000000
    outer loop
      vertex 8.545825 2.662718 -0.800000
      vertex 10.704684 3.296616 -0.800000
      vertex 10.771997 3.116145 -0.800000
    endloop
  endfacet
  facet normal -0.936950 -0.349464 0.000000
    outer loop
      vertex 8.545825 2.662718 -0.800000
      vertex 8.725325 2.181461 -0.800000
      vertex 8.725325 2.181461 0.800000
    endloop
  endfacet
  facet normal -0.936950 -0.349464 0.000000
    outer loop
      vertex 8.545825 2.662718 -0.800000
      vertex 8.725325 2.181461 0.800000
      vertex 8.545825 2.662718 0.800000
    endloop
  endfacet
  facet normal 0.936950 0.349464 0.000000
    outer loop
      vertex 10.704684 3.296616 -0.800000
      vertex 10.771997 3.116145 0.800000
      vertex 10.771997 3.116145 -0.800000
    endloop
  endfacet
  facet normal 0.936950 0.349464 -0.000000
    outer loop
      vertex 10.704684 3.296616 -0.800000
      vertex 10.704684 3.296616 0.800000
      vertex 10.771997 3.116145 0.800000
    endloop
  endfacet
  facet normal -0.000000 0.000000 1.000000
    outer loop
      vertex 8.725325 2.181461 0.800000
      vertex 8.971487 1.730648 0.800000
      vertex 10.864308 2.947090 0.800000
    endloop
  endfacet
  facet normal 0.000000 0.000000 1.000000
    outer loop
      vertex 8.725325 2.181461 0.800000
      vertex 10.864308 2.947090 0.800000
      vertex 10.771997 3.116145 0.800000
    endloop
  endfacet
  facet normal 0.000000 0.000000 -1.000000
    outer loop
      vertex 8.725325 2.181461 -0.800000
      vertex 10.864308 2.947090 -0.800000
      vertex 8.971487 1.730648 -0.800000
    endloop
  endfacet
  facet normal 0.000000 0.000000 -1.000000
    outer loop
      vertex 8.725325 2.181461 -0.800000
      vertex 10.771997 3.116145 -0.800000
      vertex 10.864308 2.947090 -0.800000
    endloop
  endfacet
  facet normal -0.877679 -0.479249 0.000000
    outer loop
      vertex 8.725325 2.181461 -0.800000
      vertex 8.971487 1.730648 -0.800000
      vertex 8.971487 1.730648 0.800000
    endloop
  endfacet
  facet normal -0.877679 -0.479249 0.000000
    outer loop
      vertex 8.725325 2.181461 -0.800000
      vertex 8.971487 1.730648 0.800000
      vertex 8.725325 2.181461 0.800000
    endloop
  endfacet
  facet normal 0.877679 0.479249 0.000000
    outer loop
      vertex 10.771997 3.116145 -0.800000
      vertex 10.864308 2.947090 0.800000
      vertex 10.864308 2.947090 -0.800000
    endloop
  endfacet
  facet normal 0.877679 0.479249 -0.000000
    outer loop
      vertex 10.771997 3.116145 -0.800000
      vertex 10.771997 3.116145 0.800000
      vertex 10.864308 2.947090 0.800000
    endloop
  endfacet
  facet normal -0.000000 0.000000 1.000000
    outer loop
      vertex 8.971487 1.730648 0.800000
      vertex 9.279302 1.319457 0.800000
      vertex 10.979738 2.792893 0.800000
    endloop
  endfacet
  facet normal 0.000000 0.000000 1.000000
    outer loop
      vertex 8.971487 1.730648 0.800000
      vertex 10.979738 2.792893 0.800000
      vertex 10.864308 2.947090 0.800000
    endloop
  endfacet
  facet normal 0.000000 0.000000 -1.000000
    outer loop
      vertex 8.971487 1.730648 -0.800000
      vertex 10.979738 2.792893 -0.800000
      vertex 9.279302 1.319457 -0.800000
    endloop
  endfacet
  facet normal 0.000000 0.000000 -1.000000
    outer loop
      vertex 8.971487 1.730648 -0.800000
      vertex 10.864308 2.947090 -0.800000
      vertex 10.979738 2.792893 -0.800000
    endloop
  endfacet
  facet normal -0.800541 -0.599278 0.000000
    outer loop
      vertex 8.971487 1.730648 -0.800000
      vertex 9.279302 1.319457 -0.800000
      vertex 9.279302 1.319457 0.800000
    endloop
  endfacet
  facet normal -0.800541 -0.599278 0.000000
    outer loop
      vertex 8.971487 1.730648 -0.800000
      vertex 9.279302 1.319457 0.800000
      vertex 8.971487 1.730648 0.800000
    endloop
  endfacet
  facet normal 0.800541 0.599278 0.000000
    outer loop
      vertex 10.864308 2.947090 -0.800000
      vertex 10.979738 2.792893 0.800000
      vertex 10.979738 2.792893 -0.800000
    endloop
  endfacet
  facet normal 0.800541 0.599278 -0.000000
    outer loop
      vertex 10.864308 2.947090 -0.800000
      vertex 10.864308 2.947090 0.800000
      vertex 10.979738 2.792893 0.800000
    endloop
  endfacet
  facet normal -0.000000 0.000000 1.000000
    outer loop
      vertex 9.279302 1.319457 0.800000
      vertex 9.642501 0.956257 0.800000
      vertex 11.115938 2.656693 0.800000
    endloop
  endfacet
  facet normal 0.000000 0.000000 1.000000
    outer loop
      vertex 9.279302 1.319457 0.800000
      vertex 11.115938 2.656693 0.800000
      vertex 10.979738 2.792893 0.800000
    endloop
  endfacet
  facet normal 0.000000 0.000000 -1.000000
    outer loop
      vertex 9.279302 1.319457 -0.800000
      vertex 11.115938 2.656693 -0.800000
      vertex 9.642501 0.956257 -0.800000
    endloop
  endfacet
  facet normal 0.000000 0.000000 -1.000000
    outer loop
      vertex 9.279302 1.319457 -0.800000
      vertex 10.979738 2.792893 -0.800000
      vertex 11.115938 2.656693 -0.800000
    endloop
  endfacet
  facet normal -0.707107 -0.707107 0.000000
    outer loop
      vertex 9.279302 1.319457 -0.800000
      vertex 9.642501 0.956257 -0.800000
      vertex 9.642501 0.956257 0.800000
    endloop
  endfacet
  facet normal -0.707107 -0.707107 0.000000
    outer loop
      vertex 9.279302 1.319457 -0.800000
      vertex 9.642501 0.956257 0.800000
      vertex 9.279302 1.319457 0.800000
    endloop
  endfacet
  facet normal 0.707107 0.707107 0.000000
    outer loop
      vertex 10.979738 2.792893 -0.800000
      vertex 11.115938 2.656693 0.800000
      vertex 11.115938 2.656693 -0.800000
    endloop
  endfacet
  facet normal 0.707107 0.707107 -0.000000
    outer loop
      vertex 10.979738 2.792893 -0.800000
      vertex 10.979738 2.792893 0.800000
      vertex 11.115938 2.656693 0.800000
    endloop
  endfacet
  facet normal -0.000000 0.000000 1.000000
    outer loop
      vertex 9.642501 0.956257 0.800000
      vertex 10.053693 0.648443 0.800000
      vertex 11.270135 2.541263 0.800000
    endloop
  endfacet
  facet normal 0.000000 0.000000 1.000000
    outer loop
      vertex 9.642501 0.956257 0.800000
      vertex 11.270135 2.541263 0.800000
      vertex 11.115938 2.656693 0.800000
    endloop
  endfacet
  facet normal 0.000000 0.000000 -1.000000
    outer loop
      vertex 9.642501 0.956257 -0.800000
      vertex 11.270135 2.541263 -0.800000
      vertex 10.053693 0.648443 -0.800000
    endloop
  endfacet
  facet normal 0.000000 0.000000 -1.000000
    outer loop
      vertex 9.642501 0.956257 -0.800000
      vertex 11.115938 2.656693 -0.800000
      vertex 11.270135 2.541263 -0.800000
    endloop
  endfacet
  facet normal -0.599278 -0.800541 0.000000
    outer loop
      vertex 9.642501 0.956257 -0.800000
      vertex 10.053693 0.648443 -0.800000
      vertex 10.053693 0.648443 0.800000
    endloop
  endfacet
  facet normal -0.599278 -0.800541 0.000000
    outer loop
      vertex 9.642501 0.956257 -0.800000
      vertex 10.053693 0.648443 0.800000
      vertex 9.642501 0.956257 0.800000
    endloop
  endfacet
  facet normal 0.599278 0.800541 0.000000
    outer loop
      vertex 11.115938 2.656693 -0.800000
      vertex 11.270135 2.541263 0.800000
      vertex 11.270135 2.541263 -0.800000
    endloop
  endfacet
  facet normal 0.599278 0.800541 -0.000000
    outer loop
      vertex 11.115938 2.656693 -0.800000
      vertex 11.115938 2.656693 0.800000
      vertex 11.270135 2.541263 0.800000
    endloop
  endfacet
  facet normal -0.000000 0.000000 1.000000
    outer loop
      vertex 10.053693 0.648443 0.800000
      vertex 10.504506 0.402280 0.800000
      vertex 11.439190 2.448952 0.800000
    endloop
  endfacet
  facet normal 0.000000 0.000000 1.000000
    outer loop
      vertex 10.053693 0.648443 0.800000
      vertex 11.439190 2.448952 0.800000
      vertex 11.270135 2.541263 0.800000
    endloop
  endfacet
  facet normal 0.000000 0.000000 -1.000000
    outer loop
      vertex 10.053693 0.648443 -0.800000
      vertex 11.439190 2.448952 -0.800000
      vertex 10.504506 0.402280 -0.800000
    endloop
  endfacet
  facet normal 0.000000 0.000000 -1.000000
    outer loop
      vertex 10.053693 0.648443 -0.800000
      vertex 11.270135 2.541263 -0.800000
      vertex 11.439190 2.448952 -0.800000
    endloop
  endfacet
  facet normal -0.479249 -0.877679 0.000000
    outer loop
      vertex 10.053693 0.648443 -0.800000
      vertex 10.504506 0.402280 -0.800000
      vertex 10.504506 0.402280 0.800000
    endloop
  endfacet
  facet normal -0.479249 -0.877679 0.000000
    outer loop
      vertex 10.053693 0.648443 -0.800000
      vertex 10.504506 0.402280 0.800000
      vertex 10.053693 0.648443 0.800000
    endloop
  endfacet
  facet normal 0.479249 0.877679 0.000000
    outer loop
      vertex 11.270135 2.541263 -0.800000
      vertex 11.439190 2.448952 0.800000
      vertex 11.439190 2.448952 -0.800000
    endloop
  endfacet
  facet normal 0.479249 0.877679 -0.000000
    outer loop
      vertex 11.270135 2.541263 -0.800000
      vertex 11.270135 2.541263 0.800000
      vertex 11.439190 2.448952 0.800000
    endloop
  endfacet
  facet normal -0.000000 0.000000 1.000000
    outer loop
      vertex 10.504506 0.402280 0.800000
      vertex 10.985763 0.222781 0.800000
      vertex 11.619661 2.381640 0.800000
    endloop
  endfacet
  facet normal 0.000000 0.000000 1.000000
    outer loop
      vertex 10.504506 0.402280 0.800000
      vertex 11.619661 2.381640 0.800000
      vertex 11.439190 2.448952 0.800000
    endloop
  endfacet
  facet normal 0.000000 0.000000 -1.000000
    outer loop
      vertex 10.504506 0.402280 -0.800000
      vertex 11.619661 2.381640 -0.800000
      vertex 10.985763 0.222781 -0.800000
    endloop
  endfacet
  facet normal 0.000000 0.000000 -1.000000
    outer loop
      vertex 10.504506 0.402280 -0.800000
      vertex 11.439190 2.448952 -0.800000
      vertex 11.619661 2.381640 -0.800000
    endloop
  endfacet
  facet normal -0.349464 -0.936950 0.000000
    outer loop
      vertex 10.504506 0.402280 -0.800000
      vertex 10.985763 0.222781 -0.800000
      vertex 10.985763 0.222781 0.800000
    endloop
  endfacet
  facet normal -0.349464 -0.936950 0.000000
    outer loop
      vertex 10.504506 0.402280 -0.800000
      vertex 10.985763 0.222781 0.800000
      vertex 10.504506 0.402280 0.800000
    endloop
  endfacet
  facet normal 0.349464 0.936950 0.000000
    outer loop
      vertex 11.439190 2.448952 -0.800000
      vertex 11.619661 2.381640 0.800000
      vertex 11.619661 2.381640 -0.800000
    endloop
  endfacet
  facet normal 0.349464 0.936950 -0.000000
    outer loop
      vertex 11.439190 2.448952 -0.800000
      vertex 11.439190 2.448952 0.800000
      vertex 11.619661 2.381640 0.800000
    endloop
  endfacet
  facet normal -0.000000 0.000000 1.000000
    outer loop
      vertex 10.985763 0.222781 0.800000
      vertex 11.487667 0.113598 0.800000
      vertex 11.807875 2.340696 0.800000
    endloop
  endfacet
  facet normal 0.000000 0.000000 1.000000
    outer loop
      vertex 10.985763 0.222781 0.800000
      vertex 11.807875 2.340696 0.800000
      vertex 11.619661 2.381640 0.800000
    endloop
  endfacet
  facet normal 0.000000 0.000000 -1.000000
    outer loop
      vertex 10.985763 0.222781 -0.800000
      vertex 11.807875 2.340696 -0.800000
      vertex 11.487667 0.113598 -0.800000
    endloop
  endfacet
  facet normal 0.000000 0.000000 -1.000000
    outer loop
      vertex 10.985763 0.222781 -0.800000
      vertex 11.619661 2.381640 -0.800000
      vertex 11.807875 2.340696 -0.800000
    endloop
  endfacet
  facet normal -0.212565 -0.977147 0.000000
    outer loop
      vertex 10.985763 0.222781 -0.800000
      vertex 11.487667 0.113598 -0.800000
      vertex 11.487667 0.113598 0.800000
    endloop
  endfacet
  facet normal -0.212565 -0.977147 0.000000
    outer loop
      vertex 10.985763 0.222781 -0.800000
      vertex 11.487667 0.113598 0.800000
      vertex 10.985763 0.222781 0.800000
    endloop
  endfacet
  facet normal 0.212565 0.977147 0.000000
    outer loop
      vertex 11.619661 2.381640 -0.800000
      vertex 11.807875 2.340696 0.800000
      vertex 11.807875 2.340696 -0.800000
    endloop
  endfacet
  facet normal 0.212565 0.977147 -0.000000
    outer loop
      vertex 11.619661 2.381640 -0.800000
      vertex 11.619661 2.381640 0.800000
      vertex 11.807875 2.340696 0.800000
    endloop
  endfacet
  facet normal -0.000000 0.000000 1.000000
    outer loop
      vertex 11.487667 0.113598 0.800000
      vertex 12.000000 0.076955 0.800000
      vertex 12.000000 2.326955 0.800000
    endloop
  endfacet
  facet normal 0.000000 0.000000 1.000000
    outer loop
      vertex 11.487667 0.113598 0.800000
      vertex 12.000000 2.326955 0.800000
      vertex 11.807875 2.340696 0.800000
    endloop
  endfacet
  facet normal 0.000000 0.000000 -1.000000
    outer loop
      vertex 11.487667 0.113598 -0.800000
      vertex 12.000000 2.326955 -0.800000
      vertex 12.000000 0.076955 -0.800000
    endloop
  endfacet
  facet normal 0.000000 0.000000 -1.000000
    outer loop
      vertex 11.487667 0.113598 -0.800000
      vertex 11.807875 2.340696 -0.800000
      vertex 12.000000 2.326955 -0.800000
    endloop
  endfacet
  facet normal -0.071339 -0.997452 0.000000
    outer loop
      vertex 11.487667 0.113598 -0.800000
      vertex 12.000000 0.076955 -0.800000
      vertex 12.000000 0.076955 0.800000
    endloop
  endfacet
  facet normal -0.071339 -0.997452 0.000000
    outer loop
      vertex 11.487667 0.113598 -0.800000
      vertex 12.000000 0.076955 0.800000
      vertex 11.487667 0.113598 0.800000
    endloop
  endfacet
  facet normal 0.071339 0.997452 0.000000
    outer loop
      vertex 11.807875 2.340696 -0.800000
      vertex 12.000000 2.326955 0.800000
      vertex 12.000000 2.326955 -0.800000
    endloop
  endfacet
  facet normal 0.071339 0.997452 -0.000000
    outer loop
      vertex 11.807875 2.340696 -0.800000
      vertex 11.807875 2.340696 0.800000
      vertex 12.000000 2.326955 0.800000
    endloop
  endfacet
  facet normal 0.000000 0.000000 1.000000
    outer loop
      vertex 12.000000 0.076955 0.800000
      vertex 12.512333 0.113598 0.800000
      vertex 12.192125 2.340696 0.800000
    endloop
  endfacet
  facet normal 0.000000 0.000000 1.000000
    outer loop
      vertex 12.000000 0.076955 0.800000
      vertex 12.192125 2.340696 0.800000
      vertex 12.000000 2.326955 0.800000
    endloop
  endfacet
  facet normal 0.000000 0.000000 -1.000000
    outer loop
      vertex 12.000000 0.076955 -0.800000
      vertex 12.192125 2.340696 -0.800000
      vertex 12.512333 0.113598 -0.800000
    endloop
  endfacet
  facet normal 0.000000 0.000000 -1.000000
    outer loop
      vertex 12.000000 0.076955 -0.800000
      vertex 12.000000 2.326955 -0.800000
      vertex 12.192125 2.340696 -0.800000
    endloop
  endfacet
  facet normal 0.071339 -0.997452 0.000000
    outer loop
      vertex 12.000000 0.076955 -0.800000
      vertex 12.512333 0.113598 -0.800000
      vertex 12.512333 0.113598 0.800000
    endloop
  endfacet
  facet normal 0.071339 -0.997452 0.000000
    outer loop
      vertex 12.000000 0.076955 -0.800000
      vertex 12.512333 0.113598 0.800000
      vertex 12.000000 0.076955 0.800000
    endloop
  endfacet
  facet normal -0.071339 0.997452 0.000000
    outer loop
      vertex 12.000000 2.326955 -0.800000
      vertex 12.192125 2.340696 0.800000
      vertex 12.192125 2.340696 -0.800000
    endloop
  endfacet
  facet normal -0.071339 0.997452 0.000000
    outer loop
      vertex 12.000000 2.326955 -0.800000
      vertex 12.000000 2.326955 0.800000
      vertex 12.192125 2.340696 0.800000
    endloop
  endfacet
  facet normal 0.000000 -0.000000 1.000000
    outer loop
      vertex 12.512333 0.113598 0.800000
      vertex 13.014237 0.222781 0.800000
      vertex 12.380339 2.381640 0.800000
    endloop
  endfacet
  facet normal 0.000000 0.000000 1.000000
    outer loop
      vertex 12.512333 0.113598 0.800000
      vertex 12.380339 2.381640 0.800000
      vertex 12.192125 2.340696 0.800000
    endloop
  endfacet
  facet normal 0.000000 0.000000 -1.000000
    outer loop
      vertex 12.512333 0.113598 -0.800000
      vertex 12.380339 2.381640 -0.800000
      vertex 13.014237 0.222781 -0.800000
    endloop
  endfacet
  facet normal 0.000000 0.000000 -1.000000
    outer loop
      vertex 12.512333 0.113598 -0.800000
      vertex 12.192125 2.340696 -0.800000
      vertex 12.380339 2.381640 -0.800000
    endloop
  endfacet
  facet normal 0.212565 -0.977147 0.000000
    outer loop
      vertex 12.512333 0.113598 -0.800000
      vertex 13.014237 0.222781 -0.800000
      vertex 13.014237 0.222781 0.800000
    endloop
  endfacet
  facet normal 0.212565 -0.977147 0.000000
    outer loop
      vertex 12.512333 0.113598 -0.800000
      vertex 13.014237 0.222781 0.800000
      vertex 12.512333 0.113598 0.800000
    endloop
  endfacet
  facet normal -0.212565 0.977147 0.000000
    outer loop
      vertex 12.192125 2.340696 -0.800000
      vertex 12.380339 2.381640 0.800000
      vertex 12.380339 2.381640 -0.800000
    endloop
  endfacet
  facet normal -0.212565 0.977147 0.000000
    outer loop
      vertex 12.192125 2.340696 -0.800000
      vertex 12.192125 2.340696 0.800000
      vertex 12.380339 2.381640 0.800000
    endloop
  endfacet
  facet normal 0.000000 -0.000000 1.000000
    outer loop
      vertex 13.014237 0.222781 0.800000
      vertex 13.495494 0.402280 0.800000
      vertex 12.560810 2.448952 0.800000
    endloop
  endfacet
  facet normal 0.000000 0.000000 1.000000
    outer loop
      vertex 13.014237 0.222781 0.800000
      vertex 12.560810 2.448952 0.800000
      vertex 12.380339 2.381640 0.800000
    endloop
  endfacet
  facet normal 0.000000 0.000000 -1.000000
    outer loop
      vertex 13.014237 0.222781 -0.800000
      vertex 12.560810 2.448952 -0.800000
      vertex 13.495494 0.402280 -0.800000
    endloop
  endfacet
  facet normal 0.000000 0.000000 -1.000000
    outer loop
      vertex 13.014237 0.222781 -0.800000
      vertex 12.380339 2.381640 -0.800000
      vertex 12.560810 2.448952 -0.800000
    endloop
  endfacet
  facet normal 0.349464 -0.936950 0.000000
    outer loop
      vertex 13.014237 0.222781 -0.800000
      vertex 13.495494 0.402280 -0.800000
      vertex 13.495494 0.402280 0.800000
    endloop
  endfacet
  facet normal 0.349464 -0.936950 0.000000
    outer loop
      vertex 13.014237 0.222781 -0.800000
      vertex 13.495494 0.402280 0.800000
      vertex 13.014237 0.222781 0.800000
    endloop
  endfacet
  facet normal -0.349464 0.936950 0.000000
    outer loop
      vertex 12.380339 2.381640 -0.800000
      vertex 12.560810 2.448952 0.800000
      vertex 12.560810 2.448952 -0.800000
    endloop
  endfacet
  facet normal -0.349464 0.936950 0.000000
    outer loop
      vertex 12.380339 2.381640 -0.800000
      vertex 12.380339 2.381640 0.800000
      vertex 12.560810 2.448952 0.800000
    endloop
  endfacet
  facet normal 0.000000 -0.000000 1.000000
    outer loop
      vertex 13.495494 0.402280 0.800000
      vertex 13.946307 0.648443 0.800000
      vertex 12.729865 2.541263 0.800000
    endloop
  endfacet
  facet normal 0.000000 0.000000 1.000000
    outer loop
      vertex 13.495494 0.402280 0.800000
      vertex 12.729865 2.541263 0.800000
      vertex 12.560810 2.448952 0.800000
    endloop
  endfacet
  facet normal 0.000000 0.000000 -1.000000
    outer loop
      vertex 13.495494 0.402280 -0.800000
      vertex 12.729865 2.541263 -0.800000
      vertex 13.946307 0.648443 -0.800000
    endloop
  endfacet
  facet normal 0.000000 0.000000 -1.000000
    outer loop
      vertex 13.495494 0.402280 -0.800000
      vertex 12.560810 2.448952 -0.800000
      vertex 12.729865 2.541263 -0.800000
    endloop
  endfacet
  facet normal 0.479249 -0.877679 0.000000
    outer loop
      vertex 13.495494 0.402280 -0.800000
      vertex 13.946307 0.648443 -0.800000
      vertex 13.946307 0.648443 0.800000
    endloop
  endfacet
  facet normal 0.479249 -0.877679 0.000000
    outer loop
      vertex 13.495494 0.402280 -0.800000
      vertex 13.946307 0.648443 0.800000
      vertex 13.495494 0.402280 0.800000
    endloop
  endfacet
  facet normal -0.479249 0.877679 0.000000
    outer loop
      vertex 12.560810 2.448952 -0.800000
      vertex 12.729865 2.541263 0.800000
      vertex 12.729865 2.541263 -0.800000
    endloop
  endfacet
  facet normal -0.479249 0.877679 0.000000
    outer loop
      vertex 12.560810 2.448952 -0.800000
      vertex 12.560810 2.448952 0.800000
      vertex 12.729865 2.541263 0.800000
    endloop
  endfacet
  facet normal 0.000000 -0.000000 1.000000
    outer loop
      vertex 13.946307 0.648443 0.800000
      vertex 14.357499 0.956257 0.800000
      vertex 12.884062 2.656693 0.800000
    endloop
  endfacet
  facet normal 0.000000 0.000000 1.000000
    outer loop
      vertex 13.946307 0.648443 0.800000
      vertex 12.884062 2.656693 0.800000
      vertex 12.729865 2.541263 0.800000
    endloop
  endfacet
  facet normal 0.000000 0.000000 -1.000000
    outer loop
      vertex 13.946307 0.648443 -0.800000
      vertex 12.884062 2.656693 -0.800000
      vertex 14.357499 0.956257 -0.800000
    endloop
  endfacet
  facet normal 0.000000 0.000000 -1.000000
    outer loop
      vertex 13.946307 0.648443 -0.800000
      vertex 12.729865 2.541263 -0.800000
      vertex 12.884062 2.656693 -0.800000
    endloop
  endfacet
  facet normal 0.599278 -0.800541 0.000000
    outer loop
      vertex 13.946307 0.648443 -0.800000
      vertex 14.357499 0.956257 -0.800000
      vertex 14.357499 0.956257 0.800000
    endloop
  endfacet
  facet normal 0.599278 -0.800541 0.000000
    outer loop
      vertex 13.946307 0.648443 -0.800000
      vertex 14.357499 0.956257 0.800000
      vertex 13.946307 0.648443 0.800000
    endloop
  endfacet
  facet normal -0.599278 0.800541 0.000000
    outer loop
      vertex 12.729865 2.541263 -0.800000
      vertex 12.884062 2.656693 0.800000
      vertex 12.884062 2.656693 -0.800000
    endloop
  endfacet
  facet normal -0.599278 0.800541 0.000000
    outer loop
      vertex 12.729865 2.541263 -0.800000
      vertex 12.729865 2.541263 0.800000
      vertex 12.884062 2.656693 0.800000
    endloop
  endfacet
  facet normal 0.000000 -0.000000 1.000000
    outer loop
      vertex 14.357499 0.956257 0.800000
      vertex 14.720698 1.319457 0.800000
      vertex 13.020262 2.792893 0.800000
    endloop
  endfacet
  facet normal 0.000000 0.000000 1.000000
    outer loop
      vertex 14.357499 0.956257 0.800000
      vertex 13.020262 2.792893 0.800000
      vertex 12.884062 2.656693 0.800000
    endloop
  endfacet
  facet normal 0.000000 0.000000 -1.000000
    outer loop
      vertex 14.357499 0.956257 -0.800000
      vertex 13.020262 2.792893 -0.800000
      vertex 14.720698 1.319457 -0.800000
    endloop
  endfacet
  facet normal 0.000000 0.000000 -1.000000
    outer loop
      vertex 14.357499 0.956257 -0.800000
      vertex 12.884062 2.656693 -0.800000
      vertex 13.020262 2.792893 -0.800000
    endloop
  endfacet
  facet normal 0.707107 -0.707107 0.000000
    outer loop
      vertex 14.357499 0.956257 -0.800000
      vertex 14.720698 1.319457 -0.800000
      vertex 14.720698 1.319457 0.800000
    endloop
  endfacet
  facet normal 0.707107 -0.707107 0.000000
    outer loop
      vertex 14.357499 0.956257 -0.800000
      vertex 14.720698 1.319457 0.800000
      vertex 14.357499 0.956257 0.800000
    endloop
  endfacet
  facet normal -0.707107 0.707107 0.000000
    outer loop
      vertex 12.884062 2.656693 -0.800000
      vertex 13.020262 2.792893 0.800000
      vertex 13.020262 2.792893 -0.800000
    endloop
  endfacet
  facet normal -0.707107 0.707107 0.000000
    outer loop
      vertex 12.884062 2.656693 -0.800000
      vertex 12.884062 2.656693 0.800000
      vertex 13.020262 2.792893 0.800000
    endloop
  endfacet
  facet normal 0.000000 -0.000000 1.000000
    outer loop
      vertex 14.720698 1.319457 0.800000
      vertex 15.028513 1.730648 0.800000
      vertex 13.135692 2.947090 0.800000
    endloop
  endfacet
  facet normal 0.000000 0.000000 1.000000
    outer loop
      vertex 14.720698 1.319457 0.800000
      vertex 13.135692 2.947090 0.800000
      vertex 13.020262 2.792893 0.800000
    endloop
  endfacet
  facet normal 0.000000 0.000000 -1.000000
    outer loop
      vertex 14.720698 1.319457 -0.800000
      vertex 13.135692 2.947090 -0.800000
      vertex 15.028513 1.730648 -0.800000
    endloop
  endfacet
  facet normal 0.000000 0.000000 -1.000000
    outer loop
      vertex 14.720698 1.319457 -0.800000
      vertex 13.020262 2.792893 -0.800000
      vertex 13.135692 2.947090 -0.800000
    endloop
  endfacet
  facet normal 0.800541 -0.599278 0.000000
    outer loop
      vertex 14.720698 1.319457 -0.800000
      vertex 15.028513 1.730648 -0.800000
      vertex 15.028513 1.730648 0.800000
    endloop
  endfacet
  facet normal 0.800541 -0.599278 0.000000
    outer loop
      vertex 14.720698 1.319457 -0.800000
      vertex 15.028513 1.730648 0.800000
      vertex 14.720698 1.319457 0.800000
    endloop
  endfacet
  facet normal -0.800541 0.599278 0.000000
    outer loop
      vertex 13.020262 2.792893 -0.800000
      vertex 13.135692 2.947090 0.800000
      vertex 13.135692 2.947090 -0.800000
    endloop
  endfacet
  facet normal -0.800541 0.599278 0.000000
    outer loop
      vertex 13.020262 2.792893 -0.800000
      vertex 13.020262 2.792893 0.800000
      vertex 13.135692 2.947090 0.800000
    endloop
  endfacet
  facet normal 0.000000 -0.000000 1.000000
    outer loop
      vertex 15.028513 1.730648 0.800000
      vertex 15.274675 2.181461 0.800000
      vertex 13.228003 3.116145 0.800000
    endloop
  endfacet
  facet normal 0.000000 0.000000 1.000000
    outer loop
      vertex 15.028513 1.730648 0.800000
      vertex 13.228003 3.116145 0.800000
      vertex 13.135692 2.947090 0.800000
    endloop
  endfacet
  facet normal 0.000000 0.000000 -1.000000
    outer loop
      vertex 15.028513 1.730648 -0.800000
      vertex 13.228003 3.116145 -0.800000
      vertex 15.274675 2.181461 -0.800000
    endloop
  endfacet
  facet normal 0.000000 0.000000 -1.000000
    outer loop
      vertex 15.028513 1.730648 -0.800000
      vertex 13.135692 2.947090 -0.800000
      vertex 13.228003 3.116145 -0.800000
    endloop
  endfacet
  facet normal 0.877679 -0.479249 0.000000
    outer loop
      vertex 15.028513 1.730648 -0.800000
      vertex 15.274675 2.181461 -0.800000
      vertex 15.274675 2.181461 0.800000
    endloop
  endfacet
  facet normal 0.877679 -0.479249 0.000000
    outer loop
      vertex 15.028513 1.730648 -0.800000
      vertex 15.274675 2.181461 0.800000
      vertex 15.028513 1.730648 0.800000
    endloop
  endfacet
  facet normal -0.877679 0.479249 0.000000
    outer loop
      vertex 13.135692 2.947090 -0.800000
      vertex 13.228003 3.116145 0.800000
      vertex 13.228003 3.116145 -0.800000
    endloop
  endfacet
  facet normal -0.877679 0.479249 0.000000
    outer loop
      vertex 13.135692 2.947090 -0.800000
      vertex 13.135692 2.947090 0.800000
      vertex 13.228003 3.116145 0.800000
    endloop
  endfacet
  facet normal 0.000000 -0.000000 1.000000
    outer loop
      vertex 15.274675 2.181461 0.800000
      vertex 15.454175 2.662718 0.800000
      vertex 13.295316 3.296616 0.800000
    endloop
  endfacet
  facet normal 0.000000 0.000000 1.000000
    outer loop
      vertex 15.274675 2.181461 0.800000
      vertex 13.295316 3.296616 0.800000
      vertex 13.228003 3.116145 0.800000
    endloop
  endfacet
  facet normal 0.000000 0.000000 -1.000000
    outer loop
      vertex 15.274675 2.181461 -0.800000
      vertex 13.295316 3.296616 -0.800000
      vertex 15.454175 2.662718 -0.800000
    endloop
  endfacet
  facet normal 0.000000 0.000000 -1.000000
    outer loop
      vertex 15.274675 2.181461 -0.800000
      vertex 13.228003 3.116145 -0.800000
      vertex 13.295316 3.296616 -0.800000
    endloop
  endfacet
  facet normal 0.936950 -0.349464 0.000000
    outer loop
      vertex 15.274675 2.181461 -0.800000
      vertex 15.454175 2.662718 -0.800000
      vertex 15.454175 2.662718 0.800000
    endloop
  endfacet
  facet normal 0.936950 -0.349464 0.000000
    outer loop
      vertex 15.274675 2.181461 -0.800000
      vertex 15.454175 2.662718 0.800000
      vertex 15.274675 2.181461 0.800000
    endloop
  endfacet
  facet normal -0.936950 0.349464 0.000000
    outer loop
      vertex 13.228003 3.116145 -0.800000
      vertex 13.295316 3.296616 0.800000
      vertex 13.295316 3.296616 -0.800000
    endloop
  endfacet
  facet normal -0.936950 0.349464 0.000000
    outer loop
      vertex 13.228003 3.116145 -0.800000
      vertex 13.228003 3.116145 0.800000
      vertex 13.295316 3.296616 0.800000
    endloop
  endfacet
  facet normal 0.000000 -0.000000 1.000000
    outer loop
      vertex 15.454175 2.662718 0.800000
      vertex 15.563357 3.164622 0.800000
      vertex 13.336259 3.484830 0.800000
    endloop
  endfacet
  facet normal 0.000000 0.000000 1.000000
    outer loop
      vertex 15.454175 2.662718 0.800000
      vertex 13.336259 3.484830 0.800000
      vertex 13.295316 3.296616 0.800000
    endloop
  endfacet
  facet normal 0.000000 0.000000 -1.000000
    outer loop
      vertex 15.454175 2.662718 -0.800000
      vertex 13.336259 3.484830 -0.800000
      vertex 15.563357 3.164622 -0.800000
    endloop
  endfacet
  facet normal 0.000000 0.000000 -1.000000
    outer loop
      vertex 15.454175 2.662718 -0.800000
      vertex 13.295316 3.296616 -0.800000
      vertex 13.336259 3.484830 -0.800000
    endloop
  endfacet
  facet normal 0.977147 -0.212565 0.000000
    outer loop
      vertex 15.454175 2.662718 -0.800000
      vertex 15.563357 3.164622 -0.800000
      vertex 15.563357 3.164622 0.800000
    endloop
  endfacet
  facet normal 0.977147 -0.212565 0.000000
    outer loop
      vertex 15.454175 2.662718 -0.800000
      vertex 15.563357 3.164622 0.800000
      vertex 15.454175 2.662718 0.800000
    endloop
  endfacet
  facet normal -0.977147 0.212565 0.000000
    outer loop
      vertex 13.295316 3.296616 -0.800000
      vertex 13.336259 3.484830 0.800000
      vertex 13.336259 3.484830 -0.800000
    endloop
  endfacet
  facet normal -0.977147 0.212565 0.000000
    outer loop
      vertex 13.295316 3.296616 -0.800000
      vertex 13.295316 3.296616 0.800000
      vertex 13.336259 3.484830 0.800000
    endloop
  endfacet
  facet normal 0.000000 -0.000000 1.000000
    outer loop
      vertex 15.563357 3.164622 0.800000
      vertex 15.600000 3.676955 0.800000
      vertex 13.350000 3.676955 0.800000
    endloop
  endfacet
  facet normal 0.000000 0.000000 1.000000
    outer loop
      vertex 15.563357 3.164622 0.800000
      vertex 13.350000 3.676955 0.800000
      vertex 13.336259 3.484830 0.800000
    endloop
  endfacet
  facet normal 0.000000 0.000000 -1.000000
    outer loop
      vertex 15.563357 3.164622 -0.800000
      vertex 13.350000 3.676955 -0.800000
      vertex 15.600000 3.676955 -0.800000
    endloop
  endfacet
  facet normal 0.000000 0.000000 -1.000000
    outer loop
      vertex 15.563357 3.164622 -0.800000
      vertex 13.336259 3.484830 -0.800000
      vertex 13.350000 3.676955 -0.800000
    endloop
  endfacet
  facet normal 0.997452 -0.071339 0.000000
    outer loop
      vertex 15.563357 3.164622 -0.800000
      vertex 15.600000 3.676955 -0.800000
      vertex 15.600000 3.676955 0.800000
    endloop
  endfacet
  facet normal 0.997452 -0.071339 0.000000
    outer loop
      vertex 15.563357 3.164622 -0.800000
      vertex 15.600000 3.676955 0.800000
      vertex 15.563357 3.164622 0.800000
    endloop
  endfacet
  facet normal -0.997452 0.071339 0.000000
    outer loop
      vertex 13.336259 3.484830 -0.800000
      vertex 13.350000 3.676955 0.800000
      vertex 13.350000 3.676955 -0.800000
    endloop
  endfacet
  facet normal -0.997452 0.071339 0.000000
    outer loop
      vertex 13.336259 3.484830 -0.800000
      vertex 13.336259 3.484830 0.800000
      vertex 13.350000 3.676955 0.800000
    endloop
  endfacet
  facet normal 0.000000 0.000000 1.000000
    outer loop
      vertex 27.600000 5.200000 0.800000
      vertex 27.563357 5.712333 0.800000
      vertex 25.336259 5.392125 0.800000
    endloop
  endfacet
  facet normal 0.000000 0.000000 1.000000
    outer loop
      vertex 27.600000 5.200000 0.800000
      vertex 25.336259 5.392125 0.800000
      vertex 25.350000 5.200000 0.800000
    endloop
  endfacet
  facet normal 0.000000 0.000000 -1.000000
    outer loop
      vertex 27.600000 5.200000 -0.800000
      vertex 25.336259 5.392125 -0.800000
      vertex 27.563357 5.712333 -0.800000
    endloop
  endfacet
  facet normal 0.000000 0.000000 -1.000000
    outer loop
      vertex 27.600000 5.200000 -0.800000
      vertex 25.350000 5.200000 -0.800000
      vertex 25.336259 5.392125 -0.800000
    endloop
  endfacet
  facet normal 0.997452 0.071339 0.000000
    outer loop
      vertex 27.600000 5.200000 -0.800000
      vertex 27.563357 5.712333 -0.800000
      vertex 27.563357 5.712333 0.800000
    endloop
  endfacet
  facet normal 0.997452 0.071339 -0.000000
    outer loop
      vertex 27.600000 5.200000 -0.800000
      vertex 27.563357 5.712333 0.800000
      vertex 27.600000 5.200000 0.800000
    endloop
  endfacet
  facet normal -0.997452 -0.071339 0.000000
    outer loop
      vertex 25.350000 5.200000 -0.800000
      vertex 25.336259 5.392125 0.800000
      vertex 25.336259 5.392125 -0.800000
    endloop
  endfacet
  facet normal -0.997452 -0.071339 0.000000
    outer loop
      vertex 25.350000 5.200000 -0.800000
      vertex 25.350000 5.200000 0.800000
      vertex 25.336259 5.392125 0.800000
    endloop
  endfacet
  facet normal 0.000000 0.000000 1.000000
    outer loop
      vertex 27.563357 5.712333 0.800000
      vertex 27.454175 6.214237 0.800000
      vertex 25.295316 5.580339 0.800000
    endloop
  endfacet
  facet normal 0.000000 0.000000 1.000000
    outer loop
      vertex 27.563357 5.712333 0.800000
      vertex 25.295316 5.580339 0.800000
      vertex 25.336259 5.392125 0.800000
    endloop
  endfacet
  facet normal -0.000000 0.000000 -1.000000
    outer loop
      vertex 27.563357 5.712333 -0.800000
      vertex 25.295316 5.580339 -0.800000
      vertex 27.454175 6.214237 -0.800000
    endloop
  endfacet
  facet normal 0.000000 0.000000 -1.000000
    outer loop
      vertex 27.563357 5.712333 -0.800000
      vertex 25.336259 5.392125 -0.800000
      vertex 25.295316 5.580339 -0.800000
    endloop
  endfacet
  facet normal 0.977147 0.212565 0.000000
    outer loop
      vertex 27.563357 5.712333 -0.800000
      vertex 27.454175 6.214237 -0.800000
      vertex 27.454175 6.214237 0.800000
    endloop
  endfacet
  facet normal 0.977147 0.212565 -0.000000
    outer loop
      vertex 27.563357 5.712333 -0.800000
      vertex 27.454175 6.214237 0.800000
      vertex 27.563357 5.712333 0.800000
    endloop
  endfacet
  facet normal -0.977147 -0.212565 0.000000
    outer loop
      vertex 25.336259 5.392125 -0.800000
      vertex 25.295316 5.580339 0.800000
      vertex 25.295316 5.580339 -0.800000
    endloop
  endfacet
  facet normal -0.977147 -0.212565 0.000000
    outer loop
      vertex 25.336259 5.392125 -0.800000
      vertex 25.336259 5.392125 0.800000
      vertex 25.295316 5.580339 0.800000
    endloop
  endfacet
  facet normal 0.000000 0.000000 1.000000
    outer loop
      vertex 27.454175 6.214237 0.800000
      vertex 27.274675 6.695494 0.800000
      vertex 25.228003 5.760810 0.800000
    endloop
  endfacet
  facet normal 0.000000 0.000000 1.000000
    outer loop
      vertex 27.454175 6.214237 0.800000
      vertex 25.228003 5.760810 0.800000
      vertex 25.295316 5.580339 0.800000
    endloop
  endfacet
  facet normal -0.000000 0.000000 -1.000000
    outer loop
      vertex 27.454175 6.214237 -0.800000
      vertex 25.228003 5.760810 -0.800000
      vertex 27.274675 6.695494 -0.800000
    endloop
  endfacet
  facet normal 0.000000 0.000000 -1.000000
    outer loop
      vertex 27.454175 6.214237 -0.800000
      vertex 25.295316 5.580339 -0.800000
      vertex 25.228003 5.760810 -0.800000
    endloop
  endfacet
  facet normal 0.936950 0.349464 0.000000
    outer loop
      vertex 27.454175 6.214237 -0.800000
      vertex 27.274675 6.695494 -0.800000
      vertex 27.274675 6.695494 0.800000
    endloop
  endfacet
  facet normal 0.936950 0.349464 -0.000000
    outer loop
      vertex 27.454175 6.214237 -0.800000
      vertex 27.274675 6.695494 0.800000
      vertex 27.454175 6.214237 0.800000
    endloop
  endfacet
  facet normal -0.936950 -0.349464 0.000000
    outer loop
      vertex 25.295316 5.580339 -0.800000
      vertex 25.228003 5.760810 0.800000
      vertex 25.228003 5.760810 -0.800000
    endloop
  endfacet
  facet normal -0.936950 -0.349464 0.000000
    outer loop
      vertex 25.295316 5.580339 -0.800000
      vertex 25.295316 5.580339 0.800000
      vertex 25.228003 5.760810 0.800000
    endloop
  endfacet
  facet normal 0.000000 0.000000 1.000000
    outer loop
      vertex 27.274675 6.695494 0.800000
      vertex 27.028513 7.146307 0.800000
      vertex 25.135692 5.929865 0.800000
    endloop
  endfacet
  facet normal 0.000000 0.000000 1.000000
    outer loop
      vertex 27.274675 6.695494 0.800000
      vertex 25.135692 5.929865 0.800000
      vertex 25.228003 5.760810 0.800000
    endloop
  endfacet
  facet normal -0.000000 0.000000 -1.000000
    outer loop
      vertex 27.274675 6.695494 -0.800000
      vertex 25.135692 5.929865 -0.800000
      vertex 27.028513 7.146307 -0.800000
    endloop
  endfacet
  facet normal 0.000000 0.000000 -1.000000
    outer loop
      vertex 27.274675 6.695494 -0.800000
      vertex 25.228003 5.760810 -0.800000
      vertex 25.135692 5.929865 -0.800000
    endloop
  endfacet
  facet normal 0.877679 0.479249 0.000000
    outer loop
      vertex 27.274675 6.695494 -0.800000
      vertex 27.028513 7.146307 -0.800000
      vertex 27.028513 7.146307 0.800000
    endloop
  endfacet
  facet normal 0.877679 0.479249 -0.000000
    outer loop
      vertex 27.274675 6.695494 -0.800000
      vertex 27.028513 7.146307 0.800000
      vertex 27.274675 6.695494 0.800000
    endloop
  endfacet
  facet normal -0.877679 -0.479249 0.000000
    outer loop
      vertex 25.228003 5.760810 -0.800000
      vertex 25.135692 5.929865 0.800000
      vertex 25.135692 5.929865 -0.800000
    endloop
  endfacet
  facet normal -0.877679 -0.479249 0.000000
    outer loop
      vertex 25.228003 5.760810 -0.800000
      vertex 25.228003 5.760810 0.800000
      vertex 25.135692 5.929865 0.800000
    endloop
  endfacet
  facet normal 0.000000 0.000000 1.000000
    outer loop
      vertex 27.028513 7.146307 0.800000
      vertex 26.720698 7.557499 0.800000
      vertex 25.020262 6.084062 0.800000
    endloop
  endfacet
  facet normal 0.000000 0.000000 1.000000
    outer loop
      vertex 27.028513 7.146307 0.800000
      vertex 25.020262 6.084062 0.800000
      vertex 25.135692 5.929865 0.800000
    endloop
  endfacet
  facet normal -0.000000 0.000000 -1.000000
    outer loop
      vertex 27.028513 7.146307 -0.800000
      vertex 25.020262 6.084062 -0.800000
      vertex 26.720698 7.557499 -0.800000
    endloop
  endfacet
  facet normal 0.000000 0.000000 -1.000000
    outer loop
      vertex 27.028513 7.146307 -0.800000
      vertex 25.135692 5.929865 -0.800000
      vertex 25.020262 6.084062 -0.800000
    endloop
  endfacet
  facet normal 0.800541 0.599278 0.000000
    outer loop
      vertex 27.028513 7.146307 -0.800000
      vertex 26.720698 7.557499 -0.800000
      vertex 26.720698 7.557499 0.800000
    endloop
  endfacet
  facet normal 0.800541 0.599278 -0.000000
    outer loop
      vertex 27.028513 7.146307 -0.800000
      vertex 26.720698 7.557499 0.800000
      vertex 27.028513 7.146307 0.800000
    endloop
  endfacet
  facet normal -0.800541 -0.599278 0.000000
    outer loop
      vertex 25.135692 5.929865 -0.800000
      vertex 25.020262 6.084062 0.800000
      vertex 25.020262 6.084062 -0.800000
    endloop
  endfacet
  facet normal -0.800541 -0.599278 0.000000
    outer loop
      vertex 25.135692 5.929865 -0.800000
      vertex 25.135692 5.929865 0.800000
      vertex 25.020262 6.084062 0.800000
    endloop
  endfacet
  facet normal 0.000000 0.000000 1.000000
    outer loop
      vertex 26.720698 7.557499 0.800000
      vertex 26.357499 7.920698 0.800000
      vertex 24.884062 6.220262 0.800000
    endloop
  endfacet
  facet normal 0.000000 0.000000 1.000000
    outer loop
      vertex 26.720698 7.557499 0.800000
      vertex 24.884062 6.220262 0.800000
      vertex 25.020262 6.084062 0.800000
    endloop
  endfacet
  facet normal -0.000000 0.000000 -1.000000
    outer loop
      vertex 26.720698 7.557499 -0.800000
      vertex 24.884062 6.220262 -0.800000
      vertex 26.357499 7.920698 -0.800000
    endloop
  endfacet
  facet normal 0.000000 0.000000 -1.000000
    outer loop
      vertex 26.720698 7.557499 -0.800000
      vertex 25.020262 6.084062 -0.800000
      vertex 24.884062 6.220262 -0.800000
    endloop
  endfacet
  facet normal 0.707107 0.707107 0.000000
    outer loop
      vertex 26.720698 7.557499 -0.800000
      vertex 26.357499 7.920698 -0.800000
      vertex 26.357499 7.920698 0.800000
    endloop
  endfacet
  facet normal 0.707107 0.707107 -0.000000
    outer loop
      vertex 26.720698 7.557499 -0.800000
      vertex 26.357499 7.920698 0.800000
      vertex 26.720698 7.557499 0.800000
    endloop
  endfacet
  facet normal -0.707107 -0.707107 0.000000
    outer loop
      vertex 25.020262 6.084062 -0.800000
      vertex 24.884062 6.220262 0.800000
      vertex 24.884062 6.220262 -0.800000
    endloop
  endfacet
  facet normal -0.707107 -0.707107 0.000000
    outer loop
      vertex 25.020262 6.084062 -0.800000
      vertex 25.020262 6.084062 0.800000
      vertex 24.884062 6.220262 0.800000
    endloop
  endfacet
  facet normal 0.000000 0.000000 1.000000
    outer loop
      vertex 26.357499 7.920698 0.800000
      vertex 25.946307 8.228513 0.800000
      vertex 24.729865 6.335692 0.800000
    endloop
  endfacet
  facet normal 0.000000 0.000000 1.000000
    outer loop
      vertex 26.357499 7.920698 0.800000
      vertex 24.729865 6.335692 0.800000
      vertex 24.884062 6.220262 0.800000
    endloop
  endfacet
  facet normal -0.000000 0.000000 -1.000000
    outer loop
      vertex 26.357499 7.920698 -0.800000
      vertex 24.729865 6.335692 -0.800000
      vertex 25.946307 8.228513 -0.800000
    endloop
  endfacet
  facet normal 0.000000 0.000000 -1.000000
    outer loop
      vertex 26.357499 7.920698 -0.800000
      vertex 24.884062 6.220262 -0.800000
      vertex 24.729865 6.335692 -0.800000
    endloop
  endfacet
  facet normal 0.599278 0.800541 0.000000
    outer loop
      vertex 26.357499 7.920698 -0.800000
      vertex 25.946307 8.228513 -0.800000
      vertex 25.946307 8.228513 0.800000
    endloop
  endfacet
  facet normal 0.599278 0.800541 -0.000000
    outer loop
      vertex 26.357499 7.920698 -0.800000
      vertex 25.946307 8.228513 0.800000
      vertex 26.357499 7.920698 0.800000
    endloop
  endfacet
  facet normal -0.599278 -0.800541 0.000000
    outer loop
      vertex 24.884062 6.220262 -0.800000
      vertex 24.729865 6.335692 0.800000
      vertex 24.729865 6.335692 -0.800000
    endloop
  endfacet
  facet normal -0.599278 -0.800541 0.000000
    outer loop
      vertex 24.884062 6.220262 -0.800000
      vertex 24.884062 6.220262 0.800000
      vertex 24.729865 6.335692 0.800000
    endloop
  endfacet
  facet normal 0.000000 0.000000 1.000000
    outer loop
      vertex 25.946307 8.228513 0.800000
      vertex 25.495494 8.474675 0.800000
      vertex 24.560810 6.428003 0.800000
    endloop
  endfacet
  facet normal 0.000000 0.000000 1.000000
    outer loop
      vertex 25.946307 8.228513 0.800000
      vertex 24.560810 6.428003 0.800000
      vertex 24.729865 6.335692 0.800000
    endloop
  endfacet
  facet normal -0.000000 0.000000 -1.000000
    outer loop
      vertex 25.946307 8.228513 -0.800000
      vertex 24.560810 6.428003 -0.800000
      vertex 25.495494 8.474675 -0.800000
    endloop
  endfacet
  facet normal 0.000000 0.000000 -1.000000
    outer loop
      vertex 25.946307 8.228513 -0.800000
      vertex 24.729865 6.335692 -0.800000
      vertex 24.560810 6.428003 -0.800000
    endloop
  endfacet
  facet normal 0.479249 0.877679 0.000000
    outer loop
      vertex 25.946307 8.228513 -0.800000
      vertex 25.495494 8.474675 -0.800000
      vertex 25.495494 8.474675 0.800000
    endloop
  endfacet
  facet normal 0.479249 0.877679 -0.000000
    outer loop
      vertex 25.946307 8.228513 -0.800000
      vertex 25.495494 8.474675 0.800000
      vertex 25.946307 8.228513 0.800000
    endloop
  endfacet
  facet normal -0.479249 -0.877679 0.000000
    outer loop
      vertex 24.729865 6.335692 -0.800000
      vertex 24.560810 6.428003 0.800000
      vertex 24.560810 6.428003 -0.800000
    endloop
  endfacet
  facet normal -0.479249 -0.877679 0.000000
    outer loop
      vertex 24.729865 6.335692 -0.800000
      vertex 24.729865 6.335692 0.800000
      vertex 24.560810 6.428003 0.800000
    endloop
  endfacet
  facet normal 0.000000 0.000000 1.000000
    outer loop
      vertex 25.495494 8.474675 0.800000
      vertex 25.014237 8.654175 0.800000
      vertex 24.380339 6.495316 0.800000
    endloop
  endfacet
  facet normal 0.000000 0.000000 1.000000
    outer loop
      vertex 25.495494 8.474675 0.800000
      vertex 24.380339 6.495316 0.800000
      vertex 24.560810 6.428003 0.800000
    endloop
  endfacet
  facet normal -0.000000 0.000000 -1.000000
    outer loop
      vertex 25.495494 8.474675 -0.800000
      vertex 24.380339 6.495316 -0.800000
      vertex 25.014237 8.654175 -0.800000
    endloop
  endfacet
  facet normal 0.000000 0.000000 -1.000000
    outer loop
      vertex 25.495494 8.474675 -0.800000
      vertex 24.560810 6.428003 -0.800000
      vertex 24.380339 6.495316 -0.800000
    endloop
  endfacet
  facet normal 0.349464 0.936950 0.000000
    outer loop
      vertex 25.495494 8.474675 -0.800000
      vertex 25.014237 8.654175 -0.800000
      vertex 25.014237 8.654175 0.800000
    endloop
  endfacet
  facet normal 0.349464 0.936950 -0.000000
    outer loop
      vertex 25.495494 8.474675 -0.800000
      vertex 25.014237 8.654175 0.800000
      vertex 25.495494 8.474675 0.800000
    endloop
  endfacet
  facet normal -0.349464 -0.936950 0.000000
    outer loop
      vertex 24.560810 6.428003 -0.800000
      vertex 24.380339 6.495316 0.800000
      vertex 24.380339 6.495316 -0.800000
    endloop
  endfacet
  facet normal -0.349464 -0.936950 0.000000
    outer loop
      vertex 24.560810 6.428003 -0.800000
      vertex 24.560810 6.428003 0.800000
      vertex 24.380339 6.495316 0.800000
    endloop
  endfacet
  facet normal 0.000000 0.000000 1.000000
    outer loop
      vertex 25.014237 8.654175 0.800000
      vertex 24.512333 8.763357 0.800000
      vertex 24.192125 6.536259 0.800000
    endloop
  endfacet
  facet normal 0.000000 0.000000 1.000000
    outer loop
      vertex 25.014237 8.654175 0.800000
      vertex 24.192125 6.536259 0.800000
      vertex 24.380339 6.495316 0.800000
    endloop
  endfacet
  facet normal -0.000000 0.000000 -1.000000
    outer loop
      vertex 25.014237 8.654175 -0.800000
      vertex 24.192125 6.536259 -0.800000
      vertex 24.512333 8.763357 -0.800000
    endloop
  endfacet
  facet normal 0.000000 0.000000 -1.000000
    outer loop
      vertex 25.014237 8.654175 -0.800000
      vertex 24.380339 6.495316 -0.800000
      vertex 24.192125 6.536259 -0.800000
    endloop
  endfacet
  facet normal 0.212565 0.977147 0.000000
    outer loop
      vertex 25.014237 8.654175 -0.800000
      vertex 24.512333 8.763357 -0.800000
      vertex 24.512333 8.763357 0.800000
    endloop
  endfacet
  facet normal 0.212565 0.977147 -0.000000
    outer loop
      vertex 25.014237 8.654175 -0.800000
      vertex 24.512333 8.763357 0.800000
      vertex 25.014237 8.654175 0.800000
    endloop
  endfacet
  facet normal -0.212565 -0.977147 0.000000
    outer loop
      vertex 24.380339 6.495316 -0.800000
      vertex 24.192125 6.536259 0.800000
      vertex 24.192125 6.536259 -0.800000
    endloop
  endfacet
  facet normal -0.212565 -0.977147 0.000000
    outer loop
      vertex 24.380339 6.495316 -0.800000
      vertex 24.380339 6.495316 0.800000
      vertex 24.192125 6.536259 0.800000
    endloop
  endfacet
  facet normal 0.000000 0.000000 1.000000
    outer loop
      vertex 24.512333 8.763357 0.800000
      vertex 24.000000 8.800000 0.800000
      vertex 24.000000 6.550000 0.800000
    endloop
  endfacet
  facet normal 0.000000 0.000000 1.000000
    outer loop
      vertex 24.512333 8.763357 0.800000
      vertex 24.000000 6.550000 0.800000
      vertex 24.192125 6.536259 0.800000
    endloop
  endfacet
  facet normal -0.000000 0.000000 -1.000000
    outer loop
      vertex 24.512333 8.763357 -0.800000
      vertex 24.000000 6.550000 -0.800000
      vertex 24.000000 8.800000 -0.800000
    endloop
  endfacet
  facet normal 0.000000 0.000000 -1.000000
    outer loop
      vertex 24.512333 8.763357 -0.800000
      vertex 24.192125 6.536259 -0.800000
      vertex 24.000000 6.550000 -0.800000
    endloop
  endfacet
  facet normal 0.071339 0.997452 0.000000
    outer loop
      vertex 24.512333 8.763357 -0.800000
      vertex 24.000000 8.800000 -0.800000
      vertex 24.000000 8.800000 0.800000
    endloop
  endfacet
  facet normal 0.071339 0.997452 -0.000000
    outer loop
      vertex 24.512333 8.763357 -0.800000
      vertex 24.000000 8.800000 0.800000
      vertex 24.512333 8.763357 0.800000
    endloop
  endfacet
  facet normal -0.071339 -0.997452 0.000000
    outer loop
      vertex 24.192125 6.536259 -0.800000
      vertex 24.000000 6.550000 0.800000
      vertex 24.000000 6.550000 -0.800000
    endloop
  endfacet
  facet normal -0.071339 -0.997452 0.000000
    outer loop
      vertex 24.192125 6.536259 -0.800000
      vertex 24.192125 6.536259 0.800000
      vertex 24.000000 6.550000 0.800000
    endloop
  endfacet
  facet normal 0.000000 0.000000 1.000000
    outer loop
      vertex 24.000000 8.800000 0.800000
      vertex 23.487667 8.763357 0.800000
      vertex 23.807875 6.536259 0.800000
    endloop
  endfacet
  facet normal 0.000000 0.000000 1.000000
    outer loop
      vertex 24.000000 8.800000 0.800000
      vertex 23.807875 6.536259 0.800000
      vertex 24.000000 6.550000 0.800000
    endloop
  endfacet
  facet normal 0.000000 0.000000 -1.000000
    outer loop
      vertex 24.000000 8.800000 -0.800000
      vertex 23.807875 6.536259 -0.800000
      vertex 23.487667 8.763357 -0.800000
    endloop
  endfacet
  facet normal 0.000000 -0.000000 -1.000000
    outer loop
      vertex 24.000000 8.800000 -0.800000
      vertex 24.000000 6.550000 -0.800000
      vertex 23.807875 6.536259 -0.800000
    endloop
  endfacet
  facet normal -0.071339 0.997452 0.000000
    outer loop
      vertex 24.000000 8.800000 -0.800000
      vertex 23.487667 8.763357 -0.800000
      vertex 23.487667 8.763357 0.800000
    endloop
  endfacet
  facet normal -0.071339 0.997452 0.000000
    outer loop
      vertex 24.000000 8.800000 -0.800000
      vertex 23.487667 8.763357 0.800000
      vertex 24.000000 8.800000 0.800000
    endloop
  endfacet
  facet normal 0.071339 -0.997452 0.000000
    outer loop
      vertex 24.000000 6.550000 -0.800000
      vertex 23.807875 6.536259 0.800000
      vertex 23.807875 6.536259 -0.800000
    endloop
  endfacet
  facet normal 0.071339 -0.997452 0.000000
    outer loop
      vertex 24.000000 6.550000 -0.800000
      vertex 24.000000 6.550000 0.800000
      vertex 23.807875 6.536259 0.800000
    endloop
  endfacet
  facet normal 0.000000 0.000000 1.000000
    outer loop
      vertex 23.487667 8.763357 0.800000
      vertex 22.985763 8.654175 0.800000
      vertex 23.619661 6.495316 0.800000
    endloop
  endfacet
  facet normal 0.000000 0.000000 1.000000
    outer loop
      vertex 23.487667 8.763357 0.800000
      vertex 23.619661 6.495316 0.800000
      vertex 23.807875 6.536259 0.800000
    endloop
  endfacet
  facet normal 0.000000 -0.000000 -1.000000
    outer loop
      vertex 23.487667 8.763357 -0.800000
      vertex 23.619661 6.495316 -0.800000
      vertex 22.985763 8.654175 -0.800000
    endloop
  endfacet
  facet normal 0.000000 0.000000 -1.000000
    outer loop
      vertex 23.487667 8.763357 -0.800000
      vertex 23.807875 6.536259 -0.800000
      vertex 23.619661 6.495316 -0.800000
    endloop
  endfacet
  facet normal -0.212565 0.977147 0.000000
    outer loop
      vertex 23.487667 8.763357 -0.800000
      vertex 22.985763 8.654175 -0.800000
      vertex 22.985763 8.654175 0.800000
    endloop
  endfacet
  facet normal -0.212565 0.977147 0.000000
    outer loop
      vertex 23.487667 8.763357 -0.800000
      vertex 22.985763 8.654175 0.800000
      vertex 23.487667 8.763357 0.800000
    endloop
  endfacet
  facet normal 0.212565 -0.977147 0.000000
    outer loop
      vertex 23.807875 6.536259 -0.800000
      vertex 23.619661 6.495316 0.800000
      vertex 23.619661 6.495316 -0.800000
    endloop
  endfacet
  facet normal 0.212565 -0.977147 0.000000
    outer loop
      vertex 23.807875 6.536259 -0.800000
      vertex 23.807875 6.536259 0.800000
      vertex 23.619661 6.495316 0.800000
    endloop
  endfacet
  facet normal 0.000000 0.000000 1.000000
    outer loop
      vertex 22.985763 8.654175 0.800000
      vertex 22.504506 8.474675 0.800000
      vertex 23.439190 6.428003 0.800000
    endloop
  endfacet
  facet normal 0.000000 0.000000 1.000000
    outer loop
      vertex 22.985763 8.654175 0.800000
      vertex 23.439190 6.428003 0.800000
      vertex 23.619661 6.495316 0.800000
    endloop
  endfacet
  facet normal 0.000000 -0.000000 -1.000000
    outer loop
      vertex 22.985763 8.654175 -0.800000
      vertex 23.439190 6.428003 -0.800000
      vertex 22.504506 8.474675 -0.800000
    endloop
  endfacet
  facet normal 0.000000 0.000000 -1.000000
    outer loop
      vertex 22.985763 8.654175 -0.800000
      vertex 23.619661 6.495316 -0.800000
      vertex 23.439190 6.428003 -0.800000
    endloop
  endfacet
  facet normal -0.349464 0.936950 0.000000
    outer loop
      vertex 22.985763 8.654175 -0.800000
      vertex 22.504506 8.474675 -0.800000
      vertex 22.504506 8.474675 0.800000
    endloop
  endfacet
  facet normal -0.349464 0.936950 0.000000
    outer loop
      vertex 22.985763 8.654175 -0.800000
      vertex 22.504506 8.474675 0.800000
      vertex 22.985763 8.654175 0.800000
    endloop
  endfacet
  facet normal 0.349464 -0.936950 0.000000
    outer loop
      vertex 23.619661 6.495316 -0.800000
      vertex 23.439190 6.428003 0.800000
      vertex 23.439190 6.428003 -0.800000
    endloop
  endfacet
  facet normal 0.349464 -0.936950 0.000000
    outer loop
      vertex 23.619661 6.495316 -0.800000
      vertex 23.619661 6.495316 0.800000
      vertex 23.439190 6.428003 0.800000
    endloop
  endfacet
  facet normal 0.000000 0.000000 1.000000
    outer loop
      vertex 22.504506 8.474675 0.800000
      vertex 22.053693 8.228513 0.800000
      vertex 23.270135 6.335692 0.800000
    endloop
  endfacet
  facet normal 0.000000 0.000000 1.000000
    outer loop
      vertex 22.504506 8.474675 0.800000
      vertex 23.270135 6.335692 0.800000
      vertex 23.439190 6.428003 0.800000
    endloop
  endfacet
  facet normal 0.000000 -0.000000 -1.000000
    outer loop
      vertex 22.504506 8.474675 -0.800000
      vertex 23.270135 6.335692 -0.800000
      vertex 22.053693 8.228513 -0.800000
    endloop
  endfacet
  facet normal 0.000000 0.000000 -1.000000
    outer loop
      vertex 22.504506 8.474675 -0.800000
      vertex 23.439190 6.428003 -0.800000
      vertex 23.270135 6.335692 -0.800000
    endloop
  endfacet
  facet normal -0.479249 0.877679 0.000000
    outer loop
      vertex 22.504506 8.474675 -0.800000
      vertex 22.053693 8.228513 -0.800000
      vertex 22.053693 8.228513 0.800000
    endloop
  endfacet
  facet normal -0.479249 0.877679 0.000000
    outer loop
      vertex 22.504506 8.474675 -0.800000
      vertex 22.053693 8.228513 0.800000
      vertex 22.504506 8.474675 0.800000
    endloop
  endfacet
  facet normal 0.479249 -0.877679 0.000000
    outer loop
      vertex 23.439190 6.428003 -0.800000
      vertex 23.270135 6.335692 0.800000
      vertex 23.270135 6.335692 -0.800000
    endloop
  endfacet
  facet normal 0.479249 -0.877679 0.000000
    outer loop
      vertex 23.439190 6.428003 -0.800000
      vertex 23.439190 6.428003 0.800000
      vertex 23.270135 6.335692 0.800000
    endloop
  endfacet
  facet normal 0.000000 0.000000 1.000000
    outer loop
      vertex 22.053693 8.228513 0.800000
      vertex 21.642501 7.920698 0.800000
      vertex 23.115938 6.220262 0.800000
    endloop
  endfacet
  facet normal 0.000000 0.000000 1.000000
    outer loop
      vertex 22.053693 8.228513 0.800000
      vertex 23.115938 6.220262 0.800000
      vertex 23.270135 6.335692 0.800000
    endloop
  endfacet
  facet normal 0.000000 -0.000000 -1.000000
    outer loop
      vertex 22.053693 8.228513 -0.800000
      vertex 23.115938 6.220262 -0.800000
      vertex 21.642501 7.920698 -0.800000
    endloop
  endfacet
  facet normal 0.000000 0.000000 -1.000000
    outer loop
      vertex 22.053693 8.228513 -0.800000
      vertex 23.270135 6.335692 -0.800000
      vertex 23.115938 6.220262 -0.800000
    endloop
  endfacet
  facet normal -0.599278 0.800541 0.000000
    outer loop
      vertex 22.053693 8.228513 -0.800000
      vertex 21.642501 7.920698 -0.800000
      vertex 21.642501 7.920698 0.800000
    endloop
  endfacet
  facet normal -0.599278 0.800541 0.000000
    outer loop
      vertex 22.053693 8.228513 -0.800000
      vertex 21.642501 7.920698 0.800000
      vertex 22.053693 8.228513 0.800000
    endloop
  endfacet
  facet normal 0.599278 -0.800541 0.000000
    outer loop
      vertex 23.270135 6.335692 -0.800000
      vertex 23.115938 6.220262 0.800000
      vertex 23.115938 6.220262 -0.800000
    endloop
  endfacet
  facet normal 0.599278 -0.800541 0.000000
    outer loop
      vertex 23.270135 6.335692 -0.800000
      vertex 23.270135 6.335692 0.800000
      vertex 23.115938 6.220262 0.800000
    endloop
  endfacet
  facet normal 0.000000 0.000000 1.000000
    outer loop
      vertex 21.642501 7.920698 0.800000
      vertex 21.279302 7.557499 0.800000
      vertex 22.979738 6.084062 0.800000
    endloop
  endfacet
  facet normal 0.000000 0.000000 1.000000
    outer loop
      vertex 21.642501 7.920698 0.800000
      vertex 22.979738 6.084062 0.800000
      vertex 23.115938 6.220262 0.800000
    endloop
  endfacet
  facet normal 0.000000 -0.000000 -1.000000
    outer loop
      vertex 21.642501 7.920698 -0.800000
      vertex 22.979738 6.084062 -0.800000
      vertex 21.279302 7.557499 -0.800000
    endloop
  endfacet
  facet normal 0.000000 0.000000 -1.000000
    outer loop
      vertex 21.642501 7.920698 -0.800000
      vertex 23.115938 6.220262 -0.800000
      vertex 22.979738 6.084062 -0.800000
    endloop
  endfacet
  facet normal -0.707107 0.707107 0.000000
    outer loop
      vertex 21.642501 7.920698 -0.800000
      vertex 21.279302 7.557499 -0.800000
      vertex 21.279302 7.557499 0.800000
    endloop
  endfacet
  facet normal -0.707107 0.707107 0.000000
    outer loop
      vertex 21.642501 7.920698 -0.800000
      vertex 21.279302 7.557499 0.800000
      vertex 21.642501 7.920698 0.800000
    endloop
  endfacet
  facet normal 0.707107 -0.707107 0.000000
    outer loop
      vertex 23.115938 6.220262 -0.800000
      vertex 22.979738 6.084062 0.800000
      vertex 22.979738 6.084062 -0.800000
    endloop
  endfacet
  facet normal 0.707107 -0.707107 0.000000
    outer loop
      vertex 23.115938 6.220262 -0.800000
      vertex 23.115938 6.220262 0.800000
      vertex 22.979738 6.084062 0.800000
    endloop
  endfacet
  facet normal 0.000000 0.000000 1.000000
    outer loop
      vertex 21.279302 7.557499 0.800000
      vertex 20.971487 7.146307 0.800000
      vertex 22.864308 5.929865 0.800000
    endloop
  endfacet
  facet normal 0.000000 0.000000 1.000000
    outer loop
      vertex 21.279302 7.557499 0.800000
      vertex 22.864308 5.929865 0.800000
      vertex 22.979738 6.084062 0.800000
    endloop
  endfacet
  facet normal 0.000000 -0.000000 -1.000000
    outer loop
      vertex 21.279302 7.557499 -0.800000
      vertex 22.864308 5.929865 -0.800000
      vertex 20.971487 7.146307 -0.800000
    endloop
  endfacet
  facet normal 0.000000 0.000000 -1.000000
    outer loop
      vertex 21.279302 7.557499 -0.800000
      vertex 22.979738 6.084062 -0.800000
      vertex 22.864308 5.929865 -0.800000
    endloop
  endfacet
  facet normal -0.800541 0.599278 0.000000
    outer loop
      vertex 21.279302 7.557499 -0.800000
      vertex 20.971487 7.146307 -0.800000
      vertex 20.971487 7.146307 0.800000
    endloop
  endfacet
  facet normal -0.800541 0.599278 0.000000
    outer loop
      vertex 21.279302 7.557499 -0.800000
      vertex 20.971487 7.146307 0.800000
      vertex 21.279302 7.557499 0.800000
    endloop
  endfacet
  facet normal 0.800541 -0.599278 0.000000
    outer loop
      vertex 22.979738 6.084062 -0.800000
      vertex 22.864308 5.929865 0.800000
      vertex 22.864308 5.929865 -0.800000
    endloop
  endfacet
  facet normal 0.800541 -0.599278 0.000000
    outer loop
      vertex 22.979738 6.084062 -0.800000
      vertex 22.979738 6.084062 0.800000
      vertex 22.864308 5.929865 0.800000
    endloop
  endfacet
  facet normal 0.000000 0.000000 1.000000
    outer loop
      vertex 20.971487 7.146307 0.800000
      vertex 20.725325 6.695494 0.800000
      vertex 22.771997 5.760810 0.800000
    endloop
  endfacet
  facet normal 0.000000 0.000000 1.000000
    outer loop
      vertex 20.971487 7.146307 0.800000
      vertex 22.771997 5.760810 0.800000
      vertex 22.864308 5.929865 0.800000
    endloop
  endfacet
  facet normal 0.000000 -0.000000 -1.000000
    outer loop
      vertex 20.971487 7.146307 -0.800000
      vertex 22.771997 5.760810 -0.800000
      vertex 20.725325 6.695494 -0.800000
    endloop
  endfacet
  facet normal 0.000000 0.000000 -1.000000
    outer loop
      vertex 20.971487 7.146307 -0.800000
      vertex 22.864308 5.929865 -0.800000
      vertex 22.771997 5.760810 -0.800000
    endloop
  endfacet
  facet normal -0.877679 0.479249 0.000000
    outer loop
      vertex 20.971487 7.146307 -0.800000
      vertex 20.725325 6.695494 -0.800000
      vertex 20.725325 6.695494 0.800000
    endloop
  endfacet
  facet normal -0.877679 0.479249 0.000000
    outer loop
      vertex 20.971487 7.146307 -0.800000
      vertex 20.725325 6.695494 0.800000
      vertex 20.971487 7.146307 0.800000
    endloop
  endfacet
  facet normal 0.877679 -0.479249 0.000000
    outer loop
      vertex 22.864308 5.929865 -0.800000
      vertex 22.771997 5.760810 0.800000
      vertex 22.771997 5.760810 -0.800000
    endloop
  endfacet
  facet normal 0.877679 -0.479249 0.000000
    outer loop
      vertex 22.864308 5.929865 -0.800000
      vertex 22.864308 5.929865 0.800000
      vertex 22.771997 5.760810 0.800000
    endloop
  endfacet
  facet normal 0.000000 0.000000 1.000000
    outer loop
      vertex 20.725325 6.695494 0.800000
      vertex 20.545825 6.214237 0.800000
      vertex 22.704684 5.580339 0.800000
    endloop
  endfacet
  facet normal 0.000000 0.000000 1.000000
    outer loop
      vertex 20.725325 6.695494 0.800000
      vertex 22.704684 5.580339 0.800000
      vertex 22.771997 5.760810 0.800000
    endloop
  endfacet
  facet normal 0.000000 -0.000000 -1.000000
    outer loop
      vertex 20.725325 6.695494 -0.800000
      vertex 22.704684 5.580339 -0.800000
      vertex 20.545825 6.214237 -0.800000
    endloop
  endfacet
  facet normal 0.000000 0.000000 -1.000000
    outer loop
      vertex 20.725325 6.695494 -0.800000
      vertex 22.771997 5.760810 -0.800000
      vertex 22.704684 5.580339 -0.800000
    endloop
  endfacet
  facet normal -0.936950 0.349464 0.000000
    outer loop
      vertex 20.725325 6.695494 -0.800000
      vertex 20.545825 6.214237 -0.800000
      vertex 20.545825 6.214237 0.800000
    endloop
  endfacet
  facet normal -0.936950 0.349464 0.000000
    outer loop
      vertex 20.725325 6.695494 -0.800000
      vertex 20.545825 6.214237 0.800000
      vertex 20.725325 6.695494 0.800000
    endloop
  endfacet
  facet normal 0.936950 -0.349464 0.000000
    outer loop
      vertex 22.771997 5.760810 -0.800000
      vertex 22.704684 5.580339 0.800000
      vertex 22.704684 5.580339 -0.800000
    endloop
  endfacet
  facet normal 0.936950 -0.349464 0.000000
    outer loop
      vertex 22.771997 5.760810 -0.800000
      vertex 22.771997 5.760810 0.800000
      vertex 22.704684 5.580339 0.800000
    endloop
  endfacet
  facet normal 0.000000 0.000000 1.000000
    outer loop
      vertex 20.545825 6.214237 0.800000
      vertex 20.436643 5.712333 0.800000
      vertex 22.663741 5.392125 0.800000
    endloop
  endfacet
  facet normal 0.000000 0.000000 1.000000
    outer loop
      vertex 20.545825 6.214237 0.800000
      vertex 22.663741 5.392125 0.800000
      vertex 22.704684 5.580339 0.800000
    endloop
  endfacet
  facet normal 0.000000 -0.000000 -1.000000
    outer loop
      vertex 20.545825 6.214237 -0.800000
      vertex 22.663741 5.392125 -0.800000
      vertex 20.436643 5.712333 -0.800000
    endloop
  endfacet
  facet normal 0.000000 0.000000 -1.000000
    outer loop
      vertex 20.545825 6.214237 -0.800000
      vertex 22.704684 5.580339 -0.800000
      vertex 22.663741 5.392125 -0.800000
    endloop
  endfacet
  facet normal -0.977147 0.212565 0.000000
    outer loop
      vertex 20.545825 6.214237 -0.800000
      vertex 20.436643 5.712333 -0.800000
      vertex 20.436643 5.712333 0.800000
    endloop
  endfacet
  facet normal -0.977147 0.212565 0.000000
    outer loop
      vertex 20.545825 6.214237 -0.800000
      vertex 20.436643 5.712333 0.800000
      vertex 20.545825 6.214237 0.800000
    endloop
  endfacet
  facet normal 0.977147 -0.212565 0.000000
    outer loop
      vertex 22.704684 5.580339 -0.800000
      vertex 22.663741 5.392125 0.800000
      vertex 22.663741 5.392125 -0.800000
    endloop
  endfacet
  facet normal 0.977147 -0.212565 0.000000
    outer loop
      vertex 22.704684 5.580339 -0.800000
      vertex 22.704684 5.580339 0.800000
      vertex 22.663741 5.392125 0.800000
    endloop
  endfacet
  facet normal 0.000000 0.000000 1.000000
    outer loop
      vertex 20.436643 5.712333 0.800000
      vertex 20.400000 5.200000 0.800000
      vertex 22.650000 5.200000 0.800000
    endloop
  endfacet
  facet normal 0.000000 0.000000 1.000000
    outer loop
      vertex 20.436643 5.712333 0.800000
      vertex 22.650000 5.200000 0.800000
      vertex 22.663741 5.392125 0.800000
    endloop
  endfacet
  facet normal 0.000000 -0.000000 -1.000000
    outer loop
      vertex 20.436643 5.712333 -0.800000
      vertex 22.650000 5.200000 -0.800000
      vertex 20.400000 5.200000 -0.800000
    endloop
  endfacet
  facet normal 0.000000 0.000000 -1.000000
    outer loop
      vertex 20.436643 5.712333 -0.800000
      vertex 22.663741 5.392125 -0.800000
      vertex 22.650000 5.200000 -0.800000
    endloop
  endfacet
  facet normal -0.997452 0.071339 0.000000
    outer loop
      vertex 20.436643 5.712333 -0.800000
      vertex 20.400000 5.200000 -0.800000
      vertex 20.400000 5.200000 0.800000
    endloop
  endfacet
  facet normal -0.997452 0.071339 0.000000
    outer loop
      vertex 20.436643 5.712333 -0.800000
      vertex 20.400000 5.200000 0.800000
      vertex 20.436643 5.712333 0.800000
    endloop
  endfacet
  facet normal 0.997452 -0.071339 0.000000
    outer loop
      vertex 22.663741 5.392125 -0.800000
      vertex 22.650000 5.200000 0.800000
      vertex 22.650000 5.200000 -0.800000
    endloop
  endfacet
  facet normal 0.997452 -0.071339 0.000000
    outer loop
      vertex 22.663741 5.392125 -0.800000
      vertex 22.663741 5.392125 0.800000
      vertex 22.650000 5.200000 0.800000
    endloop
  endfacet
  facet normal 0.000000 0.000000 1.000000
    outer loop
      vertex 20.400000 5.200000 0.800000
      vertex 20.436643 4.687667 0.800000
      vertex 22.663741 5.007875 0.800000
    endloop
  endfacet
  facet normal 0.000000 0.000000 1.000000
    outer loop
      vertex 20.400000 5.200000 0.800000
      vertex 22.663741 5.007875 0.800000
      vertex 22.650000 5.200000 0.800000
    endloop
  endfacet
  facet normal 0.000000 0.000000 -1.000000
    outer loop
      vertex 20.400000 5.200000 -0.800000
      vertex 22.663741 5.007875 -0.800000
      vertex 20.436643 4.687667 -0.800000
    endloop
  endfacet
  facet normal 0.000000 0.000000 -1.000000
    outer loop
      vertex 20.400000 5.200000 -0.800000
      vertex 22.650000 5.200000 -0.800000
      vertex 22.663741 5.007875 -0.800000
    endloop
  endfacet
  facet normal -0.997452 -0.071339 0.000000
    outer loop
      vertex 20.400000 5.200000 -0.800000
      vertex 20.436643 4.687667 -0.800000
      vertex 20.436643 4.687667 0.800000
    endloop
  endfacet
  facet normal -0.997452 -0.071339 0.000000
    outer loop
      vertex 20.400000 5.200000 -0.800000
      vertex 20.436643 4.687667 0.800000
      vertex 20.400000 5.200000 0.800000
    endloop
  endfacet
  facet normal 0.997452 0.071339 0.000000
    outer loop
      vertex 22.650000 5.200000 -0.800000
      vertex 22.663741 5.007875 0.800000
      vertex 22.663741 5.007875 -0.800000
    endloop
  endfacet
  facet normal 0.997452 0.071339 -0.000000
    outer loop
      vertex 22.650000 5.200000 -0.800000
      vertex 22.650000 5.200000 0.800000
      vertex 22.663741 5.007875 0.800000
    endloop
  endfacet
  facet normal -0.000000 0.000000 1.000000
    outer loop
      vertex 20.436643 4.687667 0.800000
      vertex 20.545825 4.185763 0.800000
      vertex 22.704684 4.819661 0.800000
    endloop
  endfacet
  facet normal 0.000000 0.000000 1.000000
    outer loop
      vertex 20.436643 4.687667 0.800000
      vertex 22.704684 4.819661 0.800000
      vertex 22.663741 5.007875 0.800000
    endloop
  endfacet
  facet normal 0.000000 0.000000 -1.000000
    outer loop
      vertex 20.436643 4.687667 -0.800000
      vertex 22.704684 4.819661 -0.800000
      vertex 20.545825 4.185763 -0.800000
    endloop
  endfacet
  facet normal 0.000000 0.000000 -1.000000
    outer loop
      vertex 20.436643 4.687667 -0.800000
      vertex 22.663741 5.007875 -0.800000
      vertex 22.704684 4.819661 -0.800000
    endloop
  endfacet
  facet normal -0.977147 -0.212565 0.000000
    outer loop
      vertex 20.436643 4.687667 -0.800000
      vertex 20.545825 4.185763 -0.800000
      vertex 20.545825 4.185763 0.800000
    endloop
  endfacet
  facet normal -0.977147 -0.212565 0.000000
    outer loop
      vertex 20.436643 4.687667 -0.800000
      vertex 20.545825 4.185763 0.800000
      vertex 20.436643 4.687667 0.800000
    endloop
  endfacet
  facet normal 0.977147 0.212565 0.000000
    outer loop
      vertex 22.663741 5.007875 -0.800000
      vertex 22.704684 4.819661 0.800000
      vertex 22.704684 4.819661 -0.800000
    endloop
  endfacet
  facet normal 0.977147 0.212565 -0.000000
    outer loop
      vertex 22.663741 5.007875 -0.800000
      vertex 22.663741 5.007875 0.800000
      vertex 22.704684 4.819661 0.800000
    endloop
  endfacet
  facet normal -0.000000 0.000000 1.000000
    outer loop
      vertex 20.545825 4.185763 0.800000
      vertex 20.725325 3.704506 0.800000
      vertex 22.771997 4.639190 0.800000
    endloop
  endfacet
  facet normal 0.000000 0.000000 1.000000
    outer loop
      vertex 20.545825 4.185763 0.800000
      vertex 22.771997 4.639190 0.800000
      vertex 22.704684 4.819661 0.800000
    endloop
  endfacet
  facet normal 0.000000 0.000000 -1.000000
    outer loop
      vertex 20.545825 4.185763 -0.800000
      vertex 22.771997 4.639190 -0.800000
      vertex 20.725325 3.704506 -0.800000
    endloop
  endfacet
  facet normal 0.000000 0.000000 -1.000000
    outer loop
      vertex 20.545825 4.185763 -0.800000
      vertex 22.704684 4.819661 -0.800000
      vertex 22.771997 4.639190 -0.800000
    endloop
  endfacet
  facet normal -0.936950 -0.349464 0.000000
    outer loop
      vertex 20.545825 4.185763 -0.800000
      vertex 20.725325 3.704506 -0.800000
      vertex 20.725325 3.704506 0.800000
    endloop
  endfacet
  facet normal -0.936950 -0.349464 0.000000
    outer loop
      vertex 20.545825 4.185763 -0.800000
      vertex 20.725325 3.704506 0.800000
      vertex 20.545825 4.185763 0.800000
    endloop
  endfacet
  facet normal 0.936950 0.349464 0.000000
    outer loop
      vertex 22.704684 4.819661 -0.800000
      vertex 22.771997 4.639190 0.800000
      vertex 22.771997 4.639190 -0.800000
    endloop
  endfacet
  facet normal 0.936950 0.349464 -0.000000
    outer loop
      vertex 22.704684 4.819661 -0.800000
      vertex 22.704684 4.819661 0.800000
      vertex 22.771997 4.639190 0.800000
    endloop
  endfacet
  facet normal -0.000000 0.000000 1.000000
    outer loop
      vertex 20.725325 3.704506 0.800000
      vertex 20.971487 3.253693 0.800000
      vertex 22.864308 4.470135 0.800000
    endloop
  endfacet
  facet normal 0.000000 0.000000 1.000000
    outer loop
      vertex 20.725325 3.704506 0.800000
      vertex 22.864308 4.470135 0.800000
      vertex 22.771997 4.639190 0.800000
    endloop
  endfacet
  facet normal 0.000000 0.000000 -1.000000
    outer loop
      vertex 20.725325 3.704506 -0.800000
      vertex 22.864308 4.470135 -0.800000
      vertex 20.971487 3.253693 -0.800000
    endloop
  endfacet
  facet normal 0.000000 0.000000 -1.000000
    outer loop
      vertex 20.725325 3.704506 -0.800000
      vertex 22.771997 4.639190 -0.800000
      vertex 22.864308 4.470135 -0.800000
    endloop
  endfacet
  facet normal -0.877679 -0.479249 0.000000
    outer loop
      vertex 20.725325 3.704506 -0.800000
      vertex 20.971487 3.253693 -0.800000
      vertex 20.971487 3.253693 0.800000
    endloop
  endfacet
  facet normal -0.877679 -0.479249 0.000000
    outer loop
      vertex 20.725325 3.704506 -0.800000
      vertex 20.971487 3.253693 0.800000
      vertex 20.725325 3.704506 0.800000
    endloop
  endfacet
  facet normal 0.877679 0.479249 0.000000
    outer loop
      vertex 22.771997 4.639190 -0.800000
      vertex 22.864308 4.470135 0.800000
      vertex 22.864308 4.470135 -0.800000
    endloop
  endfacet
  facet normal 0.877679 0.479249 -0.000000
    outer loop
      vertex 22.771997 4.639190 -0.800000
      vertex 22.771997 4.639190 0.800000
      vertex 22.864308 4.470135 0.800000
    endloop
  endfacet
  facet normal -0.000000 0.000000 1.000000
    outer loop
      vertex 20.971487 3.253693 0.800000
      vertex 21.279302 2.842501 0.800000
      vertex 22.979738 4.315938 0.800000
    endloop
  endfacet
  facet normal 0.000000 0.000000 1.000000
    outer loop
      vertex 20.971487 3.253693 0.800000
      vertex 22.979738 4.315938 0.800000
      vertex 22.864308 4.470135 0.800000
    endloop
  endfacet
  facet normal 0.000000 0.000000 -1.000000
    outer loop
      vertex 20.971487 3.253693 -0.800000
      vertex 22.979738 4.315938 -0.800000
      vertex 21.279302 2.842501 -0.800000
    endloop
  endfacet
  facet normal 0.000000 0.000000 -1.000000
    outer loop
      vertex 20.971487 3.253693 -0.800000
      vertex 22.864308 4.470135 -0.800000
      vertex 22.979738 4.315938 -0.800000
    endloop
  endfacet
  facet normal -0.800541 -0.599278 0.000000
    outer loop
      vertex 20.971487 3.253693 -0.800000
      vertex 21.279302 2.842501 -0.800000
      vertex 21.279302 2.842501 0.800000
    endloop
  endfacet
  facet normal -0.800541 -0.599278 0.000000
    outer loop
      vertex 20.971487 3.253693 -0.800000
      vertex 21.279302 2.842501 0.800000
      vertex 20.971487 3.253693 0.800000
    endloop
  endfacet
  facet normal 0.800541 0.599278 0.000000
    outer loop
      vertex 22.864308 4.470135 -0.800000
      vertex 22.979738 4.315938 0.800000
      vertex 22.979738 4.315938 -0.800000
    endloop
  endfacet
  facet normal 0.800541 0.599278 -0.000000
    outer loop
      vertex 22.864308 4.470135 -0.800000
      vertex 22.864308 4.470135 0.800000
      vertex 22.979738 4.315938 0.800000
    endloop
  endfacet
  facet normal -0.000000 0.000000 1.000000
    outer loop
      vertex 21.279302 2.842501 0.800000
      vertex 21.642501 2.479302 0.800000
      vertex 23.115938 4.179738 0.800000
    endloop
  endfacet
  facet normal 0.000000 0.000000 1.000000
    outer loop
      vertex 21.279302 2.842501 0.800000
      vertex 23.115938 4.179738 0.800000
      vertex 22.979738 4.315938 0.800000
    endloop
  endfacet
  facet normal 0.000000 0.000000 -1.000000
    outer loop
      vertex 21.279302 2.842501 -0.800000
      vertex 23.115938 4.179738 -0.800000
      vertex 21.642501 2.479302 -0.800000
    endloop
  endfacet
  facet normal 0.000000 0.000000 -1.000000
    outer loop
      vertex 21.279302 2.842501 -0.800000
      vertex 22.979738 4.315938 -0.800000
      vertex 23.115938 4.179738 -0.800000
    endloop
  endfacet
  facet normal -0.707107 -0.707107 0.000000
    outer loop
      vertex 21.279302 2.842501 -0.800000
      vertex 21.642501 2.479302 -0.800000
      vertex 21.642501 2.479302 0.800000
    endloop
  endfacet
  facet normal -0.707107 -0.707107 0.000000
    outer loop
      vertex 21.279302 2.842501 -0.800000
      vertex 21.642501 2.479302 0.800000
      vertex 21.279302 2.842501 0.800000
    endloop
  endfacet
  facet normal 0.707107 0.707107 0.000000
    outer loop
      vertex 22.979738 4.315938 -0.800000
      vertex 23.115938 4.179738 0.800000
      vertex 23.115938 4.179738 -0.800000
    endloop
  endfacet
  facet normal 0.707107 0.707107 -0.000000
    outer loop
      vertex 22.979738 4.315938 -0.800000
      vertex 22.979738 4.315938 0.800000
      vertex 23.115938 4.179738 0.800000
    endloop
  endfacet
  facet normal -0.000000 0.000000 1.000000
    outer loop
      vertex 21.642501 2.479302 0.800000
      vertex 22.053693 2.171487 0.800000
      vertex 23.270135 4.064308 0.800000
    endloop
  endfacet
  facet normal 0.000000 0.000000 1.000000
    outer loop
      vertex 21.642501 2.479302 0.800000
      vertex 23.270135 4.064308 0.800000
      vertex 23.115938 4.179738 0.800000
    endloop
  endfacet
  facet normal 0.000000 0.000000 -1.000000
    outer loop
      vertex 21.642501 2.479302 -0.800000
      vertex 23.270135 4.064308 -0.800000
      vertex 22.053693 2.171487 -0.800000
    endloop
  endfacet
  facet normal 0.000000 0.000000 -1.000000
    outer loop
      vertex 21.642501 2.479302 -0.800000
      vertex 23.115938 4.179738 -0.800000
      vertex 23.270135 4.064308 -0.800000
    endloop
  endfacet
  facet normal -0.599278 -0.800541 0.000000
    outer loop
      vertex 21.642501 2.479302 -0.800000
      vertex 22.053693 2.171487 -0.800000
      vertex 22.053693 2.171487 0.800000
    endloop
  endfacet
  facet normal -0.599278 -0.800541 0.000000
    outer loop
      vertex 21.642501 2.479302 -0.800000
      vertex 22.053693 2.171487 0.800000
      vertex 21.642501 2.479302 0.800000
    endloop
  endfacet
  facet normal 0.599278 0.800541 0.000000
    outer loop
      vertex 23.115938 4.179738 -0.800000
      vertex 23.270135 4.064308 0.800000
      vertex 23.270135 4.064308 -0.800000
    endloop
  endfacet
  facet normal 0.599278 0.800541 -0.000000
    outer loop
      vertex 23.115938 4.179738 -0.800000
      vertex 23.115938 4.179738 0.800000
      vertex 23.270135 4.064308 0.800000
    endloop
  endfacet
  facet normal -0.000000 0.000000 1.000000
    outer loop
      vertex 22.053693 2.171487 0.800000
      vertex 22.504506 1.925325 0.800000
      vertex 23.439190 3.971997 0.800000
    endloop
  endfacet
  facet normal 0.000000 0.000000 1.000000
    outer loop
      vertex 22.053693 2.171487 0.800000
      vertex 23.439190 3.971997 0.800000
      vertex 23.270135 4.064308 0.800000
    endloop
  endfacet
  facet normal 0.000000 0.000000 -1.000000
    outer loop
      vertex 22.053693 2.171487 -0.800000
      vertex 23.439190 3.971997 -0.800000
      vertex 22.504506 1.925325 -0.800000
    endloop
  endfacet
  facet normal 0.000000 0.000000 -1.000000
    outer loop
      vertex 22.053693 2.171487 -0.800000
      vertex 23.270135 4.064308 -0.800000
      vertex 23.439190 3.971997 -0.800000
    endloop
  endfacet
  facet normal -0.479249 -0.877679 0.000000
    outer loop
      vertex 22.053693 2.171487 -0.800000
      vertex 22.504506 1.925325 -0.800000
      vertex 22.504506 1.925325 0.800000
    endloop
  endfacet
  facet normal -0.479249 -0.877679 0.000000
    outer loop
      vertex 22.053693 2.171487 -0.800000
      vertex 22.504506 1.925325 0.800000
      vertex 22.053693 2.171487 0.800000
    endloop
  endfacet
  facet normal 0.479249 0.877679 0.000000
    outer loop
      vertex 23.270135 4.064308 -0.800000
      vertex 23.439190 3.971997 0.800000
      vertex 23.439190 3.971997 -0.800000
    endloop
  endfacet
  facet normal 0.479249 0.877679 -0.000000
    outer loop
      vertex 23.270135 4.064308 -0.800000
      vertex 23.270135 4.064308 0.800000
      vertex 23.439190 3.971997 0.800000
    endloop
  endfacet
  facet normal -0.000000 0.000000 1.000000
    outer loop
      vertex 22.504506 1.925325 0.800000
      vertex 22.985763 1.745825 0.800000
      vertex 23.619661 3.904684 0.800000
    endloop
  endfacet
  facet normal 0.000000 0.000000 1.000000
    outer loop
      vertex 22.504506 1.925325 0.800000
      vertex 23.619661 3.904684 0.800000
      vertex 23.439190 3.971997 0.800000
    endloop
  endfacet
  facet normal 0.000000 0.000000 -1.000000
    outer loop
      vertex 22.504506 1.925325 -0.800000
      vertex 23.619661 3.904684 -0.800000
      vertex 22.985763 1.745825 -0.800000
    endloop
  endfacet
  facet normal 0.000000 0.000000 -1.000000
    outer loop
      vertex 22.504506 1.925325 -0.800000
      vertex 23.439190 3.971997 -0.800000
      vertex 23.619661 3.904684 -0.800000
    endloop
  endfacet
  facet normal -0.349464 -0.936950 0.000000
    outer loop
      vertex 22.504506 1.925325 -0.800000
      vertex 22.985763 1.745825 -0.800000
      vertex 22.985763 1.745825 0.800000
    endloop
  endfacet
  facet normal -0.349464 -0.936950 0.000000
    outer loop
      vertex 22.504506 1.925325 -0.800000
      vertex 22.985763 1.745825 0.800000
      vertex 22.504506 1.925325 0.800000
    endloop
  endfacet
  facet normal 0.349464 0.936950 0.000000
    outer loop
      vertex 23.439190 3.971997 -0.800000
      vertex 23.619661 3.904684 0.800000
      vertex 23.619661 3.904684 -0.800000
    endloop
  endfacet
  facet normal 0.349464 0.936950 -0.000000
    outer loop
      vertex 23.439190 3.971997 -0.800000
      vertex 23.439190 3.971997 0.800000
      vertex 23.619661 3.904684 0.800000
    endloop
  endfacet
  facet normal -0.000000 0.000000 1.000000
    outer loop
      vertex 22.985763 1.745825 0.800000
      vertex 23.487667 1.636643 0.800000
      vertex 23.807875 3.863741 0.800000
    endloop
  endfacet
  facet normal 0.000000 0.000000 1.000000
    outer loop
      vertex 22.985763 1.745825 0.800000
      vertex 23.807875 3.863741 0.800000
      vertex 23.619661 3.904684 0.800000
    endloop
  endfacet
  facet normal 0.000000 0.000000 -1.000000
    outer loop
      vertex 22.985763 1.745825 -0.800000
      vertex 23.807875 3.863741 -0.800000
      vertex 23.487667 1.636643 -0.800000
    endloop
  endfacet
  facet normal 0.000000 0.000000 -1.000000
    outer loop
      vertex 22.985763 1.745825 -0.800000
      vertex 23.619661 3.904684 -0.800000
      vertex 23.807875 3.863741 -0.800000
    endloop
  endfacet
  facet normal -0.212565 -0.977147 0.000000
    outer loop
      vertex 22.985763 1.745825 -0.800000
      vertex 23.487667 1.636643 -0.800000
      vertex 23.487667 1.636643 0.800000
    endloop
  endfacet
  facet normal -0.212565 -0.977147 0.000000
    outer loop
      vertex 22.985763 1.745825 -0.800000
      vertex 23.487667 1.636643 0.800000
      vertex 22.985763 1.745825 0.800000
    endloop
  endfacet
  facet normal 0.212565 0.977147 0.000000
    outer loop
      vertex 23.619661 3.904684 -0.800000
      vertex 23.807875 3.863741 0.800000
      vertex 23.807875 3.863741 -0.800000
    endloop
  endfacet
  facet normal 0.212565 0.977147 -0.000000
    outer loop
      vertex 23.619661 3.904684 -0.800000
      vertex 23.619661 3.904684 0.800000
      vertex 23.807875 3.863741 0.800000
    endloop
  endfacet
  facet normal -0.000000 0.000000 1.000000
    outer loop
      vertex 23.487667 1.636643 0.800000
      vertex 24.000000 1.600000 0.800000
      vertex 24.000000 3.850000 0.800000
    endloop
  endfacet
  facet normal 0.000000 0.000000 1.000000
    outer loop
      vertex 23.487667 1.636643 0.800000
      vertex 24.000000 3.850000 0.800000
      vertex 23.807875 3.863741 0.800000
    endloop
  endfacet
  facet normal 0.000000 0.000000 -1.000000
    outer loop
      vertex 23.487667 1.636643 -0.800000
      vertex 24.000000 3.850000 -0.800000
      vertex 24.000000 1.600000 -0.800000
    endloop
  endfacet
  facet normal 0.000000 0.000000 -1.000000
    outer loop
      vertex 23.487667 1.636643 -0.800000
      vertex 23.807875 3.863741 -0.800000
      vertex 24.000000 3.850000 -0.800000
    endloop
  endfacet
  facet normal -0.071339 -0.997452 0.000000
    outer loop
      vertex 23.487667 1.636643 -0.800000
      vertex 24.000000 1.600000 -0.800000
      vertex 24.000000 1.600000 0.800000
    endloop
  endfacet
  facet normal -0.071339 -0.997452 0.000000
    outer loop
      vertex 23.487667 1.636643 -0.800000
      vertex 24.000000 1.600000 0.800000
      vertex 23.487667 1.636643 0.800000
    endloop
  endfacet
  facet normal 0.071339 0.997452 0.000000
    outer loop
      vertex 23.807875 3.863741 -0.800000
      vertex 24.000000 3.850000 0.800000
      vertex 24.000000 3.850000 -0.800000
    endloop
  endfacet
  facet normal 0.071339 0.997452 -0.000000
    outer loop
      vertex 23.807875 3.863741 -0.800000
      vertex 23.807875 3.863741 0.800000
      vertex 24.000000 3.850000 0.800000
    endloop
  endfacet
  facet normal 0.000000 0.000000 1.000000
    outer loop
      vertex 24.000000 1.600000 0.800000
      vertex 24.512333 1.636643 0.800000
      vertex 24.192125 3.863741 0.800000
    endloop
  endfacet
  facet normal 0.000000 0.000000 1.000000
    outer loop
      vertex 24.000000 1.600000 0.800000
      vertex 24.192125 3.863741 0.800000
      vertex 24.000000 3.850000 0.800000
    endloop
  endfacet
  facet normal 0.000000 0.000000 -1.000000
    outer loop
      vertex 24.000000 1.600000 -0.800000
      vertex 24.192125 3.863741 -0.800000
      vertex 24.512333 1.636643 -0.800000
    endloop
  endfacet
  facet normal 0.000000 0.000000 -1.000000
    outer loop
      vertex 24.000000 1.600000 -0.800000
      vertex 24.000000 3.850000 -0.800000
      vertex 24.192125 3.863741 -0.800000
    endloop
  endfacet
  facet normal 0.071339 -0.997452 0.000000
    outer loop
      vertex 24.000000 1.600000 -0.800000
      vertex 24.512333 1.636643 -0.800000
      vertex 24.512333 1.636643 0.800000
    endloop
  endfacet
  facet normal 0.071339 -0.997452 0.000000
    outer loop
      vertex 24.000000 1.600000 -0.800000
      vertex 24.512333 1.636643 0.800000
      vertex 24.000000 1.600000 0.800000
    endloop
  endfacet
  facet normal -0.071339 0.997452 0.000000
    outer loop
      vertex 24.000000 3.850000 -0.800000
      vertex 24.192125 3.863741 0.800000
      vertex 24.192125 3.863741 -0.800000
    endloop
  endfacet
  facet normal -0.071339 0.997452 0.000000
    outer loop
      vertex 24.000000 3.850000 -0.800000
      vertex 24.000000 3.850000 0.800000
      vertex 24.192125 3.863741 0.800000
    endloop
  endfacet
  facet normal 0.000000 -0.000000 1.000000
    outer loop
      vertex 24.512333 1.636643 0.800000
      vertex 25.014237 1.745825 0.800000
      vertex 24.380339 3.904684 0.800000
    endloop
  endfacet
  facet normal 0.000000 0.000000 1.000000
    outer loop
      vertex 24.512333 1.636643 0.800000
      vertex 24.380339 3.904684 0.800000
      vertex 24.192125 3.863741 0.800000
    endloop
  endfacet
  facet normal 0.000000 0.000000 -1.000000
    outer loop
      vertex 24.512333 1.636643 -0.800000
      vertex 24.380339 3.904684 -0.800000
      vertex 25.014237 1.745825 -0.800000
    endloop
  endfacet
  facet normal 0.000000 0.000000 -1.000000
    outer loop
      vertex 24.512333 1.636643 -0.800000
      vertex 24.192125 3.863741 -0.800000
      vertex 24.380339 3.904684 -0.800000
    endloop
  endfacet
  facet normal 0.212565 -0.977147 0.000000
    outer loop
      vertex 24.512333 1.636643 -0.800000
      vertex 25.014237 1.745825 -0.800000
      vertex 25.014237 1.745825 0.800000
    endloop
  endfacet
  facet normal 0.212565 -0.977147 0.000000
    outer loop
      vertex 24.512333 1.636643 -0.800000
      vertex 25.014237 1.745825 0.800000
      vertex 24.512333 1.636643 0.800000
    endloop
  endfacet
  facet normal -0.212565 0.977147 0.000000
    outer loop
      vertex 24.192125 3.863741 -0.800000
      vertex 24.380339 3.904684 0.800000
      vertex 24.380339 3.904684 -0.800000
    endloop
  endfacet
  facet normal -0.212565 0.977147 0.000000
    outer loop
      vertex 24.192125 3.863741 -0.800000
      vertex 24.192125 3.863741 0.800000
      vertex 24.380339 3.904684 0.800000
    endloop
  endfacet
  facet normal 0.000000 -0.000000 1.000000
    outer loop
      vertex 25.014237 1.745825 0.800000
      vertex 25.495494 1.925325 0.800000
      vertex 24.560810 3.971997 0.800000
    endloop
  endfacet
  facet normal 0.000000 0.000000 1.000000
    outer loop
      vertex 25.014237 1.745825 0.800000
      vertex 24.560810 3.971997 0.800000
      vertex 24.380339 3.904684 0.800000
    endloop
  endfacet
  facet normal 0.000000 0.000000 -1.000000
    outer loop
      vertex 25.014237 1.745825 -0.800000
      vertex 24.560810 3.971997 -0.800000
      vertex 25.495494 1.925325 -0.800000
    endloop
  endfacet
  facet normal 0.000000 0.000000 -1.000000
    outer loop
      vertex 25.014237 1.745825 -0.800000
      vertex 24.380339 3.904684 -0.800000
      vertex 24.560810 3.971997 -0.800000
    endloop
  endfacet
  facet normal 0.349464 -0.936950 0.000000
    outer loop
      vertex 25.014237 1.745825 -0.800000
      vertex 25.495494 1.925325 -0.800000
      vertex 25.495494 1.925325 0.800000
    endloop
  endfacet
  facet normal 0.349464 -0.936950 0.000000
    outer loop
      vertex 25.014237 1.745825 -0.800000
      vertex 25.495494 1.925325 0.800000
      vertex 25.014237 1.745825 0.800000
    endloop
  endfacet
  facet normal -0.349464 0.936950 0.000000
    outer loop
      vertex 24.380339 3.904684 -0.800000
      vertex 24.560810 3.971997 0.800000
      vertex 24.560810 3.971997 -0.800000
    endloop
  endfacet
  facet normal -0.349464 0.936950 0.000000
    outer loop
      vertex 24.380339 3.904684 -0.800000
      vertex 24.380339 3.904684 0.800000
      vertex 24.560810 3.971997 0.800000
    endloop
  endfacet
  facet normal 0.000000 -0.000000 1.000000
    outer loop
      vertex 25.495494 1.925325 0.800000
      vertex 25.946307 2.171487 0.800000
      vertex 24.729865 4.064308 0.800000
    endloop
  endfacet
  facet normal 0.000000 0.000000 1.000000
    outer loop
      vertex 25.495494 1.925325 0.800000
      vertex 24.729865 4.064308 0.800000
      vertex 24.560810 3.971997 0.800000
    endloop
  endfacet
  facet normal 0.000000 0.000000 -1.000000
    outer loop
      vertex 25.495494 1.925325 -0.800000
      vertex 24.729865 4.064308 -0.800000
      vertex 25.946307 2.171487 -0.800000
    endloop
  endfacet
  facet normal 0.000000 0.000000 -1.000000
    outer loop
      vertex 25.495494 1.925325 -0.800000
      vertex 24.560810 3.971997 -0.800000
      vertex 24.729865 4.064308 -0.800000
    endloop
  endfacet
  facet normal 0.479249 -0.877679 0.000000
    outer loop
      vertex 25.495494 1.925325 -0.800000
      vertex 25.946307 2.171487 -0.800000
      vertex 25.946307 2.171487 0.800000
    endloop
  endfacet
  facet normal 0.479249 -0.877679 0.000000
    outer loop
      vertex 25.495494 1.925325 -0.800000
      vertex 25.946307 2.171487 0.800000
      vertex 25.495494 1.925325 0.800000
    endloop
  endfacet
  facet normal -0.479249 0.877679 0.000000
    outer loop
      vertex 24.560810 3.971997 -0.800000
      vertex 24.729865 4.064308 0.800000
      vertex 24.729865 4.064308 -0.800000
    endloop
  endfacet
  facet normal -0.479249 0.877679 0.000000
    outer loop
      vertex 24.560810 3.971997 -0.800000
      vertex 24.560810 3.971997 0.800000
      vertex 24.729865 4.064308 0.800000
    endloop
  endfacet
  facet normal 0.000000 -0.000000 1.000000
    outer loop
      vertex 25.946307 2.171487 0.800000
      vertex 26.357499 2.479302 0.800000
      vertex 24.884062 4.179738 0.800000
    endloop
  endfacet
  facet normal 0.000000 0.000000 1.000000
    outer loop
      vertex 25.946307 2.171487 0.800000
      vertex 24.884062 4.179738 0.800000
      vertex 24.729865 4.064308 0.800000
    endloop
  endfacet
  facet normal 0.000000 0.000000 -1.000000
    outer loop
      vertex 25.946307 2.171487 -0.800000
      vertex 24.884062 4.179738 -0.800000
      vertex 26.357499 2.479302 -0.800000
    endloop
  endfacet
  facet normal 0.000000 0.000000 -1.000000
    outer loop
      vertex 25.946307 2.171487 -0.800000
      vertex 24.729865 4.064308 -0.800000
      vertex 24.884062 4.179738 -0.800000
    endloop
  endfacet
  facet normal 0.599278 -0.800541 0.000000
    outer loop
      vertex 25.946307 2.171487 -0.800000
      vertex 26.357499 2.479302 -0.800000
      vertex 26.357499 2.479302 0.800000
    endloop
  endfacet
  facet normal 0.599278 -0.800541 0.000000
    outer loop
      vertex 25.946307 2.171487 -0.800000
      vertex 26.357499 2.479302 0.800000
      vertex 25.946307 2.171487 0.800000
    endloop
  endfacet
  facet normal -0.599278 0.800541 0.000000
    outer loop
      vertex 24.729865 4.064308 -0.800000
      vertex 24.884062 4.179738 0.800000
      vertex 24.884062 4.179738 -0.800000
    endloop
  endfacet
  facet normal -0.599278 0.800541 0.000000
    outer loop
      vertex 24.729865 4.064308 -0.800000
      vertex 24.729865 4.064308 0.800000
      vertex 24.884062 4.179738 0.800000
    endloop
  endfacet
  facet normal 0.000000 -0.000000 1.000000
    outer loop
      vertex 26.357499 2.479302 0.800000
      vertex 26.720698 2.842501 0.800000
      vertex 25.020262 4.315938 0.800000
    endloop
  endfacet
  facet normal 0.000000 0.000000 1.000000
    outer loop
      vertex 26.357499 2.479302 0.800000
      vertex 25.020262 4.315938 0.800000
      vertex 24.884062 4.179738 0.800000
    endloop
  endfacet
  facet normal 0.000000 0.000000 -1.000000
    outer loop
      vertex 26.357499 2.479302 -0.800000
      vertex 25.020262 4.315938 -0.800000
      vertex 26.720698 2.842501 -0.800000
    endloop
  endfacet
  facet normal 0.000000 0.000000 -1.000000
    outer loop
      vertex 26.357499 2.479302 -0.800000
      vertex 24.884062 4.179738 -0.800000
      vertex 25.020262 4.315938 -0.800000
    endloop
  endfacet
  facet normal 0.707107 -0.707107 0.000000
    outer loop
      vertex 26.357499 2.479302 -0.800000
      vertex 26.720698 2.842501 -0.800000
      vertex 26.720698 2.842501 0.800000
    endloop
  endfacet
  facet normal 0.707107 -0.707107 0.000000
    outer loop
      vertex 26.357499 2.479302 -0.800000
      vertex 26.720698 2.842501 0.800000
      vertex 26.357499 2.479302 0.800000
    endloop
  endfacet
  facet normal -0.707107 0.707107 0.000000
    outer loop
      vertex 24.884062 4.179738 -0.800000
      vertex 25.020262 4.315938 0.800000
      vertex 25.020262 4.315938 -0.800000
    endloop
  endfacet
  facet normal -0.707107 0.707107 0.000000
    outer loop
      vertex 24.884062 4.179738 -0.800000
      vertex 24.884062 4.179738 0.800000
      vertex 25.020262 4.315938 0.800000
    endloop
  endfacet
  facet normal 0.000000 -0.000000 1.000000
    outer loop
      vertex 26.720698 2.842501 0.800000
      vertex 27.028513 3.253693 0.800000
      vertex 25.135692 4.470135 0.800000
    endloop
  endfacet
  facet normal 0.000000 0.000000 1.000000
    outer loop
      vertex 26.720698 2.842501 0.800000
      vertex 25.135692 4.470135 0.800000
      vertex 25.020262 4.315938 0.800000
    endloop
  endfacet
  facet normal 0.000000 0.000000 -1.000000
    outer loop
      vertex 26.720698 2.842501 -0.800000
      vertex 25.135692 4.470135 -0.800000
      vertex 27.028513 3.253693 -0.800000
    endloop
  endfacet
  facet normal 0.000000 0.000000 -1.000000
    outer loop
      vertex 26.720698 2.842501 -0.800000
      vertex 25.020262 4.315938 -0.800000
      vertex 25.135692 4.470135 -0.800000
    endloop
  endfacet
  facet normal 0.800541 -0.599278 0.000000
    outer loop
      vertex 26.720698 2.842501 -0.800000
      vertex 27.028513 3.253693 -0.800000
      vertex 27.028513 3.253693 0.800000
    endloop
  endfacet
  facet normal 0.800541 -0.599278 0.000000
    outer loop
      vertex 26.720698 2.842501 -0.800000
      vertex 27.028513 3.253693 0.800000
      vertex 26.720698 2.842501 0.800000
    endloop
  endfacet
  facet normal -0.800541 0.599278 0.000000
    outer loop
      vertex 25.020262 4.315938 -0.800000
      vertex 25.135692 4.470135 0.800000
      vertex 25.135692 4.470135 -0.800000
    endloop
  endfacet
  facet normal -0.800541 0.599278 0.000000
    outer loop
      vertex 25.020262 4.315938 -0.800000
      vertex 25.020262 4.315938 0.800000
      vertex 25.135692 4.470135 0.800000
    endloop
  endfacet
  facet normal 0.000000 -0.000000 1.000000
    outer loop
      vertex 27.028513 3.253693 0.800000
      vertex 27.274675 3.704506 0.800000
      vertex 25.228003 4.639190 0.800000
    endloop
  endfacet
  facet normal 0.000000 0.000000 1.000000
    outer loop
      vertex 27.028513 3.253693 0.800000
      vertex 25.228003 4.639190 0.800000
      vertex 25.135692 4.470135 0.800000
    endloop
  endfacet
  facet normal 0.000000 0.000000 -1.000000
    outer loop
      vertex 27.028513 3.253693 -0.800000
      vertex 25.228003 4.639190 -0.800000
      vertex 27.274675 3.704506 -0.800000
    endloop
  endfacet
  facet normal 0.000000 0.000000 -1.000000
    outer loop
      vertex 27.028513 3.253693 -0.800000
      vertex 25.135692 4.470135 -0.800000
      vertex 25.228003 4.639190 -0.800000
    endloop
  endfacet
  facet normal 0.877679 -0.479249 0.000000
    outer loop
      vertex 27.028513 3.253693 -0.800000
      vertex 27.274675 3.704506 -0.800000
      vertex 27.274675 3.704506 0.800000
    endloop
  endfacet
  facet normal 0.877679 -0.479249 0.000000
    outer loop
      vertex 27.028513 3.253693 -0.800000
      vertex 27.274675 3.704506 0.800000
      vertex 27.028513 3.253693 0.800000
    endloop
  endfacet
  facet normal -0.877679 0.479249 0.000000
    outer loop
      vertex 25.135692 4.470135 -0.800000
      vertex 25.228003 4.639190 0.800000
      vertex 25.228003 4.639190 -0.800000
    endloop
  endfacet
  facet normal -0.877679 0.479249 0.000000
    outer loop
      vertex 25.135692 4.470135 -0.800000
      vertex 25.135692 4.470135 0.800000
      vertex 25.228003 4.639190 0.800000
    endloop
  endfacet
  facet normal 0.000000 -0.000000 1.000000
    outer loop
      vertex 27.274675 3.704506 0.800000
      vertex 27.454175 4.185763 0.800000
      vertex 25.295316 4.819661 0.800000
    endloop
  endfacet
  facet normal 0.000000 0.000000 1.000000
    outer loop
      vertex 27.274675 3.704506 0.800000
      vertex 25.295316 4.819661 0.800000
      vertex 25.228003 4.639190 0.800000
    endloop
  endfacet
  facet normal 0.000000 0.000000 -1.000000
    outer loop
      vertex 27.274675 3.704506 -0.800000
      vertex 25.295316 4.819661 -0.800000
      vertex 27.454175 4.185763 -0.800000
    endloop
  endfacet
  facet normal 0.000000 0.000000 -1.000000
    outer loop
      vertex 27.274675 3.704506 -0.800000
      vertex 25.228003 4.639190 -0.800000
      vertex 25.295316 4.819661 -0.800000
    endloop
  endfacet
  facet normal 0.936950 -0.349464 0.000000
    outer loop
      vertex 27.274675 3.704506 -0.800000
      vertex 27.454175 4.185763 -0.800000
      vertex 27.454175 4.185763 0.800000
    endloop
  endfacet
  facet normal 0.936950 -0.349464 0.000000
    outer loop
      vertex 27.274675 3.704506 -0.800000
      vertex 27.454175 4.185763 0.800000
      vertex 27.274675 3.704506 0.800000
    endloop
  endfacet
  facet normal -0.936950 0.349464 0.000000
    outer loop
      vertex 25.228003 4.639190 -0.800000
      vertex 25.295316 4.819661 0.800000
      vertex 25.295316 4.819661 -0.800000
    endloop
  endfacet
  facet normal -0.936950 0.349464 0.000000
    outer loop
      vertex 25.228003 4.639190 -0.800000
      vertex 25.228003 4.639190 0.800000
      vertex 25.295316 4.819661 0.800000
    endloop
  endfacet
  facet normal 0.000000 -0.000000 1.000000
    outer loop
      vertex 27.454175 4.185763 0.800000
      vertex 27.563357 4.687667 0.800000
      vertex 25.336259 5.007875 0.800000
    endloop
  endfacet
  facet normal 0.000000 0.000000 1.000000
    outer loop
      vertex 27.454175 4.185763 0.800000
      vertex 25.336259 5.007875 0.800000
      vertex 25.295316 4.819661 0.800000
    endloop
  endfacet
  facet normal 0.000000 0.000000 -1.000000
    outer loop
      vertex 27.454175 4.185763 -0.800000
      vertex 25.336259 5.007875 -0.800000
      vertex 27.563357 4.687667 -0.800000
    endloop
  endfacet
  facet normal 0.000000 0.000000 -1.000000
    outer loop
      vertex 27.454175 4.185763 -0.800000
      vertex 25.295316 4.819661 -0.800000
      vertex 25.336259 5.007875 -0.800000
    endloop
  endfacet
  facet normal 0.977147 -0.212565 0.000000
    outer loop
      vertex 27.454175 4.185763 -0.800000
      vertex 27.563357 4.687667 -0.800000
      vertex 27.563357 4.687667 0.800000
    endloop
  endfacet
  facet normal 0.977147 -0.212565 0.000000
    outer loop
      vertex 27.454175 4.185763 -0.800000
      vertex 27.563357 4.687667 0.800000
      vertex 27.454175 4.185763 0.800000
    endloop
  endfacet
  facet normal -0.977147 0.212565 0.000000
    outer loop
      vertex 25.295316 4.819661 -0.800000
      vertex 25.336259 5.007875 0.800000
      vertex 25.336259 5.007875 -0.800000
    endloop
  endfacet
  facet normal -0.977147 0.212565 0.000000
    outer loop
      vertex 25.295316 4.819661 -0.800000
      vertex 25.295316 4.819661 0.800000
      vertex 25.336259 5.007875 0.800000
    endloop
  endfacet
  facet normal 0.000000 -0.000000 1.000000
    outer loop
      vertex 27.563357 4.687667 0.800000
      vertex 27.600000 5.200000 0.800000
      vertex 25.350000 5.200000 0.800000
    endloop
  endfacet
  facet normal 0.000000 0.000000 1.000000
    outer loop
      vertex 27.563357 4.687667 0.800000
      vertex 25.350000 5.200000 0.800000
      vertex 25.336259 5.007875 0.800000
    endloop
  endfacet
  facet normal 0.000000 0.000000 -1.000000
    outer loop
      vertex 27.563357 4.687667 -0.800000
      vertex 25.350000 5.200000 -0.800000
      vertex 27.600000 5.200000 -0.800000
    endloop
  endfacet
  facet normal 0.000000 0.000000 -1.000000
    outer loop
      vertex 27.563357 4.687667 -0.800000
      vertex 25.336259 5.007875 -0.800000
      vertex 25.350000 5.200000 -0.800000
    endloop
  endfacet
  facet normal 0.997452 -0.071339 0.000000
    outer loop
      vertex 27.563357 4.687667 -0.800000
      vertex 27.600000 5.200000 -0.800000
      vertex 27.600000 5.200000 0.800000
    endloop
  endfacet
  facet normal 0.997452 -0.071339 0.000000
    outer loop
      vertex 27.563357 4.687667 -0.800000
      vertex 27.600000 5.200000 0.800000
      vertex 27.563357 4.687667 0.800000
    endloop
  endfacet
  facet normal -0.997452 0.071339 0.000000
    outer loop
      vertex 25.336259 5.007875 -0.800000
      vertex 25.350000 5.200000 0.800000
      vertex 25.350000 5.200000 -0.800000
    endloop
  endfacet
  facet normal -0.997452 0.071339 0.000000
    outer loop
      vertex 25.336259 5.007875 -0.800000
      vertex 25.336259 5.007875 0.800000
      vertex 25.350000 5.200000 0.800000
    endloop
  endfacet
  facet normal 0.000000 0.000000 1.000000
    outer loop
      vertex -30.517226 -5.275913 -0.800000
      vertex -29.482774 -8.724087 -0.800000
      vertex -23.482774 -6.924087 -0.800000
    endloop
  endfacet
  facet normal -0.000000 0.000000 1.000000
    outer loop
      vertex -30.517226 -5.275913 -0.800000
      vertex -23.482774 -6.924087 -0.800000
      vertex -24.517226 -3.475913 -0.800000
    endloop
  endfacet
  facet normal 0.000000 0.000000 -1.000000
    outer loop
      vertex -30.517226 -5.275913 0.800000
      vertex -24.517226 -3.475913 0.800000
      vertex -23.482774 -6.924087 0.800000
    endloop
  endfacet
  facet normal 0.000000 0.000000 -1.000000
    outer loop
      vertex -30.517226 -5.275913 0.800000
      vertex -23.482774 -6.924087 0.800000
      vertex -29.482774 -8.724087 0.800000
    endloop
  endfacet
  facet normal 0.957826 0.287348 -0.000000
    outer loop
      vertex -30.517226 -5.275913 -0.800000
      vertex -30.517226 -5.275913 0.800000
      vertex -29.482774 -8.724087 0.800000
    endloop
  endfacet
  facet normal 0.957826 0.287348 0.000000
    outer loop
      vertex -30.517226 -5.275913 -0.800000
      vertex -29.482774 -8.724087 0.800000
      vertex -29.482774 -8.724087 -0.800000
    endloop
  endfacet
  facet normal -0.287348 0.957826 0.000000
    outer loop
      vertex -29.482774 -8.724087 -0.800000
      vertex -29.482774 -8.724087 0.800000
      vertex -23.482774 -6.924087 0.800000
    endloop
  endfacet
  facet normal -0.287348 0.957826 0.000000
    outer loop
      vertex -29.482774 -8.724087 -0.800000
      vertex -23.482774 -6.924087 0.800000
      vertex -23.482774 -6.924087 -0.800000
    endloop
  endfacet
  facet normal -0.957826 -0.287348 0.000000
    outer loop
      vertex -23.482774 -6.924087 -0.800000
      vertex -23.482774 -6.924087 0.800000
      vertex -24.517226 -3.475913 0.800000
    endloop
  endfacet
  facet normal -0.957826 -0.287348 0.000000
    outer loop
      vertex -23.482774 -6.924087 -0.800000
      vertex -24.517226 -3.475913 0.800000
      vertex -24.517226 -3.475913 -0.800000
    endloop
  endfacet
  facet normal 0.287348 -0.957826 0.000000
    outer loop
      vertex -24.517226 -3.475913 -0.800000
      vertex -24.517226 -3.475913 0.800000
      vertex -30.517226 -5.275913 0.800000
    endloop
  endfacet
  facet normal 0.287348 -0.957826 0.000000
    outer loop
      vertex -24.517226 -3.475913 -0.800000
      vertex -30.517226 -5.275913 0.800000
      vertex -30.517226 -5.275913 -0.800000
    endloop
  endfacet
  facet normal 0.000000 0.000000 1.000000
    outer loop
      vertex 23.482774 6.924087 -0.800000
      vertex 24.517226 3.475913 -0.800000
      vertex 30.517226 5.275913 -0.800000
    endloop
  endfacet
  facet normal -0.000000 0.000000 1.000000
    outer loop
      vertex 23.482774 6.924087 -0.800000
      vertex 30.517226 5.275913 -0.800000
      vertex 29.482774 8.724087 -0.800000
    endloop
  endfacet
  facet normal 0.000000 0.000000 -1.000000
    outer loop
      vertex 23.482774 6.924087 0.800000
      vertex 29.482774 8.724087 0.800000
      vertex 30.517226 5.275913 0.800000
    endloop
  endfacet
  facet normal 0.000000 0.000000 -1.000000
    outer loop
      vertex 23.482774 6.924087 0.800000
      vertex 30.517226 5.275913 0.800000
      vertex 24.517226 3.475913 0.800000
    endloop
  endfacet
  facet normal 0.957826 0.287348 -0.000000
    outer loop
      vertex 23.482774 6.924087 -0.800000
      vertex 23.482774 6.924087 0.800000
      vertex 24.517226 3.475913 0.800000
    endloop
  endfacet
  facet normal 0.957826 0.287348 0.000000
    outer loop
      vertex 23.482774 6.924087 -0.800000
      vertex 24.517226 3.475913 0.800000
      vertex 24.517226 3.475913 -0.800000
    endloop
  endfacet
  facet normal -0.287348 0.957826 0.000000
    outer loop
      vertex 24.517226 3.475913 -0.800000
      vertex 24.517226 3.475913 0.800000
      vertex 30.517226 5.275913 0.800000
    endloop
  endfacet
  facet normal -0.287348 0.957826 0.000000
    outer loop
      vertex 24.517226 3.475913 -0.800000
      vertex 30.517226 5.275913 0.800000
      vertex 30.517226 5.275913 -0.800000
    endloop
  endfacet
  facet normal -0.957826 -0.287348 0.000000
    outer loop
      vertex 30.517226 5.275913 -0.800000
      vertex 30.517226 5.275913 0.800000
      vertex 29.482774 8.724087 0.800000
    endloop
  endfacet
  facet normal -0.957826 -0.287348 0.000000
    outer loop
      vertex 30.517226 5.275913 -0.800000
      vertex 29.482774 8.724087 0.800000
      vertex 29.482774 8.724087 -0.800000
    endloop
  endfacet
  facet normal 0.287348 -0.957826 0.000000
    outer loop
      vertex 29.482774 8.724087 -0.800000
      vertex 29.482774 8.724087 0.800000
      vertex 23.482774 6.924087 0.800000
    endloop
  endfacet
  facet normal 0.287348 -0.957826 0.000000
    outer loop
      vertex 29.482774 8.724087 -0.800000
      vertex 23.482774 6.924087 0.800000
      vertex 23.482774 6.924087 -0.800000
    endloop
  endfacet
endsolid surgical_guide_v2
